patient_id,phc_id,admission_date,discharge_date,age,gender,diagnosis_category,severity,los_days,admission_source
P_000001,PHC_008,2024-09-01,2024-09-03,12,M,trauma_minor,moderate,2,emergency
P_000002,PHC_013,2024-09-01,2024-09-04,47,M,gastroenteritis,mild,3,emergency
P_000003,PHC_014,2024-09-01,2024-09-07,24,F,other,moderate,6,OPD
P_000004,PHC_014,2024-09-01,2024-09-07,42,M,malaria,moderate,6,referral
P_000005,PHC_001,2024-09-02,2024-09-06,62,F,maternal_delivery,mild,4,referral
P_000006,PHC_002,2024-09-02,2024-09-06,37,F,malaria,mild,4,OPD
P_000007,PHC_004,2024-09-02,2024-09-06,36,F,malaria,moderate,4,referral
P_000008,PHC_006,2024-09-02,2024-09-08,21,F,pneumonia,critical,6,OPD
P_000009,PHC_011,2024-09-02,2024-09-07,23,M,pneumonia,mild,5,emergency
P_000010,PHC_011,2024-09-02,2024-09-12,84,M,pneumonia,moderate,10,OPD
P_000011,PHC_011,2024-09-02,2024-09-03,83,F,trauma_minor,moderate,1,OPD
P_000012,PHC_012,2024-09-02,2024-09-04,14,M,trauma_minor,moderate,2,OPD
P_000013,PHC_012,2024-09-02,2024-09-06,29,F,gastroenteritis,moderate,4,OPD
P_000014,PHC_013,2024-09-02,2024-09-06,0,F,dengue,moderate,4,OPD
P_000015,PHC_015,2024-09-02,2024-09-07,42,F,other,mild,5,OPD
P_000016,PHC_002,2024-09-03,2024-09-05,57,M,snakebite,critical,2,OPD
P_000017,PHC_004,2024-09-03,2024-09-05,57,F,pneumonia,critical,2,OPD
P_000018,PHC_004,2024-09-03,2024-09-10,16,F,dengue,moderate,7,emergency
P_000019,PHC_004,2024-09-03,2024-09-17,49,M,diabetes_complication,mild,14,referral
P_000020,PHC_007,2024-09-03,2024-09-06,32,F,pneumonia,mild,3,OPD
P_000021,PHC_008,2024-09-03,2024-09-11,60,M,dengue,mild,8,referral
P_000022,PHC_009,2024-09-03,2024-09-06,48,F,respiratory_infection,mild,3,OPD
P_000023,PHC_013,2024-09-03,2024-09-08,41,M,snakebite,mild,5,referral
P_000024,PHC_013,2024-09-03,2024-09-05,64,M,trauma_minor,moderate,2,OPD
P_000025,PHC_003,2024-09-04,2024-09-08,14,M,malaria,moderate,4,emergency
P_000026,PHC_003,2024-09-04,2024-09-11,0,M,pneumonia,mild,7,OPD
P_000027,PHC_004,2024-09-04,2024-09-07,85,F,dengue,moderate,3,OPD
P_000028,PHC_006,2024-09-04,2024-09-07,10,M,snakebite,mild,3,emergency
P_000029,PHC_009,2024-09-04,2024-09-07,31,F,pneumonia,moderate,3,emergency
P_000030,PHC_009,2024-09-04,2024-09-06,17,M,maternal_delivery,moderate,2,OPD
P_000031,PHC_012,2024-09-04,2024-09-08,38,M,snakebite,mild,4,OPD
P_000032,PHC_015,2024-09-04,2024-09-08,33,F,respiratory_infection,mild,4,emergency
P_000033,PHC_003,2024-09-05,2024-09-08,62,F,other,mild,3,emergency
P_000034,PHC_004,2024-09-05,2024-09-10,42,F,pneumonia,moderate,5,emergency
P_000035,PHC_009,2024-09-05,2024-09-06,47,M,maternal_delivery,moderate,1,emergency
P_000036,PHC_013,2024-09-05,2024-09-07,19,M,trauma_minor,mild,2,OPD
P_000037,PHC_015,2024-09-05,2024-09-07,44,M,gastroenteritis,moderate,2,OPD
P_000038,PHC_015,2024-09-05,2024-09-17,4,M,diabetes_complication,mild,12,OPD
P_000039,PHC_001,2024-09-06,2024-09-13,56,M,respiratory_infection,moderate,7,emergency
P_000040,PHC_004,2024-09-06,2024-09-12,20,F,dengue,mild,6,referral
P_000041,PHC_004,2024-09-06,2024-09-10,50,M,dengue,mild,4,referral
P_000042,PHC_006,2024-09-06,2024-09-08,29,F,maternal_delivery,moderate,2,OPD
P_000043,PHC_007,2024-09-06,2024-09-13,16,M,snakebite,mild,7,emergency
P_000044,PHC_008,2024-09-06,2024-09-09,48,F,other,critical,3,emergency
P_000045,PHC_009,2024-09-06,2024-09-13,43,F,dengue,mild,7,OPD
P_000046,PHC_011,2024-09-06,2024-09-11,9,M,snakebite,mild,5,emergency
P_000047,PHC_012,2024-09-06,2024-09-10,69,M,diabetes_complication,mild,4,referral
P_000048,PHC_013,2024-09-06,2024-09-11,42,F,malaria,mild,5,OPD
P_000049,PHC_001,2024-09-07,2024-09-10,58,F,maternal_delivery,critical,3,emergency
P_000050,PHC_002,2024-09-07,2024-09-12,34,M,dengue,mild,5,OPD
P_000051,PHC_004,2024-09-07,2024-09-09,76,F,diabetes_complication,moderate,2,referral
P_000052,PHC_008,2024-09-07,2024-09-14,42,F,diabetes_complication,mild,7,referral
P_000053,PHC_010,2024-09-07,2024-09-11,56,M,snakebite,mild,4,OPD
P_000054,PHC_013,2024-09-07,2024-09-10,42,M,maternal_delivery,mild,3,OPD
P_000055,PHC_013,2024-09-07,2024-09-09,17,M,trauma_minor,mild,2,emergency
P_000056,PHC_014,2024-09-07,2024-09-11,51,M,gastroenteritis,moderate,4,emergency
P_000057,PHC_015,2024-09-07,2024-09-11,49,M,malaria,mild,4,OPD
P_000058,PHC_001,2024-09-08,2024-09-14,86,F,malaria,moderate,6,emergency
P_000059,PHC_003,2024-09-08,2024-09-12,53,M,snakebite,mild,4,OPD
P_000060,PHC_004,2024-09-08,2024-09-11,47,F,snakebite,moderate,3,referral
P_000061,PHC_008,2024-09-08,2024-09-19,25,M,diabetes_complication,mild,11,referral
P_000062,PHC_015,2024-09-08,2024-09-14,29,F,malaria,mild,6,emergency
P_000063,PHC_002,2024-09-09,2024-09-16,35,M,pneumonia,moderate,7,referral
P_000064,PHC_004,2024-09-09,2024-09-18,23,M,pneumonia,mild,9,emergency
P_000065,PHC_008,2024-09-09,2024-09-11,69,M,maternal_delivery,mild,2,referral
P_000066,PHC_009,2024-09-09,2024-09-12,14,M,gastroenteritis,mild,3,emergency
P_000067,PHC_012,2024-09-09,2024-09-13,31,M,snakebite,moderate,4,referral
P_000068,PHC_013,2024-09-09,2024-09-10,59,F,other,mild,1,referral
P_000069,PHC_013,2024-09-09,2024-09-18,73,F,diabetes_complication,moderate,9,OPD
P_000070,PHC_015,2024-09-09,2024-09-16,11,F,diabetes_complication,mild,7,OPD
P_000071,PHC_015,2024-09-09,2024-09-10,42,F,trauma_minor,mild,1,emergency
P_000072,PHC_015,2024-09-09,2024-09-11,32,M,snakebite,moderate,2,OPD
P_000073,PHC_001,2024-09-10,2024-09-11,22,M,trauma_minor,mild,1,OPD
P_000074,PHC_002,2024-09-10,2024-09-13,19,M,other,mild,3,emergency
P_000075,PHC_004,2024-09-10,2024-09-14,40,F,respiratory_infection,critical,4,OPD
P_000076,PHC_008,2024-09-10,2024-09-12,52,M,gastroenteritis,mild,2,emergency
P_000077,PHC_013,2024-09-10,2024-09-12,64,M,gastroenteritis,mild,2,OPD
P_000078,PHC_002,2024-09-11,2024-09-12,67,F,maternal_delivery,mild,1,emergency
P_000079,PHC_003,2024-09-11,2024-09-15,38,M,gastroenteritis,mild,4,OPD
P_000080,PHC_007,2024-09-11,2024-09-13,12,F,maternal_delivery,mild,2,referral
P_000081,PHC_011,2024-09-11,2024-09-14,34,M,malaria,mild,3,referral
P_000082,PHC_011,2024-09-11,2024-09-21,23,F,snakebite,critical,10,referral
P_000083,PHC_014,2024-09-11,2024-09-19,34,M,respiratory_infection,moderate,8,emergency
P_000084,PHC_004,2024-09-12,2024-09-14,32,F,trauma_minor,moderate,2,OPD
P_000085,PHC_005,2024-09-12,2024-09-19,34,M,snakebite,mild,7,emergency
P_000086,PHC_008,2024-09-12,2024-09-17,28,M,gastroenteritis,mild,5,emergency
P_000087,PHC_008,2024-09-12,2024-09-20,42,F,snakebite,critical,8,OPD
P_000088,PHC_009,2024-09-12,2024-09-14,21,F,other,mild,2,emergency
P_000089,PHC_010,2024-09-12,2024-09-15,44,F,dengue,mild,3,emergency
P_000090,PHC_011,2024-09-12,2024-09-17,23,M,pneumonia,mild,5,OPD
P_000091,PHC_012,2024-09-12,2024-09-22,29,F,diabetes_complication,mild,10,referral
P_000092,PHC_012,2024-09-12,2024-09-15,49,F,malaria,moderate,3,OPD
P_000093,PHC_015,2024-09-12,2024-09-15,11,M,other,mild,3,OPD
P_000094,PHC_007,2024-09-13,2024-09-15,49,F,malaria,critical,2,emergency
P_000095,PHC_009,2024-09-13,2024-09-21,47,F,dengue,mild,8,emergency
P_000096,PHC_011,2024-09-13,2024-09-22,47,M,diabetes_complication,mild,9,referral
P_000097,PHC_013,2024-09-13,2024-09-16,34,M,maternal_delivery,mild,3,referral
P_000098,PHC_013,2024-09-13,2024-09-21,34,F,dengue,critical,8,emergency
P_000099,PHC_001,2024-09-14,2024-09-16,0,F,trauma_minor,moderate,2,emergency
P_000100,PHC_002,2024-09-14,2024-09-22,20,F,diabetes_complication,moderate,8,referral
P_000101,PHC_006,2024-09-14,2024-09-18,66,M,pneumonia,mild,4,OPD
P_000102,PHC_007,2024-09-14,2024-09-17,10,M,respiratory_infection,mild,3,OPD
P_000103,PHC_008,2024-09-14,2024-09-20,29,M,malaria,mild,6,emergency
P_000104,PHC_009,2024-09-14,2024-09-20,34,F,dengue,mild,6,OPD
P_000105,PHC_011,2024-09-14,2024-09-18,29,M,pneumonia,mild,4,OPD
P_000106,PHC_013,2024-09-14,2024-09-16,3,F,maternal_delivery,critical,2,emergency
P_000107,PHC_002,2024-09-15,2024-09-24,68,M,diabetes_complication,mild,9,emergency
P_000108,PHC_004,2024-09-15,2024-09-18,24,M,gastroenteritis,mild,3,emergency
P_000109,PHC_004,2024-09-15,2024-09-19,9,M,other,critical,4,emergency
P_000110,PHC_004,2024-09-15,2024-09-18,56,F,other,moderate,3,OPD
P_000111,PHC_004,2024-09-15,2024-09-19,23,M,snakebite,moderate,4,OPD
P_000112,PHC_006,2024-09-15,2024-09-20,0,F,respiratory_infection,mild,5,OPD
P_000113,PHC_009,2024-09-15,2024-09-18,0,M,trauma_minor,mild,3,OPD
P_000114,PHC_009,2024-09-15,2024-09-18,32,M,respiratory_infection,moderate,3,emergency
P_000115,PHC_013,2024-09-15,2024-09-19,28,F,gastroenteritis,mild,4,OPD
P_000116,PHC_014,2024-09-15,2024-09-22,39,F,dengue,mild,7,OPD
P_000117,PHC_015,2024-09-15,2024-09-19,36,M,malaria,moderate,4,emergency
P_000118,PHC_004,2024-09-16,2024-09-21,15,M,pneumonia,moderate,5,emergency
P_000119,PHC_009,2024-09-16,2024-09-20,47,M,snakebite,moderate,4,OPD
P_000120,PHC_012,2024-09-16,2024-09-17,24,F,maternal_delivery,moderate,1,OPD
P_000121,PHC_012,2024-09-16,2024-09-19,65,M,respiratory_infection,mild,3,referral
P_000122,PHC_013,2024-09-16,2024-09-18,42,M,gastroenteritis,mild,2,emergency
P_000123,PHC_004,2024-09-17,2024-09-21,31,M,snakebite,mild,4,referral
P_000124,PHC_011,2024-09-17,2024-09-20,8,M,other,mild,3,OPD
P_000125,PHC_011,2024-09-17,2024-09-19,25,F,trauma_minor,moderate,2,OPD
P_000126,PHC_011,2024-09-17,2024-09-19,56,F,respiratory_infection,moderate,2,OPD
P_000127,PHC_011,2024-09-17,2024-09-19,42,M,other,mild,2,OPD
P_000128,PHC_015,2024-09-17,2024-09-18,66,F,trauma_minor,mild,1,OPD
P_000129,PHC_001,2024-09-18,2024-09-26,31,M,pneumonia,mild,8,OPD
P_000130,PHC_002,2024-09-18,2024-09-23,58,F,dengue,mild,5,OPD
P_000131,PHC_002,2024-09-18,2024-09-26,27,M,diabetes_complication,mild,8,OPD
P_000132,PHC_002,2024-09-18,2024-09-28,46,M,diabetes_complication,mild,10,emergency
P_000133,PHC_013,2024-09-18,2024-09-24,22,F,dengue,critical,6,emergency
P_000134,PHC_002,2024-09-19,2024-09-29,34,F,dengue,mild,10,referral
P_000135,PHC_003,2024-09-19,2024-09-21,50,F,gastroenteritis,mild,2,OPD
P_000136,PHC_009,2024-09-19,2024-09-20,63,F,other,mild,1,OPD
P_000137,PHC_009,2024-09-19,2024-09-20,11,M,trauma_minor,moderate,1,emergency
P_000138,PHC_009,2024-09-19,2024-09-21,48,F,gastroenteritis,moderate,2,referral
P_000139,PHC_012,2024-09-19,2024-09-23,0,F,dengue,mild,4,OPD
P_000140,PHC_012,2024-09-19,2024-09-30,38,M,dengue,mild,11,emergency
P_000141,PHC_015,2024-09-19,2024-09-23,36,F,other,mild,4,emergency
P_000142,PHC_001,2024-09-20,2024-09-21,25,F,other,mild,1,OPD
P_000143,PHC_004,2024-09-20,2024-09-26,58,F,malaria,mild,6,OPD
P_000144,PHC_009,2024-09-20,2024-09-21,5,F,maternal_delivery,mild,1,OPD
P_000145,PHC_009,2024-09-20,2024-09-22,55,M,trauma_minor,mild,2,referral
P_000146,PHC_009,2024-09-20,2024-09-24,0,M,snakebite,mild,4,OPD
P_000147,PHC_010,2024-09-20,2024-09-23,53,F,maternal_delivery,mild,3,emergency
P_000148,PHC_011,2024-09-20,2024-09-25,30,M,malaria,mild,5,OPD
P_000149,PHC_012,2024-09-20,2024-09-22,24,M,maternal_delivery,moderate,2,OPD
P_000150,PHC_013,2024-09-20,2024-09-27,32,M,other,mild,7,OPD
P_000151,PHC_015,2024-09-20,2024-09-23,21,F,respiratory_infection,mild,3,OPD
P_000152,PHC_001,2024-09-21,2024-09-26,37,F,snakebite,mild,5,OPD
P_000153,PHC_004,2024-09-21,2024-09-22,39,M,trauma_minor,mild,1,OPD
P_000154,PHC_006,2024-09-21,2024-09-25,32,M,pneumonia,mild,4,OPD
P_000155,PHC_007,2024-09-21,2024-09-30,67,M,pneumonia,mild,9,emergency
P_000156,PHC_008,2024-09-21,2024-09-26,40,F,pneumonia,mild,5,OPD
P_000157,PHC_008,2024-09-21,2024-09-26,32,F,respiratory_infection,moderate,5,OPD
P_000158,PHC_010,2024-09-21,2024-09-22,26,F,trauma_minor,moderate,1,emergency
P_000159,PHC_011,2024-09-21,2024-09-26,11,F,malaria,moderate,5,OPD
P_000160,PHC_011,2024-09-21,2024-09-26,29,F,respiratory_infection,mild,5,OPD
P_000161,PHC_015,2024-09-21,2024-09-23,5,M,malaria,moderate,2,OPD
P_000162,PHC_015,2024-09-21,2024-09-23,66,M,pneumonia,critical,2,OPD
P_000163,PHC_005,2024-09-22,2024-09-24,34,M,maternal_delivery,moderate,2,OPD
P_000164,PHC_009,2024-09-22,2024-09-27,11,M,malaria,moderate,5,emergency
P_000165,PHC_009,2024-09-22,2024-09-25,59,F,diabetes_complication,mild,3,OPD
P_000166,PHC_009,2024-09-22,2024-09-27,16,F,respiratory_infection,moderate,5,emergency
P_000167,PHC_011,2024-09-22,2024-10-04,17,M,dengue,moderate,12,OPD
P_000168,PHC_011,2024-09-22,2024-09-28,27,M,dengue,critical,6,OPD
P_000169,PHC_011,2024-09-22,2024-09-24,56,M,other,mild,2,OPD
P_000170,PHC_012,2024-09-22,2024-09-25,24,F,trauma_minor,moderate,3,referral
P_000171,PHC_013,2024-09-22,2024-09-26,56,M,dengue,moderate,4,emergency
P_000172,PHC_013,2024-09-22,2024-09-25,39,F,respiratory_infection,mild,3,emergency
P_000173,PHC_015,2024-09-22,2024-09-24,23,F,respiratory_infection,mild,2,OPD
P_000174,PHC_015,2024-09-22,2024-09-23,65,M,other,mild,1,OPD
P_000175,PHC_015,2024-09-22,2024-09-26,22,F,other,mild,4,referral
P_000176,PHC_004,2024-09-23,2024-09-24,56,F,malaria,mild,1,emergency
P_000177,PHC_006,2024-09-23,2024-09-29,3,M,dengue,mild,6,emergency
P_000178,PHC_006,2024-09-23,2024-09-27,39,F,other,mild,4,OPD
P_000179,PHC_006,2024-09-23,2024-09-27,38,M,pneumonia,mild,4,referral
P_000180,PHC_007,2024-09-23,2024-09-28,74,F,other,mild,5,OPD
P_000181,PHC_008,2024-09-23,2024-09-25,22,F,malaria,moderate,2,emergency
P_000182,PHC_008,2024-09-23,2024-09-26,74,M,snakebite,moderate,3,OPD
P_000183,PHC_009,2024-09-23,2024-09-28,3,F,gastroenteritis,moderate,5,emergency
P_000184,PHC_011,2024-09-23,2024-09-28,29,M,snakebite,moderate,5,referral
P_000185,PHC_011,2024-09-23,2024-10-01,57,F,diabetes_complication,mild,8,OPD
P_000186,PHC_012,2024-09-23,2024-09-27,28,M,gastroenteritis,mild,4,emergency
P_000187,PHC_013,2024-09-23,2024-09-24,17,F,maternal_delivery,moderate,1,referral
P_000188,PHC_015,2024-09-23,2024-09-25,34,F,gastroenteritis,mild,2,emergency
P_000189,PHC_003,2024-09-24,2024-09-27,48,F,gastroenteritis,mild,3,OPD
P_000190,PHC_007,2024-09-24,2024-09-27,91,M,malaria,mild,3,OPD
P_000191,PHC_009,2024-09-24,2024-09-30,44,F,other,mild,6,emergency
P_000192,PHC_009,2024-09-24,2024-09-26,50,F,gastroenteritis,mild,2,OPD
P_000193,PHC_011,2024-09-24,2024-09-26,22,F,trauma_minor,mild,2,emergency
P_000194,PHC_012,2024-09-24,2024-09-28,33,M,gastroenteritis,moderate,4,OPD
P_000195,PHC_012,2024-09-24,2024-09-28,65,F,gastroenteritis,mild,4,emergency
P_000196,PHC_015,2024-09-24,2024-09-25,44,F,gastroenteritis,critical,1,referral
P_000197,PHC_015,2024-09-24,2024-09-28,12,F,malaria,mild,4,OPD
P_000198,PHC_002,2024-09-25,2024-10-01,24,M,pneumonia,mild,6,referral
P_000199,PHC_003,2024-09-25,2024-09-28,0,M,gastroenteritis,mild,3,OPD
P_000200,PHC_003,2024-09-25,2024-09-27,29,F,gastroenteritis,mild,2,OPD
P_000201,PHC_003,2024-09-25,2024-09-29,33,F,gastroenteritis,mild,4,OPD
P_000202,PHC_004,2024-09-25,2024-09-30,9,F,dengue,moderate,5,OPD
P_000203,PHC_005,2024-09-25,2024-09-27,28,M,diabetes_complication,mild,2,OPD
P_000204,PHC_006,2024-09-25,2024-09-29,61,M,malaria,mild,4,referral
P_000205,PHC_009,2024-09-25,2024-09-28,27,F,gastroenteritis,moderate,3,OPD
P_000206,PHC_009,2024-09-25,2024-09-27,31,F,gastroenteritis,mild,2,OPD
P_000207,PHC_009,2024-09-25,2024-09-28,40,F,gastroenteritis,moderate,3,OPD
P_000208,PHC_011,2024-09-25,2024-09-26,14,F,trauma_minor,mild,1,emergency
P_000209,PHC_012,2024-09-25,2024-09-27,0,M,trauma_minor,critical,2,emergency
P_000210,PHC_012,2024-09-25,2024-10-03,55,M,diabetes_complication,mild,8,referral
P_000211,PHC_012,2024-09-25,2024-09-29,20,F,gastroenteritis,critical,4,OPD
P_000212,PHC_012,2024-09-25,2024-09-29,50,F,respiratory_infection,moderate,4,emergency
P_000213,PHC_015,2024-09-25,2024-09-29,59,M,gastroenteritis,moderate,4,emergency
P_000214,PHC_015,2024-09-25,2024-09-28,50,F,gastroenteritis,mild,3,emergency
P_000215,PHC_015,2024-09-25,2024-09-28,48,F,respiratory_infection,mild,3,emergency
P_000216,PHC_015,2024-09-25,2024-09-26,40,F,gastroenteritis,moderate,1,emergency
P_000217,PHC_015,2024-09-25,2024-09-28,44,M,gastroenteritis,mild,3,referral
P_000218,PHC_001,2024-09-26,2024-09-30,48,M,respiratory_infection,mild,4,emergency
P_000219,PHC_006,2024-09-26,2024-09-27,35,F,gastroenteritis,mild,1,referral
P_000220,PHC_006,2024-09-26,2024-09-29,47,F,gastroenteritis,moderate,3,referral
P_000221,PHC_011,2024-09-26,2024-09-28,28,M,gastroenteritis,moderate,2,referral
P_000222,PHC_011,2024-09-26,2024-09-28,25,F,trauma_minor,mild,2,OPD
P_000223,PHC_011,2024-09-26,2024-09-30,48,F,dengue,mild,4,referral
P_000224,PHC_012,2024-09-26,2024-09-30,0,F,gastroenteritis,mild,4,OPD
P_000225,PHC_014,2024-09-26,2024-09-30,15,M,other,moderate,4,OPD
P_000226,PHC_015,2024-09-26,2024-09-29,28,F,gastroenteritis,moderate,3,OPD
P_000227,PHC_015,2024-09-26,2024-09-29,36,F,gastroenteritis,mild,3,OPD
P_000228,PHC_015,2024-09-26,2024-10-04,52,F,dengue,critical,8,OPD
P_000229,PHC_015,2024-09-26,2024-10-03,57,F,dengue,mild,7,OPD
P_000230,PHC_002,2024-09-27,2024-10-03,7,M,respiratory_infection,moderate,6,emergency
P_000231,PHC_003,2024-09-27,2024-09-28,11,M,trauma_minor,mild,1,OPD
P_000232,PHC_004,2024-09-27,2024-10-01,42,M,snakebite,mild,4,referral
P_000233,PHC_004,2024-09-27,2024-09-28,48,M,trauma_minor,mild,1,OPD
P_000234,PHC_005,2024-09-27,2024-09-30,61,M,pneumonia,mild,3,referral
P_000235,PHC_005,2024-09-27,2024-09-29,25,F,maternal_delivery,mild,2,OPD
P_000236,PHC_006,2024-09-27,2024-10-04,25,M,snakebite,mild,7,emergency
P_000237,PHC_008,2024-09-27,2024-09-29,81,F,respiratory_infection,moderate,2,referral
P_000238,PHC_009,2024-09-27,2024-10-02,2,M,gastroenteritis,moderate,5,referral
P_000239,PHC_009,2024-09-27,2024-09-30,25,M,trauma_minor,mild,3,OPD
P_000240,PHC_009,2024-09-27,2024-10-01,16,M,other,moderate,4,referral
P_000241,PHC_011,2024-09-27,2024-10-01,27,M,malaria,mild,4,OPD
P_000242,PHC_012,2024-09-27,2024-09-29,19,F,gastroenteritis,mild,2,emergency
P_000243,PHC_015,2024-09-27,2024-09-30,27,F,maternal_delivery,mild,3,referral
P_000244,PHC_015,2024-09-27,2024-09-30,74,M,other,moderate,3,OPD
P_000245,PHC_001,2024-09-28,2024-09-29,5,F,malaria,moderate,1,referral
P_000246,PHC_004,2024-09-28,2024-10-03,62,M,diabetes_complication,moderate,5,emergency
P_000247,PHC_006,2024-09-28,2024-09-30,0,M,maternal_delivery,mild,2,emergency
P_000248,PHC_008,2024-09-28,2024-10-03,13,M,dengue,moderate,5,OPD
P_000249,PHC_010,2024-09-28,2024-10-02,54,M,malaria,moderate,4,OPD
P_000250,PHC_011,2024-09-28,2024-10-03,17,F,pneumonia,mild,5,OPD
P_000251,PHC_012,2024-09-28,2024-10-01,58,F,gastroenteritis,mild,3,referral
P_000252,PHC_012,2024-09-28,2024-09-30,27,F,gastroenteritis,mild,2,referral
P_000253,PHC_012,2024-09-28,2024-09-30,21,F,gastroenteritis,mild,2,emergency
P_000254,PHC_014,2024-09-28,2024-10-02,42,F,snakebite,mild,4,OPD
P_000255,PHC_015,2024-09-28,2024-09-30,35,F,gastroenteritis,moderate,2,OPD
P_000256,PHC_015,2024-09-28,2024-10-02,51,M,gastroenteritis,mild,4,OPD
P_000257,PHC_001,2024-09-29,2024-10-04,50,M,malaria,mild,5,emergency
P_000258,PHC_002,2024-09-29,2024-10-05,19,F,diabetes_complication,critical,6,OPD
P_000259,PHC_003,2024-09-29,2024-10-02,56,M,gastroenteritis,mild,3,referral
P_000260,PHC_004,2024-09-29,2024-10-05,49,M,other,moderate,6,OPD
P_000261,PHC_009,2024-09-29,2024-10-03,36,F,gastroenteritis,moderate,4,OPD
P_000262,PHC_010,2024-09-29,2024-10-03,48,M,pneumonia,mild,4,OPD
P_000263,PHC_015,2024-09-29,2024-09-30,45,F,other,mild,1,OPD
P_000264,PHC_015,2024-09-29,2024-10-04,19,M,respiratory_infection,mild,5,emergency
P_000265,PHC_015,2024-09-29,2024-10-03,31,F,dengue,critical,4,referral
P_000266,PHC_015,2024-09-29,2024-10-02,57,F,gastroenteritis,critical,3,OPD
P_000267,PHC_015,2024-09-29,2024-10-01,56,F,gastroenteritis,critical,2,OPD
P_000268,PHC_002,2024-09-30,2024-10-04,81,M,other,mild,4,OPD
P_000269,PHC_003,2024-09-30,2024-10-02,40,M,trauma_minor,moderate,2,emergency
P_000270,PHC_004,2024-09-30,2024-10-08,32,F,diabetes_complication,critical,8,OPD
P_000271,PHC_006,2024-09-30,2024-10-02,17,F,other,mild,2,emergency
P_000272,PHC_008,2024-09-30,2024-10-02,86,M,gastroenteritis,mild,2,OPD
P_000273,PHC_009,2024-09-30,2024-10-04,23,M,gastroenteritis,mild,4,OPD
P_000274,PHC_015,2024-09-30,2024-10-03,24,M,gastroenteritis,mild,3,OPD
P_000275,PHC_015,2024-09-30,2024-10-03,64,F,gastroenteritis,moderate,3,OPD
P_000276,PHC_015,2024-09-30,2024-10-02,46,M,gastroenteritis,moderate,2,referral
P_000277,PHC_002,2024-10-01,2024-10-11,19,M,dengue,mild,10,referral
P_000278,PHC_003,2024-10-01,2024-10-03,40,F,gastroenteritis,moderate,2,OPD
P_000279,PHC_006,2024-10-01,2024-10-06,69,M,gastroenteritis,moderate,5,emergency
P_000280,PHC_008,2024-10-01,2024-10-05,36,F,other,mild,4,OPD
P_000281,PHC_009,2024-10-01,2024-10-04,48,M,pneumonia,critical,3,referral
P_000282,PHC_009,2024-10-01,2024-10-03,71,F,gastroenteritis,mild,2,referral
P_000283,PHC_012,2024-10-01,2024-10-07,47,M,snakebite,critical,6,OPD
P_000284,PHC_012,2024-10-01,2024-10-04,30,F,gastroenteritis,moderate,3,OPD
P_000285,PHC_012,2024-10-01,2024-10-04,35,F,gastroenteritis,mild,3,referral
P_000286,PHC_013,2024-10-01,2024-10-07,64,M,diabetes_complication,moderate,6,emergency
P_000287,PHC_015,2024-10-01,2024-10-03,33,M,malaria,moderate,2,OPD
P_000288,PHC_015,2024-10-01,2024-10-02,54,F,other,mild,1,referral
P_000289,PHC_001,2024-10-02,2024-10-04,7,F,maternal_delivery,mild,2,OPD
P_000290,PHC_002,2024-10-02,2024-10-13,11,F,diabetes_complication,critical,11,OPD
P_000291,PHC_004,2024-10-02,2024-10-06,75,M,gastroenteritis,moderate,4,OPD
P_000292,PHC_009,2024-10-02,2024-10-06,45,M,other,mild,4,OPD
P_000293,PHC_012,2024-10-02,2024-10-05,33,M,gastroenteritis,moderate,3,OPD
P_000294,PHC_012,2024-10-02,2024-10-04,44,M,gastroenteritis,mild,2,OPD
P_000295,PHC_015,2024-10-02,2024-10-05,72,M,gastroenteritis,mild,3,referral
P_000296,PHC_015,2024-10-02,2024-10-04,55,M,maternal_delivery,moderate,2,referral
P_000297,PHC_015,2024-10-02,2024-10-06,0,M,gastroenteritis,mild,4,emergency
P_000298,PHC_015,2024-10-02,2024-10-08,6,M,respiratory_infection,critical,6,OPD
P_000299,PHC_015,2024-10-02,2024-10-05,57,F,other,critical,3,OPD
P_000300,PHC_015,2024-10-02,2024-10-04,40,F,gastroenteritis,mild,2,referral
P_000301,PHC_015,2024-10-02,2024-10-05,21,F,respiratory_infection,critical,3,referral
P_000302,PHC_002,2024-10-03,2024-10-07,73,F,dengue,mild,4,referral
P_000303,PHC_004,2024-10-03,2024-10-08,46,F,diabetes_complication,mild,5,emergency
P_000304,PHC_007,2024-10-03,2024-10-05,25,F,trauma_minor,critical,2,referral
P_000305,PHC_008,2024-10-03,2024-10-08,4,M,dengue,moderate,5,emergency
P_000306,PHC_010,2024-10-03,2024-10-07,44,F,other,critical,4,emergency
P_000307,PHC_011,2024-10-03,2024-10-08,35,F,malaria,mild,5,OPD
P_000308,PHC_011,2024-10-03,2024-10-09,35,F,dengue,critical,6,OPD
P_000309,PHC_012,2024-10-03,2024-10-05,13,F,gastroenteritis,critical,2,OPD
P_000310,PHC_012,2024-10-03,2024-10-06,84,F,gastroenteritis,mild,3,OPD
P_000311,PHC_013,2024-10-03,2024-10-07,0,M,dengue,mild,4,OPD
P_000312,PHC_015,2024-10-03,2024-10-05,50,F,gastroenteritis,critical,2,OPD
P_000313,PHC_001,2024-10-04,2024-10-06,40,M,dengue,moderate,2,OPD
P_000314,PHC_001,2024-10-04,2024-10-06,27,F,pneumonia,mild,2,emergency
P_000315,PHC_006,2024-10-04,2024-10-08,80,M,gastroenteritis,moderate,4,emergency
P_000316,PHC_008,2024-10-04,2024-10-13,57,M,pneumonia,moderate,9,emergency
P_000317,PHC_009,2024-10-04,2024-10-07,31,F,other,moderate,3,emergency
P_000318,PHC_009,2024-10-04,2024-10-06,19,F,maternal_delivery,moderate,2,OPD
P_000319,PHC_009,2024-10-04,2024-10-07,57,F,gastroenteritis,mild,3,OPD
P_000320,PHC_010,2024-10-04,2024-10-08,9,M,dengue,moderate,4,referral
P_000321,PHC_013,2024-10-04,2024-10-07,19,M,other,mild,3,OPD
P_000322,PHC_015,2024-10-04,2024-10-07,34,M,gastroenteritis,mild,3,emergency
P_000323,PHC_002,2024-10-05,2024-10-07,27,F,gastroenteritis,mild,2,OPD
P_000324,PHC_004,2024-10-05,2024-10-08,35,F,snakebite,moderate,3,OPD
P_000325,PHC_006,2024-10-05,2024-10-09,51,F,gastroenteritis,moderate,4,OPD
P_000326,PHC_006,2024-10-05,2024-10-09,37,F,gastroenteritis,moderate,4,OPD
P_000327,PHC_006,2024-10-05,2024-10-07,24,F,gastroenteritis,mild,2,OPD
P_000328,PHC_008,2024-10-05,2024-10-10,76,F,dengue,mild,5,emergency
P_000329,PHC_009,2024-10-05,2024-10-07,59,F,respiratory_infection,mild,2,emergency
P_000330,PHC_009,2024-10-05,2024-10-09,31,F,gastroenteritis,critical,4,OPD
P_000331,PHC_015,2024-10-05,2024-10-07,29,M,gastroenteritis,mild,2,OPD
P_000332,PHC_015,2024-10-05,2024-10-08,38,F,gastroenteritis,mild,3,OPD
P_000333,PHC_015,2024-10-05,2024-10-08,37,F,gastroenteritis,moderate,3,emergency
P_000334,PHC_001,2024-10-06,2024-10-08,32,M,maternal_delivery,moderate,2,referral
P_000335,PHC_003,2024-10-06,2024-10-11,35,F,gastroenteritis,mild,5,emergency
P_000336,PHC_004,2024-10-06,2024-10-13,9,F,diabetes_complication,mild,7,OPD
P_000337,PHC_006,2024-10-06,2024-10-12,69,F,snakebite,mild,6,emergency
P_000338,PHC_009,2024-10-06,2024-10-10,43,F,gastroenteritis,moderate,4,referral
P_000339,PHC_009,2024-10-06,2024-10-13,70,M,dengue,mild,7,OPD
P_000340,PHC_009,2024-10-06,2024-10-11,86,M,gastroenteritis,mild,5,OPD
P_000341,PHC_011,2024-10-06,2024-10-10,15,F,pneumonia,mild,4,emergency
P_000342,PHC_012,2024-10-06,2024-10-12,28,F,diabetes_complication,critical,6,OPD
P_000343,PHC_012,2024-10-06,2024-10-10,23,F,gastroenteritis,mild,4,OPD
P_000344,PHC_013,2024-10-06,2024-10-12,6,M,respiratory_infection,moderate,6,OPD
P_000345,PHC_013,2024-10-06,2024-10-12,24,M,other,mild,6,referral
P_000346,PHC_015,2024-10-06,2024-10-09,56,F,gastroenteritis,mild,3,emergency
P_000347,PHC_001,2024-10-07,2024-10-09,18,M,maternal_delivery,mild,2,OPD
P_000348,PHC_002,2024-10-07,2024-10-13,28,F,other,moderate,6,OPD
P_000349,PHC_003,2024-10-07,2024-10-11,67,F,malaria,mild,4,OPD
P_000350,PHC_005,2024-10-07,2024-10-10,39,M,snakebite,mild,3,emergency
P_000351,PHC_006,2024-10-07,2024-10-10,42,F,gastroenteritis,mild,3,emergency
P_000352,PHC_006,2024-10-07,2024-10-11,16,M,gastroenteritis,moderate,4,referral
P_000353,PHC_008,2024-10-07,2024-10-10,47,M,other,mild,3,OPD
P_000354,PHC_009,2024-10-07,2024-10-09,0,M,trauma_minor,mild,2,referral
P_000355,PHC_009,2024-10-07,2024-10-10,47,M,gastroenteritis,mild,3,referral
P_000356,PHC_009,2024-10-07,2024-10-14,93,F,diabetes_complication,mild,7,emergency
P_000357,PHC_010,2024-10-07,2024-10-11,70,F,snakebite,mild,4,OPD
P_000358,PHC_012,2024-10-07,2024-10-10,25,F,gastroenteritis,moderate,3,referral
P_000359,PHC_012,2024-10-07,2024-10-09,75,F,gastroenteritis,moderate,2,emergency
P_000360,PHC_012,2024-10-07,2024-10-11,44,F,gastroenteritis,mild,4,OPD
P_000361,PHC_012,2024-10-07,2024-10-08,23,F,gastroenteritis,mild,1,OPD
P_000362,PHC_013,2024-10-07,2024-10-14,49,M,dengue,moderate,7,emergency
P_000363,PHC_015,2024-10-07,2024-10-12,33,F,gastroenteritis,critical,5,referral
P_000364,PHC_015,2024-10-07,2024-10-12,51,F,other,mild,5,referral
P_000365,PHC_015,2024-10-07,2024-10-13,41,M,snakebite,mild,6,OPD
P_000366,PHC_001,2024-10-08,2024-10-12,7,M,respiratory_infection,mild,4,emergency
P_000367,PHC_003,2024-10-08,2024-10-15,22,M,dengue,mild,7,OPD
P_000368,PHC_004,2024-10-08,2024-10-11,27,M,gastroenteritis,mild,3,OPD
P_000369,PHC_006,2024-10-08,2024-10-10,0,F,gastroenteritis,mild,2,emergency
P_000370,PHC_007,2024-10-08,2024-10-11,40,M,maternal_delivery,moderate,3,OPD
P_000371,PHC_009,2024-10-08,2024-10-10,55,F,gastroenteritis,mild,2,referral
P_000372,PHC_009,2024-10-08,2024-10-11,43,M,respiratory_infection,moderate,3,OPD
P_000373,PHC_009,2024-10-08,2024-10-11,62,F,trauma_minor,moderate,3,referral
P_000374,PHC_009,2024-10-08,2024-10-09,43,M,gastroenteritis,mild,1,referral
P_000375,PHC_010,2024-10-08,2024-10-15,15,F,dengue,mild,7,OPD
P_000376,PHC_011,2024-10-08,2024-10-15,63,M,snakebite,moderate,7,referral
P_000377,PHC_011,2024-10-08,2024-10-14,8,M,snakebite,mild,6,emergency
P_000378,PHC_012,2024-10-08,2024-10-11,21,M,gastroenteritis,moderate,3,referral
P_000379,PHC_013,2024-10-08,2024-10-11,22,M,pneumonia,mild,3,emergency
P_000380,PHC_015,2024-10-08,2024-10-13,40,M,dengue,mild,5,OPD
P_000381,PHC_015,2024-10-08,2024-10-11,23,F,gastroenteritis,moderate,3,emergency
P_000382,PHC_002,2024-10-09,2024-10-10,44,M,maternal_delivery,mild,1,referral
P_000383,PHC_007,2024-10-09,2024-10-12,36,M,maternal_delivery,mild,3,emergency
P_000384,PHC_009,2024-10-09,2024-10-12,25,M,other,moderate,3,OPD
P_000385,PHC_010,2024-10-09,2024-10-13,24,F,gastroenteritis,mild,4,emergency
P_000386,PHC_012,2024-10-09,2024-10-13,46,F,gastroenteritis,moderate,4,referral
P_000387,PHC_012,2024-10-09,2024-10-12,41,M,malaria,mild,3,OPD
P_000388,PHC_015,2024-10-09,2024-10-11,30,M,gastroenteritis,mild,2,OPD
P_000389,PHC_003,2024-10-10,2024-10-14,6,F,gastroenteritis,mild,4,OPD
P_000390,PHC_004,2024-10-10,2024-10-13,29,F,maternal_delivery,mild,3,referral
P_000391,PHC_004,2024-10-10,2024-10-15,32,M,pneumonia,moderate,5,emergency
P_000392,PHC_009,2024-10-10,2024-10-13,40,M,malaria,moderate,3,OPD
P_000393,PHC_009,2024-10-10,2024-10-13,0,M,maternal_delivery,mild,3,OPD
P_000394,PHC_011,2024-10-10,2024-10-13,69,F,other,moderate,3,emergency
P_000395,PHC_012,2024-10-10,2024-10-13,0,F,other,moderate,3,referral
P_000396,PHC_012,2024-10-10,2024-10-19,34,F,diabetes_complication,moderate,9,referral
P_000397,PHC_012,2024-10-10,2024-10-12,34,M,gastroenteritis,critical,2,emergency
P_000398,PHC_012,2024-10-10,2024-10-13,37,M,gastroenteritis,moderate,3,OPD
P_000399,PHC_015,2024-10-10,2024-10-15,21,M,gastroenteritis,mild,5,emergency
P_000400,PHC_015,2024-10-10,2024-10-14,35,M,gastroenteritis,mild,4,OPD
P_000401,PHC_015,2024-10-10,2024-10-13,58,M,gastroenteritis,moderate,3,emergency
P_000402,PHC_001,2024-10-11,2024-10-15,30,M,snakebite,mild,4,OPD
P_000403,PHC_003,2024-10-11,2024-10-12,24,M,respiratory_infection,mild,1,OPD
P_000404,PHC_004,2024-10-11,2024-10-17,38,F,malaria,mild,6,OPD
P_000405,PHC_005,2024-10-11,2024-10-15,13,M,trauma_minor,moderate,4,emergency
P_000406,PHC_006,2024-10-11,2024-10-13,55,F,gastroenteritis,moderate,2,OPD
P_000407,PHC_008,2024-10-11,2024-10-14,0,F,maternal_delivery,mild,3,OPD
P_000408,PHC_009,2024-10-11,2024-10-12,46,F,other,moderate,1,emergency
P_000409,PHC_009,2024-10-11,2024-10-17,31,M,respiratory_infection,mild,6,OPD
P_000410,PHC_012,2024-10-11,2024-10-15,26,M,gastroenteritis,critical,4,emergency
P_000411,PHC_013,2024-10-11,2024-10-13,83,F,other,moderate,2,OPD
P_000412,PHC_015,2024-10-11,2024-10-13,7,M,gastroenteritis,moderate,2,OPD
P_000413,PHC_015,2024-10-11,2024-10-16,21,F,gastroenteritis,mild,5,referral
P_000414,PHC_001,2024-10-12,2024-10-15,73,F,other,mild,3,referral
P_000415,PHC_004,2024-10-12,2024-10-13,55,M,malaria,moderate,1,emergency
P_000416,PHC_004,2024-10-12,2024-10-19,47,F,pneumonia,mild,7,OPD
P_000417,PHC_005,2024-10-12,2024-10-18,82,F,respiratory_infection,moderate,6,emergency
P_000418,PHC_006,2024-10-12,2024-10-16,0,F,gastroenteritis,mild,4,referral
P_000419,PHC_006,2024-10-12,2024-10-17,20,F,gastroenteritis,mild,5,OPD
P_000420,PHC_007,2024-10-12,2024-10-17,57,F,diabetes_complication,mild,5,OPD
P_000421,PHC_008,2024-10-12,2024-10-16,18,F,respiratory_infection,moderate,4,emergency
P_000422,PHC_013,2024-10-12,2024-10-14,21,F,trauma_minor,mild,2,OPD
P_000423,PHC_015,2024-10-12,2024-10-13,48,M,trauma_minor,mild,1,emergency
P_000424,PHC_015,2024-10-12,2024-10-16,21,F,malaria,mild,4,referral
P_000425,PHC_015,2024-10-12,2024-10-16,72,F,gastroenteritis,critical,4,OPD
P_000426,PHC_004,2024-10-13,2024-10-16,4,M,diabetes_complication,moderate,3,referral
P_000427,PHC_004,2024-10-13,2024-10-16,16,M,other,critical,3,referral
P_000428,PHC_008,2024-10-13,2024-10-15,7,F,snakebite,mild,2,referral
P_000429,PHC_009,2024-10-13,2024-10-17,57,F,gastroenteritis,moderate,4,emergency
P_000430,PHC_010,2024-10-13,2024-10-15,37,F,maternal_delivery,mild,2,emergency
P_000431,PHC_011,2024-10-13,2024-10-20,37,M,respiratory_infection,moderate,7,OPD
P_000432,PHC_011,2024-10-13,2024-10-15,47,M,trauma_minor,mild,2,referral
P_000433,PHC_012,2024-10-13,2024-10-15,40,M,gastroenteritis,moderate,2,emergency
P_000434,PHC_012,2024-10-13,2024-10-17,68,M,other,mild,4,OPD
P_000435,PHC_013,2024-10-13,2024-10-17,66,F,gastroenteritis,moderate,4,emergency
P_000436,PHC_013,2024-10-13,2024-10-16,59,M,other,mild,3,OPD
P_000437,PHC_015,2024-10-13,2024-10-16,30,F,gastroenteritis,mild,3,OPD
P_000438,PHC_001,2024-10-14,2024-10-21,0,F,respiratory_infection,mild,7,emergency
P_000439,PHC_002,2024-10-14,2024-10-19,26,M,pneumonia,mild,5,OPD
P_000440,PHC_005,2024-10-14,2024-10-16,72,F,trauma_minor,mild,2,emergency
P_000441,PHC_009,2024-10-14,2024-10-21,45,F,snakebite,mild,7,emergency
P_000442,PHC_010,2024-10-14,2024-10-24,38,M,dengue,moderate,10,OPD
P_000443,PHC_015,2024-10-14,2024-10-18,67,F,gastroenteritis,mild,4,OPD
P_000444,PHC_015,2024-10-14,2024-10-20,56,F,malaria,critical,6,emergency
P_000445,PHC_001,2024-10-15,2024-10-20,29,F,respiratory_infection,moderate,5,emergency
P_000446,PHC_001,2024-10-15,2024-10-20,56,F,malaria,moderate,5,OPD
P_000447,PHC_008,2024-10-15,2024-10-19,37,M,other,mild,4,referral
P_000448,PHC_011,2024-10-15,2024-10-19,47,M,gastroenteritis,mild,4,emergency
P_000449,PHC_013,2024-10-15,2024-10-18,6,F,maternal_delivery,mild,3,OPD
P_000450,PHC_014,2024-10-15,2024-10-19,72,F,maternal_delivery,moderate,4,emergency
P_000451,PHC_001,2024-10-16,2024-10-23,64,F,snakebite,mild,7,referral
P_000452,PHC_002,2024-10-16,2024-10-22,29,M,other,moderate,6,emergency
P_000453,PHC_004,2024-10-16,2024-10-20,73,M,respiratory_infection,mild,4,emergency
P_000454,PHC_004,2024-10-16,2024-10-17,48,M,trauma_minor,moderate,1,emergency
P_000455,PHC_009,2024-10-16,2024-10-20,46,M,snakebite,mild,4,OPD
P_000456,PHC_015,2024-10-16,2024-10-21,46,F,dengue,mild,5,emergency
P_000457,PHC_001,2024-10-17,2024-10-21,48,M,gastroenteritis,mild,4,referral
P_000458,PHC_001,2024-10-17,2024-10-20,19,M,trauma_minor,moderate,3,referral
P_000459,PHC_003,2024-10-17,2024-10-21,56,M,gastroenteritis,mild,4,OPD
P_000460,PHC_004,2024-10-17,2024-10-19,30,F,gastroenteritis,moderate,2,OPD
P_000461,PHC_010,2024-10-17,2024-10-18,44,F,maternal_delivery,mild,1,OPD
P_000462,PHC_011,2024-10-17,2024-10-19,75,F,respiratory_infection,critical,2,OPD
P_000463,PHC_013,2024-10-17,2024-10-23,48,F,snakebite,moderate,6,OPD
P_000464,PHC_015,2024-10-17,2024-10-20,7,F,snakebite,moderate,3,OPD
P_000465,PHC_008,2024-10-18,2024-10-19,38,F,gastroenteritis,mild,1,OPD
P_000466,PHC_009,2024-10-18,2024-10-21,35,M,gastroenteritis,mild,3,emergency
P_000467,PHC_009,2024-10-18,2024-10-21,29,F,gastroenteritis,mild,3,emergency
P_000468,PHC_010,2024-10-18,2024-10-22,14,M,respiratory_infection,moderate,4,OPD
P_000469,PHC_014,2024-10-18,2024-10-22,26,F,dengue,critical,4,OPD
P_000470,PHC_015,2024-10-18,2024-10-22,9,M,pneumonia,moderate,4,OPD
P_000471,PHC_002,2024-10-19,2024-10-23,32,F,malaria,mild,4,OPD
P_000472,PHC_004,2024-10-19,2024-10-21,40,F,malaria,mild,2,OPD
P_000473,PHC_008,2024-10-19,2024-10-24,0,M,respiratory_infection,critical,5,OPD
P_000474,PHC_011,2024-10-19,2024-10-21,58,M,maternal_delivery,moderate,2,referral
P_000475,PHC_012,2024-10-19,2024-10-26,61,F,malaria,mild,7,OPD
P_000476,PHC_002,2024-10-20,2024-10-24,23,M,pneumonia,mild,4,OPD
P_000477,PHC_004,2024-10-20,2024-10-25,67,F,other,moderate,5,emergency
P_000478,PHC_005,2024-10-20,2024-10-24,58,F,gastroenteritis,moderate,4,referral
P_000479,PHC_006,2024-10-20,2024-10-26,30,F,malaria,mild,6,OPD
P_000480,PHC_008,2024-10-20,2024-10-21,44,M,maternal_delivery,mild,1,OPD
P_000481,PHC_009,2024-10-20,2024-10-25,50,F,other,mild,5,OPD
P_000482,PHC_010,2024-10-20,2024-10-28,27,M,dengue,moderate,8,OPD
P_000483,PHC_011,2024-10-20,2024-10-23,20,M,respiratory_infection,moderate,3,OPD
P_000484,PHC_012,2024-10-20,2024-10-27,74,M,diabetes_complication,mild,7,OPD
P_000485,PHC_014,2024-10-20,2024-10-24,50,F,pneumonia,critical,4,OPD
P_000486,PHC_002,2024-10-21,2024-10-24,31,M,maternal_delivery,mild,3,OPD
P_000487,PHC_002,2024-10-21,2024-10-26,28,F,snakebite,moderate,5,OPD
P_000488,PHC_005,2024-10-21,2024-10-26,28,M,pneumonia,moderate,5,emergency
P_000489,PHC_008,2024-10-21,2024-10-24,20,M,respiratory_infection,critical,3,referral
P_000490,PHC_011,2024-10-21,2024-10-22,17,F,pneumonia,mild,1,emergency
P_000491,PHC_012,2024-10-21,2024-10-27,7,F,snakebite,moderate,6,OPD
P_000492,PHC_013,2024-10-21,2024-10-24,0,M,gastroenteritis,mild,3,emergency
P_000493,PHC_014,2024-10-21,2024-10-22,9,M,other,mild,1,referral
P_000494,PHC_001,2024-10-22,2024-10-25,21,F,trauma_minor,mild,3,referral
P_000495,PHC_002,2024-10-22,2024-10-27,29,F,malaria,mild,5,OPD
P_000496,PHC_002,2024-10-22,2024-10-25,84,F,maternal_delivery,moderate,3,OPD
P_000497,PHC_002,2024-10-22,2024-11-02,25,F,dengue,mild,11,OPD
P_000498,PHC_005,2024-10-22,2024-10-31,63,M,diabetes_complication,critical,9,OPD
P_000499,PHC_007,2024-10-22,2024-10-28,63,M,snakebite,moderate,6,OPD
P_000500,PHC_007,2024-10-22,2024-10-24,16,F,gastroenteritis,mild,2,emergency
P_000501,PHC_008,2024-10-22,2024-10-29,29,M,snakebite,moderate,7,OPD
P_000502,PHC_013,2024-10-22,2024-10-24,29,F,maternal_delivery,moderate,2,OPD
P_000503,PHC_015,2024-10-22,2024-10-26,60,F,respiratory_infection,mild,4,emergency
P_000504,PHC_015,2024-10-22,2024-10-27,10,F,dengue,mild,5,emergency
P_000505,PHC_002,2024-10-23,2024-10-30,15,M,respiratory_infection,critical,7,referral
P_000506,PHC_006,2024-10-23,2024-10-26,54,F,snakebite,mild,3,emergency
P_000507,PHC_006,2024-10-23,2024-10-28,66,F,respiratory_infection,moderate,5,OPD
P_000508,PHC_007,2024-10-23,2024-10-26,40,F,gastroenteritis,mild,3,OPD
P_000509,PHC_012,2024-10-23,2024-10-25,6,M,other,moderate,2,OPD
P_000510,PHC_012,2024-10-23,2024-10-25,45,M,dengue,mild,2,OPD
P_000511,PHC_007,2024-10-24,2024-11-03,33,F,pneumonia,mild,10,referral
P_000512,PHC_008,2024-10-24,2024-10-28,14,M,maternal_delivery,critical,4,OPD
P_000513,PHC_009,2024-10-24,2024-10-27,52,M,malaria,moderate,3,OPD
P_000514,PHC_011,2024-10-24,2024-10-28,30,M,respiratory_infection,critical,4,emergency
P_000515,PHC_013,2024-10-24,2024-10-29,43,F,dengue,mild,5,OPD
P_000516,PHC_004,2024-10-25,2024-10-29,69,M,respiratory_infection,moderate,4,referral
P_000517,PHC_004,2024-10-25,2024-10-29,66,F,dengue,critical,4,emergency
P_000518,PHC_006,2024-10-25,2024-10-30,53,F,diabetes_complication,critical,5,OPD
P_000519,PHC_011,2024-10-25,2024-11-01,25,M,diabetes_complication,moderate,7,OPD
P_000520,PHC_014,2024-10-25,2024-10-26,32,F,pneumonia,mild,1,OPD
P_000521,PHC_001,2024-10-26,2024-11-01,62,F,diabetes_complication,moderate,6,emergency
P_000522,PHC_003,2024-10-26,2024-11-01,39,F,snakebite,mild,6,OPD
P_000523,PHC_009,2024-10-26,2024-10-30,46,M,dengue,mild,4,emergency
P_000524,PHC_011,2024-10-26,2024-10-29,25,F,pneumonia,moderate,3,referral
P_000525,PHC_012,2024-10-26,2024-10-28,14,M,trauma_minor,mild,2,emergency
P_000526,PHC_013,2024-10-26,2024-10-31,15,M,malaria,moderate,5,OPD
P_000527,PHC_001,2024-10-27,2024-10-29,67,F,trauma_minor,mild,2,referral
P_000528,PHC_001,2024-10-27,2024-10-30,53,F,snakebite,moderate,3,OPD
P_000529,PHC_001,2024-10-27,2024-10-30,69,F,diabetes_complication,moderate,3,emergency
P_000530,PHC_004,2024-10-27,2024-10-31,25,F,maternal_delivery,mild,4,OPD
P_000531,PHC_004,2024-10-27,2024-11-03,7,F,snakebite,mild,7,emergency
P_000532,PHC_006,2024-10-27,2024-10-31,41,F,respiratory_infection,mild,4,referral
P_000533,PHC_006,2024-10-27,2024-10-30,42,F,maternal_delivery,critical,3,referral
P_000534,PHC_008,2024-10-27,2024-10-31,31,M,malaria,mild,4,referral
P_000535,PHC_010,2024-10-27,2024-11-01,62,F,pneumonia,mild,5,OPD
P_000536,PHC_010,2024-10-27,2024-10-30,22,F,maternal_delivery,mild,3,referral
P_000537,PHC_010,2024-10-27,2024-10-30,33,F,respiratory_infection,moderate,3,emergency
P_000538,PHC_011,2024-10-27,2024-11-02,10,M,pneumonia,mild,6,OPD
P_000539,PHC_013,2024-10-27,2024-11-01,31,M,diabetes_complication,mild,5,emergency
P_000540,PHC_014,2024-10-27,2024-10-30,69,F,pneumonia,critical,3,OPD
P_000541,PHC_004,2024-10-28,2024-10-31,57,F,respiratory_infection,mild,3,OPD
P_000542,PHC_008,2024-10-28,2024-10-29,49,M,trauma_minor,moderate,1,emergency
P_000543,PHC_011,2024-10-28,2024-10-31,22,F,gastroenteritis,mild,3,emergency
P_000544,PHC_011,2024-10-28,2024-11-03,31,M,snakebite,moderate,6,OPD
P_000545,PHC_014,2024-10-28,2024-11-06,53,F,dengue,mild,9,OPD
P_000546,PHC_003,2024-10-29,2024-11-06,52,M,dengue,mild,8,OPD
P_000547,PHC_007,2024-10-29,2024-10-31,51,F,pneumonia,mild,2,emergency
P_000548,PHC_007,2024-10-29,2024-11-04,66,M,diabetes_complication,mild,6,emergency
P_000549,PHC_013,2024-10-29,2024-11-03,36,F,malaria,mild,5,emergency
P_000550,PHC_014,2024-10-29,2024-11-02,22,M,respiratory_infection,mild,4,OPD
P_000551,PHC_002,2024-10-30,2024-11-10,29,M,diabetes_complication,moderate,11,referral
P_000552,PHC_002,2024-10-30,2024-11-01,58,M,maternal_delivery,mild,2,referral
P_000553,PHC_004,2024-10-30,2024-10-31,29,M,trauma_minor,mild,1,OPD
P_000554,PHC_004,2024-10-30,2024-11-06,0,F,dengue,mild,7,OPD
P_000555,PHC_007,2024-10-30,2024-11-03,18,M,pneumonia,mild,4,referral
P_000556,PHC_008,2024-10-30,2024-11-03,43,F,gastroenteritis,mild,4,OPD
P_000557,PHC_010,2024-10-30,2024-11-02,2,M,maternal_delivery,moderate,3,OPD
P_000558,PHC_012,2024-10-30,2024-11-08,7,F,diabetes_complication,mild,9,OPD
P_000559,PHC_012,2024-10-30,2024-11-11,25,F,diabetes_complication,moderate,12,emergency
P_000560,PHC_013,2024-10-30,2024-10-31,20,F,malaria,mild,1,emergency
P_000561,PHC_015,2024-10-30,2024-11-02,13,M,malaria,critical,3,OPD
P_000562,PHC_002,2024-10-31,2024-11-02,88,M,maternal_delivery,moderate,2,OPD
P_000563,PHC_004,2024-10-31,2024-11-06,41,M,other,mild,6,emergency
P_000564,PHC_006,2024-10-31,2024-11-01,49,F,maternal_delivery,moderate,1,referral
P_000565,PHC_006,2024-10-31,2024-11-07,38,M,respiratory_infection,moderate,7,emergency
P_000566,PHC_007,2024-10-31,2024-11-03,10,F,other,moderate,3,OPD
P_000567,PHC_008,2024-10-31,2024-11-07,53,M,dengue,moderate,7,emergency
P_000568,PHC_008,2024-10-31,2024-11-02,56,F,maternal_delivery,mild,2,OPD
P_000569,PHC_009,2024-10-31,2024-11-05,47,M,other,moderate,5,emergency
P_000570,PHC_009,2024-10-31,2024-11-02,59,F,maternal_delivery,mild,2,referral
P_000571,PHC_012,2024-10-31,2024-11-04,32,F,dengue,mild,4,referral
P_000572,PHC_015,2024-10-31,2024-11-06,1,M,diabetes_complication,mild,6,referral
P_000573,PHC_002,2024-11-01,2024-11-04,18,F,gastroenteritis,critical,3,OPD
P_000574,PHC_005,2024-11-01,2024-11-06,11,F,other,mild,5,referral
P_000575,PHC_008,2024-11-01,2024-11-05,32,M,malaria,mild,4,emergency
P_000576,PHC_009,2024-11-01,2024-11-06,15,F,malaria,mild,5,OPD
P_000577,PHC_009,2024-11-01,2024-11-03,37,M,other,mild,2,referral
P_000578,PHC_010,2024-11-01,2024-11-03,25,F,gastroenteritis,moderate,2,OPD
P_000579,PHC_010,2024-11-01,2024-11-02,47,M,maternal_delivery,critical,1,emergency
P_000580,PHC_011,2024-11-01,2024-11-04,29,M,other,moderate,3,OPD
P_000581,PHC_012,2024-11-01,2024-11-02,7,F,malaria,mild,1,OPD
P_000582,PHC_015,2024-11-01,2024-11-04,27,F,respiratory_infection,mild,3,emergency
P_000583,PHC_001,2024-11-02,2024-11-06,67,F,gastroenteritis,mild,4,OPD
P_000584,PHC_004,2024-11-02,2024-11-07,34,M,snakebite,critical,5,OPD
P_000585,PHC_008,2024-11-02,2024-11-09,60,M,snakebite,mild,7,OPD
P_000586,PHC_009,2024-11-02,2024-11-03,51,M,other,mild,1,OPD
P_000587,PHC_012,2024-11-02,2024-11-13,13,M,diabetes_complication,mild,11,OPD
P_000588,PHC_014,2024-11-02,2024-11-08,6,M,other,critical,6,emergency
P_000589,PHC_002,2024-11-03,2024-11-08,24,M,gastroenteritis,mild,5,OPD
P_000590,PHC_002,2024-11-03,2024-11-08,0,M,other,mild,5,OPD
P_000591,PHC_003,2024-11-03,2024-11-12,47,M,diabetes_complication,moderate,9,OPD
P_000592,PHC_008,2024-11-03,2024-11-05,16,M,gastroenteritis,mild,2,OPD
P_000593,PHC_012,2024-11-03,2024-11-09,20,F,respiratory_infection,mild,6,emergency
P_000594,PHC_014,2024-11-03,2024-11-06,3,M,malaria,mild,3,OPD
P_000595,PHC_015,2024-11-03,2024-11-06,34,F,respiratory_infection,moderate,3,OPD
P_000596,PHC_005,2024-11-04,2024-11-10,11,M,pneumonia,mild,6,OPD
P_000597,PHC_006,2024-11-04,2024-11-06,0,F,trauma_minor,moderate,2,emergency
P_000598,PHC_006,2024-11-04,2024-11-09,36,F,respiratory_infection,mild,5,OPD
P_000599,PHC_008,2024-11-04,2024-11-08,50,F,malaria,mild,4,referral
P_000600,PHC_010,2024-11-04,2024-11-09,42,F,respiratory_infection,critical,5,emergency
P_000601,PHC_012,2024-11-04,2024-11-08,11,F,malaria,critical,4,emergency
P_000602,PHC_015,2024-11-04,2024-11-06,61,F,other,mild,2,referral
P_000603,PHC_009,2024-11-05,2024-11-08,19,F,maternal_delivery,mild,3,referral
P_000604,PHC_009,2024-11-05,2024-11-12,42,M,diabetes_complication,moderate,7,OPD
P_000605,PHC_009,2024-11-05,2024-11-12,17,M,diabetes_complication,critical,7,OPD
P_000606,PHC_009,2024-11-05,2024-11-08,46,M,dengue,mild,3,OPD
P_000607,PHC_012,2024-11-05,2024-11-09,8,M,other,mild,4,emergency
P_000608,PHC_012,2024-11-05,2024-11-10,57,M,snakebite,moderate,5,emergency
P_000609,PHC_013,2024-11-05,2024-11-09,53,M,other,moderate,4,OPD
P_000610,PHC_015,2024-11-05,2024-11-09,67,M,gastroenteritis,moderate,4,emergency
P_000611,PHC_001,2024-11-06,2024-11-09,17,M,trauma_minor,moderate,3,OPD
P_000612,PHC_004,2024-11-06,2024-11-14,37,M,respiratory_infection,critical,8,OPD
P_000613,PHC_005,2024-11-06,2024-11-07,64,M,pneumonia,mild,1,OPD
P_000614,PHC_008,2024-11-06,2024-11-07,30,M,other,mild,1,OPD
P_000615,PHC_010,2024-11-06,2024-11-07,54,F,trauma_minor,moderate,1,referral
P_000616,PHC_010,2024-11-06,2024-11-08,28,F,snakebite,moderate,2,emergency
P_000617,PHC_010,2024-11-06,2024-11-13,57,M,diabetes_complication,moderate,7,referral
P_000618,PHC_012,2024-11-06,2024-11-13,47,F,pneumonia,moderate,7,OPD
P_000619,PHC_012,2024-11-06,2024-11-09,56,M,trauma_minor,mild,3,OPD
P_000620,PHC_013,2024-11-06,2024-11-10,39,F,gastroenteritis,moderate,4,emergency
P_000621,PHC_013,2024-11-06,2024-11-08,46,M,maternal_delivery,mild,2,OPD
P_000622,PHC_002,2024-11-07,2024-11-09,68,F,respiratory_infection,mild,2,OPD
P_000623,PHC_002,2024-11-07,2024-11-11,24,M,respiratory_infection,mild,4,OPD
P_000624,PHC_004,2024-11-07,2024-11-09,19,F,maternal_delivery,mild,2,referral
P_000625,PHC_005,2024-11-07,2024-11-11,23,M,dengue,mild,4,OPD
P_000626,PHC_006,2024-11-07,2024-11-10,74,F,maternal_delivery,mild,3,emergency
P_000627,PHC_008,2024-11-07,2024-11-09,15,F,maternal_delivery,mild,2,emergency
P_000628,PHC_013,2024-11-07,2024-11-15,32,F,dengue,moderate,8,emergency
P_000629,PHC_015,2024-11-07,2024-11-12,12,M,pneumonia,mild,5,OPD
P_000630,PHC_015,2024-11-07,2024-11-12,44,F,diabetes_complication,moderate,5,emergency
P_000631,PHC_006,2024-11-08,2024-11-12,29,M,respiratory_infection,mild,4,OPD
P_000632,PHC_010,2024-11-08,2024-11-11,34,M,malaria,mild,3,referral
P_000633,PHC_011,2024-11-08,2024-11-09,59,F,maternal_delivery,mild,1,OPD
P_000634,PHC_011,2024-11-08,2024-11-11,25,F,gastroenteritis,mild,3,referral
P_000635,PHC_012,2024-11-08,2024-11-15,54,M,dengue,mild,7,referral
P_000636,PHC_004,2024-11-09,2024-11-11,51,F,gastroenteritis,mild,2,referral
P_000637,PHC_004,2024-11-09,2024-11-14,26,M,pneumonia,mild,5,referral
P_000638,PHC_006,2024-11-09,2024-11-15,40,F,malaria,mild,6,referral
P_000639,PHC_008,2024-11-09,2024-11-16,28,F,snakebite,mild,7,referral
P_000640,PHC_009,2024-11-09,2024-11-17,33,F,diabetes_complication,mild,8,emergency
P_000641,PHC_011,2024-11-09,2024-11-13,20,M,gastroenteritis,mild,4,referral
P_000642,PHC_011,2024-11-09,2024-11-14,71,F,snakebite,mild,5,OPD
P_000643,PHC_012,2024-11-09,2024-11-12,49,M,snakebite,critical,3,referral
P_000644,PHC_013,2024-11-09,2024-11-14,40,F,pneumonia,critical,5,OPD
P_000645,PHC_001,2024-11-10,2024-11-11,86,F,maternal_delivery,mild,1,emergency
P_000646,PHC_003,2024-11-10,2024-11-15,41,M,gastroenteritis,mild,5,OPD
P_000647,PHC_003,2024-11-10,2024-11-17,35,M,dengue,mild,7,emergency
P_000648,PHC_006,2024-11-10,2024-11-13,62,M,trauma_minor,mild,3,referral
P_000649,PHC_009,2024-11-10,2024-11-15,15,F,respiratory_infection,moderate,5,OPD
P_000650,PHC_009,2024-11-10,2024-11-11,31,M,maternal_delivery,mild,1,OPD
P_000651,PHC_009,2024-11-10,2024-11-15,47,F,malaria,moderate,5,OPD
P_000652,PHC_009,2024-11-10,2024-11-13,28,M,respiratory_infection,mild,3,emergency
P_000653,PHC_011,2024-11-10,2024-11-15,65,M,gastroenteritis,mild,5,OPD
P_000654,PHC_012,2024-11-10,2024-11-13,39,F,maternal_delivery,moderate,3,OPD
P_000655,PHC_013,2024-11-10,2024-11-13,26,M,trauma_minor,moderate,3,OPD
P_000656,PHC_015,2024-11-10,2024-11-12,74,M,maternal_delivery,moderate,2,OPD
P_000657,PHC_001,2024-11-11,2024-11-16,66,M,snakebite,mild,5,emergency
P_000658,PHC_002,2024-11-11,2024-11-15,47,M,dengue,mild,4,emergency
P_000659,PHC_009,2024-11-11,2024-11-15,28,F,snakebite,moderate,4,OPD
P_000660,PHC_009,2024-11-11,2024-11-14,28,M,malaria,mild,3,emergency
P_000661,PHC_010,2024-11-11,2024-11-19,38,F,pneumonia,moderate,8,OPD
P_000662,PHC_011,2024-11-11,2024-11-15,59,F,pneumonia,critical,4,emergency
P_000663,PHC_011,2024-11-11,2024-11-14,35,F,snakebite,critical,3,emergency
P_000664,PHC_012,2024-11-11,2024-11-16,12,F,dengue,mild,5,referral
P_000665,PHC_013,2024-11-11,2024-11-15,15,F,dengue,moderate,4,OPD
P_000666,PHC_014,2024-11-11,2024-11-20,60,M,diabetes_complication,mild,9,emergency
P_000667,PHC_015,2024-11-11,2024-11-16,23,F,gastroenteritis,moderate,5,emergency
P_000668,PHC_015,2024-11-11,2024-11-13,71,M,maternal_delivery,mild,2,OPD
P_000669,PHC_001,2024-11-12,2024-11-18,1,F,snakebite,mild,6,emergency
P_000670,PHC_001,2024-11-12,2024-11-16,55,M,other,mild,4,OPD
P_000671,PHC_004,2024-11-12,2024-11-19,55,F,snakebite,moderate,7,OPD
P_000672,PHC_004,2024-11-12,2024-11-16,12,F,snakebite,mild,4,OPD
P_000673,PHC_004,2024-11-12,2024-11-14,11,F,maternal_delivery,critical,2,emergency
P_000674,PHC_006,2024-11-12,2024-11-15,15,F,other,moderate,3,referral
P_000675,PHC_006,2024-11-12,2024-11-14,42,M,gastroenteritis,mild,2,OPD
P_000676,PHC_009,2024-11-12,2024-11-15,7,M,maternal_delivery,mild,3,OPD
P_000677,PHC_009,2024-11-12,2024-11-18,10,F,other,mild,6,OPD
P_000678,PHC_012,2024-11-12,2024-11-18,41,M,pneumonia,mild,6,emergency
P_000679,PHC_015,2024-11-12,2024-11-14,78,F,maternal_delivery,mild,2,OPD
P_000680,PHC_011,2024-11-13,2024-11-15,50,F,gastroenteritis,mild,2,referral
P_000681,PHC_012,2024-11-13,2024-11-17,61,F,pneumonia,moderate,4,referral
P_000682,PHC_013,2024-11-13,2024-11-15,27,M,pneumonia,moderate,2,emergency
P_000683,PHC_015,2024-11-13,2024-11-16,28,F,maternal_delivery,moderate,3,OPD
P_000684,PHC_015,2024-11-13,2024-11-15,42,F,maternal_delivery,mild,2,OPD
P_000685,PHC_008,2024-11-14,2024-11-16,12,F,malaria,moderate,2,emergency
P_000686,PHC_009,2024-11-14,2024-11-19,46,F,malaria,mild,5,OPD
P_000687,PHC_013,2024-11-14,2024-11-17,28,F,other,mild,3,emergency
P_000688,PHC_015,2024-11-14,2024-11-20,61,M,snakebite,critical,6,OPD
P_000689,PHC_015,2024-11-14,2024-11-16,45,F,other,mild,2,emergency
P_000690,PHC_002,2024-11-15,2024-11-16,21,F,trauma_minor,mild,1,OPD
P_000691,PHC_008,2024-11-15,2024-11-19,13,F,snakebite,mild,4,referral
P_000692,PHC_008,2024-11-15,2024-11-17,3,M,trauma_minor,mild,2,emergency
P_000693,PHC_015,2024-11-15,2024-11-19,0,M,dengue,mild,4,emergency
P_000694,PHC_002,2024-11-16,2024-11-18,39,M,trauma_minor,moderate,2,referral
P_000695,PHC_002,2024-11-16,2024-11-17,61,F,maternal_delivery,critical,1,referral
P_000696,PHC_003,2024-11-16,2024-11-22,19,F,dengue,mild,6,referral
P_000697,PHC_004,2024-11-16,2024-11-18,41,F,other,mild,2,referral
P_000698,PHC_004,2024-11-16,2024-11-23,55,F,pneumonia,mild,7,referral
P_000699,PHC_004,2024-11-16,2024-11-17,21,F,trauma_minor,mild,1,referral
P_000700,PHC_005,2024-11-16,2024-11-20,37,M,pneumonia,critical,4,OPD
P_000701,PHC_006,2024-11-16,2024-11-18,30,F,gastroenteritis,moderate,2,OPD
P_000702,PHC_008,2024-11-16,2024-11-17,19,M,trauma_minor,mild,1,emergency
P_000703,PHC_010,2024-11-16,2024-11-21,55,M,diabetes_complication,moderate,5,referral
P_000704,PHC_010,2024-11-16,2024-11-23,20,M,malaria,critical,7,OPD
P_000705,PHC_004,2024-11-17,2024-11-22,71,F,snakebite,mild,5,OPD
P_000706,PHC_004,2024-11-17,2024-11-23,56,F,diabetes_complication,mild,6,referral
P_000707,PHC_006,2024-11-17,2024-11-22,0,F,snakebite,mild,5,OPD
P_000708,PHC_009,2024-11-17,2024-11-18,37,F,gastroenteritis,mild,1,referral
P_000709,PHC_011,2024-11-17,2024-11-20,26,M,pneumonia,critical,3,OPD
P_000710,PHC_002,2024-11-18,2024-11-27,39,M,diabetes_complication,moderate,9,OPD
P_000711,PHC_006,2024-11-18,2024-11-23,91,F,dengue,mild,5,OPD
P_000712,PHC_007,2024-11-18,2024-11-22,63,M,respiratory_infection,mild,4,emergency
P_000713,PHC_009,2024-11-18,2024-11-23,40,M,dengue,moderate,5,emergency
P_000714,PHC_009,2024-11-18,2024-11-22,9,F,other,mild,4,referral
P_000715,PHC_009,2024-11-18,2024-11-26,6,F,snakebite,mild,8,referral
P_000716,PHC_009,2024-11-18,2024-11-25,23,F,pneumonia,mild,7,emergency
P_000717,PHC_011,2024-11-18,2024-11-22,32,F,malaria,moderate,4,emergency
P_000718,PHC_011,2024-11-18,2024-11-23,18,M,dengue,mild,5,OPD
P_000719,PHC_011,2024-11-18,2024-11-22,43,F,snakebite,moderate,4,emergency
P_000720,PHC_015,2024-11-18,2024-11-21,22,M,trauma_minor,mild,3,OPD
P_000721,PHC_002,2024-11-19,2024-11-22,24,M,pneumonia,mild,3,OPD
P_000722,PHC_004,2024-11-19,2024-11-24,58,M,pneumonia,mild,5,emergency
P_000723,PHC_005,2024-11-19,2024-11-25,44,M,pneumonia,moderate,6,OPD
P_000724,PHC_011,2024-11-19,2024-11-27,9,F,respiratory_infection,mild,8,emergency
P_000725,PHC_011,2024-11-19,2024-11-28,40,M,diabetes_complication,mild,9,referral
P_000726,PHC_012,2024-11-19,2024-11-24,22,F,malaria,mild,5,emergency
P_000727,PHC_013,2024-11-19,2024-11-23,23,M,respiratory_infection,mild,4,OPD
P_000728,PHC_015,2024-11-19,2024-11-30,21,M,diabetes_complication,moderate,11,OPD
P_000729,PHC_002,2024-11-20,2024-11-26,69,F,malaria,mild,6,OPD
P_000730,PHC_004,2024-11-20,2024-11-23,56,F,trauma_minor,mild,3,referral
P_000731,PHC_006,2024-11-20,2024-11-23,24,M,dengue,mild,3,referral
P_000732,PHC_007,2024-11-20,2024-11-28,17,F,pneumonia,mild,8,OPD
P_000733,PHC_009,2024-11-20,2024-11-28,39,F,diabetes_complication,mild,8,OPD
P_000734,PHC_010,2024-11-20,2024-11-22,17,M,trauma_minor,moderate,2,emergency
P_000735,PHC_014,2024-11-20,2024-11-21,46,M,gastroenteritis,mild,1,OPD
P_000736,PHC_015,2024-11-20,2024-11-24,45,F,snakebite,mild,4,referral
P_000737,PHC_002,2024-11-21,2024-11-24,16,M,maternal_delivery,moderate,3,referral
P_000738,PHC_004,2024-11-21,2024-11-27,11,F,snakebite,moderate,6,emergency
P_000739,PHC_006,2024-11-21,2024-11-23,16,M,maternal_delivery,mild,2,referral
P_000740,PHC_008,2024-11-21,2024-11-24,28,M,other,mild,3,OPD
P_000741,PHC_011,2024-11-21,2024-11-23,48,F,other,mild,2,referral
P_000742,PHC_011,2024-11-21,2024-11-25,53,M,gastroenteritis,moderate,4,OPD
P_000743,PHC_014,2024-11-21,2024-11-24,13,M,trauma_minor,mild,3,emergency
P_000744,PHC_015,2024-11-21,2024-11-26,68,M,respiratory_infection,mild,5,emergency
P_000745,PHC_015,2024-11-21,2024-11-24,35,F,diabetes_complication,critical,3,emergency
P_000746,PHC_015,2024-11-21,2024-11-24,0,M,trauma_minor,mild,3,emergency
P_000747,PHC_004,2024-11-22,2024-11-24,52,F,respiratory_infection,mild,2,OPD
P_000748,PHC_008,2024-11-22,2024-11-28,31,F,respiratory_infection,mild,6,referral
P_000749,PHC_009,2024-11-22,2024-11-28,73,F,other,moderate,6,OPD
P_000750,PHC_010,2024-11-22,2024-11-25,50,M,gastroenteritis,moderate,3,OPD
P_000751,PHC_011,2024-11-22,2024-11-24,1,F,malaria,mild,2,emergency
P_000752,PHC_015,2024-11-22,2024-11-26,35,M,malaria,mild,4,OPD
P_000753,PHC_002,2024-11-23,2024-11-25,62,M,other,moderate,2,OPD
P_000754,PHC_004,2024-11-23,2024-12-02,34,M,diabetes_complication,mild,9,referral
P_000755,PHC_006,2024-11-23,2024-11-28,31,M,other,mild,5,emergency
P_000756,PHC_006,2024-11-23,2024-11-27,44,M,respiratory_infection,mild,4,emergency
P_000757,PHC_009,2024-11-23,2024-11-30,75,M,diabetes_complication,critical,7,OPD
P_000758,PHC_012,2024-11-23,2024-11-25,48,M,trauma_minor,mild,2,referral
P_000759,PHC_015,2024-11-23,2024-11-24,51,M,trauma_minor,mild,1,OPD
P_000760,PHC_005,2024-11-24,2024-11-27,13,F,respiratory_infection,moderate,3,OPD
P_000761,PHC_006,2024-11-24,2024-12-01,62,M,respiratory_infection,moderate,7,emergency
P_000762,PHC_008,2024-11-24,2024-11-27,38,M,other,moderate,3,emergency
P_000763,PHC_008,2024-11-24,2024-11-29,49,F,dengue,mild,5,OPD
P_000764,PHC_015,2024-11-24,2024-11-28,53,F,gastroenteritis,mild,4,OPD
P_000765,PHC_002,2024-11-25,2024-11-28,62,M,malaria,moderate,3,emergency
P_000766,PHC_005,2024-11-25,2024-12-06,21,F,diabetes_complication,critical,11,emergency
P_000767,PHC_006,2024-11-25,2024-11-30,39,F,dengue,moderate,5,OPD
P_000768,PHC_008,2024-11-25,2024-12-07,5,F,diabetes_complication,moderate,12,referral
P_000769,PHC_011,2024-11-25,2024-12-01,18,M,pneumonia,moderate,6,OPD
P_000770,PHC_013,2024-11-25,2024-11-30,45,M,malaria,mild,5,OPD
P_000771,PHC_015,2024-11-25,2024-12-02,13,M,diabetes_complication,moderate,7,OPD
P_000772,PHC_001,2024-11-26,2024-11-30,10,F,gastroenteritis,moderate,4,OPD
P_000773,PHC_003,2024-11-26,2024-11-29,41,F,gastroenteritis,mild,3,emergency
P_000774,PHC_004,2024-11-26,2024-11-28,34,M,other,critical,2,OPD
P_000775,PHC_008,2024-11-26,2024-12-06,53,M,diabetes_complication,mild,10,referral
P_000776,PHC_008,2024-11-26,2024-11-28,33,F,maternal_delivery,mild,2,OPD
P_000777,PHC_008,2024-11-26,2024-12-02,51,M,dengue,mild,6,OPD
P_000778,PHC_009,2024-11-26,2024-11-29,39,F,malaria,mild,3,referral
P_000779,PHC_011,2024-11-26,2024-12-01,45,M,malaria,mild,5,OPD
P_000780,PHC_011,2024-11-26,2024-12-01,2,M,pneumonia,critical,5,emergency
P_000781,PHC_012,2024-11-26,2024-11-29,11,F,dengue,moderate,3,emergency
P_000782,PHC_014,2024-11-26,2024-12-01,30,F,respiratory_infection,moderate,5,OPD
P_000783,PHC_015,2024-11-26,2024-11-29,54,M,other,moderate,3,referral
P_000784,PHC_015,2024-11-26,2024-11-28,39,M,maternal_delivery,mild,2,emergency
P_000785,PHC_001,2024-11-27,2024-11-29,19,M,trauma_minor,moderate,2,emergency
P_000786,PHC_008,2024-11-27,2024-11-29,10,F,trauma_minor,mild,2,emergency
P_000787,PHC_008,2024-11-27,2024-11-30,10,M,gastroenteritis,moderate,3,emergency
P_000788,PHC_009,2024-11-27,2024-11-29,64,F,trauma_minor,moderate,2,OPD
P_000789,PHC_012,2024-11-27,2024-12-05,32,M,diabetes_complication,critical,8,referral
P_000790,PHC_013,2024-11-27,2024-11-30,67,F,malaria,moderate,3,OPD
P_000791,PHC_013,2024-11-27,2024-12-04,39,M,malaria,critical,7,OPD
P_000792,PHC_015,2024-11-27,2024-11-29,72,F,pneumonia,mild,2,emergency
P_000793,PHC_015,2024-11-27,2024-11-30,13,F,trauma_minor,mild,3,referral
P_000794,PHC_001,2024-11-28,2024-12-01,24,M,gastroenteritis,moderate,3,referral
P_000795,PHC_004,2024-11-28,2024-12-07,54,M,snakebite,mild,9,referral
P_000796,PHC_008,2024-11-28,2024-11-30,21,F,maternal_delivery,mild,2,referral
P_000797,PHC_014,2024-11-28,2024-12-04,41,F,snakebite,mild,6,OPD
P_000798,PHC_004,2024-11-29,2024-12-02,13,M,other,moderate,3,referral
P_000799,PHC_011,2024-11-29,2024-12-03,29,F,dengue,moderate,4,OPD
P_000800,PHC_005,2024-11-30,2024-12-07,56,M,pneumonia,mild,7,referral
P_000801,PHC_008,2024-11-30,2024-12-05,11,M,pneumonia,moderate,5,emergency
P_000802,PHC_008,2024-11-30,2024-12-03,36,F,gastroenteritis,mild,3,emergency
P_000803,PHC_015,2024-11-30,2024-12-06,72,F,snakebite,moderate,6,OPD
P_000804,PHC_001,2024-12-01,2024-12-05,29,M,pneumonia,mild,4,OPD
P_000805,PHC_006,2024-12-01,2024-12-04,23,F,trauma_minor,moderate,3,referral
P_000806,PHC_008,2024-12-01,2024-12-07,40,M,malaria,mild,6,OPD
P_000807,PHC_010,2024-12-01,2024-12-07,47,F,snakebite,mild,6,referral
P_000808,PHC_011,2024-12-01,2024-12-12,0,M,dengue,mild,11,OPD
P_000809,PHC_011,2024-12-01,2024-12-06,69,M,respiratory_infection,mild,5,OPD
P_000810,PHC_015,2024-12-01,2024-12-06,47,F,respiratory_infection,mild,5,emergency
P_000811,PHC_015,2024-12-01,2024-12-05,57,F,other,mild,4,OPD
P_000812,PHC_003,2024-12-02,2024-12-07,49,M,other,moderate,5,OPD
P_000813,PHC_008,2024-12-02,2024-12-09,49,F,snakebite,mild,7,OPD
P_000814,PHC_009,2024-12-02,2024-12-04,35,M,maternal_delivery,moderate,2,emergency
P_000815,PHC_009,2024-12-02,2024-12-05,15,F,respiratory_infection,moderate,3,OPD
P_000816,PHC_013,2024-12-02,2024-12-09,31,M,snakebite,moderate,7,OPD
P_000817,PHC_015,2024-12-02,2024-12-05,72,F,gastroenteritis,moderate,3,OPD
P_000818,PHC_003,2024-12-03,2024-12-08,54,F,snakebite,mild,5,OPD
P_000819,PHC_012,2024-12-03,2024-12-05,54,M,respiratory_infection,mild,2,referral
P_000820,PHC_015,2024-12-03,2024-12-11,37,M,pneumonia,mild,8,referral
P_000821,PHC_002,2024-12-04,2024-12-06,33,F,dengue,mild,2,OPD
P_000822,PHC_004,2024-12-04,2024-12-06,23,M,snakebite,critical,2,OPD
P_000823,PHC_005,2024-12-04,2024-12-14,24,M,diabetes_complication,mild,10,emergency
P_000824,PHC_007,2024-12-04,2024-12-10,54,M,other,moderate,6,emergency
P_000825,PHC_008,2024-12-04,2024-12-07,35,M,gastroenteritis,mild,3,OPD
P_000826,PHC_008,2024-12-04,2024-12-10,40,M,pneumonia,moderate,6,emergency
P_000827,PHC_009,2024-12-04,2024-12-07,6,M,malaria,moderate,3,OPD
P_000828,PHC_001,2024-12-05,2024-12-08,18,F,gastroenteritis,mild,3,emergency
P_000829,PHC_005,2024-12-05,2024-12-10,47,M,dengue,mild,5,emergency
P_000830,PHC_006,2024-12-05,2024-12-08,45,F,other,mild,3,emergency
P_000831,PHC_008,2024-12-05,2024-12-11,12,F,diabetes_complication,mild,6,OPD
P_000832,PHC_011,2024-12-05,2024-12-09,17,M,malaria,mild,4,emergency
P_000833,PHC_015,2024-12-05,2024-12-08,0,M,malaria,mild,3,emergency
P_000834,PHC_007,2024-12-06,2024-12-08,28,M,pneumonia,moderate,2,referral
P_000835,PHC_009,2024-12-06,2024-12-09,0,F,gastroenteritis,mild,3,OPD
P_000836,PHC_010,2024-12-06,2024-12-08,60,F,trauma_minor,mild,2,emergency
P_000837,PHC_010,2024-12-06,2024-12-12,32,F,pneumonia,mild,6,referral
P_000838,PHC_011,2024-12-06,2024-12-11,53,M,snakebite,mild,5,emergency
P_000839,PHC_012,2024-12-06,2024-12-08,44,M,trauma_minor,moderate,2,emergency
P_000840,PHC_013,2024-12-06,2024-12-08,41,M,respiratory_infection,mild,2,emergency
P_000841,PHC_001,2024-12-07,2024-12-13,0,M,respiratory_infection,moderate,6,emergency
P_000842,PHC_007,2024-12-07,2024-12-17,78,F,diabetes_complication,critical,10,OPD
P_000843,PHC_009,2024-12-07,2024-12-11,49,F,dengue,mild,4,OPD
P_000844,PHC_009,2024-12-07,2024-12-11,14,F,other,mild,4,emergency
P_000845,PHC_010,2024-12-07,2024-12-09,0,F,gastroenteritis,mild,2,emergency
P_000846,PHC_012,2024-12-07,2024-12-10,36,F,pneumonia,mild,3,referral
P_000847,PHC_015,2024-12-07,2024-12-11,20,M,respiratory_infection,mild,4,OPD
P_000848,PHC_006,2024-12-08,2024-12-11,27,F,malaria,mild,3,OPD
P_000849,PHC_002,2024-12-09,2024-12-13,27,M,other,mild,4,OPD
P_000850,PHC_004,2024-12-09,2024-12-12,27,F,trauma_minor,moderate,3,emergency
P_000851,PHC_004,2024-12-09,2024-12-12,82,M,malaria,moderate,3,emergency
P_000852,PHC_005,2024-12-09,2024-12-13,70,F,respiratory_infection,mild,4,emergency
P_000853,PHC_006,2024-12-09,2024-12-11,24,M,trauma_minor,mild,2,referral
P_000854,PHC_007,2024-12-09,2024-12-15,66,F,snakebite,mild,6,OPD
P_000855,PHC_010,2024-12-09,2024-12-12,23,M,respiratory_infection,mild,3,OPD
P_000856,PHC_011,2024-12-09,2024-12-15,56,M,pneumonia,moderate,6,emergency
P_000857,PHC_012,2024-12-09,2024-12-12,27,M,respiratory_infection,moderate,3,emergency
P_000858,PHC_012,2024-12-09,2024-12-17,53,F,dengue,critical,8,emergency
P_000859,PHC_013,2024-12-09,2024-12-11,12,M,trauma_minor,moderate,2,OPD
P_000860,PHC_015,2024-12-09,2024-12-12,48,M,maternal_delivery,mild,3,emergency
P_000861,PHC_015,2024-12-09,2024-12-13,30,F,gastroenteritis,mild,4,OPD
P_000862,PHC_015,2024-12-09,2024-12-12,15,M,other,mild,3,OPD
P_000863,PHC_009,2024-12-10,2024-12-12,37,M,malaria,mild,2,OPD
P_000864,PHC_012,2024-12-10,2024-12-15,19,F,snakebite,moderate,5,OPD
P_000865,PHC_012,2024-12-10,2024-12-11,17,M,diabetes_complication,mild,1,OPD
P_000866,PHC_013,2024-12-10,2024-12-12,49,F,pneumonia,critical,2,OPD
P_000867,PHC_015,2024-12-10,2024-12-15,10,F,dengue,moderate,5,OPD
P_000868,PHC_002,2024-12-11,2024-12-16,42,M,other,mild,5,OPD
P_000869,PHC_004,2024-12-11,2024-12-12,36,F,trauma_minor,mild,1,emergency
P_000870,PHC_005,2024-12-11,2024-12-14,66,M,trauma_minor,critical,3,OPD
P_000871,PHC_010,2024-12-11,2024-12-15,22,M,malaria,moderate,4,OPD
P_000872,PHC_010,2024-12-11,2024-12-13,72,M,maternal_delivery,mild,2,referral
P_000873,PHC_003,2024-12-12,2024-12-13,37,F,pneumonia,mild,1,OPD
P_000874,PHC_003,2024-12-12,2024-12-19,24,F,dengue,mild,7,emergency
P_000875,PHC_004,2024-12-12,2024-12-19,30,M,respiratory_infection,mild,7,referral
P_000876,PHC_009,2024-12-12,2024-12-17,44,F,respiratory_infection,moderate,5,OPD
P_000877,PHC_011,2024-12-12,2024-12-19,25,F,pneumonia,moderate,7,OPD
P_000878,PHC_011,2024-12-12,2024-12-15,39,M,respiratory_infection,mild,3,referral
P_000879,PHC_012,2024-12-12,2024-12-16,55,F,other,mild,4,OPD
P_000880,PHC_014,2024-12-12,2024-12-15,34,F,malaria,mild,3,emergency
P_000881,PHC_015,2024-12-12,2024-12-16,44,F,snakebite,moderate,4,emergency
P_000882,PHC_015,2024-12-12,2024-12-21,68,M,pneumonia,moderate,9,OPD
P_000883,PHC_004,2024-12-13,2024-12-16,0,M,other,mild,3,OPD
P_000884,PHC_006,2024-12-13,2024-12-18,65,M,diabetes_complication,moderate,5,OPD
P_000885,PHC_009,2024-12-13,2024-12-16,25,F,trauma_minor,moderate,3,referral
P_000886,PHC_009,2024-12-13,2024-12-16,16,F,respiratory_infection,mild,3,OPD
P_000887,PHC_010,2024-12-13,2024-12-16,38,F,malaria,critical,3,OPD
P_000888,PHC_010,2024-12-13,2024-12-18,58,F,dengue,mild,5,emergency
P_000889,PHC_013,2024-12-13,2024-12-14,0,F,respiratory_infection,mild,1,OPD
P_000890,PHC_014,2024-12-13,2024-12-15,67,F,malaria,mild,2,OPD
P_000891,PHC_015,2024-12-13,2024-12-14,43,F,trauma_minor,moderate,1,OPD
P_000892,PHC_001,2024-12-14,2024-12-17,21,M,pneumonia,mild,3,OPD
P_000893,PHC_002,2024-12-14,2024-12-17,70,F,trauma_minor,mild,3,OPD
P_000894,PHC_003,2024-12-14,2024-12-17,52,F,respiratory_infection,mild,3,OPD
P_000895,PHC_006,2024-12-14,2024-12-16,51,F,snakebite,mild,2,OPD
P_000896,PHC_006,2024-12-14,2024-12-17,25,M,diabetes_complication,mild,3,emergency
P_000897,PHC_008,2024-12-14,2024-12-18,45,M,dengue,moderate,4,referral
P_000898,PHC_009,2024-12-14,2024-12-22,9,F,dengue,moderate,8,OPD
P_000899,PHC_011,2024-12-14,2024-12-15,46,F,trauma_minor,moderate,1,OPD
P_000900,PHC_011,2024-12-14,2024-12-20,42,F,other,mild,6,emergency
P_000901,PHC_013,2024-12-14,2024-12-21,44,F,dengue,mild,7,OPD
P_000902,PHC_013,2024-12-14,2024-12-17,54,F,gastroenteritis,critical,3,referral
P_000903,PHC_013,2024-12-14,2024-12-15,33,F,trauma_minor,mild,1,emergency
P_000904,PHC_015,2024-12-14,2024-12-19,5,M,other,moderate,5,emergency
P_000905,PHC_008,2024-12-15,2024-12-18,40,M,malaria,mild,3,OPD
P_000906,PHC_009,2024-12-15,2024-12-24,15,F,pneumonia,critical,9,referral
P_000907,PHC_010,2024-12-15,2024-12-23,74,F,dengue,mild,8,OPD
P_000908,PHC_012,2024-12-15,2024-12-25,18,M,diabetes_complication,moderate,10,OPD
P_000909,PHC_014,2024-12-15,2024-12-19,45,F,gastroenteritis,critical,4,referral
P_000910,PHC_004,2024-12-16,2024-12-18,0,M,gastroenteritis,mild,2,OPD
P_000911,PHC_004,2024-12-16,2024-12-19,51,F,maternal_delivery,mild,3,OPD
P_000912,PHC_005,2024-12-16,2024-12-19,40,M,gastroenteritis,mild,3,OPD
P_000913,PHC_006,2024-12-16,2024-12-20,44,F,gastroenteritis,mild,4,OPD
P_000914,PHC_006,2024-12-16,2024-12-27,44,F,dengue,mild,11,emergency
P_000915,PHC_007,2024-12-16,2024-12-24,15,M,dengue,mild,8,OPD
P_000916,PHC_009,2024-12-16,2024-12-18,11,F,other,mild,2,OPD
P_000917,PHC_011,2024-12-16,2024-12-17,18,M,maternal_delivery,critical,1,OPD
P_000918,PHC_011,2024-12-16,2024-12-20,53,M,malaria,mild,4,emergency
P_000919,PHC_011,2024-12-16,2024-12-18,12,M,other,moderate,2,referral
P_000920,PHC_012,2024-12-16,2024-12-19,58,F,respiratory_infection,mild,3,OPD
P_000921,PHC_015,2024-12-16,2024-12-25,28,M,dengue,critical,9,emergency
P_000922,PHC_015,2024-12-16,2024-12-19,55,M,maternal_delivery,mild,3,OPD
P_000923,PHC_015,2024-12-16,2024-12-21,57,M,snakebite,mild,5,OPD
P_000924,PHC_001,2024-12-17,2024-12-21,6,F,gastroenteritis,mild,4,referral
P_000925,PHC_002,2024-12-17,2024-12-21,41,M,dengue,moderate,4,OPD
P_000926,PHC_003,2024-12-17,2024-12-20,33,F,trauma_minor,mild,3,emergency
P_000927,PHC_004,2024-12-17,2024-12-18,34,F,maternal_delivery,moderate,1,OPD
P_000928,PHC_006,2024-12-17,2024-12-21,20,M,snakebite,mild,4,OPD
P_000929,PHC_007,2024-12-17,2025-01-01,52,F,diabetes_complication,mild,15,emergency
P_000930,PHC_008,2024-12-17,2024-12-22,70,F,malaria,mild,5,emergency
P_000931,PHC_009,2024-12-17,2024-12-20,38,F,trauma_minor,mild,3,OPD
P_000932,PHC_009,2024-12-17,2024-12-20,41,F,snakebite,mild,3,emergency
P_000933,PHC_010,2024-12-17,2024-12-22,80,M,malaria,mild,5,emergency
P_000934,PHC_013,2024-12-17,2024-12-19,32,M,trauma_minor,mild,2,emergency
P_000935,PHC_014,2024-12-17,2024-12-21,30,F,respiratory_infection,mild,4,referral
P_000936,PHC_015,2024-12-17,2024-12-28,53,M,dengue,mild,11,referral
P_000937,PHC_015,2024-12-17,2024-12-23,13,M,snakebite,mild,6,OPD
P_000938,PHC_002,2024-12-18,2024-12-25,59,F,snakebite,mild,7,OPD
P_000939,PHC_008,2024-12-18,2024-12-20,55,F,trauma_minor,moderate,2,OPD
P_000940,PHC_010,2024-12-18,2024-12-22,53,F,gastroenteritis,mild,4,OPD
P_000941,PHC_011,2024-12-18,2024-12-20,28,M,pneumonia,moderate,2,OPD
P_000942,PHC_013,2024-12-18,2024-12-25,53,F,snakebite,mild,7,OPD
P_000943,PHC_013,2024-12-18,2024-12-22,29,M,malaria,critical,4,OPD
P_000944,PHC_015,2024-12-18,2024-12-20,5,M,maternal_delivery,moderate,2,OPD
P_000945,PHC_015,2024-12-18,2024-12-21,74,F,malaria,mild,3,emergency
P_000946,PHC_004,2024-12-19,2024-12-22,59,F,other,moderate,3,emergency
P_000947,PHC_006,2024-12-19,2024-12-23,50,F,malaria,mild,4,referral
P_000948,PHC_011,2024-12-19,2024-12-22,32,M,other,moderate,3,OPD
P_000949,PHC_015,2024-12-19,2024-12-22,0,F,respiratory_infection,critical,3,emergency
P_000950,PHC_002,2024-12-20,2024-12-24,41,M,pneumonia,mild,4,emergency
P_000951,PHC_002,2024-12-20,2024-12-22,32,F,gastroenteritis,mild,2,OPD
P_000952,PHC_003,2024-12-20,2024-12-27,36,F,diabetes_complication,critical,7,OPD
P_000953,PHC_004,2024-12-20,2024-12-25,38,M,respiratory_infection,critical,5,OPD
P_000954,PHC_004,2024-12-20,2024-12-21,17,M,diabetes_complication,critical,1,OPD
P_000955,PHC_007,2024-12-20,2024-12-22,51,M,gastroenteritis,moderate,2,emergency
P_000956,PHC_009,2024-12-20,2024-12-24,24,M,malaria,moderate,4,OPD
P_000957,PHC_010,2024-12-20,2024-12-24,65,F,dengue,moderate,4,OPD
P_000958,PHC_011,2024-12-20,2024-12-22,20,F,malaria,mild,2,OPD
P_000959,PHC_011,2024-12-20,2024-12-23,24,M,maternal_delivery,mild,3,OPD
P_000960,PHC_013,2024-12-20,2024-12-25,83,F,other,moderate,5,emergency
P_000961,PHC_013,2024-12-20,2024-12-24,32,F,diabetes_complication,critical,4,referral
P_000962,PHC_001,2024-12-21,2024-12-22,32,M,maternal_delivery,mild,1,emergency
P_000963,PHC_007,2024-12-21,2024-12-27,15,F,pneumonia,mild,6,OPD
P_000964,PHC_008,2024-12-21,2024-12-22,16,M,trauma_minor,critical,1,emergency
P_000965,PHC_010,2024-12-21,2024-12-24,15,M,snakebite,mild,3,referral
P_000966,PHC_010,2024-12-21,2024-12-30,73,M,pneumonia,mild,9,referral
P_000967,PHC_011,2024-12-21,2024-12-23,46,F,pneumonia,critical,2,OPD
P_000968,PHC_011,2024-12-21,2024-12-24,24,F,gastroenteritis,mild,3,referral
P_000969,PHC_013,2024-12-21,2024-12-28,58,M,diabetes_complication,mild,7,emergency
P_000970,PHC_013,2024-12-21,2024-12-24,27,M,maternal_delivery,moderate,3,OPD
P_000971,PHC_014,2024-12-21,2024-12-24,25,F,maternal_delivery,mild,3,OPD
P_000972,PHC_015,2024-12-21,2024-12-23,44,F,gastroenteritis,mild,2,OPD
P_000973,PHC_002,2024-12-22,2024-12-24,68,F,respiratory_infection,mild,2,OPD
P_000974,PHC_005,2024-12-22,2024-12-23,27,M,other,moderate,1,OPD
P_000975,PHC_006,2024-12-22,2025-01-01,13,F,snakebite,mild,10,emergency
P_000976,PHC_007,2024-12-22,2024-12-27,0,M,respiratory_infection,moderate,5,OPD
P_000977,PHC_011,2024-12-22,2024-12-25,13,F,gastroenteritis,moderate,3,OPD
P_000978,PHC_013,2024-12-22,2024-12-29,23,F,dengue,mild,7,OPD
P_000979,PHC_015,2024-12-22,2024-12-29,35,M,diabetes_complication,moderate,7,referral
P_000980,PHC_015,2024-12-22,2024-12-25,53,M,other,mild,3,OPD
P_000981,PHC_015,2024-12-22,2024-12-24,41,F,gastroenteritis,mild,2,referral
P_000982,PHC_001,2024-12-23,2024-12-30,80,F,snakebite,mild,7,OPD
P_000983,PHC_001,2024-12-23,2024-12-24,63,F,trauma_minor,moderate,1,OPD
P_000984,PHC_002,2024-12-23,2024-12-27,33,F,other,mild,4,OPD
P_000985,PHC_004,2024-12-23,2024-12-25,62,F,maternal_delivery,mild,2,referral
P_000986,PHC_007,2024-12-23,2024-12-27,37,F,malaria,moderate,4,OPD
P_000987,PHC_009,2024-12-23,2024-12-26,25,F,maternal_delivery,moderate,3,emergency
P_000988,PHC_011,2024-12-23,2024-12-28,14,M,diabetes_complication,mild,5,OPD
P_000989,PHC_012,2024-12-23,2024-12-25,13,M,other,moderate,2,referral
P_000990,PHC_015,2024-12-23,2024-12-28,25,M,snakebite,mild,5,emergency
P_000991,PHC_002,2024-12-24,2024-12-27,37,M,maternal_delivery,moderate,3,emergency
P_000992,PHC_003,2024-12-24,2025-01-02,47,F,diabetes_complication,mild,9,OPD
P_000993,PHC_004,2024-12-24,2024-12-26,37,M,trauma_minor,mild,2,referral
P_000994,PHC_006,2024-12-24,2024-12-27,22,M,respiratory_infection,moderate,3,referral
P_000995,PHC_007,2024-12-24,2025-01-07,11,F,diabetes_complication,mild,14,emergency
P_000996,PHC_009,2024-12-24,2024-12-26,48,F,trauma_minor,mild,2,OPD
P_000997,PHC_009,2024-12-24,2024-12-31,64,F,diabetes_complication,mild,7,OPD
P_000998,PHC_011,2024-12-24,2024-12-26,33,M,malaria,mild,2,OPD
P_000999,PHC_013,2024-12-24,2024-12-25,47,M,gastroenteritis,mild,1,emergency
P_001000,PHC_002,2024-12-25,2024-12-31,30,M,other,moderate,6,referral
P_001001,PHC_006,2024-12-25,2024-12-29,50,F,maternal_delivery,moderate,4,OPD
P_001002,PHC_008,2024-12-25,2024-12-27,50,F,dengue,critical,2,emergency
P_001003,PHC_009,2024-12-25,2024-12-29,59,F,gastroenteritis,moderate,4,OPD
P_001004,PHC_009,2024-12-25,2024-12-30,32,F,gastroenteritis,moderate,5,referral
P_001005,PHC_010,2024-12-25,2024-12-31,47,M,malaria,moderate,6,referral
P_001006,PHC_012,2024-12-25,2024-12-29,35,F,pneumonia,mild,4,OPD
P_001007,PHC_012,2024-12-25,2024-12-30,30,M,snakebite,mild,5,OPD
P_001008,PHC_012,2024-12-25,2024-12-27,13,F,gastroenteritis,moderate,2,OPD
P_001009,PHC_014,2024-12-25,2024-12-30,18,F,other,mild,5,referral
P_001010,PHC_015,2024-12-25,2024-12-28,10,M,pneumonia,mild,3,emergency
P_001011,PHC_001,2024-12-26,2024-12-27,14,F,snakebite,moderate,1,OPD
P_001012,PHC_004,2024-12-26,2024-12-29,20,F,pneumonia,moderate,3,OPD
P_001013,PHC_005,2024-12-26,2024-12-30,21,M,diabetes_complication,moderate,4,OPD
P_001014,PHC_006,2024-12-26,2024-12-28,16,F,respiratory_infection,mild,2,OPD
P_001015,PHC_009,2024-12-26,2024-12-28,22,M,respiratory_infection,mild,2,OPD
P_001016,PHC_011,2024-12-26,2024-12-29,7,M,maternal_delivery,moderate,3,OPD
P_001017,PHC_011,2024-12-26,2024-12-29,38,F,maternal_delivery,mild,3,emergency
P_001018,PHC_011,2024-12-26,2025-01-04,59,M,dengue,mild,9,emergency
P_001019,PHC_004,2024-12-27,2025-01-03,32,F,dengue,moderate,7,OPD
P_001020,PHC_006,2024-12-27,2025-01-02,47,M,gastroenteritis,mild,6,referral
P_001021,PHC_008,2024-12-27,2024-12-28,52,M,trauma_minor,mild,1,referral
P_001022,PHC_009,2024-12-27,2025-01-02,28,M,respiratory_infection,critical,6,OPD
P_001023,PHC_010,2024-12-27,2024-12-28,37,M,other,moderate,1,emergency
P_001024,PHC_011,2024-12-27,2024-12-30,51,M,gastroenteritis,mild,3,OPD
P_001025,PHC_011,2024-12-27,2025-01-04,41,M,dengue,moderate,8,emergency
P_001026,PHC_015,2024-12-27,2024-12-28,39,F,other,mild,1,OPD
P_001027,PHC_015,2024-12-27,2025-01-04,35,F,diabetes_complication,moderate,8,emergency
P_001028,PHC_015,2024-12-27,2025-01-01,50,F,snakebite,moderate,5,OPD
P_001029,PHC_004,2024-12-28,2024-12-30,9,F,other,moderate,2,OPD
P_001030,PHC_006,2024-12-28,2025-01-02,59,M,malaria,mild,5,OPD
P_001031,PHC_008,2024-12-28,2024-12-31,45,M,malaria,mild,3,OPD
P_001032,PHC_009,2024-12-28,2024-12-30,14,M,trauma_minor,mild,2,emergency
P_001033,PHC_012,2024-12-28,2025-01-01,42,M,respiratory_infection,mild,4,referral
P_001034,PHC_013,2024-12-28,2025-01-01,0,F,diabetes_complication,mild,4,emergency
P_001035,PHC_014,2024-12-28,2024-12-29,51,M,other,mild,1,referral
P_001036,PHC_015,2024-12-28,2025-01-03,22,F,diabetes_complication,moderate,6,OPD
P_001037,PHC_001,2024-12-29,2025-01-02,42,F,malaria,moderate,4,referral
P_001038,PHC_003,2024-12-29,2025-01-04,27,F,respiratory_infection,mild,6,referral
P_001039,PHC_004,2024-12-29,2025-01-03,40,M,malaria,moderate,5,OPD
P_001040,PHC_009,2024-12-29,2025-01-01,54,F,malaria,mild,3,OPD
P_001041,PHC_011,2024-12-29,2025-01-01,14,F,malaria,mild,3,referral
P_001042,PHC_011,2024-12-29,2025-01-02,50,F,trauma_minor,mild,4,OPD
P_001043,PHC_012,2024-12-29,2025-01-04,40,F,dengue,critical,6,OPD
P_001044,PHC_014,2024-12-29,2025-01-07,30,M,diabetes_complication,critical,9,OPD
P_001045,PHC_001,2024-12-30,2025-01-03,49,F,malaria,moderate,4,referral
P_001046,PHC_005,2024-12-30,2025-01-02,18,M,other,mild,3,OPD
P_001047,PHC_008,2024-12-30,2025-01-05,50,F,pneumonia,moderate,6,OPD
P_001048,PHC_009,2024-12-30,2025-01-01,42,F,gastroenteritis,mild,2,OPD
P_001049,PHC_010,2024-12-30,2025-01-03,26,M,snakebite,critical,4,emergency
P_001050,PHC_011,2024-12-30,2025-01-04,62,M,other,mild,5,OPD
P_001051,PHC_012,2024-12-30,2025-01-01,2,F,maternal_delivery,mild,2,emergency
P_001052,PHC_002,2024-12-31,2025-01-03,55,M,respiratory_infection,mild,3,OPD
P_001053,PHC_007,2024-12-31,2025-01-03,50,F,maternal_delivery,mild,3,emergency
P_001054,PHC_008,2024-12-31,2025-01-04,56,M,maternal_delivery,mild,4,referral
P_001055,PHC_008,2024-12-31,2025-01-04,54,F,gastroenteritis,mild,4,referral
P_001056,PHC_009,2024-12-31,2025-01-03,49,F,gastroenteritis,moderate,3,OPD
P_001057,PHC_012,2024-12-31,2025-01-03,31,F,respiratory_infection,mild,3,emergency
P_001058,PHC_012,2024-12-31,2025-01-12,52,M,diabetes_complication,moderate,12,referral
P_001059,PHC_013,2024-12-31,2025-01-05,29,M,other,mild,5,emergency
P_001060,PHC_015,2024-12-31,2025-01-07,32,M,dengue,moderate,7,emergency
P_001061,PHC_015,2024-12-31,2025-01-05,11,M,respiratory_infection,mild,5,OPD
P_001062,PHC_002,2025-01-01,2025-01-04,33,M,malaria,critical,3,OPD
P_001063,PHC_004,2025-01-01,2025-01-03,57,M,respiratory_infection,moderate,2,emergency
P_001064,PHC_004,2025-01-01,2025-01-05,60,M,diabetes_complication,moderate,4,referral
P_001065,PHC_006,2025-01-01,2025-01-07,42,F,snakebite,mild,6,OPD
P_001066,PHC_008,2025-01-01,2025-01-03,55,F,maternal_delivery,moderate,2,emergency
P_001067,PHC_009,2025-01-01,2025-01-06,29,F,pneumonia,moderate,5,OPD
P_001068,PHC_009,2025-01-01,2025-01-06,41,M,diabetes_complication,moderate,5,OPD
P_001069,PHC_009,2025-01-01,2025-01-02,51,M,gastroenteritis,mild,1,OPD
P_001070,PHC_009,2025-01-01,2025-01-04,32,F,gastroenteritis,mild,3,referral
P_001071,PHC_009,2025-01-01,2025-01-03,16,F,snakebite,moderate,2,emergency
P_001072,PHC_011,2025-01-01,2025-01-09,43,M,dengue,mild,8,OPD
P_001073,PHC_012,2025-01-01,2025-01-05,50,M,snakebite,mild,4,OPD
P_001074,PHC_014,2025-01-01,2025-01-07,17,M,snakebite,mild,6,OPD
P_001075,PHC_015,2025-01-01,2025-01-08,56,F,dengue,mild,7,OPD
P_001076,PHC_015,2025-01-01,2025-01-04,51,M,respiratory_infection,mild,3,referral
P_001077,PHC_003,2025-01-02,2025-01-04,26,M,other,mild,2,referral
P_001078,PHC_004,2025-01-02,2025-01-05,15,M,other,critical,3,emergency
P_001079,PHC_004,2025-01-02,2025-01-04,78,M,maternal_delivery,mild,2,OPD
P_001080,PHC_008,2025-01-02,2025-01-05,41,F,maternal_delivery,moderate,3,emergency
P_001081,PHC_009,2025-01-02,2025-01-05,4,M,other,moderate,3,OPD
P_001082,PHC_010,2025-01-02,2025-01-07,31,M,other,critical,5,referral
P_001083,PHC_011,2025-01-02,2025-01-04,17,M,other,mild,2,emergency
P_001084,PHC_002,2025-01-03,2025-01-12,18,F,snakebite,mild,9,OPD
P_001085,PHC_003,2025-01-03,2025-01-10,30,M,diabetes_complication,moderate,7,OPD
P_001086,PHC_006,2025-01-03,2025-01-07,58,F,other,mild,4,emergency
P_001087,PHC_011,2025-01-03,2025-01-08,35,F,pneumonia,mild,5,referral
P_001088,PHC_011,2025-01-03,2025-01-04,28,F,maternal_delivery,mild,1,OPD
P_001089,PHC_012,2025-01-03,2025-01-06,61,M,other,mild,3,emergency
P_001090,PHC_012,2025-01-03,2025-01-06,23,F,trauma_minor,mild,3,OPD
P_001091,PHC_013,2025-01-03,2025-01-10,13,M,snakebite,mild,7,referral
P_001092,PHC_013,2025-01-03,2025-01-05,20,M,trauma_minor,mild,2,referral
P_001093,PHC_015,2025-01-03,2025-01-09,65,M,other,moderate,6,OPD
P_001094,PHC_001,2025-01-04,2025-01-05,16,F,other,moderate,1,referral
P_001095,PHC_001,2025-01-04,2025-01-10,39,M,diabetes_complication,mild,6,OPD
P_001096,PHC_006,2025-01-04,2025-01-10,57,M,pneumonia,critical,6,referral
P_001097,PHC_007,2025-01-04,2025-01-07,41,F,diabetes_complication,moderate,3,OPD
P_001098,PHC_008,2025-01-04,2025-01-12,30,F,diabetes_complication,mild,8,OPD
P_001099,PHC_009,2025-01-04,2025-01-07,17,M,gastroenteritis,mild,3,referral
P_001100,PHC_005,2025-01-05,2025-01-07,20,M,pneumonia,moderate,2,referral
P_001101,PHC_008,2025-01-05,2025-01-10,61,M,gastroenteritis,mild,5,OPD
P_001102,PHC_008,2025-01-05,2025-01-07,54,F,dengue,moderate,2,OPD
P_001103,PHC_011,2025-01-05,2025-01-11,48,F,snakebite,mild,6,OPD
P_001104,PHC_012,2025-01-05,2025-01-08,50,M,gastroenteritis,mild,3,OPD
P_001105,PHC_014,2025-01-05,2025-01-08,0,M,maternal_delivery,mild,3,emergency
P_001106,PHC_002,2025-01-06,2025-01-09,31,F,malaria,mild,3,OPD
P_001107,PHC_002,2025-01-06,2025-01-07,30,F,maternal_delivery,mild,1,emergency
P_001108,PHC_005,2025-01-06,2025-01-09,49,M,diabetes_complication,mild,3,emergency
P_001109,PHC_009,2025-01-06,2025-01-14,51,M,diabetes_complication,mild,8,referral
P_001110,PHC_010,2025-01-06,2025-01-07,41,M,maternal_delivery,mild,1,OPD
P_001111,PHC_013,2025-01-06,2025-01-08,17,M,pneumonia,moderate,2,OPD
P_001112,PHC_014,2025-01-06,2025-01-07,25,M,trauma_minor,mild,1,referral
P_001113,PHC_002,2025-01-07,2025-01-08,0,F,maternal_delivery,mild,1,OPD
P_001114,PHC_002,2025-01-07,2025-01-11,43,F,dengue,mild,4,OPD
P_001115,PHC_006,2025-01-07,2025-01-09,2,F,gastroenteritis,moderate,2,OPD
P_001116,PHC_008,2025-01-07,2025-01-09,47,M,other,mild,2,OPD
P_001117,PHC_009,2025-01-07,2025-01-10,28,F,malaria,mild,3,OPD
P_001118,PHC_009,2025-01-07,2025-01-11,54,M,pneumonia,moderate,4,referral
P_001119,PHC_010,2025-01-07,2025-01-14,51,M,pneumonia,mild,7,emergency
P_001120,PHC_011,2025-01-07,2025-01-10,41,M,diabetes_complication,mild,3,OPD
P_001121,PHC_013,2025-01-07,2025-01-11,47,F,diabetes_complication,mild,4,referral
P_001122,PHC_015,2025-01-07,2025-01-09,46,F,snakebite,mild,2,referral
P_001123,PHC_001,2025-01-08,2025-01-17,38,F,pneumonia,mild,9,OPD
P_001124,PHC_007,2025-01-08,2025-01-11,65,M,trauma_minor,moderate,3,referral
P_001125,PHC_012,2025-01-08,2025-01-13,26,M,snakebite,mild,5,OPD
P_001126,PHC_012,2025-01-08,2025-01-10,37,F,trauma_minor,moderate,2,referral
P_001127,PHC_013,2025-01-08,2025-01-11,29,F,gastroenteritis,mild,3,OPD
P_001128,PHC_005,2025-01-09,2025-01-16,45,F,dengue,mild,7,OPD
P_001129,PHC_011,2025-01-09,2025-01-12,60,M,other,critical,3,emergency
P_001130,PHC_013,2025-01-09,2025-01-10,32,M,other,mild,1,referral
P_001131,PHC_013,2025-01-09,2025-01-13,39,F,pneumonia,mild,4,emergency
P_001132,PHC_015,2025-01-09,2025-01-14,0,M,malaria,moderate,5,referral
P_001133,PHC_015,2025-01-09,2025-01-13,41,F,gastroenteritis,mild,4,OPD
P_001134,PHC_001,2025-01-10,2025-01-15,25,F,snakebite,moderate,5,emergency
P_001135,PHC_007,2025-01-10,2025-01-11,32,F,malaria,mild,1,OPD
P_001136,PHC_007,2025-01-10,2025-01-12,54,M,gastroenteritis,moderate,2,OPD
P_001137,PHC_008,2025-01-10,2025-01-11,28,F,diabetes_complication,mild,1,emergency
P_001138,PHC_011,2025-01-10,2025-01-13,36,M,respiratory_infection,critical,3,referral
P_001139,PHC_011,2025-01-10,2025-01-11,43,F,snakebite,mild,1,emergency
P_001140,PHC_012,2025-01-10,2025-01-12,44,F,gastroenteritis,mild,2,OPD
P_001141,PHC_012,2025-01-10,2025-01-13,46,F,trauma_minor,mild,3,OPD
P_001142,PHC_015,2025-01-10,2025-01-13,21,M,gastroenteritis,mild,3,emergency
P_001143,PHC_002,2025-01-11,2025-01-18,70,M,pneumonia,moderate,7,OPD
P_001144,PHC_003,2025-01-11,2025-01-14,29,M,other,mild,3,emergency
P_001145,PHC_003,2025-01-11,2025-01-13,32,F,gastroenteritis,mild,2,OPD
P_001146,PHC_010,2025-01-11,2025-01-14,48,M,dengue,moderate,3,OPD
P_001147,PHC_011,2025-01-11,2025-01-14,52,M,gastroenteritis,mild,3,OPD
P_001148,PHC_012,2025-01-11,2025-01-14,11,M,other,critical,3,OPD
P_001149,PHC_015,2025-01-11,2025-01-17,75,M,respiratory_infection,moderate,6,OPD
P_001150,PHC_003,2025-01-12,2025-01-16,16,F,respiratory_infection,moderate,4,emergency
P_001151,PHC_004,2025-01-12,2025-01-15,42,F,other,critical,3,OPD
P_001152,PHC_006,2025-01-12,2025-01-17,48,M,malaria,moderate,5,referral
P_001153,PHC_010,2025-01-12,2025-01-14,8,M,trauma_minor,mild,2,OPD
P_001154,PHC_013,2025-01-12,2025-01-13,42,M,trauma_minor,moderate,1,OPD
P_001155,PHC_013,2025-01-12,2025-01-15,20,F,maternal_delivery,mild,3,referral
P_001156,PHC_015,2025-01-12,2025-01-14,51,F,trauma_minor,mild,2,emergency
P_001157,PHC_001,2025-01-13,2025-01-15,34,M,maternal_delivery,mild,2,emergency
P_001158,PHC_002,2025-01-13,2025-01-15,24,M,maternal_delivery,moderate,2,emergency
P_001159,PHC_003,2025-01-13,2025-01-14,55,F,maternal_delivery,mild,1,OPD
P_001160,PHC_006,2025-01-13,2025-01-14,19,F,other,mild,1,emergency
P_001161,PHC_015,2025-01-13,2025-01-18,25,F,snakebite,moderate,5,OPD
P_001162,PHC_004,2025-01-14,2025-01-18,21,F,snakebite,mild,4,referral
P_001163,PHC_004,2025-01-14,2025-01-19,65,F,pneumonia,critical,5,OPD
P_001164,PHC_006,2025-01-14,2025-01-17,37,M,other,mild,3,emergency
P_001165,PHC_008,2025-01-14,2025-01-17,46,F,malaria,critical,3,referral
P_001166,PHC_011,2025-01-14,2025-01-19,35,M,snakebite,moderate,5,OPD
P_001167,PHC_012,2025-01-14,2025-01-20,43,M,pneumonia,moderate,6,emergency
P_001168,PHC_015,2025-01-14,2025-01-17,4,M,malaria,moderate,3,OPD
P_001169,PHC_015,2025-01-14,2025-01-16,75,F,gastroenteritis,mild,2,emergency
P_001170,PHC_002,2025-01-15,2025-01-24,0,M,diabetes_complication,critical,9,OPD
P_001171,PHC_002,2025-01-15,2025-01-19,13,M,respiratory_infection,mild,4,OPD
P_001172,PHC_002,2025-01-15,2025-01-16,47,F,dengue,moderate,1,referral
P_001173,PHC_004,2025-01-15,2025-01-22,57,F,pneumonia,moderate,7,emergency
P_001174,PHC_013,2025-01-15,2025-01-17,14,F,trauma_minor,moderate,2,OPD
P_001175,PHC_014,2025-01-15,2025-01-21,34,M,malaria,mild,6,emergency
P_001176,PHC_007,2025-01-16,2025-01-18,39,F,pneumonia,mild,2,OPD
P_001177,PHC_011,2025-01-16,2025-01-20,43,M,other,moderate,4,emergency
P_001178,PHC_011,2025-01-16,2025-01-17,28,F,maternal_delivery,moderate,1,emergency
P_001179,PHC_013,2025-01-16,2025-01-24,41,M,dengue,moderate,8,OPD
P_001180,PHC_002,2025-01-17,2025-01-19,37,F,pneumonia,mild,2,emergency
P_001181,PHC_003,2025-01-17,2025-01-22,78,F,respiratory_infection,mild,5,emergency
P_001182,PHC_007,2025-01-17,2025-01-20,84,F,maternal_delivery,mild,3,OPD
P_001183,PHC_008,2025-01-17,2025-01-19,57,M,malaria,moderate,2,emergency
P_001184,PHC_008,2025-01-17,2025-01-21,61,F,respiratory_infection,moderate,4,OPD
P_001185,PHC_009,2025-01-17,2025-01-23,20,M,respiratory_infection,mild,6,emergency
P_001186,PHC_013,2025-01-17,2025-01-22,40,M,snakebite,mild,5,referral
P_001187,PHC_015,2025-01-17,2025-01-18,41,M,trauma_minor,moderate,1,OPD
P_001188,PHC_003,2025-01-18,2025-01-27,11,F,diabetes_complication,moderate,9,referral
P_001189,PHC_007,2025-01-18,2025-01-25,48,F,diabetes_complication,moderate,7,emergency
P_001190,PHC_008,2025-01-18,2025-01-23,36,M,other,moderate,5,OPD
P_001191,PHC_009,2025-01-18,2025-01-21,23,M,trauma_minor,mild,3,OPD
P_001192,PHC_009,2025-01-18,2025-01-24,39,M,dengue,mild,6,OPD
P_001193,PHC_010,2025-01-18,2025-01-20,23,F,trauma_minor,mild,2,emergency
P_001194,PHC_010,2025-01-18,2025-01-24,26,F,pneumonia,moderate,6,referral
P_001195,PHC_013,2025-01-18,2025-01-22,20,F,trauma_minor,mild,4,referral
P_001196,PHC_013,2025-01-18,2025-01-20,51,F,trauma_minor,moderate,2,referral
P_001197,PHC_014,2025-01-18,2025-01-20,66,F,trauma_minor,mild,2,OPD
P_001198,PHC_015,2025-01-18,2025-01-21,10,M,dengue,mild,3,referral
P_001199,PHC_001,2025-01-19,2025-01-24,52,M,pneumonia,moderate,5,emergency
P_001200,PHC_001,2025-01-19,2025-01-24,34,F,snakebite,moderate,5,referral
P_001201,PHC_002,2025-01-19,2025-01-25,52,F,pneumonia,moderate,6,OPD
P_001202,PHC_006,2025-01-19,2025-01-22,18,F,gastroenteritis,moderate,3,emergency
P_001203,PHC_007,2025-01-19,2025-01-23,59,M,snakebite,moderate,4,OPD
P_001204,PHC_007,2025-01-19,2025-01-20,49,F,other,moderate,1,OPD
P_001205,PHC_009,2025-01-19,2025-01-21,34,F,snakebite,moderate,2,emergency
P_001206,PHC_009,2025-01-19,2025-01-24,14,F,dengue,mild,5,referral
P_001207,PHC_011,2025-01-19,2025-01-20,93,M,pneumonia,mild,1,OPD
P_001208,PHC_012,2025-01-19,2025-01-22,15,M,other,moderate,3,OPD
P_001209,PHC_012,2025-01-19,2025-01-20,40,M,malaria,critical,1,OPD
P_001210,PHC_014,2025-01-19,2025-01-23,22,M,gastroenteritis,mild,4,referral
P_001211,PHC_015,2025-01-19,2025-01-25,63,M,dengue,critical,6,referral
P_001212,PHC_015,2025-01-19,2025-01-25,24,F,dengue,mild,6,emergency
P_001213,PHC_004,2025-01-20,2025-01-22,33,F,snakebite,moderate,2,OPD
P_001214,PHC_005,2025-01-20,2025-01-25,55,F,diabetes_complication,mild,5,emergency
P_001215,PHC_008,2025-01-20,2025-01-29,27,M,diabetes_complication,mild,9,OPD
P_001216,PHC_009,2025-01-20,2025-01-21,24,M,trauma_minor,moderate,1,referral
P_001217,PHC_009,2025-01-20,2025-01-24,31,F,gastroenteritis,moderate,4,OPD
P_001218,PHC_012,2025-01-20,2025-01-25,28,F,snakebite,mild,5,OPD
P_001219,PHC_015,2025-01-20,2025-01-23,30,M,trauma_minor,moderate,3,OPD
P_001220,PHC_001,2025-01-21,2025-01-27,58,F,diabetes_complication,mild,6,OPD
P_001221,PHC_002,2025-01-21,2025-01-22,10,F,trauma_minor,moderate,1,emergency
P_001222,PHC_007,2025-01-21,2025-01-24,28,M,trauma_minor,mild,3,referral
P_001223,PHC_008,2025-01-21,2025-01-25,15,F,snakebite,moderate,4,OPD
P_001224,PHC_008,2025-01-21,2025-01-24,36,F,malaria,mild,3,emergency
P_001225,PHC_008,2025-01-21,2025-01-23,53,F,maternal_delivery,critical,2,OPD
P_001226,PHC_009,2025-01-21,2025-01-25,16,M,malaria,mild,4,referral
P_001227,PHC_012,2025-01-21,2025-01-27,38,M,snakebite,mild,6,emergency
P_001228,PHC_013,2025-01-21,2025-01-24,44,M,malaria,moderate,3,OPD
P_001229,PHC_014,2025-01-21,2025-01-24,22,M,gastroenteritis,mild,3,referral
P_001230,PHC_015,2025-01-21,2025-01-25,37,M,respiratory_infection,moderate,4,referral
P_001231,PHC_015,2025-01-21,2025-01-27,0,M,dengue,mild,6,emergency
P_001232,PHC_002,2025-01-22,2025-01-25,41,F,maternal_delivery,moderate,3,OPD
P_001233,PHC_002,2025-01-22,2025-01-25,24,M,maternal_delivery,mild,3,emergency
P_001234,PHC_004,2025-01-22,2025-01-27,20,M,snakebite,mild,5,OPD
P_001235,PHC_006,2025-01-22,2025-01-23,63,M,dengue,critical,1,emergency
P_001236,PHC_008,2025-01-22,2025-01-25,17,F,maternal_delivery,mild,3,emergency
P_001237,PHC_008,2025-01-22,2025-01-27,53,M,snakebite,mild,5,referral
P_001238,PHC_008,2025-01-22,2025-01-24,60,M,trauma_minor,mild,2,emergency
P_001239,PHC_009,2025-01-22,2025-01-24,55,M,maternal_delivery,moderate,2,emergency
P_001240,PHC_011,2025-01-22,2025-01-24,17,F,gastroenteritis,moderate,2,OPD
P_001241,PHC_015,2025-01-22,2025-01-30,13,M,snakebite,moderate,8,referral
P_001242,PHC_002,2025-01-23,2025-01-24,19,M,gastroenteritis,moderate,1,emergency
P_001243,PHC_005,2025-01-23,2025-01-27,45,F,other,moderate,4,referral
P_001244,PHC_007,2025-01-23,2025-01-28,63,F,respiratory_infection,mild,5,emergency
P_001245,PHC_007,2025-01-23,2025-01-30,14,F,dengue,mild,7,OPD
P_001246,PHC_008,2025-01-23,2025-01-24,0,F,dengue,moderate,1,OPD
P_001247,PHC_010,2025-01-23,2025-01-28,41,F,pneumonia,mild,5,OPD
P_001248,PHC_011,2025-01-23,2025-01-28,47,M,pneumonia,moderate,5,emergency
P_001249,PHC_012,2025-01-23,2025-01-24,25,F,malaria,mild,1,referral
P_001250,PHC_012,2025-01-23,2025-01-26,8,F,malaria,moderate,3,OPD
P_001251,PHC_013,2025-01-23,2025-01-26,48,F,pneumonia,moderate,3,OPD
P_001252,PHC_002,2025-01-24,2025-01-30,52,M,snakebite,mild,6,OPD
P_001253,PHC_008,2025-01-24,2025-01-28,50,M,pneumonia,moderate,4,emergency
P_001254,PHC_008,2025-01-24,2025-01-28,42,F,snakebite,mild,4,OPD
P_001255,PHC_009,2025-01-24,2025-01-30,26,F,malaria,mild,6,OPD
P_001256,PHC_010,2025-01-24,2025-01-25,56,F,maternal_delivery,moderate,1,OPD
P_001257,PHC_011,2025-01-24,2025-01-25,37,F,trauma_minor,moderate,1,OPD
P_001258,PHC_011,2025-01-24,2025-01-26,22,F,other,moderate,2,emergency
P_001259,PHC_015,2025-01-24,2025-01-25,33,F,diabetes_complication,moderate,1,OPD
P_001260,PHC_003,2025-01-25,2025-01-29,48,F,maternal_delivery,moderate,4,OPD
P_001261,PHC_004,2025-01-25,2025-01-31,63,F,dengue,moderate,6,OPD
P_001262,PHC_006,2025-01-25,2025-01-28,55,M,pneumonia,moderate,3,OPD
P_001263,PHC_008,2025-01-25,2025-01-28,48,M,snakebite,mild,3,OPD
P_001264,PHC_008,2025-01-25,2025-01-27,29,M,other,mild,2,OPD
P_001265,PHC_010,2025-01-25,2025-01-31,61,M,snakebite,moderate,6,OPD
P_001266,PHC_011,2025-01-25,2025-01-27,30,M,pneumonia,mild,2,OPD
P_001267,PHC_011,2025-01-25,2025-01-26,46,F,maternal_delivery,mild,1,emergency
P_001268,PHC_012,2025-01-25,2025-02-02,28,F,diabetes_complication,moderate,8,OPD
P_001269,PHC_014,2025-01-25,2025-01-27,30,F,other,mild,2,referral
P_001270,PHC_015,2025-01-25,2025-01-29,61,M,snakebite,mild,4,OPD
P_001271,PHC_015,2025-01-25,2025-01-30,0,F,diabetes_complication,mild,5,OPD
P_001272,PHC_015,2025-01-25,2025-01-28,69,F,malaria,mild,3,OPD
P_001273,PHC_015,2025-01-25,2025-01-30,51,F,respiratory_infection,moderate,5,emergency
P_001274,PHC_004,2025-01-26,2025-01-29,37,M,malaria,moderate,3,referral
P_001275,PHC_005,2025-01-26,2025-01-30,41,F,snakebite,mild,4,OPD
P_001276,PHC_006,2025-01-26,2025-01-27,68,F,gastroenteritis,moderate,1,emergency
P_001277,PHC_006,2025-01-26,2025-01-28,76,F,maternal_delivery,mild,2,emergency
P_001278,PHC_007,2025-01-26,2025-01-27,45,F,trauma_minor,mild,1,referral
P_001279,PHC_011,2025-01-26,2025-02-03,42,F,diabetes_complication,mild,8,OPD
P_001280,PHC_011,2025-01-26,2025-01-30,18,M,snakebite,moderate,4,emergency
P_001281,PHC_012,2025-01-26,2025-02-01,40,F,snakebite,mild,6,emergency
P_001282,PHC_012,2025-01-26,2025-02-01,22,F,dengue,mild,6,emergency
P_001283,PHC_013,2025-01-26,2025-01-28,28,M,maternal_delivery,mild,2,OPD
P_001284,PHC_015,2025-01-26,2025-01-27,20,M,maternal_delivery,moderate,1,OPD
P_001285,PHC_002,2025-01-27,2025-02-03,24,M,diabetes_complication,mild,7,OPD
P_001286,PHC_009,2025-01-27,2025-01-31,30,M,dengue,mild,4,referral
P_001287,PHC_011,2025-01-27,2025-01-30,35,M,other,mild,3,emergency
P_001288,PHC_011,2025-01-27,2025-02-03,83,F,dengue,moderate,7,referral
P_001289,PHC_007,2025-01-28,2025-02-02,49,F,diabetes_complication,mild,5,OPD
P_001290,PHC_008,2025-01-28,2025-01-31,48,M,respiratory_infection,moderate,3,referral
P_001291,PHC_011,2025-01-28,2025-01-30,29,M,maternal_delivery,mild,2,emergency
P_001292,PHC_012,2025-01-28,2025-01-29,64,M,dengue,mild,1,OPD
P_001293,PHC_015,2025-01-28,2025-01-30,16,M,dengue,moderate,2,emergency
P_001294,PHC_004,2025-01-29,2025-02-07,30,M,diabetes_complication,moderate,9,OPD
P_001295,PHC_011,2025-01-29,2025-02-03,45,F,respiratory_infection,mild,5,emergency
P_001296,PHC_011,2025-01-29,2025-02-06,49,F,pneumonia,moderate,8,OPD
P_001297,PHC_013,2025-01-29,2025-02-03,56,F,dengue,mild,5,OPD
P_001298,PHC_013,2025-01-29,2025-02-02,18,M,trauma_minor,mild,4,emergency
P_001299,PHC_013,2025-01-29,2025-02-04,37,M,dengue,mild,6,emergency
P_001300,PHC_015,2025-01-29,2025-02-02,26,M,gastroenteritis,moderate,4,emergency
P_001301,PHC_002,2025-01-30,2025-02-07,17,F,dengue,mild,8,referral
P_001302,PHC_002,2025-01-30,2025-02-02,35,F,malaria,mild,3,OPD
P_001303,PHC_005,2025-01-30,2025-02-03,32,F,maternal_delivery,moderate,4,OPD
P_001304,PHC_006,2025-01-30,2025-02-05,25,M,snakebite,mild,6,OPD
P_001305,PHC_008,2025-01-30,2025-02-01,35,M,pneumonia,mild,2,OPD
P_001306,PHC_008,2025-01-30,2025-02-01,29,M,other,moderate,2,OPD
P_001307,PHC_008,2025-01-30,2025-02-04,67,F,dengue,moderate,5,emergency
P_001308,PHC_011,2025-01-30,2025-02-06,52,F,pneumonia,mild,7,OPD
P_001309,PHC_003,2025-01-31,2025-02-06,14,F,snakebite,moderate,6,OPD
P_001310,PHC_009,2025-01-31,2025-02-03,38,M,other,mild,3,OPD
P_001311,PHC_011,2025-01-31,2025-02-01,19,F,trauma_minor,mild,1,emergency
P_001312,PHC_012,2025-01-31,2025-02-01,32,M,other,mild,1,referral
P_001313,PHC_013,2025-01-31,2025-02-06,36,F,pneumonia,moderate,6,OPD
P_001314,PHC_007,2025-02-01,2025-02-03,41,M,snakebite,critical,2,OPD
P_001315,PHC_008,2025-02-01,2025-02-05,0,F,malaria,moderate,4,OPD
P_001316,PHC_009,2025-02-01,2025-02-10,49,F,dengue,mild,9,referral
P_001317,PHC_012,2025-02-01,2025-02-04,27,F,diabetes_complication,mild,3,referral
P_001318,PHC_012,2025-02-01,2025-02-04,38,M,maternal_delivery,mild,3,OPD
P_001319,PHC_013,2025-02-01,2025-02-09,35,M,dengue,mild,8,OPD
P_001320,PHC_015,2025-02-01,2025-02-06,53,F,pneumonia,mild,5,OPD
P_001321,PHC_001,2025-02-02,2025-02-04,23,M,gastroenteritis,moderate,2,OPD
P_001322,PHC_001,2025-02-02,2025-02-04,34,M,malaria,critical,2,emergency
P_001323,PHC_001,2025-02-02,2025-02-04,25,M,dengue,mild,2,emergency
P_001324,PHC_011,2025-02-02,2025-02-12,15,M,diabetes_complication,moderate,10,OPD
P_001325,PHC_012,2025-02-02,2025-02-04,50,M,malaria,mild,2,OPD
P_001326,PHC_013,2025-02-02,2025-02-03,72,F,respiratory_infection,moderate,1,emergency
P_001327,PHC_014,2025-02-02,2025-02-07,40,M,dengue,mild,5,emergency
P_001328,PHC_002,2025-02-03,2025-02-04,11,F,diabetes_complication,mild,1,emergency
P_001329,PHC_002,2025-02-03,2025-02-11,41,M,pneumonia,moderate,8,emergency
P_001330,PHC_006,2025-02-03,2025-02-05,38,F,dengue,critical,2,OPD
P_001331,PHC_008,2025-02-03,2025-02-06,33,M,gastroenteritis,mild,3,emergency
P_001332,PHC_009,2025-02-03,2025-02-08,17,F,snakebite,moderate,5,emergency
P_001333,PHC_009,2025-02-03,2025-02-09,27,F,snakebite,moderate,6,emergency
P_001334,PHC_009,2025-02-03,2025-02-07,1,F,snakebite,mild,4,referral
P_001335,PHC_012,2025-02-03,2025-02-04,26,F,trauma_minor,critical,1,OPD
P_001336,PHC_015,2025-02-03,2025-02-09,21,M,dengue,mild,6,OPD
P_001337,PHC_015,2025-02-03,2025-02-13,54,F,diabetes_complication,mild,10,OPD
P_001338,PHC_001,2025-02-04,2025-02-05,49,M,trauma_minor,moderate,1,emergency
P_001339,PHC_002,2025-02-04,2025-02-06,55,M,gastroenteritis,mild,2,OPD
P_001340,PHC_002,2025-02-04,2025-02-07,13,M,other,mild,3,OPD
P_001341,PHC_002,2025-02-04,2025-02-07,37,M,gastroenteritis,mild,3,referral
P_001342,PHC_002,2025-02-04,2025-02-08,41,F,gastroenteritis,moderate,4,emergency
P_001343,PHC_002,2025-02-04,2025-02-08,29,M,gastroenteritis,mild,4,OPD
P_001344,PHC_002,2025-02-04,2025-02-07,24,M,gastroenteritis,moderate,3,emergency
P_001345,PHC_002,2025-02-04,2025-02-07,46,F,gastroenteritis,mild,3,referral
P_001346,PHC_002,2025-02-04,2025-02-06,42,M,gastroenteritis,mild,2,emergency
P_001347,PHC_004,2025-02-04,2025-02-09,33,F,other,mild,5,referral
P_001348,PHC_004,2025-02-04,2025-02-05,40,M,trauma_minor,mild,1,OPD
P_001349,PHC_008,2025-02-04,2025-02-09,0,F,dengue,critical,5,emergency
P_001350,PHC_008,2025-02-04,2025-02-08,63,F,gastroenteritis,mild,4,OPD
P_001351,PHC_010,2025-02-04,2025-02-09,51,M,snakebite,mild,5,referral
P_001352,PHC_011,2025-02-04,2025-02-05,54,M,maternal_delivery,mild,1,OPD
P_001353,PHC_011,2025-02-04,2025-02-09,44,F,other,moderate,5,emergency
P_001354,PHC_011,2025-02-04,2025-02-06,18,M,gastroenteritis,critical,2,emergency
P_001355,PHC_011,2025-02-04,2025-02-08,28,M,gastroenteritis,moderate,4,emergency
P_001356,PHC_011,2025-02-04,2025-02-05,49,F,maternal_delivery,moderate,1,OPD
P_001357,PHC_011,2025-02-04,2025-02-07,39,M,gastroenteritis,moderate,3,emergency
P_001358,PHC_011,2025-02-04,2025-02-09,81,F,malaria,moderate,5,OPD
P_001359,PHC_012,2025-02-04,2025-02-09,0,F,malaria,mild,5,OPD
P_001360,PHC_013,2025-02-04,2025-02-07,62,F,other,mild,3,OPD
P_001361,PHC_013,2025-02-04,2025-02-15,44,F,diabetes_complication,moderate,11,OPD
P_001362,PHC_015,2025-02-04,2025-02-06,0,F,gastroenteritis,moderate,2,OPD
P_001363,PHC_015,2025-02-04,2025-02-08,35,M,respiratory_infection,moderate,4,OPD
P_001364,PHC_002,2025-02-05,2025-02-07,54,M,malaria,moderate,2,referral
P_001365,PHC_011,2025-02-05,2025-02-08,37,F,gastroenteritis,moderate,3,OPD
P_001366,PHC_011,2025-02-05,2025-02-08,3,F,other,moderate,3,OPD
P_001367,PHC_012,2025-02-05,2025-02-09,32,F,dengue,mild,4,emergency
P_001368,PHC_014,2025-02-05,2025-02-07,23,M,gastroenteritis,moderate,2,OPD
P_001369,PHC_014,2025-02-05,2025-02-08,70,M,other,mild,3,OPD
P_001370,PHC_015,2025-02-05,2025-02-08,20,M,snakebite,mild,3,OPD
P_001371,PHC_005,2025-02-06,2025-02-08,0,M,gastroenteritis,moderate,2,emergency
P_001372,PHC_007,2025-02-06,2025-02-08,65,M,gastroenteritis,mild,2,OPD
P_001373,PHC_008,2025-02-06,2025-02-12,42,F,malaria,critical,6,OPD
P_001374,PHC_010,2025-02-06,2025-02-08,48,F,malaria,mild,2,referral
P_001375,PHC_010,2025-02-06,2025-02-09,39,F,gastroenteritis,moderate,3,referral
P_001376,PHC_011,2025-02-06,2025-02-08,59,F,trauma_minor,moderate,2,referral
P_001377,PHC_011,2025-02-06,2025-02-09,56,M,trauma_minor,moderate,3,OPD
P_001378,PHC_014,2025-02-06,2025-02-07,14,F,other,critical,1,referral
P_001379,PHC_015,2025-02-06,2025-02-13,27,M,diabetes_complication,mild,7,OPD
P_001380,PHC_015,2025-02-06,2025-02-10,55,M,respiratory_infection,mild,4,emergency
P_001381,PHC_007,2025-02-07,2025-02-09,36,M,gastroenteritis,moderate,2,referral
P_001382,PHC_008,2025-02-07,2025-02-12,50,M,gastroenteritis,moderate,5,OPD
P_001383,PHC_008,2025-02-07,2025-02-10,35,F,gastroenteritis,moderate,3,OPD
P_001384,PHC_011,2025-02-07,2025-02-20,6,M,dengue,moderate,13,emergency
P_001385,PHC_011,2025-02-07,2025-02-16,45,M,diabetes_complication,mild,9,OPD
P_001386,PHC_012,2025-02-07,2025-02-10,5,F,dengue,moderate,3,OPD
P_001387,PHC_012,2025-02-07,2025-02-11,27,M,trauma_minor,mild,4,OPD
P_001388,PHC_013,2025-02-07,2025-02-15,52,F,diabetes_complication,mild,8,OPD
P_001389,PHC_004,2025-02-08,2025-02-11,40,F,maternal_delivery,mild,3,referral
P_001390,PHC_005,2025-02-08,2025-02-10,76,M,gastroenteritis,mild,2,OPD
P_001391,PHC_008,2025-02-08,2025-02-09,43,M,trauma_minor,mild,1,OPD
P_001392,PHC_010,2025-02-08,2025-02-10,27,F,diabetes_complication,moderate,2,referral
P_001393,PHC_011,2025-02-08,2025-02-18,58,M,dengue,moderate,10,emergency
P_001394,PHC_011,2025-02-08,2025-02-12,56,M,gastroenteritis,mild,4,referral
P_001395,PHC_011,2025-02-08,2025-02-11,47,F,gastroenteritis,moderate,3,referral
P_001396,PHC_013,2025-02-08,2025-02-12,47,M,other,mild,4,OPD
P_001397,PHC_013,2025-02-08,2025-02-11,39,F,pneumonia,mild,3,emergency
P_001398,PHC_002,2025-02-09,2025-02-18,17,F,diabetes_complication,mild,9,OPD
P_001399,PHC_004,2025-02-09,2025-02-11,38,F,trauma_minor,moderate,2,emergency
P_001400,PHC_004,2025-02-09,2025-02-16,65,F,dengue,mild,7,referral
P_001401,PHC_005,2025-02-09,2025-02-12,32,F,pneumonia,mild,3,emergency
P_001402,PHC_008,2025-02-09,2025-02-11,9,F,gastroenteritis,mild,2,OPD
P_001403,PHC_009,2025-02-09,2025-02-15,0,M,pneumonia,mild,6,OPD
P_001404,PHC_009,2025-02-09,2025-02-12,32,M,diabetes_complication,mild,3,referral
P_001405,PHC_011,2025-02-09,2025-02-17,38,M,snakebite,moderate,8,referral
P_001406,PHC_011,2025-02-09,2025-02-14,31,F,gastroenteritis,moderate,5,OPD
P_001407,PHC_011,2025-02-09,2025-02-12,23,M,gastroenteritis,moderate,3,emergency
P_001408,PHC_013,2025-02-09,2025-02-17,6,F,dengue,moderate,8,referral
P_001409,PHC_013,2025-02-09,2025-02-14,31,F,trauma_minor,mild,5,emergency
P_001410,PHC_001,2025-02-10,2025-02-17,10,M,pneumonia,moderate,7,emergency
P_001411,PHC_002,2025-02-10,2025-02-12,63,F,gastroenteritis,critical,2,referral
P_001412,PHC_004,2025-02-10,2025-02-13,38,F,other,moderate,3,OPD
P_001413,PHC_004,2025-02-10,2025-02-14,23,M,malaria,critical,4,referral
P_001414,PHC_004,2025-02-10,2025-02-14,67,F,malaria,moderate,4,OPD
P_001415,PHC_011,2025-02-10,2025-02-13,35,F,gastroenteritis,moderate,3,emergency
P_001416,PHC_012,2025-02-10,2025-02-20,11,M,diabetes_complication,mild,10,OPD
P_001417,PHC_012,2025-02-10,2025-02-17,59,M,pneumonia,mild,7,OPD
P_001418,PHC_014,2025-02-10,2025-02-13,31,F,gastroenteritis,moderate,3,OPD
P_001419,PHC_014,2025-02-10,2025-02-11,27,M,gastroenteritis,mild,1,emergency
P_001420,PHC_015,2025-02-10,2025-02-20,19,F,dengue,mild,10,OPD
P_001421,PHC_002,2025-02-11,2025-02-14,15,F,gastroenteritis,critical,3,OPD
P_001422,PHC_003,2025-02-11,2025-02-14,66,M,gastroenteritis,critical,3,emergency
P_001423,PHC_005,2025-02-11,2025-02-14,41,F,gastroenteritis,mild,3,OPD
P_001424,PHC_005,2025-02-11,2025-02-19,60,M,diabetes_complication,moderate,8,OPD
P_001425,PHC_006,2025-02-11,2025-02-16,45,M,respiratory_infection,mild,5,OPD
P_001426,PHC_010,2025-02-11,2025-02-18,40,F,malaria,moderate,7,OPD
P_001427,PHC_010,2025-02-11,2025-02-12,71,M,other,mild,1,referral
P_001428,PHC_010,2025-02-11,2025-02-17,36,M,dengue,moderate,6,OPD
P_001429,PHC_010,2025-02-11,2025-02-17,15,M,diabetes_complication,moderate,6,emergency
P_001430,PHC_011,2025-02-11,2025-02-13,19,F,gastroenteritis,critical,2,emergency
P_001431,PHC_012,2025-02-11,2025-02-16,29,F,other,mild,5,OPD
P_001432,PHC_001,2025-02-12,2025-02-20,53,M,dengue,moderate,8,emergency
P_001433,PHC_004,2025-02-12,2025-02-17,40,F,pneumonia,moderate,5,OPD
P_001434,PHC_005,2025-02-12,2025-02-21,36,F,snakebite,mild,9,emergency
P_001435,PHC_007,2025-02-12,2025-02-14,81,M,gastroenteritis,moderate,2,OPD
P_001436,PHC_008,2025-02-12,2025-02-22,0,M,diabetes_complication,mild,10,OPD
P_001437,PHC_008,2025-02-12,2025-02-16,2,F,diabetes_complication,mild,4,OPD
P_001438,PHC_009,2025-02-12,2025-02-19,62,F,dengue,critical,7,OPD
P_001439,PHC_004,2025-02-13,2025-02-14,64,M,dengue,mild,1,referral
P_001440,PHC_008,2025-02-13,2025-02-15,17,M,gastroenteritis,moderate,2,OPD
P_001441,PHC_008,2025-02-13,2025-02-15,30,F,gastroenteritis,moderate,2,referral
P_001442,PHC_009,2025-02-13,2025-02-20,52,F,dengue,mild,7,OPD
P_001443,PHC_011,2025-02-13,2025-02-17,19,F,gastroenteritis,mild,4,emergency
P_001444,PHC_011,2025-02-13,2025-02-17,0,M,respiratory_infection,mild,4,referral
P_001445,PHC_011,2025-02-13,2025-02-20,38,F,diabetes_complication,moderate,7,emergency
P_001446,PHC_014,2025-02-13,2025-02-16,16,M,gastroenteritis,moderate,3,OPD
P_001447,PHC_015,2025-02-13,2025-02-18,62,M,pneumonia,moderate,5,OPD
P_001448,PHC_015,2025-02-13,2025-02-15,32,M,maternal_delivery,mild,2,OPD
P_001449,PHC_001,2025-02-14,2025-02-18,45,F,gastroenteritis,moderate,4,OPD
P_001450,PHC_002,2025-02-14,2025-02-20,36,M,malaria,mild,6,emergency
P_001451,PHC_003,2025-02-14,2025-02-19,60,M,malaria,mild,5,OPD
P_001452,PHC_003,2025-02-14,2025-02-18,44,F,malaria,mild,4,OPD
P_001453,PHC_009,2025-02-14,2025-02-18,24,F,diabetes_complication,moderate,4,OPD
P_001454,PHC_010,2025-02-14,2025-02-23,13,M,pneumonia,mild,9,OPD
P_001455,PHC_010,2025-02-14,2025-02-17,19,F,gastroenteritis,mild,3,referral
P_001456,PHC_011,2025-02-14,2025-02-16,39,F,gastroenteritis,mild,2,referral
P_001457,PHC_014,2025-02-14,2025-02-20,47,M,pneumonia,moderate,6,OPD
P_001458,PHC_014,2025-02-14,2025-02-16,23,M,gastroenteritis,critical,2,referral
P_001459,PHC_015,2025-02-14,2025-02-20,40,M,dengue,mild,6,OPD
P_001460,PHC_015,2025-02-14,2025-02-16,42,M,maternal_delivery,moderate,2,emergency
P_001461,PHC_002,2025-02-15,2025-02-18,32,F,gastroenteritis,moderate,3,referral
P_001462,PHC_005,2025-02-15,2025-02-18,2,F,pneumonia,moderate,3,OPD
P_001463,PHC_006,2025-02-15,2025-02-17,23,M,snakebite,moderate,2,emergency
P_001464,PHC_006,2025-02-15,2025-02-26,68,M,diabetes_complication,moderate,11,OPD
P_001465,PHC_008,2025-02-15,2025-02-17,64,M,gastroenteritis,mild,2,emergency
P_001466,PHC_011,2025-02-15,2025-02-18,53,M,gastroenteritis,mild,3,OPD
P_001467,PHC_011,2025-02-15,2025-02-18,62,M,respiratory_infection,mild,3,OPD
P_001468,PHC_012,2025-02-15,2025-02-17,71,M,trauma_minor,moderate,2,OPD
P_001469,PHC_012,2025-02-15,2025-02-20,32,F,respiratory_infection,mild,5,emergency
P_001470,PHC_013,2025-02-15,2025-02-22,37,F,dengue,mild,7,OPD
P_001471,PHC_014,2025-02-15,2025-02-18,26,M,pneumonia,mild,3,emergency
P_001472,PHC_015,2025-02-15,2025-02-20,50,M,pneumonia,mild,5,OPD
P_001473,PHC_002,2025-02-16,2025-02-17,66,F,trauma_minor,moderate,1,OPD
P_001474,PHC_004,2025-02-16,2025-02-19,33,F,snakebite,moderate,3,OPD
P_001475,PHC_009,2025-02-16,2025-02-19,77,F,malaria,mild,3,OPD
P_001476,PHC_011,2025-02-16,2025-02-19,3,M,maternal_delivery,mild,3,referral
P_001477,PHC_013,2025-02-16,2025-02-17,33,F,respiratory_infection,mild,1,emergency
P_001478,PHC_013,2025-02-16,2025-02-19,51,F,malaria,moderate,3,OPD
P_001479,PHC_013,2025-02-16,2025-02-20,45,M,pneumonia,moderate,4,OPD
P_001480,PHC_005,2025-02-17,2025-02-21,22,M,trauma_minor,moderate,4,OPD
P_001481,PHC_005,2025-02-17,2025-02-19,58,M,trauma_minor,critical,2,OPD
P_001482,PHC_008,2025-02-17,2025-02-23,29,M,dengue,mild,6,emergency
P_001483,PHC_009,2025-02-17,2025-03-01,37,M,diabetes_complication,moderate,12,OPD
P_001484,PHC_009,2025-02-17,2025-02-25,90,M,pneumonia,moderate,8,OPD
P_001485,PHC_013,2025-02-17,2025-02-20,27,M,gastroenteritis,mild,3,emergency
P_001486,PHC_004,2025-02-18,2025-02-22,27,M,respiratory_infection,moderate,4,emergency
P_001487,PHC_006,2025-02-18,2025-02-19,37,F,maternal_delivery,mild,1,OPD
P_001488,PHC_009,2025-02-18,2025-02-24,46,F,pneumonia,mild,6,emergency
P_001489,PHC_010,2025-02-18,2025-02-21,27,M,malaria,moderate,3,OPD
P_001490,PHC_011,2025-02-18,2025-02-24,17,M,diabetes_complication,moderate,6,emergency
P_001491,PHC_013,2025-02-18,2025-02-23,28,F,dengue,moderate,5,OPD
P_001492,PHC_015,2025-02-18,2025-02-19,0,M,trauma_minor,mild,1,emergency
P_001493,PHC_006,2025-02-19,2025-02-27,13,M,respiratory_infection,mild,8,OPD
P_001494,PHC_007,2025-02-19,2025-02-22,47,M,other,moderate,3,OPD
P_001495,PHC_007,2025-02-19,2025-02-24,8,F,respiratory_infection,mild,5,OPD
P_001496,PHC_008,2025-02-19,2025-02-20,34,M,trauma_minor,mild,1,referral
P_001497,PHC_013,2025-02-19,2025-02-22,46,F,respiratory_infection,mild,3,OPD
P_001498,PHC_001,2025-02-20,2025-02-26,45,M,malaria,critical,6,referral
P_001499,PHC_006,2025-02-20,2025-02-21,83,F,other,mild,1,emergency
P_001500,PHC_009,2025-02-20,2025-02-23,34,F,respiratory_infection,mild,3,emergency
P_001501,PHC_010,2025-02-20,2025-02-27,29,M,other,mild,7,OPD
P_001502,PHC_011,2025-02-20,2025-02-28,56,M,dengue,mild,8,referral
P_001503,PHC_012,2025-02-20,2025-02-26,66,M,snakebite,moderate,6,OPD
P_001504,PHC_013,2025-02-20,2025-02-28,20,F,diabetes_complication,moderate,8,OPD
P_001505,PHC_015,2025-02-20,2025-02-21,13,F,trauma_minor,mild,1,OPD
P_001506,PHC_002,2025-02-21,2025-02-25,37,M,other,mild,4,referral
P_001507,PHC_003,2025-02-21,2025-02-23,22,F,gastroenteritis,mild,2,referral
P_001508,PHC_004,2025-02-21,2025-02-23,25,F,trauma_minor,mild,2,emergency
P_001509,PHC_004,2025-02-21,2025-02-28,16,F,dengue,mild,7,OPD
P_001510,PHC_008,2025-02-21,2025-02-26,44,M,malaria,critical,5,OPD
P_001511,PHC_009,2025-02-21,2025-02-25,42,F,malaria,critical,4,referral
P_001512,PHC_011,2025-02-21,2025-02-23,38,F,gastroenteritis,mild,2,emergency
P_001513,PHC_012,2025-02-21,2025-03-01,31,F,snakebite,mild,8,OPD
P_001514,PHC_014,2025-02-21,2025-02-24,66,F,trauma_minor,moderate,3,emergency
P_001515,PHC_015,2025-02-21,2025-02-25,16,F,malaria,mild,4,OPD
P_001516,PHC_015,2025-02-21,2025-02-24,70,F,pneumonia,mild,3,emergency
P_001517,PHC_004,2025-02-22,2025-02-27,27,M,pneumonia,moderate,5,OPD
P_001518,PHC_006,2025-02-22,2025-02-24,42,F,snakebite,mild,2,OPD
P_001519,PHC_007,2025-02-22,2025-02-23,50,F,other,mild,1,referral
P_001520,PHC_008,2025-02-22,2025-02-24,36,F,dengue,mild,2,OPD
P_001521,PHC_008,2025-02-22,2025-02-28,47,F,respiratory_infection,critical,6,emergency
P_001522,PHC_011,2025-02-22,2025-02-24,42,F,maternal_delivery,mild,2,emergency
P_001523,PHC_015,2025-02-22,2025-02-27,30,M,snakebite,mild,5,emergency
P_001524,PHC_002,2025-02-23,2025-02-27,33,M,pneumonia,mild,4,OPD
P_001525,PHC_004,2025-02-23,2025-02-25,80,M,trauma_minor,moderate,2,emergency
P_001526,PHC_006,2025-02-23,2025-02-26,58,M,pneumonia,mild,3,OPD
P_001527,PHC_008,2025-02-23,2025-03-01,26,F,snakebite,mild,6,OPD
P_001528,PHC_008,2025-02-23,2025-02-25,43,M,gastroenteritis,mild,2,referral
P_001529,PHC_010,2025-02-23,2025-02-27,38,M,gastroenteritis,moderate,4,OPD
P_001530,PHC_011,2025-02-23,2025-02-26,22,M,malaria,critical,3,referral
P_001531,PHC_011,2025-02-23,2025-02-25,68,M,pneumonia,moderate,2,OPD
P_001532,PHC_011,2025-02-23,2025-03-04,66,M,diabetes_complication,mild,9,emergency
P_001533,PHC_013,2025-02-23,2025-02-24,49,M,trauma_minor,mild,1,OPD
P_001534,PHC_013,2025-02-23,2025-02-28,31,M,gastroenteritis,mild,5,OPD
P_001535,PHC_015,2025-02-23,2025-02-27,50,M,gastroenteritis,mild,4,referral
P_001536,PHC_015,2025-02-23,2025-02-27,85,F,snakebite,moderate,4,referral
P_001537,PHC_001,2025-02-24,2025-03-02,46,F,pneumonia,moderate,6,emergency
P_001538,PHC_002,2025-02-24,2025-02-28,26,F,malaria,mild,4,emergency
P_001539,PHC_004,2025-02-24,2025-03-01,10,M,pneumonia,moderate,5,OPD
P_001540,PHC_005,2025-02-24,2025-02-28,51,M,other,moderate,4,OPD
P_001541,PHC_006,2025-02-24,2025-02-27,44,F,maternal_delivery,mild,3,referral
P_001542,PHC_006,2025-02-24,2025-02-28,54,M,malaria,mild,4,OPD
P_001543,PHC_008,2025-02-24,2025-03-01,48,F,gastroenteritis,moderate,5,referral
P_001544,PHC_013,2025-02-24,2025-02-28,23,F,snakebite,mild,4,referral
P_001545,PHC_003,2025-02-25,2025-03-01,29,F,respiratory_infection,critical,4,referral
P_001546,PHC_004,2025-02-25,2025-03-01,8,F,malaria,moderate,4,emergency
P_001547,PHC_004,2025-02-25,2025-02-28,4,F,trauma_minor,critical,3,OPD
P_001548,PHC_006,2025-02-25,2025-02-28,17,M,malaria,moderate,3,OPD
P_001549,PHC_008,2025-02-25,2025-03-01,27,F,malaria,mild,4,referral
P_001550,PHC_009,2025-02-25,2025-02-27,44,F,other,moderate,2,emergency
P_001551,PHC_012,2025-02-25,2025-03-01,75,M,gastroenteritis,moderate,4,OPD
P_001552,PHC_012,2025-02-25,2025-02-28,16,M,trauma_minor,mild,3,emergency
P_001553,PHC_015,2025-02-25,2025-03-06,32,M,pneumonia,mild,9,emergency
P_001554,PHC_008,2025-02-26,2025-02-28,35,M,maternal_delivery,mild,2,OPD
P_001555,PHC_008,2025-02-26,2025-03-01,55,M,trauma_minor,mild,3,emergency
P_001556,PHC_009,2025-02-26,2025-02-28,27,F,gastroenteritis,mild,2,emergency
P_001557,PHC_010,2025-02-26,2025-02-28,32,F,malaria,moderate,2,referral
P_001558,PHC_013,2025-02-26,2025-02-28,84,M,trauma_minor,mild,2,OPD
P_001559,PHC_015,2025-02-26,2025-03-01,61,F,maternal_delivery,mild,3,referral
P_001560,PHC_015,2025-02-26,2025-03-01,1,F,gastroenteritis,mild,3,emergency
P_001561,PHC_005,2025-02-27,2025-03-02,27,M,malaria,mild,3,emergency
P_001562,PHC_006,2025-02-27,2025-03-02,15,F,other,mild,3,referral
P_001563,PHC_008,2025-02-27,2025-03-03,45,F,gastroenteritis,moderate,4,referral
P_001564,PHC_009,2025-02-27,2025-03-03,34,M,gastroenteritis,mild,4,OPD
P_001565,PHC_009,2025-02-27,2025-03-02,8,M,respiratory_infection,moderate,3,referral
P_001566,PHC_011,2025-02-27,2025-03-01,48,M,snakebite,moderate,2,referral
P_001567,PHC_015,2025-02-27,2025-02-28,52,M,maternal_delivery,mild,1,referral
P_001568,PHC_015,2025-02-27,2025-03-03,0,F,snakebite,mild,4,OPD
P_001569,PHC_015,2025-02-27,2025-03-01,55,F,diabetes_complication,critical,2,OPD
P_001570,PHC_001,2025-02-28,2025-03-03,56,M,gastroenteritis,mild,3,referral
P_001571,PHC_001,2025-02-28,2025-03-04,62,M,respiratory_infection,moderate,4,referral
P_001572,PHC_003,2025-02-28,2025-03-08,49,M,snakebite,mild,8,referral
P_001573,PHC_007,2025-02-28,2025-03-02,78,F,other,critical,2,emergency
P_001574,PHC_008,2025-02-28,2025-03-08,7,M,pneumonia,mild,8,OPD
P_001575,PHC_008,2025-02-28,2025-03-04,30,M,malaria,moderate,4,emergency
P_001576,PHC_008,2025-02-28,2025-03-03,21,M,gastroenteritis,mild,3,OPD
P_001577,PHC_013,2025-02-28,2025-03-04,31,F,malaria,mild,4,emergency
P_001578,PHC_013,2025-02-28,2025-03-03,43,M,snakebite,mild,3,emergency
P_001579,PHC_013,2025-02-28,2025-03-04,73,M,gastroenteritis,moderate,4,emergency
P_001580,PHC_015,2025-02-28,2025-03-03,35,F,other,mild,3,emergency
P_001581,PHC_015,2025-02-28,2025-03-01,38,M,maternal_delivery,moderate,1,emergency
P_001582,PHC_004,2025-03-01,2025-03-07,24,F,pneumonia,moderate,6,OPD
P_001583,PHC_006,2025-03-01,2025-03-05,0,F,gastroenteritis,moderate,4,referral
P_001584,PHC_008,2025-03-01,2025-03-03,47,F,gastroenteritis,mild,2,referral
P_001585,PHC_008,2025-03-01,2025-03-05,22,M,gastroenteritis,mild,4,OPD
P_001586,PHC_013,2025-03-01,2025-03-05,31,M,gastroenteritis,mild,4,referral
P_001587,PHC_015,2025-03-01,2025-03-06,41,F,diabetes_complication,moderate,5,referral
P_001588,PHC_005,2025-03-02,2025-03-07,35,F,malaria,mild,5,OPD
P_001589,PHC_009,2025-03-02,2025-03-09,22,F,diabetes_complication,moderate,7,OPD
P_001590,PHC_011,2025-03-02,2025-03-06,37,F,respiratory_infection,mild,4,OPD
P_001591,PHC_012,2025-03-02,2025-03-07,60,M,diabetes_complication,moderate,5,OPD
P_001592,PHC_015,2025-03-02,2025-03-09,43,M,pneumonia,moderate,7,OPD
P_001593,PHC_015,2025-03-02,2025-03-07,82,M,pneumonia,mild,5,emergency
P_001594,PHC_001,2025-03-03,2025-03-06,32,M,snakebite,mild,3,OPD
P_001595,PHC_001,2025-03-03,2025-03-13,72,F,diabetes_complication,moderate,10,referral
P_001596,PHC_004,2025-03-03,2025-03-16,35,M,diabetes_complication,moderate,13,referral
P_001597,PHC_004,2025-03-03,2025-03-10,63,F,dengue,mild,7,OPD
P_001598,PHC_006,2025-03-03,2025-03-08,7,M,respiratory_infection,mild,5,OPD
P_001599,PHC_008,2025-03-03,2025-03-06,38,M,malaria,critical,3,OPD
P_001600,PHC_010,2025-03-03,2025-03-05,11,F,pneumonia,mild,2,OPD
P_001601,PHC_011,2025-03-03,2025-03-08,50,M,dengue,mild,5,emergency
P_001602,PHC_013,2025-03-03,2025-03-06,44,F,other,moderate,3,referral
P_001603,PHC_015,2025-03-03,2025-03-04,15,F,trauma_minor,mild,1,OPD
P_001604,PHC_002,2025-03-04,2025-03-09,4,F,malaria,mild,5,emergency
P_001605,PHC_009,2025-03-04,2025-03-10,13,M,respiratory_infection,mild,6,emergency
P_001606,PHC_011,2025-03-04,2025-03-08,49,F,malaria,mild,4,referral
P_001607,PHC_012,2025-03-04,2025-03-09,85,F,pneumonia,moderate,5,OPD
P_001608,PHC_012,2025-03-04,2025-03-14,50,M,diabetes_complication,moderate,10,OPD
P_001609,PHC_015,2025-03-04,2025-03-12,47,M,pneumonia,mild,8,referral
P_001610,PHC_001,2025-03-05,2025-03-09,32,F,trauma_minor,moderate,4,referral
P_001611,PHC_002,2025-03-05,2025-03-09,58,M,respiratory_infection,mild,4,emergency
P_001612,PHC_002,2025-03-05,2025-03-09,5,F,other,moderate,4,emergency
P_001613,PHC_004,2025-03-05,2025-03-13,44,F,snakebite,moderate,8,referral
P_001614,PHC_004,2025-03-05,2025-03-10,74,F,diabetes_complication,mild,5,emergency
P_001615,PHC_005,2025-03-05,2025-03-08,32,M,gastroenteritis,mild,3,referral
P_001616,PHC_008,2025-03-05,2025-03-09,54,M,dengue,mild,4,OPD
P_001617,PHC_009,2025-03-05,2025-03-09,50,F,respiratory_infection,mild,4,OPD
P_001618,PHC_009,2025-03-05,2025-03-10,55,F,respiratory_infection,moderate,5,OPD
P_001619,PHC_013,2025-03-05,2025-03-09,40,F,malaria,mild,4,OPD
P_001620,PHC_015,2025-03-05,2025-03-11,64,M,malaria,mild,6,referral
P_001621,PHC_015,2025-03-05,2025-03-08,18,F,pneumonia,moderate,3,OPD
P_001622,PHC_002,2025-03-06,2025-03-08,0,M,maternal_delivery,mild,2,referral
P_001623,PHC_011,2025-03-06,2025-03-09,45,M,dengue,moderate,3,OPD
P_001624,PHC_011,2025-03-06,2025-03-09,40,M,gastroenteritis,moderate,3,OPD
P_001625,PHC_011,2025-03-06,2025-03-08,51,M,maternal_delivery,critical,2,OPD
P_001626,PHC_011,2025-03-06,2025-03-12,37,F,respiratory_infection,mild,6,emergency
P_001627,PHC_012,2025-03-06,2025-03-15,28,M,dengue,moderate,9,OPD
P_001628,PHC_014,2025-03-06,2025-03-10,16,M,malaria,mild,4,referral
P_001629,PHC_002,2025-03-07,2025-03-08,79,F,malaria,mild,1,OPD
P_001630,PHC_008,2025-03-07,2025-03-08,18,F,maternal_delivery,moderate,1,OPD
P_001631,PHC_008,2025-03-07,2025-03-10,75,M,malaria,mild,3,referral
P_001632,PHC_009,2025-03-07,2025-03-09,17,M,other,mild,2,OPD
P_001633,PHC_012,2025-03-07,2025-03-08,42,M,maternal_delivery,moderate,1,emergency
P_001634,PHC_001,2025-03-08,2025-03-09,47,M,maternal_delivery,critical,1,OPD
P_001635,PHC_002,2025-03-08,2025-03-11,14,M,malaria,mild,3,referral
P_001636,PHC_002,2025-03-08,2025-03-12,30,F,respiratory_infection,mild,4,OPD
P_001637,PHC_007,2025-03-08,2025-03-13,18,M,malaria,mild,5,emergency
P_001638,PHC_008,2025-03-08,2025-03-13,59,F,malaria,moderate,5,referral
P_001639,PHC_012,2025-03-08,2025-03-19,43,M,snakebite,moderate,11,emergency
P_001640,PHC_013,2025-03-08,2025-03-09,52,F,trauma_minor,mild,1,emergency
P_001641,PHC_005,2025-03-09,2025-03-12,33,M,gastroenteritis,moderate,3,OPD
P_001642,PHC_005,2025-03-09,2025-03-13,57,F,respiratory_infection,mild,4,emergency
P_001643,PHC_006,2025-03-09,2025-03-12,42,M,trauma_minor,mild,3,OPD
P_001644,PHC_007,2025-03-09,2025-03-14,34,M,respiratory_infection,mild,5,OPD
P_001645,PHC_011,2025-03-09,2025-03-13,22,M,pneumonia,moderate,4,emergency
P_001646,PHC_011,2025-03-09,2025-03-13,75,M,malaria,mild,4,emergency
P_001647,PHC_002,2025-03-10,2025-03-12,32,F,maternal_delivery,mild,2,OPD
P_001648,PHC_002,2025-03-10,2025-03-18,26,F,diabetes_complication,mild,8,OPD
P_001649,PHC_002,2025-03-10,2025-03-13,32,M,dengue,mild,3,emergency
P_001650,PHC_002,2025-03-10,2025-03-12,8,F,malaria,moderate,2,referral
P_001651,PHC_002,2025-03-10,2025-03-13,49,F,maternal_delivery,moderate,3,emergency
P_001652,PHC_008,2025-03-10,2025-03-13,76,F,snakebite,mild,3,OPD
P_001653,PHC_008,2025-03-10,2025-03-13,40,F,gastroenteritis,critical,3,OPD
P_001654,PHC_008,2025-03-10,2025-03-14,63,M,other,mild,4,OPD
P_001655,PHC_009,2025-03-10,2025-03-14,17,M,gastroenteritis,moderate,4,referral
P_001656,PHC_012,2025-03-10,2025-03-15,64,F,respiratory_infection,mild,5,emergency
P_001657,PHC_003,2025-03-11,2025-03-14,18,F,maternal_delivery,moderate,3,OPD
P_001658,PHC_004,2025-03-11,2025-03-19,0,M,diabetes_complication,mild,8,referral
P_001659,PHC_006,2025-03-11,2025-03-16,55,F,other,critical,5,OPD
P_001660,PHC_008,2025-03-11,2025-03-17,46,F,other,mild,6,emergency
P_001661,PHC_008,2025-03-11,2025-03-13,28,M,other,moderate,2,emergency
P_001662,PHC_010,2025-03-11,2025-03-15,80,M,gastroenteritis,mild,4,emergency
P_001663,PHC_012,2025-03-11,2025-03-12,51,F,trauma_minor,moderate,1,OPD
P_001664,PHC_015,2025-03-11,2025-03-14,46,M,trauma_minor,moderate,3,emergency
P_001665,PHC_015,2025-03-11,2025-03-20,0,F,pneumonia,mild,9,referral
P_001666,PHC_002,2025-03-12,2025-03-17,40,M,diabetes_complication,moderate,5,OPD
P_001667,PHC_004,2025-03-12,2025-03-15,23,M,malaria,moderate,3,OPD
P_001668,PHC_006,2025-03-12,2025-03-14,57,F,gastroenteritis,mild,2,emergency
P_001669,PHC_008,2025-03-12,2025-03-13,34,F,maternal_delivery,mild,1,OPD
P_001670,PHC_008,2025-03-12,2025-03-17,29,M,respiratory_infection,moderate,5,OPD
P_001671,PHC_009,2025-03-12,2025-03-17,44,F,diabetes_complication,mild,5,emergency
P_001672,PHC_009,2025-03-12,2025-03-13,47,M,malaria,moderate,1,OPD
P_001673,PHC_009,2025-03-12,2025-03-20,71,F,diabetes_complication,mild,8,OPD
P_001674,PHC_011,2025-03-12,2025-03-14,25,M,other,mild,2,OPD
P_001675,PHC_011,2025-03-12,2025-03-14,36,M,other,moderate,2,OPD
P_001676,PHC_002,2025-03-13,2025-03-17,26,F,snakebite,mild,4,referral
P_001677,PHC_002,2025-03-13,2025-03-16,19,M,malaria,mild,3,referral
P_001678,PHC_004,2025-03-13,2025-03-18,25,M,dengue,moderate,5,emergency
P_001679,PHC_005,2025-03-13,2025-03-17,35,M,gastroenteritis,mild,4,OPD
P_001680,PHC_009,2025-03-13,2025-03-19,76,F,snakebite,mild,6,OPD
P_001681,PHC_011,2025-03-13,2025-03-15,59,F,maternal_delivery,moderate,2,emergency
P_001682,PHC_014,2025-03-13,2025-03-15,37,F,pneumonia,mild,2,OPD
P_001683,PHC_015,2025-03-13,2025-03-18,7,F,respiratory_infection,mild,5,emergency
P_001684,PHC_004,2025-03-14,2025-03-21,38,F,diabetes_complication,moderate,7,emergency
P_001685,PHC_011,2025-03-14,2025-03-16,17,M,gastroenteritis,mild,2,OPD
P_001686,PHC_012,2025-03-14,2025-03-19,43,F,respiratory_infection,mild,5,referral
P_001687,PHC_012,2025-03-14,2025-03-16,58,F,gastroenteritis,mild,2,emergency
P_001688,PHC_013,2025-03-14,2025-03-17,6,M,respiratory_infection,moderate,3,referral
P_001689,PHC_015,2025-03-14,2025-03-16,0,F,trauma_minor,moderate,2,referral
P_001690,PHC_015,2025-03-14,2025-03-17,60,F,diabetes_complication,mild,3,emergency
P_001691,PHC_008,2025-03-15,2025-03-18,69,F,respiratory_infection,moderate,3,OPD
P_001692,PHC_009,2025-03-15,2025-03-21,38,F,snakebite,mild,6,OPD
P_001693,PHC_009,2025-03-15,2025-03-23,1,F,dengue,mild,8,OPD
P_001694,PHC_012,2025-03-15,2025-03-18,60,F,trauma_minor,moderate,3,emergency
P_001695,PHC_014,2025-03-15,2025-03-18,40,F,respiratory_infection,moderate,3,OPD
P_001696,PHC_015,2025-03-15,2025-03-17,17,M,trauma_minor,mild,2,OPD
P_001697,PHC_001,2025-03-16,2025-03-19,57,F,respiratory_infection,moderate,3,emergency
P_001698,PHC_002,2025-03-16,2025-03-22,79,F,pneumonia,mild,6,referral
P_001699,PHC_004,2025-03-16,2025-03-18,21,M,respiratory_infection,critical,2,OPD
P_001700,PHC_007,2025-03-16,2025-03-24,69,M,snakebite,mild,8,OPD
P_001701,PHC_008,2025-03-16,2025-03-28,68,M,diabetes_complication,moderate,12,OPD
P_001702,PHC_009,2025-03-16,2025-03-19,7,M,respiratory_infection,mild,3,OPD
P_001703,PHC_009,2025-03-16,2025-03-19,21,F,malaria,moderate,3,OPD
P_001704,PHC_011,2025-03-16,2025-03-19,37,F,gastroenteritis,moderate,3,emergency
P_001705,PHC_011,2025-03-16,2025-03-26,65,M,dengue,moderate,10,OPD
P_001706,PHC_011,2025-03-16,2025-03-20,23,F,respiratory_infection,moderate,4,OPD
P_001707,PHC_011,2025-03-16,2025-03-22,49,F,respiratory_infection,moderate,6,OPD
P_001708,PHC_011,2025-03-16,2025-03-18,24,M,trauma_minor,mild,2,OPD
P_001709,PHC_011,2025-03-16,2025-03-19,23,F,gastroenteritis,mild,3,emergency
P_001710,PHC_011,2025-03-16,2025-03-19,38,F,respiratory_infection,mild,3,referral
P_001711,PHC_012,2025-03-16,2025-03-21,54,F,respiratory_infection,moderate,5,emergency
P_001712,PHC_015,2025-03-16,2025-03-19,14,F,malaria,mild,3,OPD
P_001713,PHC_002,2025-03-17,2025-03-19,50,M,gastroenteritis,mild,2,OPD
P_001714,PHC_002,2025-03-17,2025-03-19,32,M,respiratory_infection,critical,2,OPD
P_001715,PHC_002,2025-03-17,2025-03-21,20,F,respiratory_infection,moderate,4,OPD
P_001716,PHC_002,2025-03-17,2025-03-23,39,M,respiratory_infection,mild,6,referral
P_001717,PHC_004,2025-03-17,2025-03-26,35,F,diabetes_complication,mild,9,emergency
P_001718,PHC_006,2025-03-17,2025-03-20,42,F,other,mild,3,OPD
P_001719,PHC_008,2025-03-17,2025-03-22,7,F,respiratory_infection,critical,5,OPD
P_001720,PHC_008,2025-03-17,2025-03-24,22,M,pneumonia,moderate,7,referral
P_001721,PHC_008,2025-03-17,2025-03-19,39,M,respiratory_infection,mild,2,emergency
P_001722,PHC_008,2025-03-17,2025-03-23,15,M,respiratory_infection,mild,6,referral
P_001723,PHC_011,2025-03-17,2025-03-20,41,M,respiratory_infection,mild,3,referral
P_001724,PHC_014,2025-03-17,2025-03-21,18,F,respiratory_infection,moderate,4,OPD
P_001725,PHC_015,2025-03-17,2025-03-20,21,F,gastroenteritis,mild,3,OPD
P_001726,PHC_002,2025-03-18,2025-03-19,45,M,respiratory_infection,moderate,1,emergency
P_001727,PHC_004,2025-03-18,2025-03-21,25,M,maternal_delivery,moderate,3,OPD
P_001728,PHC_007,2025-03-18,2025-03-22,45,M,diabetes_complication,moderate,4,referral
P_001729,PHC_008,2025-03-18,2025-03-27,51,M,dengue,mild,9,referral
P_001730,PHC_008,2025-03-18,2025-03-22,26,F,respiratory_infection,critical,4,OPD
P_001731,PHC_009,2025-03-18,2025-03-22,45,M,diabetes_complication,mild,4,referral
P_001732,PHC_011,2025-03-18,2025-03-24,17,M,respiratory_infection,mild,6,referral
P_001733,PHC_011,2025-03-18,2025-03-19,69,F,trauma_minor,moderate,1,OPD
P_001734,PHC_015,2025-03-18,2025-03-21,81,M,malaria,moderate,3,emergency
P_001735,PHC_001,2025-03-19,2025-03-31,50,F,diabetes_complication,critical,12,OPD
P_001736,PHC_004,2025-03-19,2025-03-20,7,M,trauma_minor,moderate,1,OPD
P_001737,PHC_008,2025-03-19,2025-03-23,51,M,respiratory_infection,mild,4,referral
P_001738,PHC_010,2025-03-19,2025-03-28,43,F,pneumonia,moderate,9,OPD
P_001739,PHC_010,2025-03-19,2025-03-22,7,M,maternal_delivery,mild,3,OPD
P_001740,PHC_014,2025-03-19,2025-03-26,49,M,dengue,mild,7,OPD
P_001741,PHC_014,2025-03-19,2025-03-21,25,M,respiratory_infection,mild,2,OPD
P_001742,PHC_015,2025-03-19,2025-03-23,68,F,trauma_minor,moderate,4,OPD
P_001743,PHC_015,2025-03-19,2025-03-28,1,F,dengue,mild,9,referral
P_001744,PHC_002,2025-03-20,2025-03-21,36,M,respiratory_infection,mild,1,emergency
P_001745,PHC_003,2025-03-20,2025-03-31,43,M,diabetes_complication,moderate,11,emergency
P_001746,PHC_005,2025-03-20,2025-03-27,42,M,respiratory_infection,moderate,7,emergency
P_001747,PHC_008,2025-03-20,2025-03-27,11,M,snakebite,critical,7,emergency
P_001748,PHC_008,2025-03-20,2025-03-24,21,F,other,moderate,4,OPD
P_001749,PHC_011,2025-03-20,2025-03-25,76,F,respiratory_infection,critical,5,OPD
P_001750,PHC_012,2025-03-20,2025-03-26,51,F,malaria,moderate,6,emergency
P_001751,PHC_015,2025-03-20,2025-03-26,50,M,snakebite,moderate,6,OPD
P_001752,PHC_001,2025-03-21,2025-03-24,38,F,snakebite,moderate,3,OPD
P_001753,PHC_001,2025-03-21,2025-03-22,65,M,trauma_minor,moderate,1,OPD
P_001754,PHC_008,2025-03-21,2025-03-23,53,M,respiratory_infection,mild,2,emergency
P_001755,PHC_008,2025-03-21,2025-03-22,66,F,snakebite,moderate,1,referral
P_001756,PHC_011,2025-03-21,2025-03-24,21,F,respiratory_infection,moderate,3,emergency
P_001757,PHC_012,2025-03-21,2025-03-23,55,M,pneumonia,mild,2,referral
P_001758,PHC_015,2025-03-21,2025-03-23,38,F,snakebite,mild,2,OPD
P_001759,PHC_002,2025-03-22,2025-03-24,51,M,trauma_minor,mild,2,OPD
P_001760,PHC_002,2025-03-22,2025-03-25,45,M,trauma_minor,mild,3,OPD
P_001761,PHC_004,2025-03-22,2025-03-31,31,F,diabetes_complication,critical,9,referral
P_001762,PHC_006,2025-03-22,2025-03-25,66,F,other,moderate,3,emergency
P_001763,PHC_008,2025-03-22,2025-03-23,52,M,trauma_minor,mild,1,OPD
P_001764,PHC_008,2025-03-22,2025-03-26,49,M,respiratory_infection,mild,4,OPD
P_001765,PHC_011,2025-03-22,2025-03-26,69,M,respiratory_infection,moderate,4,emergency
P_001766,PHC_015,2025-03-22,2025-03-27,0,F,dengue,mild,5,OPD
P_001767,PHC_002,2025-03-23,2025-03-28,20,M,respiratory_infection,mild,5,emergency
P_001768,PHC_002,2025-03-23,2025-03-30,10,M,pneumonia,critical,7,OPD
P_001769,PHC_002,2025-03-23,2025-03-28,55,F,respiratory_infection,moderate,5,referral
P_001770,PHC_004,2025-03-23,2025-03-31,20,M,dengue,moderate,8,referral
P_001771,PHC_008,2025-03-23,2025-03-27,9,M,respiratory_infection,critical,4,referral
P_001772,PHC_011,2025-03-23,2025-03-27,26,M,respiratory_infection,moderate,4,emergency
P_001773,PHC_011,2025-03-23,2025-03-29,58,M,respiratory_infection,mild,6,referral
P_001774,PHC_011,2025-03-23,2025-03-28,43,F,pneumonia,mild,5,OPD
P_001775,PHC_011,2025-03-23,2025-03-26,43,F,gastroenteritis,mild,3,OPD
P_001776,PHC_011,2025-03-23,2025-03-28,40,M,respiratory_infection,moderate,5,OPD
P_001777,PHC_013,2025-03-23,2025-03-24,52,F,trauma_minor,mild,1,emergency
P_001778,PHC_014,2025-03-23,2025-03-26,29,F,respiratory_infection,mild,3,emergency
P_001779,PHC_014,2025-03-23,2025-03-29,37,M,respiratory_infection,critical,6,emergency
P_001780,PHC_001,2025-03-24,2025-03-25,59,M,trauma_minor,moderate,1,referral
P_001781,PHC_002,2025-03-24,2025-03-30,25,M,other,mild,6,OPD
P_001782,PHC_002,2025-03-24,2025-03-31,46,F,respiratory_infection,mild,7,OPD
P_001783,PHC_004,2025-03-24,2025-03-28,35,M,malaria,mild,4,emergency
P_001784,PHC_004,2025-03-24,2025-03-31,70,F,malaria,mild,7,OPD
P_001785,PHC_008,2025-03-24,2025-03-28,24,F,pneumonia,moderate,4,OPD
P_001786,PHC_008,2025-03-24,2025-03-29,24,M,dengue,moderate,5,emergency
P_001787,PHC_011,2025-03-24,2025-03-26,63,F,gastroenteritis,mild,2,OPD
P_001788,PHC_012,2025-03-24,2025-04-04,18,F,dengue,mild,11,emergency
P_001789,PHC_013,2025-03-24,2025-03-28,35,M,pneumonia,mild,4,emergency
P_001790,PHC_013,2025-03-24,2025-03-25,62,F,maternal_delivery,mild,1,OPD
P_001791,PHC_014,2025-03-24,2025-03-26,22,F,respiratory_infection,mild,2,referral
P_001792,PHC_014,2025-03-24,2025-03-28,20,F,respiratory_infection,moderate,4,OPD
P_001793,PHC_001,2025-03-25,2025-03-31,58,F,dengue,mild,6,referral
P_001794,PHC_003,2025-03-25,2025-03-31,50,M,pneumonia,mild,6,OPD
P_001795,PHC_004,2025-03-25,2025-03-28,53,F,respiratory_infection,moderate,3,emergency
P_001796,PHC_006,2025-03-25,2025-03-26,50,F,other,mild,1,emergency
P_001797,PHC_008,2025-03-25,2025-03-28,29,F,respiratory_infection,moderate,3,OPD
P_001798,PHC_008,2025-03-25,2025-03-31,21,F,diabetes_complication,moderate,6,OPD
P_001799,PHC_009,2025-03-25,2025-03-30,62,M,other,moderate,5,OPD
P_001800,PHC_009,2025-03-25,2025-03-26,0,F,maternal_delivery,mild,1,OPD
P_001801,PHC_009,2025-03-25,2025-03-28,21,M,snakebite,moderate,3,emergency
P_001802,PHC_009,2025-03-25,2025-04-03,63,M,dengue,moderate,9,emergency
P_001803,PHC_011,2025-03-25,2025-03-28,41,F,gastroenteritis,mild,3,emergency
P_001804,PHC_011,2025-03-25,2025-03-26,21,M,trauma_minor,moderate,1,referral
P_001805,PHC_002,2025-03-26,2025-03-30,41,M,respiratory_infection,mild,4,referral
P_001806,PHC_002,2025-03-26,2025-04-01,49,M,respiratory_infection,mild,6,OPD
P_001807,PHC_002,2025-03-26,2025-03-30,52,F,gastroenteritis,mild,4,OPD
P_001808,PHC_005,2025-03-26,2025-03-30,32,F,malaria,mild,4,OPD
P_001809,PHC_005,2025-03-26,2025-03-28,54,F,pneumonia,mild,2,referral
P_001810,PHC_005,2025-03-26,2025-03-31,46,M,respiratory_infection,moderate,5,OPD
P_001811,PHC_007,2025-03-26,2025-03-29,39,M,respiratory_infection,critical,3,OPD
P_001812,PHC_008,2025-03-26,2025-03-29,30,M,respiratory_infection,mild,3,OPD
P_001813,PHC_009,2025-03-26,2025-03-27,25,F,trauma_minor,mild,1,emergency
P_001814,PHC_015,2025-03-26,2025-03-30,32,M,pneumonia,mild,4,OPD
P_001815,PHC_002,2025-03-27,2025-04-01,51,M,respiratory_infection,critical,5,referral
P_001816,PHC_002,2025-03-27,2025-04-03,33,F,snakebite,moderate,7,emergency
P_001817,PHC_002,2025-03-27,2025-03-30,33,M,snakebite,moderate,3,OPD
P_001818,PHC_004,2025-03-27,2025-03-28,27,M,trauma_minor,mild,1,OPD
P_001819,PHC_008,2025-03-27,2025-03-29,82,F,respiratory_infection,mild,2,OPD
P_001820,PHC_011,2025-03-27,2025-03-30,66,M,respiratory_infection,mild,3,OPD
P_001821,PHC_011,2025-03-27,2025-03-29,69,M,maternal_delivery,mild,2,OPD
P_001822,PHC_012,2025-03-27,2025-03-31,70,M,pneumonia,mild,4,emergency
P_001823,PHC_014,2025-03-27,2025-04-01,50,M,malaria,moderate,5,OPD
P_001824,PHC_014,2025-03-27,2025-03-31,16,M,snakebite,mild,4,OPD
P_001825,PHC_001,2025-03-28,2025-04-03,61,F,dengue,moderate,6,OPD
P_001826,PHC_005,2025-03-28,2025-03-31,36,M,maternal_delivery,critical,3,emergency
P_001827,PHC_005,2025-03-28,2025-03-31,19,F,respiratory_infection,moderate,3,referral
P_001828,PHC_007,2025-03-28,2025-03-31,45,F,snakebite,mild,3,referral
P_001829,PHC_008,2025-03-28,2025-03-31,35,F,respiratory_infection,moderate,3,emergency
P_001830,PHC_009,2025-03-28,2025-03-29,42,F,trauma_minor,moderate,1,OPD
P_001831,PHC_009,2025-03-28,2025-03-31,17,M,trauma_minor,mild,3,OPD
P_001832,PHC_011,2025-03-28,2025-04-03,23,M,diabetes_complication,moderate,6,OPD
P_001833,PHC_012,2025-03-28,2025-04-06,42,M,dengue,mild,9,OPD
P_001834,PHC_014,2025-03-28,2025-04-08,28,F,diabetes_complication,critical,11,emergency
P_001835,PHC_015,2025-03-28,2025-04-03,84,M,dengue,mild,6,OPD
P_001836,PHC_015,2025-03-28,2025-03-30,53,M,maternal_delivery,critical,2,emergency
P_001837,PHC_001,2025-03-29,2025-03-30,38,F,maternal_delivery,critical,1,OPD
P_001838,PHC_004,2025-03-29,2025-04-02,8,F,pneumonia,moderate,4,referral
P_001839,PHC_007,2025-03-29,2025-04-04,12,F,malaria,moderate,6,referral
P_001840,PHC_008,2025-03-29,2025-04-03,2,M,respiratory_infection,mild,5,OPD
P_001841,PHC_008,2025-03-29,2025-04-01,47,M,respiratory_infection,mild,3,OPD
P_001842,PHC_009,2025-03-29,2025-04-11,0,M,diabetes_complication,moderate,13,emergency
P_001843,PHC_010,2025-03-29,2025-04-02,43,M,snakebite,critical,4,referral
P_001844,PHC_010,2025-03-29,2025-03-30,67,M,trauma_minor,critical,1,OPD
P_001845,PHC_011,2025-03-29,2025-04-02,27,M,pneumonia,moderate,4,emergency
P_001846,PHC_002,2025-03-30,2025-04-01,49,M,other,moderate,2,OPD
P_001847,PHC_002,2025-03-30,2025-04-04,31,M,respiratory_infection,moderate,5,emergency
P_001848,PHC_002,2025-03-30,2025-04-01,54,F,respiratory_infection,moderate,2,emergency
P_001849,PHC_002,2025-03-30,2025-04-04,55,F,respiratory_infection,moderate,5,emergency
P_001850,PHC_003,2025-03-30,2025-04-04,34,F,pneumonia,mild,5,OPD
P_001851,PHC_005,2025-03-30,2025-04-03,19,F,respiratory_infection,moderate,4,OPD
P_001852,PHC_006,2025-03-30,2025-04-03,13,F,snakebite,critical,4,OPD
P_001853,PHC_011,2025-03-30,2025-04-04,36,M,dengue,moderate,5,OPD
P_001854,PHC_011,2025-03-30,2025-04-06,46,F,respiratory_infection,moderate,7,OPD
P_001855,PHC_014,2025-03-30,2025-04-04,39,M,snakebite,critical,5,referral
P_001856,PHC_014,2025-03-30,2025-04-04,26,M,respiratory_infection,mild,5,OPD
P_001857,PHC_014,2025-03-30,2025-04-02,41,F,dengue,mild,3,OPD
P_001858,PHC_007,2025-03-31,2025-04-04,71,F,malaria,moderate,4,OPD
P_001859,PHC_008,2025-03-31,2025-04-04,2,M,respiratory_infection,mild,4,referral
P_001860,PHC_009,2025-03-31,2025-04-08,0,M,dengue,moderate,8,OPD
P_001861,PHC_010,2025-03-31,2025-04-05,18,F,pneumonia,mild,5,OPD
P_001862,PHC_011,2025-03-31,2025-04-07,19,M,respiratory_infection,mild,7,referral
P_001863,PHC_012,2025-03-31,2025-04-03,8,M,maternal_delivery,critical,3,referral
P_001864,PHC_012,2025-03-31,2025-04-06,14,M,malaria,mild,6,emergency
P_001865,PHC_014,2025-03-31,2025-04-03,25,F,gastroenteritis,mild,3,OPD
P_001866,PHC_015,2025-03-31,2025-04-02,39,F,trauma_minor,mild,2,OPD
P_001867,PHC_001,2025-04-01,2025-04-04,68,M,gastroenteritis,mild,3,emergency
P_001868,PHC_002,2025-04-01,2025-04-04,33,F,respiratory_infection,mild,3,referral
P_001869,PHC_006,2025-04-01,2025-04-05,37,M,respiratory_infection,mild,4,emergency
P_001870,PHC_008,2025-04-01,2025-04-07,76,F,malaria,moderate,6,OPD
P_001871,PHC_008,2025-04-01,2025-04-04,32,F,diabetes_complication,mild,3,referral
P_001872,PHC_008,2025-04-01,2025-04-07,68,F,respiratory_infection,mild,6,referral
P_001873,PHC_015,2025-04-01,2025-04-07,40,M,respiratory_infection,mild,6,referral
P_001874,PHC_002,2025-04-02,2025-04-04,30,M,respiratory_infection,mild,2,OPD
P_001875,PHC_002,2025-04-02,2025-04-07,0,F,respiratory_infection,mild,5,emergency
P_001876,PHC_004,2025-04-02,2025-04-15,52,M,dengue,moderate,13,OPD
P_001877,PHC_004,2025-04-02,2025-04-06,50,M,other,mild,4,emergency
P_001878,PHC_007,2025-04-02,2025-04-05,25,F,malaria,critical,3,emergency
P_001879,PHC_008,2025-04-02,2025-04-06,35,F,respiratory_infection,mild,4,emergency
P_001880,PHC_008,2025-04-02,2025-04-04,32,M,maternal_delivery,mild,2,OPD
P_001881,PHC_008,2025-04-02,2025-04-05,33,F,maternal_delivery,moderate,3,emergency
P_001882,PHC_011,2025-04-02,2025-04-06,21,M,other,moderate,4,referral
P_001883,PHC_011,2025-04-02,2025-04-09,36,F,respiratory_infection,critical,7,emergency
P_001884,PHC_011,2025-04-02,2025-04-04,35,F,maternal_delivery,mild,2,referral
P_001885,PHC_013,2025-04-02,2025-04-07,0,M,respiratory_infection,mild,5,OPD
P_001886,PHC_013,2025-04-02,2025-04-06,25,M,snakebite,mild,4,OPD
P_001887,PHC_015,2025-04-02,2025-04-04,81,F,trauma_minor,moderate,2,OPD
P_001888,PHC_015,2025-04-02,2025-04-06,58,M,other,moderate,4,OPD
P_001889,PHC_001,2025-04-03,2025-04-05,39,M,other,mild,2,OPD
P_001890,PHC_002,2025-04-03,2025-04-07,16,F,snakebite,critical,4,referral
P_001891,PHC_002,2025-04-03,2025-04-05,53,F,snakebite,mild,2,OPD
P_001892,PHC_003,2025-04-03,2025-04-08,3,M,respiratory_infection,mild,5,emergency
P_001893,PHC_004,2025-04-03,2025-04-08,45,M,snakebite,moderate,5,emergency
P_001894,PHC_004,2025-04-03,2025-04-04,66,F,maternal_delivery,mild,1,OPD
P_001895,PHC_011,2025-04-03,2025-04-06,94,F,respiratory_infection,mild,3,OPD
P_001896,PHC_014,2025-04-03,2025-04-07,23,M,respiratory_infection,mild,4,emergency
P_001897,PHC_014,2025-04-03,2025-04-05,32,M,respiratory_infection,moderate,2,emergency
P_001898,PHC_015,2025-04-03,2025-04-08,48,F,pneumonia,moderate,5,OPD
P_001899,PHC_004,2025-04-04,2025-04-08,56,M,respiratory_infection,moderate,4,OPD
P_001900,PHC_004,2025-04-04,2025-04-07,40,F,trauma_minor,mild,3,OPD
P_001901,PHC_008,2025-04-04,2025-04-10,39,M,respiratory_infection,critical,6,emergency
P_001902,PHC_008,2025-04-04,2025-04-09,55,M,respiratory_infection,mild,5,referral
P_001903,PHC_011,2025-04-04,2025-04-05,24,M,trauma_minor,mild,1,emergency
P_001904,PHC_011,2025-04-04,2025-04-06,50,F,maternal_delivery,moderate,2,OPD
P_001905,PHC_015,2025-04-04,2025-04-07,46,F,malaria,mild,3,emergency
P_001906,PHC_004,2025-04-05,2025-04-13,80,F,diabetes_complication,moderate,8,referral
P_001907,PHC_004,2025-04-05,2025-04-09,50,F,respiratory_infection,mild,4,emergency
P_001908,PHC_008,2025-04-05,2025-04-08,25,F,gastroenteritis,mild,3,OPD
P_001909,PHC_009,2025-04-05,2025-04-07,3,F,gastroenteritis,moderate,2,OPD
P_001910,PHC_011,2025-04-05,2025-04-08,49,M,respiratory_infection,mild,3,referral
P_001911,PHC_011,2025-04-05,2025-04-10,40,F,respiratory_infection,mild,5,OPD
P_001912,PHC_011,2025-04-05,2025-04-10,48,F,respiratory_infection,moderate,5,emergency
P_001913,PHC_011,2025-04-05,2025-04-10,25,M,other,mild,5,OPD
P_001914,PHC_011,2025-04-05,2025-04-08,64,M,diabetes_complication,mild,3,OPD
P_001915,PHC_011,2025-04-05,2025-04-07,63,F,respiratory_infection,mild,2,emergency
P_001916,PHC_011,2025-04-05,2025-04-11,39,M,respiratory_infection,mild,6,referral
P_001917,PHC_013,2025-04-05,2025-04-09,56,M,malaria,moderate,4,referral
P_001918,PHC_014,2025-04-05,2025-04-10,53,F,respiratory_infection,mild,5,OPD
P_001919,PHC_001,2025-04-06,2025-04-10,30,M,dengue,mild,4,OPD
P_001920,PHC_003,2025-04-06,2025-04-08,85,M,other,moderate,2,OPD
P_001921,PHC_005,2025-04-06,2025-04-10,34,F,respiratory_infection,moderate,4,OPD
P_001922,PHC_009,2025-04-06,2025-04-10,31,M,respiratory_infection,mild,4,emergency
P_001923,PHC_010,2025-04-06,2025-04-07,39,F,maternal_delivery,mild,1,OPD
P_001924,PHC_011,2025-04-06,2025-04-12,47,F,respiratory_infection,moderate,6,emergency
P_001925,PHC_011,2025-04-06,2025-04-08,64,F,respiratory_infection,mild,2,referral
P_001926,PHC_011,2025-04-06,2025-04-13,56,F,snakebite,mild,7,OPD
P_001927,PHC_011,2025-04-06,2025-04-09,41,M,respiratory_infection,moderate,3,OPD
P_001928,PHC_011,2025-04-06,2025-04-07,58,M,respiratory_infection,mild,1,referral
P_001929,PHC_011,2025-04-06,2025-04-10,26,M,respiratory_infection,mild,4,OPD
P_001930,PHC_012,2025-04-06,2025-04-09,68,F,snakebite,critical,3,OPD
P_001931,PHC_012,2025-04-06,2025-04-11,37,M,diabetes_complication,mild,5,referral
P_001932,PHC_013,2025-04-06,2025-04-09,41,F,malaria,critical,3,referral
P_001933,PHC_002,2025-04-07,2025-04-13,26,F,pneumonia,mild,6,emergency
P_001934,PHC_005,2025-04-07,2025-04-10,57,M,maternal_delivery,moderate,3,OPD
P_001935,PHC_006,2025-04-07,2025-04-11,54,F,malaria,critical,4,OPD
P_001936,PHC_008,2025-04-07,2025-04-13,30,F,respiratory_infection,critical,6,OPD
P_001937,PHC_008,2025-04-07,2025-04-12,50,M,dengue,moderate,5,emergency
P_001938,PHC_008,2025-04-07,2025-04-12,51,F,respiratory_infection,moderate,5,OPD
P_001939,PHC_009,2025-04-07,2025-04-15,0,M,diabetes_complication,mild,8,OPD
P_001940,PHC_011,2025-04-07,2025-04-12,31,F,respiratory_infection,critical,5,OPD
P_001941,PHC_011,2025-04-07,2025-04-12,11,F,respiratory_infection,mild,5,emergency
P_001942,PHC_011,2025-04-07,2025-04-10,24,F,maternal_delivery,mild,3,emergency
P_001943,PHC_011,2025-04-07,2025-04-12,26,M,respiratory_infection,moderate,5,OPD
P_001944,PHC_011,2025-04-07,2025-04-12,61,M,respiratory_infection,mild,5,OPD
P_001945,PHC_012,2025-04-07,2025-04-08,62,F,malaria,mild,1,OPD
P_001946,PHC_015,2025-04-07,2025-04-12,89,F,respiratory_infection,mild,5,referral
P_001947,PHC_001,2025-04-08,2025-04-12,29,M,gastroenteritis,mild,4,emergency
P_001948,PHC_007,2025-04-08,2025-04-09,42,M,trauma_minor,moderate,1,OPD
P_001949,PHC_011,2025-04-08,2025-04-10,56,F,other,mild,2,OPD
P_001950,PHC_015,2025-04-08,2025-04-11,32,M,maternal_delivery,mild,3,referral
P_001951,PHC_002,2025-04-09,2025-04-11,48,M,trauma_minor,mild,2,referral
P_001952,PHC_011,2025-04-09,2025-04-12,30,F,other,mild,3,OPD
P_001953,PHC_015,2025-04-09,2025-04-15,32,M,diabetes_complication,moderate,6,referral
P_001954,PHC_015,2025-04-09,2025-04-13,39,M,trauma_minor,mild,4,emergency
P_001955,PHC_015,2025-04-09,2025-04-14,22,M,dengue,mild,5,OPD
P_001956,PHC_002,2025-04-10,2025-04-14,42,F,gastroenteritis,mild,4,emergency
P_001957,PHC_004,2025-04-10,2025-04-12,36,F,trauma_minor,moderate,2,emergency
P_001958,PHC_006,2025-04-10,2025-04-12,75,M,snakebite,moderate,2,OPD
P_001959,PHC_008,2025-04-10,2025-04-13,37,F,trauma_minor,mild,3,OPD
P_001960,PHC_009,2025-04-10,2025-04-17,21,F,pneumonia,moderate,7,referral
P_001961,PHC_009,2025-04-10,2025-04-13,52,M,trauma_minor,moderate,3,referral
P_001962,PHC_012,2025-04-10,2025-04-18,33,M,diabetes_complication,mild,8,referral
P_001963,PHC_004,2025-04-11,2025-04-13,27,F,pneumonia,moderate,2,emergency
P_001964,PHC_006,2025-04-11,2025-04-14,66,M,snakebite,mild,3,emergency
P_001965,PHC_006,2025-04-11,2025-04-15,39,F,malaria,mild,4,emergency
P_001966,PHC_008,2025-04-11,2025-04-15,5,M,snakebite,moderate,4,referral
P_001967,PHC_009,2025-04-11,2025-04-18,51,F,dengue,mild,7,referral
P_001968,PHC_010,2025-04-11,2025-04-13,51,F,respiratory_infection,mild,2,emergency
P_001969,PHC_011,2025-04-11,2025-04-13,67,F,gastroenteritis,moderate,2,OPD
P_001970,PHC_012,2025-04-11,2025-04-15,36,F,gastroenteritis,mild,4,OPD
P_001971,PHC_013,2025-04-11,2025-04-14,0,F,gastroenteritis,critical,3,referral
P_001972,PHC_015,2025-04-11,2025-04-14,44,F,malaria,mild,3,OPD
P_001973,PHC_001,2025-04-12,2025-04-17,10,F,pneumonia,mild,5,OPD
P_001974,PHC_002,2025-04-12,2025-04-15,0,F,other,mild,3,OPD
P_001975,PHC_004,2025-04-12,2025-04-18,43,M,respiratory_infection,moderate,6,OPD
P_001976,PHC_009,2025-04-12,2025-04-18,41,M,pneumonia,mild,6,OPD
P_001977,PHC_010,2025-04-12,2025-04-13,0,M,maternal_delivery,mild,1,OPD
P_001978,PHC_013,2025-04-12,2025-04-15,42,M,trauma_minor,mild,3,OPD
P_001979,PHC_015,2025-04-12,2025-04-18,15,F,pneumonia,mild,6,OPD
P_001980,PHC_008,2025-04-13,2025-04-19,49,F,snakebite,mild,6,OPD
P_001981,PHC_009,2025-04-13,2025-04-19,23,M,diabetes_complication,mild,6,OPD
P_001982,PHC_010,2025-04-13,2025-04-15,53,M,maternal_delivery,mild,2,OPD
P_001983,PHC_010,2025-04-13,2025-04-17,59,M,diabetes_complication,moderate,4,emergency
P_001984,PHC_011,2025-04-13,2025-04-22,44,M,pneumonia,mild,9,OPD
P_001985,PHC_015,2025-04-13,2025-04-14,63,M,maternal_delivery,mild,1,OPD
P_001986,PHC_001,2025-04-14,2025-04-21,31,M,diabetes_complication,mild,7,OPD
P_001987,PHC_002,2025-04-14,2025-04-15,28,F,other,mild,1,emergency
P_001988,PHC_007,2025-04-14,2025-04-15,16,F,pneumonia,mild,1,emergency
P_001989,PHC_010,2025-04-14,2025-04-17,63,M,respiratory_infection,critical,3,referral
P_001990,PHC_010,2025-04-14,2025-04-18,38,F,malaria,moderate,4,emergency
P_001991,PHC_011,2025-04-14,2025-04-20,50,F,dengue,mild,6,referral
P_001992,PHC_011,2025-04-14,2025-04-17,61,F,respiratory_infection,mild,3,OPD
P_001993,PHC_013,2025-04-14,2025-04-17,65,M,diabetes_complication,moderate,3,OPD
P_001994,PHC_013,2025-04-14,2025-04-18,29,M,malaria,mild,4,OPD
P_001995,PHC_004,2025-04-15,2025-04-17,31,M,trauma_minor,moderate,2,OPD
P_001996,PHC_004,2025-04-15,2025-04-17,33,F,other,mild,2,OPD
P_001997,PHC_005,2025-04-15,2025-04-19,39,M,malaria,mild,4,OPD
P_001998,PHC_005,2025-04-15,2025-04-18,35,F,respiratory_infection,mild,3,referral
P_001999,PHC_008,2025-04-15,2025-04-17,18,M,gastroenteritis,moderate,2,OPD
P_002000,PHC_011,2025-04-15,2025-04-16,43,M,trauma_minor,mild,1,OPD
P_002001,PHC_011,2025-04-15,2025-04-23,11,F,dengue,moderate,8,OPD
P_002002,PHC_013,2025-04-15,2025-04-21,92,F,snakebite,mild,6,OPD
P_002003,PHC_004,2025-04-16,2025-04-18,35,F,trauma_minor,moderate,2,emergency
P_002004,PHC_004,2025-04-16,2025-04-20,42,F,other,critical,4,OPD
P_002005,PHC_005,2025-04-16,2025-04-17,16,M,trauma_minor,moderate,1,OPD
P_002006,PHC_007,2025-04-16,2025-04-19,1,F,dengue,mild,3,OPD
P_002007,PHC_007,2025-04-16,2025-04-18,56,M,maternal_delivery,moderate,2,OPD
P_002008,PHC_011,2025-04-16,2025-04-21,65,F,diabetes_complication,mild,5,OPD
P_002009,PHC_012,2025-04-16,2025-04-18,33,F,other,moderate,2,referral
P_002010,PHC_004,2025-04-17,2025-04-23,24,F,diabetes_complication,mild,6,emergency
P_002011,PHC_008,2025-04-17,2025-04-19,41,M,respiratory_infection,mild,2,OPD
P_002012,PHC_012,2025-04-17,2025-04-18,60,F,maternal_delivery,moderate,1,emergency
P_002013,PHC_013,2025-04-17,2025-04-22,33,F,other,mild,5,OPD
P_002014,PHC_013,2025-04-17,2025-04-23,36,F,diabetes_complication,mild,6,emergency
P_002015,PHC_015,2025-04-17,2025-04-20,50,M,gastroenteritis,critical,3,referral
P_002016,PHC_004,2025-04-18,2025-04-24,45,M,pneumonia,mild,6,OPD
P_002017,PHC_009,2025-04-18,2025-04-24,41,M,snakebite,mild,6,emergency
P_002018,PHC_011,2025-04-18,2025-04-21,46,F,gastroenteritis,mild,3,OPD
P_002019,PHC_012,2025-04-18,2025-04-22,31,F,diabetes_complication,moderate,4,OPD
P_002020,PHC_013,2025-04-18,2025-04-20,36,F,gastroenteritis,mild,2,emergency
P_002021,PHC_015,2025-04-18,2025-04-23,32,M,other,critical,5,referral
P_002022,PHC_001,2025-04-19,2025-04-21,39,M,maternal_delivery,moderate,2,referral
P_002023,PHC_004,2025-04-19,2025-04-21,47,F,dengue,moderate,2,OPD
P_002024,PHC_005,2025-04-19,2025-04-21,29,F,other,mild,2,OPD
P_002025,PHC_006,2025-04-19,2025-04-22,29,M,other,critical,3,emergency
P_002026,PHC_007,2025-04-19,2025-04-23,87,M,respiratory_infection,moderate,4,referral
P_002027,PHC_008,2025-04-19,2025-04-22,47,M,malaria,mild,3,OPD
P_002028,PHC_011,2025-04-19,2025-04-22,41,M,pneumonia,moderate,3,OPD
P_002029,PHC_011,2025-04-19,2025-04-21,42,F,trauma_minor,moderate,2,OPD
P_002030,PHC_011,2025-04-19,2025-04-20,67,M,malaria,critical,1,OPD
P_002031,PHC_011,2025-04-19,2025-04-21,37,F,gastroenteritis,mild,2,OPD
P_002032,PHC_012,2025-04-19,2025-04-21,35,M,gastroenteritis,mild,2,OPD
P_002033,PHC_012,2025-04-19,2025-04-21,24,F,maternal_delivery,mild,2,emergency
P_002034,PHC_012,2025-04-19,2025-04-20,18,M,maternal_delivery,moderate,1,referral
P_002035,PHC_014,2025-04-19,2025-04-21,13,M,maternal_delivery,mild,2,OPD
P_002036,PHC_006,2025-04-20,2025-04-23,20,F,trauma_minor,moderate,3,emergency
P_002037,PHC_008,2025-04-20,2025-04-23,31,M,other,mild,3,OPD
P_002038,PHC_010,2025-04-20,2025-04-26,41,M,pneumonia,critical,6,emergency
P_002039,PHC_011,2025-04-20,2025-04-23,40,F,gastroenteritis,mild,3,emergency
P_002040,PHC_013,2025-04-20,2025-04-24,14,M,other,moderate,4,emergency
P_002041,PHC_013,2025-04-20,2025-04-21,68,M,maternal_delivery,moderate,1,OPD
P_002042,PHC_014,2025-04-20,2025-04-27,49,M,diabetes_complication,mild,7,OPD
P_002043,PHC_015,2025-04-20,2025-04-27,56,M,diabetes_complication,mild,7,OPD
P_002044,PHC_001,2025-04-21,2025-04-24,27,M,gastroenteritis,critical,3,referral
P_002045,PHC_002,2025-04-21,2025-04-23,47,M,respiratory_infection,moderate,2,OPD
P_002046,PHC_004,2025-04-21,2025-05-01,58,M,dengue,mild,10,OPD
P_002047,PHC_004,2025-04-21,2025-04-23,42,M,malaria,critical,2,referral
P_002048,PHC_004,2025-04-21,2025-04-25,41,M,pneumonia,moderate,4,emergency
P_002049,PHC_005,2025-04-21,2025-04-23,33,F,maternal_delivery,moderate,2,OPD
P_002050,PHC_009,2025-04-21,2025-04-25,30,F,diabetes_complication,moderate,4,emergency
P_002051,PHC_013,2025-04-21,2025-04-24,33,M,gastroenteritis,moderate,3,referral
P_002052,PHC_013,2025-04-21,2025-04-23,14,M,gastroenteritis,mild,2,referral
P_002053,PHC_004,2025-04-22,2025-05-01,86,F,pneumonia,mild,9,emergency
P_002054,PHC_006,2025-04-22,2025-04-23,48,F,trauma_minor,mild,1,referral
P_002055,PHC_009,2025-04-22,2025-04-28,39,F,snakebite,mild,6,OPD
P_002056,PHC_011,2025-04-22,2025-05-02,39,M,diabetes_complication,mild,10,referral
P_002057,PHC_011,2025-04-22,2025-04-24,49,M,other,mild,2,OPD
P_002058,PHC_015,2025-04-22,2025-05-07,53,M,diabetes_complication,critical,15,OPD
P_002059,PHC_001,2025-04-23,2025-04-24,8,M,trauma_minor,mild,1,referral
P_002060,PHC_003,2025-04-23,2025-04-28,31,M,malaria,critical,5,OPD
P_002061,PHC_004,2025-04-23,2025-04-27,73,F,snakebite,mild,4,OPD
P_002062,PHC_006,2025-04-23,2025-04-26,34,F,trauma_minor,mild,3,OPD
P_002063,PHC_006,2025-04-23,2025-04-27,37,M,malaria,mild,4,OPD
P_002064,PHC_007,2025-04-23,2025-04-26,64,M,dengue,critical,3,referral
P_002065,PHC_011,2025-04-23,2025-04-29,20,F,snakebite,mild,6,emergency
P_002066,PHC_011,2025-04-23,2025-04-29,13,F,pneumonia,mild,6,OPD
P_002067,PHC_012,2025-04-23,2025-04-28,46,F,dengue,mild,5,OPD
P_002068,PHC_002,2025-04-24,2025-04-27,55,F,gastroenteritis,moderate,3,OPD
P_002069,PHC_004,2025-04-24,2025-04-27,17,F,trauma_minor,mild,3,OPD
P_002070,PHC_004,2025-04-24,2025-04-30,44,M,snakebite,mild,6,referral
P_002071,PHC_006,2025-04-24,2025-04-25,43,F,maternal_delivery,mild,1,OPD
P_002072,PHC_007,2025-04-24,2025-04-28,0,F,malaria,moderate,4,OPD
P_002073,PHC_008,2025-04-24,2025-04-27,32,F,snakebite,critical,3,referral
P_002074,PHC_008,2025-04-24,2025-04-27,20,F,diabetes_complication,moderate,3,emergency
P_002075,PHC_009,2025-04-24,2025-04-30,54,M,pneumonia,moderate,6,OPD
P_002076,PHC_011,2025-04-24,2025-04-28,43,M,pneumonia,moderate,4,referral
P_002077,PHC_011,2025-04-24,2025-04-30,36,F,dengue,mild,6,OPD
P_002078,PHC_011,2025-04-24,2025-04-28,46,F,diabetes_complication,mild,4,OPD
P_002079,PHC_013,2025-04-24,2025-04-25,0,F,maternal_delivery,mild,1,OPD
P_002080,PHC_015,2025-04-24,2025-04-30,36,M,diabetes_complication,moderate,6,OPD
P_002081,PHC_003,2025-04-25,2025-04-29,20,F,snakebite,mild,4,emergency
P_002082,PHC_008,2025-04-25,2025-04-29,0,F,other,mild,4,referral
P_002083,PHC_008,2025-04-25,2025-04-27,8,F,maternal_delivery,moderate,2,OPD
P_002084,PHC_010,2025-04-25,2025-04-28,13,M,pneumonia,moderate,3,emergency
P_002085,PHC_010,2025-04-25,2025-04-27,45,M,maternal_delivery,mild,2,emergency
P_002086,PHC_011,2025-04-25,2025-04-28,0,F,maternal_delivery,mild,3,OPD
P_002087,PHC_011,2025-04-25,2025-04-27,50,M,dengue,moderate,2,OPD
P_002088,PHC_012,2025-04-25,2025-04-29,73,F,respiratory_infection,moderate,4,OPD
P_002089,PHC_013,2025-04-25,2025-05-04,0,F,diabetes_complication,moderate,9,OPD
P_002090,PHC_006,2025-04-26,2025-04-28,48,M,maternal_delivery,mild,2,emergency
P_002091,PHC_009,2025-04-26,2025-04-28,50,M,gastroenteritis,mild,2,OPD
P_002092,PHC_009,2025-04-26,2025-04-27,40,F,other,moderate,1,referral
P_002093,PHC_013,2025-04-26,2025-04-29,30,M,gastroenteritis,moderate,3,emergency
P_002094,PHC_002,2025-04-27,2025-05-02,19,F,pneumonia,critical,5,emergency
P_002095,PHC_004,2025-04-27,2025-05-06,55,M,diabetes_complication,moderate,9,OPD
P_002096,PHC_004,2025-04-27,2025-05-03,38,F,malaria,moderate,6,emergency
P_002097,PHC_004,2025-04-27,2025-05-01,45,F,malaria,mild,4,OPD
P_002098,PHC_007,2025-04-27,2025-04-29,0,F,dengue,mild,2,OPD
P_002099,PHC_008,2025-04-27,2025-04-29,42,M,maternal_delivery,mild,2,OPD
P_002100,PHC_009,2025-04-27,2025-04-28,56,F,respiratory_infection,moderate,1,referral
P_002101,PHC_012,2025-04-27,2025-05-03,37,F,respiratory_infection,mild,6,emergency
P_002102,PHC_015,2025-04-27,2025-05-01,67,M,dengue,mild,4,referral
P_002103,PHC_015,2025-04-27,2025-05-01,25,M,malaria,mild,4,OPD
P_002104,PHC_002,2025-04-28,2025-04-30,21,M,maternal_delivery,mild,2,OPD
P_002105,PHC_008,2025-04-28,2025-04-29,25,F,other,mild,1,OPD
P_002106,PHC_008,2025-04-28,2025-04-30,15,F,maternal_delivery,mild,2,OPD
P_002107,PHC_010,2025-04-28,2025-05-03,31,M,dengue,moderate,5,OPD
P_002108,PHC_011,2025-04-28,2025-05-01,49,M,respiratory_infection,moderate,3,OPD
P_002109,PHC_011,2025-04-28,2025-05-02,44,M,respiratory_infection,mild,4,OPD
P_002110,PHC_013,2025-04-28,2025-05-01,46,M,snakebite,critical,3,emergency
P_002111,PHC_015,2025-04-28,2025-05-01,29,F,malaria,moderate,3,referral
P_002112,PHC_004,2025-04-29,2025-05-04,19,M,pneumonia,mild,5,emergency
P_002113,PHC_008,2025-04-29,2025-05-03,11,M,pneumonia,mild,4,OPD
P_002114,PHC_008,2025-04-29,2025-05-02,15,M,respiratory_infection,moderate,3,OPD
P_002115,PHC_011,2025-04-29,2025-05-02,40,M,respiratory_infection,moderate,3,emergency
P_002116,PHC_011,2025-04-29,2025-05-04,18,F,gastroenteritis,critical,5,OPD
P_002117,PHC_011,2025-04-29,2025-05-08,28,F,dengue,moderate,9,emergency
P_002118,PHC_013,2025-04-29,2025-05-01,36,M,diabetes_complication,mild,2,emergency
P_002119,PHC_013,2025-04-29,2025-05-05,57,M,dengue,mild,6,emergency
P_002120,PHC_015,2025-04-29,2025-05-03,82,M,pneumonia,mild,4,OPD
P_002121,PHC_002,2025-04-30,2025-05-07,2,F,pneumonia,mild,7,OPD
P_002122,PHC_011,2025-04-30,2025-05-03,23,M,trauma_minor,mild,3,OPD
P_002123,PHC_012,2025-04-30,2025-05-05,34,M,malaria,mild,5,OPD
P_002124,PHC_015,2025-04-30,2025-05-08,33,F,dengue,critical,8,emergency
P_002125,PHC_004,2025-05-01,2025-05-06,28,F,malaria,moderate,5,OPD
P_002126,PHC_004,2025-05-01,2025-05-08,5,F,diabetes_complication,moderate,7,OPD
P_002127,PHC_008,2025-05-01,2025-05-03,55,F,maternal_delivery,mild,2,referral
P_002128,PHC_011,2025-05-01,2025-05-04,46,M,trauma_minor,moderate,3,OPD
P_002129,PHC_013,2025-05-01,2025-05-04,23,F,gastroenteritis,moderate,3,OPD
P_002130,PHC_015,2025-05-01,2025-05-06,28,F,dengue,mild,5,emergency
P_002131,PHC_001,2025-05-02,2025-05-09,44,F,snakebite,mild,7,referral
P_002132,PHC_001,2025-05-02,2025-05-04,0,M,gastroenteritis,mild,2,emergency
P_002133,PHC_002,2025-05-02,2025-05-10,31,F,snakebite,critical,8,OPD
P_002134,PHC_007,2025-05-02,2025-05-08,33,M,dengue,mild,6,OPD
P_002135,PHC_008,2025-05-02,2025-05-05,38,F,respiratory_infection,mild,3,OPD
P_002136,PHC_009,2025-05-02,2025-05-07,69,F,malaria,mild,5,referral
P_002137,PHC_010,2025-05-02,2025-05-04,46,F,trauma_minor,moderate,2,referral
P_002138,PHC_011,2025-05-02,2025-05-04,15,F,maternal_delivery,mild,2,OPD
P_002139,PHC_011,2025-05-02,2025-05-04,22,M,malaria,moderate,2,emergency
P_002140,PHC_012,2025-05-02,2025-05-09,56,M,snakebite,mild,7,OPD
P_002141,PHC_015,2025-05-02,2025-05-10,44,M,diabetes_complication,moderate,8,emergency
P_002142,PHC_015,2025-05-02,2025-05-04,51,F,maternal_delivery,mild,2,referral
P_002143,PHC_002,2025-05-03,2025-05-04,22,F,other,mild,1,OPD
P_002144,PHC_002,2025-05-03,2025-05-06,57,F,gastroenteritis,critical,3,referral
P_002145,PHC_004,2025-05-03,2025-05-09,16,F,snakebite,mild,6,emergency
P_002146,PHC_006,2025-05-03,2025-05-06,83,M,malaria,mild,3,referral
P_002147,PHC_007,2025-05-03,2025-05-05,52,M,maternal_delivery,mild,2,OPD
P_002148,PHC_008,2025-05-03,2025-05-05,11,F,maternal_delivery,mild,2,OPD
P_002149,PHC_009,2025-05-03,2025-05-10,49,F,dengue,mild,7,referral
P_002150,PHC_011,2025-05-03,2025-05-13,58,F,diabetes_complication,moderate,10,emergency
P_002151,PHC_012,2025-05-03,2025-05-05,11,M,respiratory_infection,moderate,2,referral
P_002152,PHC_012,2025-05-03,2025-05-08,60,M,pneumonia,mild,5,OPD
P_002153,PHC_013,2025-05-03,2025-05-05,28,M,gastroenteritis,mild,2,OPD
P_002154,PHC_013,2025-05-03,2025-05-07,38,F,respiratory_infection,mild,4,referral
P_002155,PHC_015,2025-05-03,2025-05-10,34,M,dengue,moderate,7,OPD
P_002156,PHC_011,2025-05-04,2025-05-05,35,F,maternal_delivery,critical,1,OPD
P_002157,PHC_015,2025-05-04,2025-05-06,56,F,trauma_minor,moderate,2,OPD
P_002158,PHC_001,2025-05-05,2025-05-15,24,M,dengue,mild,10,emergency
P_002159,PHC_004,2025-05-05,2025-05-09,41,M,other,critical,4,OPD
P_002160,PHC_008,2025-05-05,2025-05-12,33,M,dengue,mild,7,OPD
P_002161,PHC_010,2025-05-05,2025-05-17,18,M,diabetes_complication,mild,12,emergency
P_002162,PHC_012,2025-05-05,2025-05-08,22,M,gastroenteritis,mild,3,OPD
P_002163,PHC_012,2025-05-05,2025-05-17,14,M,diabetes_complication,critical,12,OPD
P_002164,PHC_013,2025-05-05,2025-05-07,47,M,snakebite,moderate,2,emergency
P_002165,PHC_014,2025-05-05,2025-05-10,78,M,malaria,mild,5,referral
P_002166,PHC_015,2025-05-05,2025-05-07,26,M,other,mild,2,emergency
P_002167,PHC_015,2025-05-05,2025-05-06,37,M,trauma_minor,mild,1,OPD
P_002168,PHC_003,2025-05-06,2025-05-08,51,M,gastroenteritis,moderate,2,OPD
P_002169,PHC_005,2025-05-06,2025-05-08,26,F,maternal_delivery,mild,2,emergency
P_002170,PHC_005,2025-05-06,2025-05-13,24,F,malaria,moderate,7,referral
P_002171,PHC_006,2025-05-06,2025-05-09,22,M,pneumonia,mild,3,OPD
P_002172,PHC_006,2025-05-06,2025-05-10,56,M,malaria,mild,4,OPD
P_002173,PHC_007,2025-05-06,2025-05-09,59,F,maternal_delivery,mild,3,emergency
P_002174,PHC_008,2025-05-06,2025-05-11,54,F,malaria,mild,5,OPD
P_002175,PHC_010,2025-05-06,2025-05-14,39,F,dengue,mild,8,OPD
P_002176,PHC_012,2025-05-06,2025-05-13,56,M,diabetes_complication,critical,7,OPD
P_002177,PHC_013,2025-05-06,2025-05-10,67,M,respiratory_infection,mild,4,emergency
P_002178,PHC_013,2025-05-06,2025-05-08,30,F,other,mild,2,OPD
P_002179,PHC_008,2025-05-07,2025-05-11,34,F,gastroenteritis,mild,4,emergency
P_002180,PHC_009,2025-05-07,2025-05-15,45,F,snakebite,moderate,8,OPD
P_002181,PHC_012,2025-05-07,2025-05-16,15,M,diabetes_complication,critical,9,OPD
P_002182,PHC_012,2025-05-07,2025-05-11,17,M,respiratory_infection,critical,4,emergency
P_002183,PHC_004,2025-05-08,2025-05-13,34,M,respiratory_infection,mild,5,OPD
P_002184,PHC_004,2025-05-08,2025-05-14,23,M,pneumonia,mild,6,emergency
P_002185,PHC_007,2025-05-08,2025-05-15,44,F,diabetes_complication,moderate,7,OPD
P_002186,PHC_007,2025-05-08,2025-05-10,27,F,trauma_minor,moderate,2,referral
P_002187,PHC_011,2025-05-08,2025-05-10,34,F,snakebite,mild,2,referral
P_002188,PHC_011,2025-05-08,2025-05-10,41,F,dengue,mild,2,OPD
P_002189,PHC_013,2025-05-08,2025-05-10,31,F,other,mild,2,referral
P_002190,PHC_013,2025-05-08,2025-05-12,46,F,malaria,critical,4,OPD
P_002191,PHC_002,2025-05-09,2025-05-12,52,F,gastroenteritis,mild,3,emergency
P_002192,PHC_006,2025-05-09,2025-05-12,12,F,gastroenteritis,mild,3,emergency
P_002193,PHC_007,2025-05-09,2025-05-16,47,M,dengue,mild,7,OPD
P_002194,PHC_013,2025-05-09,2025-05-14,20,F,pneumonia,mild,5,emergency
P_002195,PHC_015,2025-05-09,2025-05-13,37,M,trauma_minor,mild,4,OPD
P_002196,PHC_001,2025-05-10,2025-05-18,51,F,snakebite,mild,8,OPD
P_002197,PHC_002,2025-05-10,2025-05-11,65,F,maternal_delivery,mild,1,OPD
P_002198,PHC_002,2025-05-10,2025-05-12,17,F,gastroenteritis,moderate,2,emergency
P_002199,PHC_003,2025-05-10,2025-05-14,66,F,malaria,critical,4,OPD
P_002200,PHC_004,2025-05-10,2025-05-13,45,F,diabetes_complication,mild,3,emergency
P_002201,PHC_006,2025-05-10,2025-05-16,19,F,pneumonia,mild,6,emergency
P_002202,PHC_008,2025-05-10,2025-05-13,0,F,trauma_minor,mild,3,emergency
P_002203,PHC_013,2025-05-10,2025-05-13,59,M,trauma_minor,mild,3,emergency
P_002204,PHC_014,2025-05-10,2025-05-13,29,F,pneumonia,moderate,3,referral
P_002205,PHC_015,2025-05-10,2025-05-12,64,M,other,moderate,2,emergency
P_002206,PHC_001,2025-05-11,2025-05-13,52,M,dengue,critical,2,referral
P_002207,PHC_002,2025-05-11,2025-05-12,25,F,other,moderate,1,OPD
P_002208,PHC_004,2025-05-11,2025-05-13,21,F,trauma_minor,mild,2,emergency
P_002209,PHC_007,2025-05-11,2025-05-14,18,M,gastroenteritis,mild,3,OPD
P_002210,PHC_009,2025-05-11,2025-05-12,48,M,trauma_minor,critical,1,OPD
P_002211,PHC_009,2025-05-11,2025-05-13,48,M,snakebite,mild,2,emergency
P_002212,PHC_010,2025-05-11,2025-05-16,50,M,dengue,mild,5,OPD
P_002213,PHC_011,2025-05-11,2025-05-12,34,M,maternal_delivery,moderate,1,referral
P_002214,PHC_013,2025-05-11,2025-05-13,26,M,maternal_delivery,critical,2,referral
P_002215,PHC_014,2025-05-11,2025-05-16,77,M,snakebite,moderate,5,OPD
P_002216,PHC_015,2025-05-11,2025-05-16,35,M,malaria,critical,5,OPD
P_002217,PHC_001,2025-05-12,2025-05-18,43,F,malaria,moderate,6,OPD
P_002218,PHC_004,2025-05-12,2025-05-13,53,F,other,moderate,1,emergency
P_002219,PHC_006,2025-05-12,2025-05-17,69,F,dengue,moderate,5,OPD
P_002220,PHC_011,2025-05-12,2025-05-14,11,F,respiratory_infection,mild,2,OPD
P_002221,PHC_011,2025-05-12,2025-05-16,43,F,respiratory_infection,moderate,4,emergency
P_002222,PHC_013,2025-05-12,2025-05-19,51,M,dengue,critical,7,referral
P_002223,PHC_014,2025-05-12,2025-05-19,18,F,pneumonia,moderate,7,referral
P_002224,PHC_015,2025-05-12,2025-05-16,74,M,pneumonia,mild,4,OPD
P_002225,PHC_001,2025-05-13,2025-05-15,46,F,gastroenteritis,mild,2,referral
P_002226,PHC_002,2025-05-13,2025-05-14,62,M,maternal_delivery,moderate,1,referral
P_002227,PHC_002,2025-05-13,2025-05-14,42,M,other,moderate,1,referral
P_002228,PHC_009,2025-05-13,2025-05-16,26,F,maternal_delivery,moderate,3,OPD
P_002229,PHC_010,2025-05-13,2025-05-16,48,F,trauma_minor,mild,3,OPD
P_002230,PHC_010,2025-05-13,2025-05-14,12,F,maternal_delivery,mild,1,OPD
P_002231,PHC_010,2025-05-13,2025-05-15,43,F,gastroenteritis,mild,2,referral
P_002232,PHC_012,2025-05-13,2025-05-17,29,F,malaria,mild,4,OPD
P_002233,PHC_013,2025-05-13,2025-05-18,26,F,malaria,moderate,5,OPD
P_002234,PHC_015,2025-05-13,2025-05-14,47,F,trauma_minor,mild,1,OPD
P_002235,PHC_015,2025-05-13,2025-05-17,80,M,malaria,moderate,4,OPD
P_002236,PHC_001,2025-05-14,2025-05-16,51,M,other,critical,2,emergency
P_002237,PHC_001,2025-05-14,2025-05-17,45,F,gastroenteritis,moderate,3,OPD
P_002238,PHC_004,2025-05-14,2025-05-15,71,F,other,moderate,1,OPD
P_002239,PHC_008,2025-05-14,2025-05-20,21,F,malaria,moderate,6,OPD
P_002240,PHC_009,2025-05-14,2025-05-17,28,F,snakebite,critical,3,OPD
P_002241,PHC_013,2025-05-14,2025-05-17,30,F,dengue,moderate,3,referral
P_002242,PHC_006,2025-05-15,2025-05-16,34,M,other,mild,1,emergency
P_002243,PHC_012,2025-05-15,2025-05-22,50,F,pneumonia,mild,7,OPD
P_002244,PHC_012,2025-05-15,2025-05-19,42,F,malaria,mild,4,OPD
P_002245,PHC_013,2025-05-15,2025-05-19,28,M,respiratory_infection,moderate,4,OPD
P_002246,PHC_015,2025-05-15,2025-05-21,59,F,dengue,mild,6,OPD
P_002247,PHC_015,2025-05-15,2025-05-23,45,M,dengue,mild,8,referral
P_002248,PHC_001,2025-05-16,2025-05-20,12,M,gastroenteritis,mild,4,emergency
P_002249,PHC_002,2025-05-16,2025-05-19,27,M,trauma_minor,mild,3,referral
P_002250,PHC_002,2025-05-16,2025-05-20,18,F,respiratory_infection,mild,4,referral
P_002251,PHC_005,2025-05-16,2025-05-20,0,M,other,moderate,4,referral
P_002252,PHC_006,2025-05-16,2025-05-22,14,M,snakebite,moderate,6,OPD
P_002253,PHC_010,2025-05-16,2025-05-19,48,F,gastroenteritis,moderate,3,OPD
P_002254,PHC_011,2025-05-16,2025-05-20,15,M,gastroenteritis,mild,4,emergency
P_002255,PHC_011,2025-05-16,2025-05-18,47,M,maternal_delivery,critical,2,referral
P_002256,PHC_015,2025-05-16,2025-05-19,67,M,maternal_delivery,mild,3,OPD
P_002257,PHC_002,2025-05-17,2025-05-26,10,M,pneumonia,critical,9,OPD
P_002258,PHC_006,2025-05-17,2025-05-23,38,M,other,moderate,6,emergency
P_002259,PHC_007,2025-05-17,2025-05-20,34,M,malaria,moderate,3,referral
P_002260,PHC_009,2025-05-17,2025-05-19,34,F,gastroenteritis,moderate,2,emergency
P_002261,PHC_011,2025-05-17,2025-05-18,30,F,maternal_delivery,mild,1,OPD
P_002262,PHC_011,2025-05-17,2025-05-19,29,F,trauma_minor,moderate,2,emergency
P_002263,PHC_012,2025-05-17,2025-05-24,32,M,malaria,mild,7,referral
P_002264,PHC_001,2025-05-18,2025-05-21,64,M,maternal_delivery,mild,3,OPD
P_002265,PHC_005,2025-05-18,2025-05-21,46,F,malaria,mild,3,OPD
P_002266,PHC_006,2025-05-18,2025-05-28,16,F,dengue,mild,10,OPD
P_002267,PHC_010,2025-05-18,2025-05-23,0,F,other,mild,5,emergency
P_002268,PHC_010,2025-05-18,2025-05-20,36,M,other,mild,2,OPD
P_002269,PHC_012,2025-05-18,2025-05-21,41,F,diabetes_complication,moderate,3,OPD
P_002270,PHC_013,2025-05-18,2025-05-22,50,F,gastroenteritis,moderate,4,emergency
P_002271,PHC_002,2025-05-19,2025-05-21,30,M,trauma_minor,mild,2,OPD
P_002272,PHC_004,2025-05-19,2025-05-22,24,F,snakebite,mild,3,OPD
P_002273,PHC_005,2025-05-19,2025-05-26,56,M,diabetes_complication,moderate,7,OPD
P_002274,PHC_007,2025-05-19,2025-05-26,35,F,diabetes_complication,moderate,7,emergency
P_002275,PHC_008,2025-05-19,2025-05-23,0,F,snakebite,mild,4,emergency
P_002276,PHC_008,2025-05-19,2025-05-21,41,M,gastroenteritis,mild,2,emergency
P_002277,PHC_010,2025-05-19,2025-05-23,39,F,diabetes_complication,mild,4,OPD
P_002278,PHC_011,2025-05-19,2025-05-23,70,M,gastroenteritis,mild,4,OPD
P_002279,PHC_011,2025-05-19,2025-05-21,42,F,maternal_delivery,moderate,2,OPD
P_002280,PHC_011,2025-05-19,2025-05-24,26,M,snakebite,moderate,5,OPD
P_002281,PHC_011,2025-05-19,2025-05-22,60,F,malaria,mild,3,emergency
P_002282,PHC_002,2025-05-20,2025-05-22,38,M,malaria,critical,2,emergency
P_002283,PHC_002,2025-05-20,2025-05-23,26,F,other,mild,3,OPD
P_002284,PHC_004,2025-05-20,2025-05-25,58,F,malaria,moderate,5,OPD
P_002285,PHC_008,2025-05-20,2025-05-25,19,F,malaria,moderate,5,OPD
P_002286,PHC_010,2025-05-20,2025-05-22,24,F,maternal_delivery,critical,2,OPD
P_002287,PHC_011,2025-05-20,2025-05-21,24,F,other,mild,1,emergency
P_002288,PHC_011,2025-05-20,2025-05-23,43,F,other,mild,3,OPD
P_002289,PHC_011,2025-05-20,2025-05-22,33,M,other,mild,2,referral
P_002290,PHC_015,2025-05-20,2025-05-23,21,F,trauma_minor,moderate,3,emergency
P_002291,PHC_001,2025-05-21,2025-05-25,42,M,other,mild,4,emergency
P_002292,PHC_004,2025-05-21,2025-05-25,31,F,malaria,critical,4,emergency
P_002293,PHC_008,2025-05-21,2025-05-27,78,M,dengue,mild,6,OPD
P_002294,PHC_009,2025-05-21,2025-05-22,44,F,other,moderate,1,emergency
P_002295,PHC_009,2025-05-21,2025-05-28,72,M,dengue,mild,7,referral
P_002296,PHC_009,2025-05-21,2025-06-01,38,M,diabetes_complication,mild,11,OPD
P_002297,PHC_011,2025-05-21,2025-05-22,0,F,malaria,mild,1,referral
P_002298,PHC_014,2025-05-21,2025-05-31,31,F,diabetes_complication,moderate,10,OPD
P_002299,PHC_015,2025-05-21,2025-05-28,44,M,dengue,mild,7,emergency
P_002300,PHC_003,2025-05-22,2025-05-24,53,M,other,critical,2,emergency
P_002301,PHC_005,2025-05-22,2025-06-04,14,M,diabetes_complication,critical,13,referral
P_002302,PHC_008,2025-05-22,2025-05-23,0,F,maternal_delivery,critical,1,OPD
P_002303,PHC_010,2025-05-22,2025-05-26,49,M,respiratory_infection,moderate,4,emergency
P_002304,PHC_011,2025-05-22,2025-05-26,27,M,dengue,critical,4,OPD
P_002305,PHC_001,2025-05-23,2025-05-27,81,F,gastroenteritis,mild,4,referral
P_002306,PHC_005,2025-05-23,2025-05-24,40,M,maternal_delivery,moderate,1,OPD
P_002307,PHC_006,2025-05-23,2025-05-26,30,M,gastroenteritis,moderate,3,referral
P_002308,PHC_007,2025-05-23,2025-05-26,32,M,gastroenteritis,moderate,3,OPD
P_002309,PHC_009,2025-05-23,2025-05-27,62,F,other,critical,4,OPD
P_002310,PHC_012,2025-05-23,2025-05-29,28,F,pneumonia,moderate,6,emergency
P_002311,PHC_015,2025-05-23,2025-05-26,64,F,gastroenteritis,mild,3,OPD
P_002312,PHC_001,2025-05-24,2025-05-27,40,M,respiratory_infection,moderate,3,emergency
P_002313,PHC_001,2025-05-24,2025-05-31,15,F,pneumonia,mild,7,emergency
P_002314,PHC_001,2025-05-24,2025-05-29,44,M,respiratory_infection,mild,5,OPD
P_002315,PHC_007,2025-05-24,2025-06-01,25,M,diabetes_complication,moderate,8,OPD
P_002316,PHC_008,2025-05-24,2025-05-26,20,F,trauma_minor,mild,2,OPD
P_002317,PHC_011,2025-05-24,2025-05-30,40,F,diabetes_complication,moderate,6,emergency
P_002318,PHC_012,2025-05-24,2025-05-26,46,M,trauma_minor,moderate,2,referral
P_002319,PHC_003,2025-05-25,2025-05-27,51,M,other,mild,2,OPD
P_002320,PHC_004,2025-05-25,2025-05-29,47,F,snakebite,mild,4,referral
P_002321,PHC_006,2025-05-25,2025-05-26,31,M,malaria,critical,1,OPD
P_002322,PHC_008,2025-05-25,2025-05-28,39,M,maternal_delivery,critical,3,OPD
P_002323,PHC_009,2025-05-25,2025-05-27,0,F,maternal_delivery,moderate,2,emergency
P_002324,PHC_009,2025-05-25,2025-05-30,30,M,pneumonia,moderate,5,OPD
P_002325,PHC_012,2025-05-25,2025-06-01,0,F,snakebite,moderate,7,OPD
P_002326,PHC_015,2025-05-25,2025-05-27,0,M,other,mild,2,emergency
P_002327,PHC_015,2025-05-25,2025-05-27,46,M,respiratory_infection,moderate,2,OPD
P_002328,PHC_004,2025-05-26,2025-05-27,24,M,dengue,moderate,1,OPD
P_002329,PHC_006,2025-05-26,2025-05-28,50,F,maternal_delivery,mild,2,OPD
P_002330,PHC_007,2025-05-26,2025-05-28,31,F,maternal_delivery,moderate,2,OPD
P_002331,PHC_010,2025-05-26,2025-05-29,62,M,respiratory_infection,mild,3,referral
P_002332,PHC_011,2025-05-26,2025-05-28,76,M,snakebite,mild,2,referral
P_002333,PHC_012,2025-05-26,2025-05-31,58,M,snakebite,moderate,5,OPD
P_002334,PHC_013,2025-05-26,2025-06-01,52,F,snakebite,moderate,6,OPD
P_002335,PHC_002,2025-05-27,2025-06-03,49,M,snakebite,moderate,7,OPD
P_002336,PHC_004,2025-05-27,2025-06-01,47,M,malaria,mild,5,emergency
P_002337,PHC_004,2025-05-27,2025-06-03,43,M,dengue,mild,7,referral
P_002338,PHC_004,2025-05-27,2025-05-30,7,M,malaria,mild,3,emergency
P_002339,PHC_011,2025-05-27,2025-05-30,38,F,respiratory_infection,moderate,3,referral
P_002340,PHC_012,2025-05-27,2025-06-02,46,M,malaria,mild,6,OPD
P_002341,PHC_012,2025-05-27,2025-06-04,41,M,snakebite,moderate,8,emergency
P_002342,PHC_005,2025-05-28,2025-06-03,1,M,pneumonia,moderate,6,OPD
P_002343,PHC_007,2025-05-28,2025-05-31,61,F,gastroenteritis,moderate,3,referral
P_002344,PHC_009,2025-05-28,2025-06-04,69,M,dengue,mild,7,OPD
P_002345,PHC_010,2025-05-28,2025-05-31,34,F,respiratory_infection,moderate,3,OPD
P_002346,PHC_010,2025-05-28,2025-05-29,41,M,gastroenteritis,critical,1,OPD
P_002347,PHC_012,2025-05-28,2025-06-01,32,F,gastroenteritis,moderate,4,emergency
P_002348,PHC_014,2025-05-28,2025-05-30,39,M,maternal_delivery,critical,2,emergency
P_002349,PHC_015,2025-05-28,2025-06-02,29,M,malaria,mild,5,OPD
P_002350,PHC_002,2025-05-29,2025-06-01,8,F,dengue,moderate,3,emergency
P_002351,PHC_004,2025-05-29,2025-05-31,43,M,malaria,mild,2,emergency
P_002352,PHC_004,2025-05-29,2025-05-30,64,F,trauma_minor,moderate,1,OPD
P_002353,PHC_006,2025-05-29,2025-05-31,34,F,gastroenteritis,mild,2,OPD
P_002354,PHC_010,2025-05-29,2025-05-31,4,M,maternal_delivery,mild,2,referral
P_002355,PHC_010,2025-05-29,2025-06-06,29,M,snakebite,critical,8,OPD
P_002356,PHC_011,2025-05-29,2025-06-04,49,M,malaria,critical,6,emergency
P_002357,PHC_014,2025-05-29,2025-05-31,76,F,trauma_minor,mild,2,referral
P_002358,PHC_015,2025-05-29,2025-06-07,33,F,dengue,critical,9,OPD
P_002359,PHC_001,2025-05-30,2025-06-07,45,F,snakebite,moderate,8,OPD
P_002360,PHC_002,2025-05-30,2025-06-05,57,M,dengue,mild,6,OPD
P_002361,PHC_002,2025-05-30,2025-06-05,34,M,snakebite,moderate,6,emergency
P_002362,PHC_002,2025-05-30,2025-06-04,60,M,other,mild,5,referral
P_002363,PHC_004,2025-05-30,2025-06-04,31,F,snakebite,mild,5,emergency
P_002364,PHC_005,2025-05-30,2025-06-03,42,F,respiratory_infection,mild,4,OPD
P_002365,PHC_008,2025-05-30,2025-05-31,59,F,maternal_delivery,mild,1,emergency
P_002366,PHC_008,2025-05-30,2025-06-01,59,F,maternal_delivery,mild,2,OPD
P_002367,PHC_009,2025-05-30,2025-06-03,32,F,dengue,moderate,4,referral
P_002368,PHC_009,2025-05-30,2025-06-01,34,F,trauma_minor,mild,2,referral
P_002369,PHC_009,2025-05-30,2025-06-01,34,M,maternal_delivery,critical,2,emergency
P_002370,PHC_010,2025-05-30,2025-06-06,38,M,malaria,mild,7,emergency
P_002371,PHC_013,2025-05-30,2025-06-02,32,F,malaria,mild,3,emergency
P_002372,PHC_002,2025-05-31,2025-06-01,46,M,other,mild,1,emergency
P_002373,PHC_007,2025-05-31,2025-06-05,36,F,gastroenteritis,mild,5,referral
P_002374,PHC_008,2025-05-31,2025-06-09,44,F,diabetes_complication,mild,9,OPD
P_002375,PHC_012,2025-05-31,2025-06-03,44,F,gastroenteritis,mild,3,emergency
P_002376,PHC_013,2025-05-31,2025-06-06,21,F,diabetes_complication,moderate,6,OPD
P_002377,PHC_006,2025-06-01,2025-06-08,14,F,diabetes_complication,moderate,7,emergency
P_002378,PHC_007,2025-06-01,2025-06-07,54,F,pneumonia,critical,6,emergency
P_002379,PHC_007,2025-06-01,2025-06-02,51,M,other,mild,1,referral
P_002380,PHC_008,2025-06-01,2025-06-08,54,M,pneumonia,mild,7,emergency
P_002381,PHC_010,2025-06-01,2025-06-10,21,F,snakebite,mild,9,OPD
P_002382,PHC_010,2025-06-01,2025-06-05,8,F,other,moderate,4,emergency
P_002383,PHC_011,2025-06-01,2025-06-07,24,M,pneumonia,moderate,6,OPD
P_002384,PHC_013,2025-06-01,2025-06-08,19,F,diabetes_complication,mild,7,OPD
P_002385,PHC_013,2025-06-01,2025-06-09,26,F,dengue,mild,8,OPD
P_002386,PHC_014,2025-06-01,2025-06-02,31,F,trauma_minor,mild,1,emergency
P_002387,PHC_002,2025-06-02,2025-06-06,58,F,gastroenteritis,mild,4,referral
P_002388,PHC_004,2025-06-02,2025-06-08,37,M,dengue,mild,6,emergency
P_002389,PHC_004,2025-06-02,2025-06-07,19,M,other,mild,5,OPD
P_002390,PHC_004,2025-06-02,2025-06-09,72,M,snakebite,moderate,7,OPD
P_002391,PHC_008,2025-06-02,2025-06-04,43,M,other,moderate,2,OPD
P_002392,PHC_009,2025-06-02,2025-06-04,19,F,other,mild,2,referral
P_002393,PHC_011,2025-06-02,2025-06-05,31,M,other,moderate,3,emergency
P_002394,PHC_013,2025-06-02,2025-06-05,35,M,other,moderate,3,OPD
P_002395,PHC_014,2025-06-02,2025-06-05,42,F,pneumonia,mild,3,OPD
P_002396,PHC_004,2025-06-03,2025-06-05,51,M,gastroenteritis,moderate,2,OPD
P_002397,PHC_004,2025-06-03,2025-06-06,33,F,snakebite,mild,3,OPD
P_002398,PHC_004,2025-06-03,2025-06-06,48,F,gastroenteritis,mild,3,OPD
P_002399,PHC_007,2025-06-03,2025-06-05,47,F,other,mild,2,OPD
P_002400,PHC_008,2025-06-03,2025-06-05,52,M,trauma_minor,mild,2,OPD
P_002401,PHC_009,2025-06-03,2025-06-07,49,F,other,mild,4,emergency
P_002402,PHC_010,2025-06-03,2025-06-10,63,F,dengue,mild,7,referral
P_002403,PHC_011,2025-06-03,2025-06-06,34,M,maternal_delivery,moderate,3,referral
P_002404,PHC_004,2025-06-04,2025-06-08,50,M,trauma_minor,mild,4,OPD
P_002405,PHC_008,2025-06-04,2025-06-09,50,M,snakebite,moderate,5,OPD
P_002406,PHC_008,2025-06-04,2025-06-07,50,M,trauma_minor,mild,3,OPD
P_002407,PHC_011,2025-06-04,2025-06-07,41,F,gastroenteritis,mild,3,referral
P_002408,PHC_011,2025-06-04,2025-06-09,67,M,diabetes_complication,mild,5,OPD
P_002409,PHC_011,2025-06-04,2025-06-09,46,F,respiratory_infection,moderate,5,OPD
P_002410,PHC_012,2025-06-04,2025-06-08,61,F,other,mild,4,OPD
P_002411,PHC_013,2025-06-04,2025-06-05,30,F,maternal_delivery,mild,1,OPD
P_002412,PHC_014,2025-06-04,2025-06-07,48,M,dengue,mild,3,OPD
P_002413,PHC_015,2025-06-04,2025-06-06,45,M,gastroenteritis,mild,2,OPD
P_002414,PHC_015,2025-06-04,2025-06-13,28,M,pneumonia,moderate,9,OPD
P_002415,PHC_001,2025-06-05,2025-06-08,31,F,gastroenteritis,mild,3,OPD
P_002416,PHC_002,2025-06-05,2025-06-07,56,F,maternal_delivery,moderate,2,OPD
P_002417,PHC_007,2025-06-05,2025-06-07,52,M,respiratory_infection,moderate,2,OPD
P_002418,PHC_008,2025-06-05,2025-06-11,46,F,malaria,critical,6,OPD
P_002419,PHC_012,2025-06-05,2025-06-08,70,M,diabetes_complication,mild,3,OPD
P_002420,PHC_014,2025-06-05,2025-06-11,35,M,dengue,mild,6,emergency
P_002421,PHC_015,2025-06-05,2025-06-07,50,F,other,mild,2,OPD
P_002422,PHC_001,2025-06-06,2025-06-16,56,M,dengue,moderate,10,emergency
P_002423,PHC_003,2025-06-06,2025-06-07,16,M,other,moderate,1,OPD
P_002424,PHC_004,2025-06-06,2025-06-10,62,M,other,mild,4,OPD
P_002425,PHC_007,2025-06-06,2025-06-11,0,M,dengue,mild,5,referral
P_002426,PHC_009,2025-06-06,2025-06-08,59,F,maternal_delivery,moderate,2,emergency
P_002427,PHC_012,2025-06-06,2025-06-13,32,F,pneumonia,mild,7,referral
P_002428,PHC_012,2025-06-06,2025-06-11,54,F,snakebite,mild,5,OPD
P_002429,PHC_001,2025-06-07,2025-06-08,25,M,maternal_delivery,moderate,1,referral
P_002430,PHC_001,2025-06-07,2025-06-13,28,M,diabetes_complication,moderate,6,emergency
P_002431,PHC_005,2025-06-07,2025-06-09,39,M,trauma_minor,moderate,2,OPD
P_002432,PHC_006,2025-06-07,2025-06-08,0,M,dengue,moderate,1,referral
P_002433,PHC_011,2025-06-07,2025-06-12,29,F,malaria,moderate,5,referral
P_002434,PHC_011,2025-06-07,2025-06-15,75,F,pneumonia,moderate,8,OPD
P_002435,PHC_013,2025-06-07,2025-06-17,59,M,dengue,moderate,10,referral
P_002436,PHC_015,2025-06-07,2025-06-11,13,F,malaria,moderate,4,referral
P_002437,PHC_001,2025-06-08,2025-06-12,7,F,other,critical,4,OPD
P_002438,PHC_003,2025-06-08,2025-06-12,47,M,pneumonia,moderate,4,emergency
P_002439,PHC_006,2025-06-08,2025-06-13,59,F,malaria,mild,5,emergency
P_002440,PHC_009,2025-06-08,2025-06-10,33,M,trauma_minor,mild,2,OPD
P_002441,PHC_011,2025-06-08,2025-06-10,44,F,trauma_minor,mild,2,OPD
P_002442,PHC_014,2025-06-08,2025-06-12,18,F,respiratory_infection,mild,4,OPD
P_002443,PHC_001,2025-06-09,2025-06-11,20,F,pneumonia,moderate,2,emergency
P_002444,PHC_002,2025-06-09,2025-06-13,37,F,dengue,mild,4,OPD
P_002445,PHC_009,2025-06-09,2025-06-12,45,M,other,critical,3,emergency
P_002446,PHC_011,2025-06-09,2025-06-19,45,F,snakebite,mild,10,referral
P_002447,PHC_011,2025-06-09,2025-06-17,58,M,diabetes_complication,mild,8,referral
P_002448,PHC_013,2025-06-09,2025-06-11,44,M,maternal_delivery,moderate,2,emergency
P_002449,PHC_013,2025-06-09,2025-06-13,36,M,other,moderate,4,emergency
P_002450,PHC_013,2025-06-09,2025-06-12,66,M,pneumonia,critical,3,OPD
P_002451,PHC_015,2025-06-09,2025-06-15,33,F,pneumonia,moderate,6,emergency
P_002452,PHC_015,2025-06-09,2025-06-13,13,F,other,moderate,4,OPD
P_002453,PHC_001,2025-06-10,2025-06-17,33,F,diabetes_complication,mild,7,emergency
P_002454,PHC_003,2025-06-10,2025-06-14,36,F,maternal_delivery,critical,4,emergency
P_002455,PHC_011,2025-06-10,2025-06-12,24,M,gastroenteritis,moderate,2,OPD
P_002456,PHC_011,2025-06-10,2025-06-15,21,M,other,moderate,5,emergency
P_002457,PHC_012,2025-06-10,2025-06-16,15,F,pneumonia,mild,6,emergency
P_002458,PHC_004,2025-06-11,2025-06-12,33,F,dengue,critical,1,OPD
P_002459,PHC_008,2025-06-11,2025-06-14,8,F,gastroenteritis,mild,3,emergency
P_002460,PHC_010,2025-06-11,2025-06-14,49,M,malaria,mild,3,OPD
P_002461,PHC_011,2025-06-11,2025-06-20,47,M,diabetes_complication,mild,9,OPD
P_002462,PHC_008,2025-06-12,2025-06-14,27,F,snakebite,mild,2,emergency
P_002463,PHC_009,2025-06-12,2025-06-15,20,M,malaria,moderate,3,emergency
P_002464,PHC_015,2025-06-12,2025-06-13,76,M,pneumonia,moderate,1,emergency
P_002465,PHC_010,2025-06-13,2025-06-16,46,F,snakebite,mild,3,OPD
P_002466,PHC_011,2025-06-13,2025-06-14,61,F,maternal_delivery,mild,1,referral
P_002467,PHC_012,2025-06-13,2025-06-16,33,M,maternal_delivery,mild,3,emergency
P_002468,PHC_012,2025-06-13,2025-06-18,37,F,respiratory_infection,mild,5,OPD
P_002469,PHC_014,2025-06-13,2025-06-14,38,M,trauma_minor,mild,1,referral
P_002470,PHC_002,2025-06-14,2025-06-23,70,F,diabetes_complication,moderate,9,OPD
P_002471,PHC_006,2025-06-14,2025-06-16,44,M,respiratory_infection,mild,2,emergency
P_002472,PHC_006,2025-06-14,2025-06-17,48,M,gastroenteritis,mild,3,emergency
P_002473,PHC_003,2025-06-15,2025-06-20,22,M,other,mild,5,OPD
P_002474,PHC_008,2025-06-15,2025-06-17,14,M,other,moderate,2,referral
P_002475,PHC_011,2025-06-15,2025-06-22,28,M,diabetes_complication,mild,7,emergency
P_002476,PHC_001,2025-06-16,2025-06-19,36,F,gastroenteritis,moderate,3,OPD
P_002477,PHC_002,2025-06-16,2025-06-18,12,M,snakebite,moderate,2,emergency
P_002478,PHC_003,2025-06-16,2025-06-19,30,F,gastroenteritis,mild,3,OPD
P_002479,PHC_004,2025-06-16,2025-06-19,44,F,gastroenteritis,moderate,3,referral
P_002480,PHC_007,2025-06-16,2025-06-19,75,F,maternal_delivery,mild,3,emergency
P_002481,PHC_008,2025-06-16,2025-06-17,66,M,maternal_delivery,mild,1,OPD
P_002482,PHC_008,2025-06-16,2025-06-19,38,F,malaria,mild,3,OPD
P_002483,PHC_009,2025-06-16,2025-06-23,65,F,snakebite,mild,7,OPD
P_002484,PHC_009,2025-06-16,2025-06-20,25,F,respiratory_infection,mild,4,emergency
P_002485,PHC_009,2025-06-16,2025-06-19,30,M,gastroenteritis,mild,3,emergency
P_002486,PHC_010,2025-06-16,2025-06-17,31,F,maternal_delivery,moderate,1,OPD
P_002487,PHC_012,2025-06-16,2025-06-23,64,F,diabetes_complication,critical,7,referral
P_002488,PHC_004,2025-06-17,2025-06-20,17,M,maternal_delivery,moderate,3,emergency
P_002489,PHC_006,2025-06-17,2025-06-22,58,M,respiratory_infection,moderate,5,emergency
P_002490,PHC_006,2025-06-17,2025-06-22,35,M,pneumonia,mild,5,emergency
P_002491,PHC_006,2025-06-17,2025-06-20,31,M,trauma_minor,moderate,3,OPD
P_002492,PHC_009,2025-06-17,2025-06-26,70,F,dengue,mild,9,emergency
P_002493,PHC_010,2025-06-17,2025-06-20,32,M,respiratory_infection,mild,3,OPD
P_002494,PHC_012,2025-06-17,2025-06-20,49,F,trauma_minor,moderate,3,OPD
P_002495,PHC_001,2025-06-18,2025-06-23,59,F,other,critical,5,OPD
P_002496,PHC_002,2025-06-18,2025-06-21,42,M,gastroenteritis,moderate,3,OPD
P_002497,PHC_009,2025-06-18,2025-06-22,33,F,malaria,mild,4,OPD
P_002498,PHC_010,2025-06-18,2025-06-22,59,F,malaria,mild,4,emergency
P_002499,PHC_010,2025-06-18,2025-06-27,17,F,dengue,mild,9,emergency
P_002500,PHC_011,2025-06-18,2025-06-22,34,M,gastroenteritis,moderate,4,emergency
P_002501,PHC_013,2025-06-18,2025-06-24,11,F,malaria,moderate,6,referral
P_002502,PHC_015,2025-06-18,2025-06-22,71,F,pneumonia,moderate,4,OPD
P_002503,PHC_015,2025-06-18,2025-06-21,21,M,gastroenteritis,moderate,3,OPD
P_002504,PHC_015,2025-06-18,2025-06-21,58,F,snakebite,moderate,3,emergency
P_002505,PHC_013,2025-06-19,2025-06-20,42,F,snakebite,mild,1,referral
P_002506,PHC_014,2025-06-19,2025-06-23,43,F,gastroenteritis,mild,4,emergency
P_002507,PHC_002,2025-06-20,2025-06-23,45,F,snakebite,critical,3,OPD
P_002508,PHC_002,2025-06-20,2025-06-21,61,F,trauma_minor,moderate,1,emergency
P_002509,PHC_002,2025-06-20,2025-06-24,78,M,malaria,moderate,4,emergency
P_002510,PHC_003,2025-06-20,2025-06-26,4,M,pneumonia,moderate,6,OPD
P_002511,PHC_004,2025-06-20,2025-06-26,50,F,snakebite,mild,6,OPD
P_002512,PHC_009,2025-06-20,2025-06-24,41,F,pneumonia,mild,4,OPD
P_002513,PHC_009,2025-06-20,2025-06-23,0,M,respiratory_infection,mild,3,OPD
P_002514,PHC_012,2025-06-20,2025-06-22,34,F,gastroenteritis,mild,2,referral
P_002515,PHC_015,2025-06-20,2025-06-28,61,F,dengue,moderate,8,OPD
P_002516,PHC_004,2025-06-21,2025-06-24,27,M,gastroenteritis,moderate,3,emergency
P_002517,PHC_007,2025-06-21,2025-06-23,16,M,other,moderate,2,emergency
P_002518,PHC_011,2025-06-21,2025-06-23,17,F,maternal_delivery,mild,2,emergency
P_002519,PHC_013,2025-06-21,2025-06-24,55,F,other,moderate,3,OPD
P_002520,PHC_015,2025-06-21,2025-06-27,63,F,respiratory_infection,mild,6,OPD
P_002521,PHC_009,2025-06-22,2025-06-28,33,M,respiratory_infection,moderate,6,emergency
P_002522,PHC_001,2025-06-23,2025-06-28,22,F,respiratory_infection,mild,5,referral
P_002523,PHC_001,2025-06-23,2025-06-27,19,M,trauma_minor,mild,4,emergency
P_002524,PHC_002,2025-06-23,2025-06-28,22,M,pneumonia,moderate,5,OPD
P_002525,PHC_003,2025-06-23,2025-06-27,46,M,malaria,moderate,4,referral
P_002526,PHC_003,2025-06-23,2025-06-26,36,M,other,moderate,3,emergency
P_002527,PHC_006,2025-06-23,2025-06-24,24,F,trauma_minor,critical,1,referral
P_002528,PHC_008,2025-06-23,2025-06-25,50,F,trauma_minor,moderate,2,emergency
P_002529,PHC_009,2025-06-23,2025-06-26,38,F,other,critical,3,OPD
P_002530,PHC_009,2025-06-23,2025-06-29,30,F,other,mild,6,OPD
P_002531,PHC_010,2025-06-23,2025-06-25,35,F,maternal_delivery,mild,2,OPD
P_002532,PHC_011,2025-06-23,2025-06-25,40,F,malaria,mild,2,emergency
P_002533,PHC_002,2025-06-24,2025-06-29,22,F,malaria,critical,5,OPD
P_002534,PHC_003,2025-06-24,2025-07-01,67,F,diabetes_complication,critical,7,OPD
P_002535,PHC_009,2025-06-24,2025-07-01,43,F,diabetes_complication,mild,7,emergency
P_002536,PHC_009,2025-06-24,2025-06-27,27,M,trauma_minor,mild,3,emergency
P_002537,PHC_011,2025-06-24,2025-07-03,40,M,dengue,moderate,9,referral
P_002538,PHC_011,2025-06-24,2025-06-27,63,M,maternal_delivery,mild,3,referral
P_002539,PHC_012,2025-06-24,2025-06-28,41,F,gastroenteritis,mild,4,emergency
P_002540,PHC_004,2025-06-25,2025-07-01,50,M,snakebite,mild,6,OPD
P_002541,PHC_008,2025-06-25,2025-06-29,37,M,gastroenteritis,mild,4,OPD
P_002542,PHC_011,2025-06-25,2025-06-28,53,F,malaria,mild,3,OPD
P_002543,PHC_012,2025-06-25,2025-07-07,63,M,diabetes_complication,mild,12,referral
P_002544,PHC_015,2025-06-25,2025-06-28,45,F,malaria,moderate,3,OPD
P_002545,PHC_007,2025-06-26,2025-07-02,31,M,pneumonia,moderate,6,OPD
P_002546,PHC_008,2025-06-26,2025-06-27,36,M,other,moderate,1,OPD
P_002547,PHC_009,2025-06-26,2025-06-30,31,F,respiratory_infection,mild,4,emergency
P_002548,PHC_010,2025-06-26,2025-06-28,11,M,trauma_minor,mild,2,referral
P_002549,PHC_012,2025-06-26,2025-06-28,34,F,maternal_delivery,mild,2,OPD
P_002550,PHC_015,2025-06-26,2025-07-01,19,F,diabetes_complication,moderate,5,OPD
P_002551,PHC_003,2025-06-27,2025-06-30,0,F,snakebite,mild,3,OPD
P_002552,PHC_009,2025-06-27,2025-07-02,38,F,gastroenteritis,mild,5,referral
P_002553,PHC_013,2025-06-27,2025-06-29,84,F,trauma_minor,mild,2,OPD
P_002554,PHC_015,2025-06-27,2025-07-02,25,M,snakebite,mild,5,OPD
P_002555,PHC_002,2025-06-28,2025-07-04,78,M,dengue,critical,6,OPD
P_002556,PHC_005,2025-06-28,2025-07-01,13,M,maternal_delivery,moderate,3,OPD
P_002557,PHC_006,2025-06-28,2025-07-04,7,M,pneumonia,moderate,6,emergency
P_002558,PHC_009,2025-06-28,2025-07-01,53,M,gastroenteritis,mild,3,emergency
P_002559,PHC_011,2025-06-28,2025-06-29,25,M,other,moderate,1,emergency
P_002560,PHC_011,2025-06-28,2025-07-03,7,F,dengue,mild,5,OPD
P_002561,PHC_012,2025-06-28,2025-06-30,48,F,other,mild,2,emergency
P_002562,PHC_015,2025-06-28,2025-07-06,35,M,diabetes_complication,mild,8,emergency
P_002563,PHC_015,2025-06-28,2025-06-30,79,M,trauma_minor,moderate,2,referral
P_002564,PHC_015,2025-06-28,2025-07-03,20,F,malaria,moderate,5,OPD
P_002565,PHC_015,2025-06-28,2025-06-29,35,F,other,mild,1,OPD
P_002566,PHC_003,2025-06-29,2025-06-30,43,M,maternal_delivery,mild,1,emergency
P_002567,PHC_005,2025-06-29,2025-07-06,39,M,pneumonia,mild,7,OPD
P_002568,PHC_006,2025-06-29,2025-07-03,14,F,maternal_delivery,mild,4,referral
P_002569,PHC_008,2025-06-29,2025-07-04,72,F,gastroenteritis,mild,5,OPD
P_002570,PHC_010,2025-06-29,2025-07-01,27,M,gastroenteritis,mild,2,OPD
P_002571,PHC_011,2025-06-29,2025-07-02,62,M,other,mild,3,OPD
P_002572,PHC_013,2025-06-29,2025-07-01,31,F,respiratory_infection,mild,2,referral
P_002573,PHC_015,2025-06-29,2025-06-30,39,F,trauma_minor,mild,1,referral
P_002574,PHC_015,2025-06-29,2025-07-09,22,M,diabetes_complication,mild,10,emergency
P_002575,PHC_015,2025-06-29,2025-07-03,71,F,respiratory_infection,mild,4,emergency
P_002576,PHC_001,2025-06-30,2025-07-02,27,F,trauma_minor,mild,2,OPD
P_002577,PHC_002,2025-06-30,2025-07-02,28,F,dengue,moderate,2,emergency
P_002578,PHC_003,2025-06-30,2025-07-02,50,M,other,mild,2,OPD
P_002579,PHC_004,2025-06-30,2025-07-01,37,M,pneumonia,mild,1,OPD
P_002580,PHC_005,2025-06-30,2025-07-04,32,M,respiratory_infection,mild,4,OPD
P_002581,PHC_005,2025-06-30,2025-07-02,19,M,respiratory_infection,mild,2,OPD
P_002582,PHC_006,2025-06-30,2025-07-04,63,F,respiratory_infection,mild,4,emergency
P_002583,PHC_007,2025-06-30,2025-07-02,19,M,other,moderate,2,referral
P_002584,PHC_007,2025-06-30,2025-07-05,40,M,respiratory_infection,mild,5,OPD
P_002585,PHC_007,2025-06-30,2025-07-06,51,M,malaria,mild,6,OPD
P_002586,PHC_008,2025-06-30,2025-07-12,9,M,dengue,mild,12,emergency
P_002587,PHC_009,2025-06-30,2025-07-07,38,M,pneumonia,mild,7,emergency
P_002588,PHC_013,2025-06-30,2025-07-04,30,F,gastroenteritis,moderate,4,emergency
P_002589,PHC_002,2025-07-01,2025-07-06,47,F,other,mild,5,referral
P_002590,PHC_004,2025-07-01,2025-07-03,49,M,trauma_minor,moderate,2,OPD
P_002591,PHC_004,2025-07-01,2025-07-05,0,M,other,critical,4,OPD
P_002592,PHC_006,2025-07-01,2025-07-08,11,F,respiratory_infection,moderate,7,OPD
P_002593,PHC_009,2025-07-01,2025-07-03,22,M,respiratory_infection,moderate,2,OPD
P_002594,PHC_011,2025-07-01,2025-07-05,64,M,snakebite,mild,4,emergency
P_002595,PHC_012,2025-07-01,2025-07-08,61,M,diabetes_complication,mild,7,referral
P_002596,PHC_015,2025-07-01,2025-07-03,39,F,pneumonia,mild,2,emergency
P_002597,PHC_015,2025-07-01,2025-07-08,43,F,pneumonia,mild,7,emergency
P_002598,PHC_002,2025-07-02,2025-07-04,19,M,maternal_delivery,moderate,2,OPD
P_002599,PHC_006,2025-07-02,2025-07-04,55,F,trauma_minor,critical,2,OPD
P_002600,PHC_006,2025-07-02,2025-07-05,23,M,respiratory_infection,mild,3,OPD
P_002601,PHC_009,2025-07-02,2025-07-06,52,M,gastroenteritis,moderate,4,OPD
P_002602,PHC_011,2025-07-02,2025-07-09,18,F,pneumonia,mild,7,OPD
P_002603,PHC_011,2025-07-02,2025-07-07,60,M,pneumonia,mild,5,referral
P_002604,PHC_012,2025-07-02,2025-07-10,42,M,diabetes_complication,mild,8,OPD
P_002605,PHC_013,2025-07-02,2025-07-04,37,M,trauma_minor,mild,2,emergency
P_002606,PHC_015,2025-07-02,2025-07-06,72,M,malaria,mild,4,referral
P_002607,PHC_003,2025-07-03,2025-07-06,21,M,pneumonia,mild,3,OPD
P_002608,PHC_004,2025-07-03,2025-07-09,56,F,snakebite,moderate,6,OPD
P_002609,PHC_004,2025-07-03,2025-07-05,58,F,gastroenteritis,mild,2,emergency
P_002610,PHC_004,2025-07-03,2025-07-07,36,F,malaria,moderate,4,OPD
P_002611,PHC_006,2025-07-03,2025-07-06,60,F,malaria,moderate,3,OPD
P_002612,PHC_008,2025-07-03,2025-07-05,19,F,maternal_delivery,mild,2,referral
P_002613,PHC_009,2025-07-03,2025-07-16,37,M,diabetes_complication,mild,13,referral
P_002614,PHC_009,2025-07-03,2025-07-07,25,M,pneumonia,moderate,4,emergency
P_002615,PHC_009,2025-07-03,2025-07-04,31,M,trauma_minor,mild,1,emergency
P_002616,PHC_012,2025-07-03,2025-07-10,16,M,dengue,mild,7,OPD
P_002617,PHC_004,2025-07-04,2025-07-08,52,F,respiratory_infection,mild,4,OPD
P_002618,PHC_009,2025-07-04,2025-07-07,41,F,pneumonia,mild,3,OPD
P_002619,PHC_010,2025-07-04,2025-07-06,39,M,trauma_minor,mild,2,OPD
P_002620,PHC_015,2025-07-04,2025-07-09,29,M,pneumonia,critical,5,OPD
P_002621,PHC_015,2025-07-04,2025-07-06,69,M,malaria,critical,2,OPD
P_002622,PHC_005,2025-07-05,2025-07-09,28,F,respiratory_infection,mild,4,referral
P_002623,PHC_009,2025-07-05,2025-07-08,60,F,trauma_minor,mild,3,referral
P_002624,PHC_010,2025-07-05,2025-07-09,28,F,other,mild,4,emergency
P_002625,PHC_013,2025-07-05,2025-07-06,45,F,snakebite,moderate,1,OPD
P_002626,PHC_006,2025-07-06,2025-07-13,95,M,snakebite,moderate,7,referral
P_002627,PHC_010,2025-07-06,2025-07-08,29,F,dengue,mild,2,emergency
P_002628,PHC_011,2025-07-06,2025-07-13,50,M,pneumonia,critical,7,emergency
P_002629,PHC_012,2025-07-06,2025-07-15,36,F,dengue,mild,9,emergency
P_002630,PHC_012,2025-07-06,2025-07-11,38,M,diabetes_complication,mild,5,OPD
P_002631,PHC_013,2025-07-06,2025-07-08,47,M,maternal_delivery,mild,2,OPD
P_002632,PHC_013,2025-07-06,2025-07-11,29,M,dengue,critical,5,OPD
P_002633,PHC_013,2025-07-06,2025-07-09,25,M,malaria,mild,3,OPD
P_002634,PHC_002,2025-07-07,2025-07-12,62,F,respiratory_infection,moderate,5,referral
P_002635,PHC_004,2025-07-07,2025-07-12,40,M,pneumonia,moderate,5,OPD
P_002636,PHC_004,2025-07-07,2025-07-14,43,M,dengue,moderate,7,OPD
P_002637,PHC_005,2025-07-07,2025-07-12,43,F,dengue,critical,5,OPD
P_002638,PHC_010,2025-07-07,2025-07-13,43,M,dengue,mild,6,OPD
P_002639,PHC_011,2025-07-07,2025-07-13,48,M,snakebite,mild,6,OPD
P_002640,PHC_011,2025-07-07,2025-07-10,0,F,maternal_delivery,mild,3,emergency
P_002641,PHC_011,2025-07-07,2025-07-08,23,M,other,mild,1,emergency
P_002642,PHC_011,2025-07-07,2025-07-08,43,M,other,critical,1,OPD
P_002643,PHC_012,2025-07-07,2025-07-08,19,M,snakebite,moderate,1,OPD
P_002644,PHC_013,2025-07-07,2025-07-17,42,F,snakebite,mild,10,referral
P_002645,PHC_014,2025-07-07,2025-07-08,23,M,gastroenteritis,mild,1,emergency
P_002646,PHC_015,2025-07-07,2025-07-17,30,M,dengue,moderate,10,OPD
P_002647,PHC_001,2025-07-08,2025-07-11,22,F,dengue,moderate,3,emergency
P_002648,PHC_003,2025-07-08,2025-07-11,30,F,maternal_delivery,mild,3,OPD
P_002649,PHC_004,2025-07-08,2025-07-12,48,M,malaria,mild,4,emergency
P_002650,PHC_004,2025-07-08,2025-07-13,60,M,dengue,mild,5,OPD
P_002651,PHC_008,2025-07-08,2025-07-12,28,M,dengue,moderate,4,referral
P_002652,PHC_008,2025-07-08,2025-07-12,28,M,snakebite,mild,4,OPD
P_002653,PHC_012,2025-07-08,2025-07-11,53,M,trauma_minor,mild,3,referral
P_002654,PHC_015,2025-07-08,2025-07-15,64,M,snakebite,mild,7,OPD
P_002655,PHC_015,2025-07-08,2025-07-12,9,F,malaria,mild,4,emergency
P_002656,PHC_015,2025-07-08,2025-07-09,57,F,dengue,moderate,1,emergency
P_002657,PHC_004,2025-07-09,2025-07-14,12,F,dengue,critical,5,OPD
P_002658,PHC_004,2025-07-09,2025-07-16,47,M,dengue,moderate,7,referral
P_002659,PHC_004,2025-07-09,2025-07-17,36,F,dengue,moderate,8,emergency
P_002660,PHC_004,2025-07-09,2025-07-20,35,F,dengue,moderate,11,emergency
P_002661,PHC_007,2025-07-09,2025-07-14,10,F,dengue,critical,5,OPD
P_002662,PHC_007,2025-07-09,2025-07-17,41,M,dengue,mild,8,OPD
P_002663,PHC_011,2025-07-09,2025-07-12,49,M,gastroenteritis,moderate,3,OPD
P_002664,PHC_011,2025-07-09,2025-07-10,66,M,dengue,mild,1,OPD
P_002665,PHC_012,2025-07-09,2025-07-12,26,M,maternal_delivery,mild,3,emergency
P_002666,PHC_001,2025-07-10,2025-07-15,33,F,dengue,moderate,5,emergency
P_002667,PHC_001,2025-07-10,2025-07-16,0,F,dengue,critical,6,emergency
P_002668,PHC_002,2025-07-10,2025-07-16,33,F,pneumonia,mild,6,OPD
P_002669,PHC_002,2025-07-10,2025-07-23,66,F,diabetes_complication,mild,13,referral
P_002670,PHC_003,2025-07-10,2025-07-16,25,F,respiratory_infection,mild,6,OPD
P_002671,PHC_004,2025-07-10,2025-07-15,10,F,other,mild,5,referral
P_002672,PHC_004,2025-07-10,2025-07-17,46,F,dengue,moderate,7,OPD
P_002673,PHC_012,2025-07-10,2025-07-14,39,F,other,mild,4,OPD
P_002674,PHC_013,2025-07-10,2025-07-17,15,M,dengue,mild,7,emergency
P_002675,PHC_015,2025-07-10,2025-07-19,26,M,dengue,mild,9,emergency
P_002676,PHC_001,2025-07-11,2025-07-16,35,F,malaria,mild,5,OPD
P_002677,PHC_001,2025-07-11,2025-07-20,37,M,dengue,moderate,9,emergency
P_002678,PHC_002,2025-07-11,2025-07-18,46,F,other,mild,7,emergency
P_002679,PHC_004,2025-07-11,2025-07-16,73,F,dengue,mild,5,emergency
P_002680,PHC_004,2025-07-11,2025-07-15,70,F,snakebite,moderate,4,referral
P_002681,PHC_006,2025-07-11,2025-07-15,57,M,gastroenteritis,critical,4,emergency
P_002682,PHC_006,2025-07-11,2025-07-12,38,M,snakebite,mild,1,OPD
P_002683,PHC_009,2025-07-11,2025-07-14,41,M,respiratory_infection,moderate,3,emergency
P_002684,PHC_011,2025-07-11,2025-07-19,19,M,diabetes_complication,moderate,8,emergency
P_002685,PHC_012,2025-07-11,2025-07-15,35,F,other,mild,4,OPD
P_002686,PHC_013,2025-07-11,2025-07-19,27,F,dengue,mild,8,emergency
P_002687,PHC_013,2025-07-11,2025-07-17,36,F,dengue,moderate,6,OPD
P_002688,PHC_015,2025-07-11,2025-07-19,38,M,pneumonia,mild,8,emergency
P_002689,PHC_002,2025-07-12,2025-07-16,73,F,snakebite,moderate,4,OPD
P_002690,PHC_004,2025-07-12,2025-07-16,26,M,other,moderate,4,OPD
P_002691,PHC_005,2025-07-12,2025-07-20,54,F,diabetes_complication,mild,8,referral
P_002692,PHC_007,2025-07-12,2025-07-15,73,M,gastroenteritis,moderate,3,OPD
P_002693,PHC_009,2025-07-12,2025-07-16,46,M,gastroenteritis,moderate,4,emergency
P_002694,PHC_010,2025-07-12,2025-07-19,52,M,dengue,mild,7,emergency
P_002695,PHC_001,2025-07-13,2025-07-17,50,M,dengue,critical,4,OPD
P_002696,PHC_002,2025-07-13,2025-07-15,10,M,dengue,critical,2,OPD
P_002697,PHC_004,2025-07-13,2025-07-16,12,M,gastroenteritis,mild,3,referral
P_002698,PHC_004,2025-07-13,2025-07-21,23,M,dengue,mild,8,referral
P_002699,PHC_007,2025-07-13,2025-07-14,25,M,dengue,critical,1,emergency
P_002700,PHC_007,2025-07-13,2025-07-20,28,F,dengue,mild,7,emergency
P_002701,PHC_007,2025-07-13,2025-07-18,2,M,dengue,moderate,5,OPD
P_002702,PHC_007,2025-07-13,2025-07-21,31,M,dengue,mild,8,OPD
P_002703,PHC_011,2025-07-13,2025-07-15,38,M,trauma_minor,moderate,2,OPD
P_002704,PHC_012,2025-07-13,2025-07-17,23,F,other,mild,4,OPD
P_002705,PHC_001,2025-07-14,2025-07-19,18,F,malaria,mild,5,emergency
P_002706,PHC_001,2025-07-14,2025-07-22,52,M,dengue,moderate,8,emergency
P_002707,PHC_002,2025-07-14,2025-07-17,40,F,other,mild,3,emergency
P_002708,PHC_004,2025-07-14,2025-07-23,57,F,dengue,moderate,9,OPD
P_002709,PHC_007,2025-07-14,2025-07-23,61,F,dengue,mild,9,OPD
P_002710,PHC_008,2025-07-14,2025-07-16,43,F,gastroenteritis,moderate,2,emergency
P_002711,PHC_009,2025-07-14,2025-07-16,36,M,respiratory_infection,mild,2,emergency
P_002712,PHC_010,2025-07-14,2025-07-17,31,F,diabetes_complication,mild,3,referral
P_002713,PHC_010,2025-07-14,2025-07-20,42,F,dengue,mild,6,OPD
P_002714,PHC_011,2025-07-14,2025-07-22,27,F,diabetes_complication,moderate,8,referral
P_002715,PHC_012,2025-07-14,2025-07-15,9,F,maternal_delivery,critical,1,emergency
P_002716,PHC_013,2025-07-14,2025-07-16,41,F,maternal_delivery,moderate,2,OPD
P_002717,PHC_013,2025-07-14,2025-07-20,55,F,respiratory_infection,mild,6,referral
P_002718,PHC_001,2025-07-15,2025-07-19,69,M,dengue,moderate,4,emergency
P_002719,PHC_004,2025-07-15,2025-07-19,24,F,dengue,mild,4,emergency
P_002720,PHC_004,2025-07-15,2025-07-19,71,M,gastroenteritis,mild,4,OPD
P_002721,PHC_004,2025-07-15,2025-07-18,69,F,maternal_delivery,moderate,3,OPD
P_002722,PHC_004,2025-07-15,2025-07-17,48,F,trauma_minor,mild,2,emergency
P_002723,PHC_005,2025-07-15,2025-07-21,0,M,snakebite,mild,6,OPD
P_002724,PHC_006,2025-07-15,2025-07-16,53,M,trauma_minor,mild,1,OPD
P_002725,PHC_008,2025-07-15,2025-07-23,20,F,diabetes_complication,moderate,8,emergency
P_002726,PHC_009,2025-07-15,2025-07-19,52,F,trauma_minor,mild,4,OPD
P_002727,PHC_011,2025-07-15,2025-07-19,46,M,malaria,critical,4,OPD
P_002728,PHC_012,2025-07-15,2025-07-20,34,M,dengue,mild,5,emergency
P_002729,PHC_012,2025-07-15,2025-07-20,37,M,respiratory_infection,mild,5,OPD
P_002730,PHC_013,2025-07-15,2025-07-25,18,F,dengue,moderate,10,OPD
P_002731,PHC_001,2025-07-16,2025-07-17,77,M,dengue,moderate,1,emergency
P_002732,PHC_001,2025-07-16,2025-07-21,37,F,dengue,moderate,5,OPD
P_002733,PHC_002,2025-07-16,2025-07-19,20,M,other,mild,3,emergency
P_002734,PHC_004,2025-07-16,2025-07-18,29,F,trauma_minor,mild,2,referral
P_002735,PHC_006,2025-07-16,2025-07-20,27,F,malaria,moderate,4,OPD
P_002736,PHC_008,2025-07-16,2025-07-18,23,M,pneumonia,moderate,2,OPD
P_002737,PHC_008,2025-07-16,2025-07-22,46,F,dengue,mild,6,OPD
P_002738,PHC_008,2025-07-16,2025-07-19,63,M,gastroenteritis,mild,3,OPD
P_002739,PHC_013,2025-07-16,2025-07-17,44,F,dengue,mild,1,referral
P_002740,PHC_013,2025-07-16,2025-07-21,45,F,gastroenteritis,mild,5,emergency
P_002741,PHC_013,2025-07-16,2025-07-19,48,M,dengue,mild,3,referral
P_002742,PHC_014,2025-07-16,2025-07-18,37,F,trauma_minor,moderate,2,OPD
P_002743,PHC_015,2025-07-16,2025-07-18,18,F,pneumonia,mild,2,referral
P_002744,PHC_015,2025-07-16,2025-07-20,33,M,pneumonia,mild,4,emergency
P_002745,PHC_001,2025-07-17,2025-07-23,32,M,dengue,moderate,6,referral
P_002746,PHC_004,2025-07-17,2025-07-24,35,M,dengue,mild,7,OPD
P_002747,PHC_007,2025-07-17,2025-07-24,49,F,dengue,moderate,7,OPD
P_002748,PHC_007,2025-07-17,2025-07-25,66,M,dengue,critical,8,referral
P_002749,PHC_009,2025-07-17,2025-07-19,30,F,trauma_minor,moderate,2,OPD
P_002750,PHC_010,2025-07-17,2025-07-24,51,M,dengue,critical,7,OPD
P_002751,PHC_012,2025-07-17,2025-07-21,19,F,other,moderate,4,emergency
P_002752,PHC_013,2025-07-17,2025-07-20,50,M,other,critical,3,emergency
P_002753,PHC_014,2025-07-17,2025-07-19,33,F,trauma_minor,moderate,2,emergency
P_002754,PHC_015,2025-07-17,2025-07-19,61,F,maternal_delivery,moderate,2,OPD
P_002755,PHC_002,2025-07-18,2025-07-25,48,F,malaria,moderate,7,OPD
P_002756,PHC_002,2025-07-18,2025-07-22,70,F,respiratory_infection,moderate,4,emergency
P_002757,PHC_003,2025-07-18,2025-07-21,54,F,other,mild,3,OPD
P_002758,PHC_004,2025-07-18,2025-07-20,41,F,respiratory_infection,moderate,2,OPD
P_002759,PHC_004,2025-07-18,2025-07-24,70,F,dengue,mild,6,OPD
P_002760,PHC_007,2025-07-18,2025-07-22,31,M,pneumonia,moderate,4,OPD
P_002761,PHC_010,2025-07-18,2025-07-24,25,M,dengue,mild,6,OPD
P_002762,PHC_011,2025-07-18,2025-07-19,17,M,trauma_minor,mild,1,OPD
P_002763,PHC_013,2025-07-18,2025-07-24,81,F,snakebite,mild,6,emergency
P_002764,PHC_013,2025-07-18,2025-07-23,35,F,dengue,mild,5,OPD
P_002765,PHC_013,2025-07-18,2025-07-24,41,M,dengue,mild,6,OPD
P_002766,PHC_014,2025-07-18,2025-07-27,0,M,dengue,moderate,9,OPD
P_002767,PHC_015,2025-07-18,2025-07-24,46,F,malaria,moderate,6,OPD
P_002768,PHC_015,2025-07-18,2025-07-23,86,M,snakebite,mild,5,OPD
P_002769,PHC_001,2025-07-19,2025-07-23,3,F,gastroenteritis,mild,4,referral
P_002770,PHC_004,2025-07-19,2025-07-21,4,M,pneumonia,mild,2,emergency
P_002771,PHC_004,2025-07-19,2025-07-27,65,M,dengue,critical,8,emergency
P_002772,PHC_004,2025-07-19,2025-07-23,37,M,dengue,moderate,4,OPD
P_002773,PHC_009,2025-07-19,2025-07-23,72,M,maternal_delivery,mild,4,OPD
P_002774,PHC_009,2025-07-19,2025-07-22,55,M,trauma_minor,mild,3,referral
P_002775,PHC_010,2025-07-19,2025-07-24,18,F,dengue,critical,5,emergency
P_002776,PHC_010,2025-07-19,2025-07-21,28,F,snakebite,moderate,2,OPD
P_002777,PHC_015,2025-07-19,2025-07-21,50,F,pneumonia,mild,2,OPD
P_002778,PHC_002,2025-07-20,2025-07-21,38,F,maternal_delivery,moderate,1,OPD
P_002779,PHC_004,2025-07-20,2025-07-25,77,M,snakebite,mild,5,referral
P_002780,PHC_006,2025-07-20,2025-07-25,28,M,other,mild,5,emergency
P_002781,PHC_007,2025-07-20,2025-07-28,17,F,dengue,mild,8,OPD
P_002782,PHC_007,2025-07-20,2025-07-23,12,M,dengue,moderate,3,OPD
P_002783,PHC_009,2025-07-20,2025-07-21,37,F,maternal_delivery,mild,1,OPD
P_002784,PHC_009,2025-07-20,2025-07-23,17,M,gastroenteritis,mild,3,OPD
P_002785,PHC_009,2025-07-20,2025-07-21,32,M,diabetes_complication,moderate,1,OPD
P_002786,PHC_009,2025-07-20,2025-07-23,40,M,pneumonia,mild,3,OPD
P_002787,PHC_011,2025-07-20,2025-07-24,50,M,other,moderate,4,emergency
P_002788,PHC_012,2025-07-20,2025-07-21,14,F,trauma_minor,moderate,1,emergency
P_002789,PHC_012,2025-07-20,2025-07-25,54,M,diabetes_complication,mild,5,emergency
P_002790,PHC_013,2025-07-20,2025-07-26,25,F,malaria,moderate,6,OPD
P_002791,PHC_001,2025-07-21,2025-07-29,45,F,dengue,mild,8,emergency
P_002792,PHC_002,2025-07-21,2025-07-22,49,F,maternal_delivery,mild,1,OPD
P_002793,PHC_010,2025-07-21,2025-07-27,25,M,dengue,moderate,6,emergency
P_002794,PHC_010,2025-07-21,2025-07-26,42,F,dengue,mild,5,emergency
P_002795,PHC_013,2025-07-21,2025-07-23,21,M,pneumonia,moderate,2,OPD
P_002796,PHC_015,2025-07-21,2025-07-25,30,F,gastroenteritis,moderate,4,referral
P_002797,PHC_002,2025-07-22,2025-07-23,48,F,maternal_delivery,mild,1,referral
P_002798,PHC_004,2025-07-22,2025-08-02,22,M,dengue,moderate,11,OPD
P_002799,PHC_008,2025-07-22,2025-07-24,36,F,trauma_minor,mild,2,emergency
P_002800,PHC_008,2025-07-22,2025-07-31,9,F,pneumonia,mild,9,OPD
P_002801,PHC_009,2025-07-22,2025-07-29,35,M,respiratory_infection,moderate,7,referral
P_002802,PHC_010,2025-07-22,2025-07-25,0,M,trauma_minor,mild,3,referral
P_002803,PHC_012,2025-07-22,2025-07-29,78,M,snakebite,mild,7,referral
P_002804,PHC_013,2025-07-22,2025-07-29,0,M,dengue,moderate,7,OPD
P_002805,PHC_013,2025-07-22,2025-07-25,26,M,malaria,mild,3,emergency
P_002806,PHC_013,2025-07-22,2025-07-29,13,M,dengue,mild,7,emergency
P_002807,PHC_013,2025-07-22,2025-07-29,37,F,dengue,mild,7,emergency
P_002808,PHC_001,2025-07-23,2025-07-26,23,F,dengue,mild,3,emergency
P_002809,PHC_001,2025-07-23,2025-07-31,64,M,diabetes_complication,moderate,8,OPD
P_002810,PHC_004,2025-07-23,2025-07-25,49,F,malaria,moderate,2,OPD
P_002811,PHC_008,2025-07-23,2025-07-26,54,F,other,mild,3,emergency
P_002812,PHC_008,2025-07-23,2025-07-25,0,F,maternal_delivery,mild,2,referral
P_002813,PHC_009,2025-07-23,2025-07-25,1,M,maternal_delivery,mild,2,OPD
P_002814,PHC_015,2025-07-23,2025-07-27,9,F,snakebite,mild,4,emergency
P_002815,PHC_001,2025-07-24,2025-07-29,40,M,dengue,critical,5,referral
P_002816,PHC_002,2025-07-24,2025-08-02,70,F,dengue,moderate,9,OPD
P_002817,PHC_007,2025-07-24,2025-07-27,44,F,dengue,mild,3,referral
P_002818,PHC_008,2025-07-24,2025-08-02,50,M,dengue,mild,9,OPD
P_002819,PHC_012,2025-07-24,2025-07-28,40,F,malaria,moderate,4,OPD
P_002820,PHC_012,2025-07-24,2025-07-25,59,F,maternal_delivery,mild,1,emergency
P_002821,PHC_013,2025-07-24,2025-07-31,33,F,diabetes_complication,moderate,7,emergency
P_002822,PHC_013,2025-07-24,2025-07-27,26,M,snakebite,moderate,3,emergency
P_002823,PHC_015,2025-07-24,2025-08-06,33,M,diabetes_complication,moderate,13,emergency
P_002824,PHC_002,2025-07-25,2025-07-30,15,F,malaria,moderate,5,referral
P_002825,PHC_003,2025-07-25,2025-07-28,3,M,other,moderate,3,referral
P_002826,PHC_004,2025-07-25,2025-07-30,29,M,dengue,mild,5,referral
P_002827,PHC_013,2025-07-25,2025-07-29,74,F,pneumonia,mild,4,referral
P_002828,PHC_015,2025-07-25,2025-07-28,24,F,pneumonia,moderate,3,emergency
P_002829,PHC_015,2025-07-25,2025-07-26,44,M,maternal_delivery,mild,1,OPD
P_002830,PHC_001,2025-07-26,2025-08-01,37,M,dengue,moderate,6,referral
P_002831,PHC_002,2025-07-26,2025-08-01,72,M,respiratory_infection,mild,6,OPD
P_002832,PHC_004,2025-07-26,2025-08-07,38,F,dengue,mild,12,emergency
P_002833,PHC_010,2025-07-26,2025-08-01,53,M,dengue,mild,6,referral
P_002834,PHC_011,2025-07-26,2025-07-30,52,F,respiratory_infection,mild,4,emergency
P_002835,PHC_013,2025-07-26,2025-08-02,51,M,dengue,mild,7,OPD
P_002836,PHC_015,2025-07-26,2025-07-30,37,F,gastroenteritis,mild,4,OPD
P_002837,PHC_015,2025-07-26,2025-07-31,35,M,pneumonia,mild,5,referral
P_002838,PHC_001,2025-07-27,2025-07-30,51,M,trauma_minor,mild,3,OPD
P_002839,PHC_002,2025-07-27,2025-08-02,23,F,malaria,critical,6,referral
P_002840,PHC_004,2025-07-27,2025-07-30,28,M,pneumonia,mild,3,OPD
P_002841,PHC_007,2025-07-27,2025-08-02,38,F,diabetes_complication,moderate,6,emergency
P_002842,PHC_007,2025-07-27,2025-07-29,20,M,other,moderate,2,emergency
P_002843,PHC_009,2025-07-27,2025-07-30,38,M,gastroenteritis,moderate,3,OPD
P_002844,PHC_013,2025-07-27,2025-07-28,13,F,gastroenteritis,moderate,1,referral
P_002845,PHC_013,2025-07-27,2025-08-04,5,M,dengue,moderate,8,emergency
P_002846,PHC_014,2025-07-27,2025-08-04,58,F,diabetes_complication,mild,8,emergency
P_002847,PHC_014,2025-07-27,2025-08-02,52,M,snakebite,moderate,6,emergency
P_002848,PHC_015,2025-07-27,2025-07-30,39,F,pneumonia,moderate,3,OPD
P_002849,PHC_001,2025-07-28,2025-07-30,56,F,respiratory_infection,critical,2,OPD
P_002850,PHC_004,2025-07-28,2025-08-02,93,F,pneumonia,mild,5,OPD
P_002851,PHC_004,2025-07-28,2025-07-31,44,M,maternal_delivery,mild,3,referral
P_002852,PHC_005,2025-07-28,2025-08-02,26,F,dengue,mild,5,OPD
P_002853,PHC_008,2025-07-28,2025-08-06,45,M,pneumonia,mild,9,OPD
P_002854,PHC_009,2025-07-28,2025-08-04,25,M,malaria,mild,7,emergency
P_002855,PHC_011,2025-07-28,2025-07-29,71,M,malaria,moderate,1,OPD
P_002856,PHC_011,2025-07-28,2025-08-01,19,F,malaria,moderate,4,OPD
P_002857,PHC_013,2025-07-28,2025-07-31,44,M,other,mild,3,OPD
P_002858,PHC_001,2025-07-29,2025-07-31,12,F,trauma_minor,moderate,2,OPD
P_002859,PHC_003,2025-07-29,2025-08-03,45,M,gastroenteritis,moderate,5,OPD
P_002860,PHC_009,2025-07-29,2025-07-30,47,F,trauma_minor,critical,1,OPD
P_002861,PHC_011,2025-07-29,2025-08-04,75,M,pneumonia,mild,6,OPD
P_002862,PHC_012,2025-07-29,2025-08-07,40,M,dengue,moderate,9,OPD
P_002863,PHC_015,2025-07-29,2025-08-04,51,M,other,critical,6,OPD
P_002864,PHC_002,2025-07-30,2025-08-10,26,F,diabetes_complication,mild,11,emergency
P_002865,PHC_004,2025-07-30,2025-08-03,42,F,other,moderate,4,emergency
P_002866,PHC_004,2025-07-30,2025-08-01,44,F,malaria,mild,2,OPD
P_002867,PHC_004,2025-07-30,2025-08-01,53,F,respiratory_infection,mild,2,emergency
P_002868,PHC_009,2025-07-30,2025-07-31,42,F,diabetes_complication,mild,1,OPD
P_002869,PHC_009,2025-07-30,2025-08-02,12,M,trauma_minor,mild,3,OPD
P_002870,PHC_011,2025-07-30,2025-08-05,71,F,pneumonia,moderate,6,OPD
P_002871,PHC_013,2025-07-30,2025-08-04,63,F,malaria,mild,5,emergency
P_002872,PHC_014,2025-07-30,2025-08-02,53,F,malaria,critical,3,emergency
P_002873,PHC_015,2025-07-30,2025-08-05,50,M,snakebite,moderate,6,OPD
P_002874,PHC_001,2025-07-31,2025-08-01,50,M,other,mild,1,OPD
P_002875,PHC_003,2025-07-31,2025-08-02,21,F,gastroenteritis,moderate,2,referral
P_002876,PHC_004,2025-07-31,2025-08-04,27,F,maternal_delivery,critical,4,OPD
P_002877,PHC_004,2025-07-31,2025-08-04,9,F,pneumonia,mild,4,referral
P_002878,PHC_006,2025-07-31,2025-08-02,13,F,other,mild,2,referral
P_002879,PHC_006,2025-07-31,2025-08-05,78,M,diabetes_complication,critical,5,referral
P_002880,PHC_007,2025-07-31,2025-08-05,33,M,gastroenteritis,moderate,5,OPD
P_002881,PHC_008,2025-07-31,2025-08-08,69,M,pneumonia,mild,8,OPD
P_002882,PHC_008,2025-07-31,2025-08-06,38,M,snakebite,mild,6,emergency
P_002883,PHC_010,2025-07-31,2025-08-02,4,F,trauma_minor,moderate,2,OPD
P_002884,PHC_010,2025-07-31,2025-08-06,43,F,diabetes_complication,mild,6,OPD
P_002885,PHC_011,2025-07-31,2025-08-02,24,F,snakebite,mild,2,OPD
P_002886,PHC_011,2025-07-31,2025-08-04,52,M,gastroenteritis,mild,4,OPD
P_002887,PHC_012,2025-07-31,2025-08-03,57,M,respiratory_infection,mild,3,OPD
P_002888,PHC_012,2025-07-31,2025-08-04,56,M,malaria,moderate,4,OPD
P_002889,PHC_015,2025-07-31,2025-08-05,40,M,snakebite,moderate,5,OPD
P_002890,PHC_001,2025-08-01,2025-08-06,52,M,respiratory_infection,moderate,5,OPD
P_002891,PHC_004,2025-08-01,2025-08-04,63,F,gastroenteritis,mild,3,OPD
P_002892,PHC_006,2025-08-01,2025-08-02,24,M,gastroenteritis,mild,1,emergency
P_002893,PHC_007,2025-08-01,2025-08-05,30,F,gastroenteritis,critical,4,emergency
P_002894,PHC_008,2025-08-01,2025-08-03,54,F,trauma_minor,mild,2,OPD
P_002895,PHC_008,2025-08-01,2025-08-05,33,M,respiratory_infection,moderate,4,OPD
P_002896,PHC_009,2025-08-01,2025-08-08,16,F,snakebite,critical,7,referral
P_002897,PHC_010,2025-08-01,2025-08-06,31,F,pneumonia,moderate,5,OPD
P_002898,PHC_010,2025-08-01,2025-08-09,23,F,diabetes_complication,moderate,8,emergency
P_002899,PHC_011,2025-08-01,2025-08-04,16,F,trauma_minor,mild,3,emergency
P_002900,PHC_013,2025-08-01,2025-08-04,16,F,gastroenteritis,mild,3,referral
P_002901,PHC_013,2025-08-01,2025-08-02,41,F,gastroenteritis,mild,1,emergency
P_002902,PHC_013,2025-08-01,2025-08-09,31,M,dengue,mild,8,OPD
P_002903,PHC_013,2025-08-01,2025-08-04,27,F,gastroenteritis,critical,3,emergency
P_002904,PHC_001,2025-08-02,2025-08-04,35,F,gastroenteritis,moderate,2,referral
P_002905,PHC_004,2025-08-02,2025-08-05,23,F,snakebite,mild,3,emergency
P_002906,PHC_004,2025-08-02,2025-08-05,74,M,gastroenteritis,mild,3,OPD
P_002907,PHC_004,2025-08-02,2025-08-04,51,M,gastroenteritis,mild,2,OPD
P_002908,PHC_006,2025-08-02,2025-08-08,11,M,malaria,mild,6,emergency
P_002909,PHC_008,2025-08-02,2025-08-05,55,F,maternal_delivery,moderate,3,emergency
P_002910,PHC_008,2025-08-02,2025-08-03,28,F,trauma_minor,mild,1,OPD
P_002911,PHC_010,2025-08-02,2025-08-07,29,F,gastroenteritis,mild,5,OPD
P_002912,PHC_011,2025-08-02,2025-08-04,69,M,trauma_minor,moderate,2,emergency
P_002913,PHC_013,2025-08-02,2025-08-04,27,M,gastroenteritis,mild,2,referral
P_002914,PHC_014,2025-08-02,2025-08-03,25,F,other,moderate,1,OPD
P_002915,PHC_001,2025-08-03,2025-08-07,48,F,gastroenteritis,mild,4,emergency
P_002916,PHC_002,2025-08-03,2025-08-06,44,F,malaria,moderate,3,OPD
P_002917,PHC_004,2025-08-03,2025-08-06,6,M,dengue,moderate,3,emergency
P_002918,PHC_004,2025-08-03,2025-08-10,38,M,diabetes_complication,mild,7,OPD
P_002919,PHC_004,2025-08-03,2025-08-06,40,F,gastroenteritis,critical,3,referral
P_002920,PHC_013,2025-08-03,2025-08-05,39,M,other,moderate,2,emergency
P_002921,PHC_014,2025-08-03,2025-08-13,55,F,pneumonia,moderate,10,referral
P_002922,PHC_015,2025-08-03,2025-08-10,49,F,diabetes_complication,critical,7,emergency
P_002923,PHC_004,2025-08-04,2025-08-08,23,F,other,moderate,4,OPD
P_002924,PHC_004,2025-08-04,2025-08-06,20,F,maternal_delivery,moderate,2,emergency
P_002925,PHC_011,2025-08-04,2025-08-09,7,F,dengue,moderate,5,OPD
P_002926,PHC_013,2025-08-04,2025-08-06,58,M,gastroenteritis,mild,2,OPD
P_002927,PHC_001,2025-08-05,2025-08-07,65,M,gastroenteritis,mild,2,emergency
P_002928,PHC_003,2025-08-05,2025-08-08,57,F,pneumonia,moderate,3,emergency
P_002929,PHC_004,2025-08-05,2025-08-06,0,M,gastroenteritis,mild,1,emergency
P_002930,PHC_007,2025-08-05,2025-08-10,30,M,gastroenteritis,moderate,5,emergency
P_002931,PHC_008,2025-08-05,2025-08-07,29,F,maternal_delivery,mild,2,referral
P_002932,PHC_010,2025-08-05,2025-08-11,60,M,respiratory_infection,moderate,6,emergency
P_002933,PHC_010,2025-08-05,2025-08-07,21,F,gastroenteritis,mild,2,OPD
P_002934,PHC_011,2025-08-05,2025-08-06,46,M,maternal_delivery,mild,1,OPD
P_002935,PHC_011,2025-08-05,2025-08-07,30,F,respiratory_infection,critical,2,emergency
P_002936,PHC_012,2025-08-05,2025-08-11,27,F,malaria,mild,6,emergency
P_002937,PHC_013,2025-08-05,2025-08-10,45,F,gastroenteritis,moderate,5,emergency
P_002938,PHC_015,2025-08-05,2025-08-07,53,F,trauma_minor,mild,2,OPD
P_002939,PHC_006,2025-08-06,2025-08-12,46,M,dengue,mild,6,emergency
P_002940,PHC_011,2025-08-06,2025-08-10,50,M,snakebite,mild,4,OPD
P_002941,PHC_011,2025-08-06,2025-08-08,32,M,diabetes_complication,moderate,2,OPD
P_002942,PHC_013,2025-08-06,2025-08-09,56,F,snakebite,mild,3,emergency
P_002943,PHC_013,2025-08-06,2025-08-08,37,M,gastroenteritis,moderate,2,OPD
P_002944,PHC_002,2025-08-07,2025-08-14,57,M,dengue,mild,7,OPD
P_002945,PHC_007,2025-08-07,2025-08-11,31,M,gastroenteritis,mild,4,emergency
P_002946,PHC_009,2025-08-07,2025-08-13,34,M,pneumonia,mild,6,OPD
P_002947,PHC_009,2025-08-07,2025-08-14,28,F,snakebite,moderate,7,OPD
P_002948,PHC_010,2025-08-07,2025-08-09,67,M,gastroenteritis,mild,2,referral
P_002949,PHC_010,2025-08-07,2025-08-09,53,F,gastroenteritis,mild,2,OPD
P_002950,PHC_012,2025-08-07,2025-08-12,52,M,respiratory_infection,mild,5,emergency
P_002951,PHC_013,2025-08-07,2025-08-08,48,M,gastroenteritis,moderate,1,OPD
P_002952,PHC_013,2025-08-07,2025-08-09,48,F,maternal_delivery,mild,2,OPD
P_002953,PHC_013,2025-08-07,2025-08-10,0,F,gastroenteritis,mild,3,emergency
P_002954,PHC_014,2025-08-07,2025-08-11,16,F,dengue,mild,4,emergency
P_002955,PHC_001,2025-08-08,2025-08-10,39,F,gastroenteritis,critical,2,OPD
P_002956,PHC_002,2025-08-08,2025-08-13,0,M,snakebite,mild,5,OPD
P_002957,PHC_004,2025-08-08,2025-08-10,21,F,gastroenteritis,moderate,2,emergency
P_002958,PHC_004,2025-08-08,2025-08-12,38,M,gastroenteritis,mild,4,OPD
P_002959,PHC_005,2025-08-08,2025-08-12,43,M,snakebite,moderate,4,OPD
P_002960,PHC_009,2025-08-08,2025-08-11,18,M,respiratory_infection,moderate,3,referral
P_002961,PHC_010,2025-08-08,2025-08-12,14,M,malaria,mild,4,emergency
P_002962,PHC_010,2025-08-08,2025-08-13,57,F,gastroenteritis,moderate,5,OPD
P_002963,PHC_011,2025-08-08,2025-08-16,71,M,dengue,moderate,8,referral
P_002964,PHC_014,2025-08-08,2025-08-11,65,F,trauma_minor,moderate,3,OPD
P_002965,PHC_014,2025-08-08,2025-08-10,28,M,maternal_delivery,mild,2,OPD
P_002966,PHC_015,2025-08-08,2025-08-11,37,F,gastroenteritis,mild,3,emergency
P_002967,PHC_015,2025-08-08,2025-08-09,58,F,trauma_minor,moderate,1,OPD
P_002968,PHC_002,2025-08-09,2025-08-10,21,M,maternal_delivery,mild,1,OPD
P_002969,PHC_002,2025-08-09,2025-08-11,54,F,maternal_delivery,critical,2,emergency
P_002970,PHC_004,2025-08-09,2025-08-12,65,F,gastroenteritis,critical,3,emergency
P_002971,PHC_008,2025-08-09,2025-08-14,5,M,dengue,mild,5,emergency
P_002972,PHC_011,2025-08-09,2025-08-14,8,F,snakebite,mild,5,OPD
P_002973,PHC_013,2025-08-09,2025-08-14,34,F,gastroenteritis,mild,5,OPD
P_002974,PHC_013,2025-08-09,2025-08-11,0,F,dengue,mild,2,emergency
P_002975,PHC_013,2025-08-09,2025-08-10,63,M,gastroenteritis,moderate,1,OPD
P_002976,PHC_003,2025-08-10,2025-08-18,27,M,pneumonia,mild,8,emergency
P_002977,PHC_004,2025-08-10,2025-08-14,66,M,dengue,mild,4,referral
P_002978,PHC_006,2025-08-10,2025-08-23,34,M,diabetes_complication,mild,13,emergency
P_002979,PHC_006,2025-08-10,2025-08-15,15,F,respiratory_infection,critical,5,OPD
P_002980,PHC_007,2025-08-10,2025-08-13,37,M,gastroenteritis,mild,3,OPD
P_002981,PHC_007,2025-08-10,2025-08-12,64,F,gastroenteritis,critical,2,emergency
P_002982,PHC_008,2025-08-10,2025-08-14,52,F,gastroenteritis,mild,4,emergency
P_002983,PHC_009,2025-08-10,2025-08-13,31,M,trauma_minor,mild,3,OPD
P_002984,PHC_009,2025-08-10,2025-08-16,50,F,diabetes_complication,moderate,6,referral
P_002985,PHC_010,2025-08-10,2025-08-12,36,F,respiratory_infection,mild,2,emergency
P_002986,PHC_011,2025-08-10,2025-08-15,37,M,snakebite,mild,5,emergency
P_002987,PHC_014,2025-08-10,2025-08-16,64,F,malaria,mild,6,OPD
P_002988,PHC_001,2025-08-11,2025-08-14,41,M,maternal_delivery,mild,3,referral
P_002989,PHC_001,2025-08-11,2025-08-14,44,F,gastroenteritis,mild,3,emergency
P_002990,PHC_001,2025-08-11,2025-08-15,22,M,gastroenteritis,critical,4,referral
P_002991,PHC_002,2025-08-11,2025-08-15,20,F,gastroenteritis,moderate,4,OPD
P_002992,PHC_004,2025-08-11,2025-08-13,55,M,maternal_delivery,moderate,2,emergency
P_002993,PHC_004,2025-08-11,2025-08-14,12,M,gastroenteritis,mild,3,OPD
P_002994,PHC_004,2025-08-11,2025-08-14,64,F,gastroenteritis,mild,3,OPD
P_002995,PHC_005,2025-08-11,2025-08-16,50,F,respiratory_infection,mild,5,OPD
P_002996,PHC_006,2025-08-11,2025-08-15,37,F,dengue,moderate,4,emergency
P_002997,PHC_008,2025-08-11,2025-08-13,33,F,maternal_delivery,mild,2,OPD
P_002998,PHC_010,2025-08-11,2025-08-14,16,F,malaria,moderate,3,OPD
P_002999,PHC_010,2025-08-11,2025-08-12,40,F,trauma_minor,moderate,1,emergency
P_003000,PHC_011,2025-08-11,2025-08-13,58,F,maternal_delivery,mild,2,OPD
P_003001,PHC_011,2025-08-11,2025-08-15,30,F,trauma_minor,mild,4,OPD
P_003002,PHC_013,2025-08-11,2025-08-15,46,M,gastroenteritis,mild,4,OPD
P_003003,PHC_001,2025-08-12,2025-08-15,72,F,gastroenteritis,moderate,3,OPD
P_003004,PHC_002,2025-08-12,2025-08-16,48,F,snakebite,mild,4,OPD
P_003005,PHC_004,2025-08-12,2025-08-14,5,M,maternal_delivery,mild,2,OPD
P_003006,PHC_006,2025-08-12,2025-08-16,48,M,pneumonia,critical,4,emergency
P_003007,PHC_007,2025-08-12,2025-08-15,0,M,gastroenteritis,moderate,3,OPD
P_003008,PHC_007,2025-08-12,2025-08-14,15,M,other,mild,2,OPD
P_003009,PHC_008,2025-08-12,2025-08-16,32,F,pneumonia,moderate,4,OPD
P_003010,PHC_008,2025-08-12,2025-08-16,32,F,snakebite,mild,4,OPD
P_003011,PHC_012,2025-08-12,2025-08-21,26,F,dengue,mild,9,OPD
P_003012,PHC_012,2025-08-12,2025-08-15,58,F,maternal_delivery,mild,3,emergency
P_003013,PHC_013,2025-08-12,2025-08-16,26,F,gastroenteritis,moderate,4,OPD
P_003014,PHC_013,2025-08-12,2025-08-15,34,F,gastroenteritis,mild,3,OPD
P_003015,PHC_013,2025-08-12,2025-08-15,45,M,gastroenteritis,mild,3,emergency
P_003016,PHC_013,2025-08-12,2025-08-14,20,F,gastroenteritis,mild,2,OPD
P_003017,PHC_014,2025-08-12,2025-08-17,55,F,other,moderate,5,emergency
P_003018,PHC_014,2025-08-12,2025-08-13,45,F,maternal_delivery,mild,1,referral
P_003019,PHC_015,2025-08-12,2025-08-15,41,M,snakebite,moderate,3,referral
P_003020,PHC_001,2025-08-13,2025-08-18,0,M,gastroenteritis,mild,5,emergency
P_003021,PHC_001,2025-08-13,2025-08-14,58,M,gastroenteritis,mild,1,OPD
P_003022,PHC_002,2025-08-13,2025-08-20,34,M,pneumonia,critical,7,referral
P_003023,PHC_007,2025-08-13,2025-08-17,49,M,gastroenteritis,mild,4,emergency
P_003024,PHC_010,2025-08-13,2025-08-16,28,F,gastroenteritis,moderate,3,emergency
P_003025,PHC_010,2025-08-13,2025-08-15,15,M,gastroenteritis,critical,2,emergency
P_003026,PHC_010,2025-08-13,2025-08-16,69,M,gastroenteritis,mild,3,OPD
P_003027,PHC_011,2025-08-13,2025-08-17,14,M,snakebite,mild,4,OPD
P_003028,PHC_011,2025-08-13,2025-08-16,19,F,pneumonia,mild,3,emergency
P_003029,PHC_012,2025-08-13,2025-08-19,32,M,dengue,critical,6,referral
P_003030,PHC_012,2025-08-13,2025-08-19,61,F,snakebite,mild,6,OPD
P_003031,PHC_012,2025-08-13,2025-08-14,26,M,pneumonia,moderate,1,OPD
P_003032,PHC_013,2025-08-13,2025-08-21,17,M,dengue,mild,8,emergency
P_003033,PHC_013,2025-08-13,2025-08-17,37,F,gastroenteritis,critical,4,OPD
P_003034,PHC_013,2025-08-13,2025-08-16,9,F,gastroenteritis,mild,3,emergency
P_003035,PHC_014,2025-08-13,2025-08-17,36,M,malaria,moderate,4,referral
P_003036,PHC_002,2025-08-14,2025-08-21,29,F,pneumonia,critical,7,emergency
P_003037,PHC_004,2025-08-14,2025-08-18,14,F,gastroenteritis,moderate,4,OPD
P_003038,PHC_004,2025-08-14,2025-08-18,34,F,gastroenteritis,moderate,4,OPD
P_003039,PHC_004,2025-08-14,2025-08-19,36,M,gastroenteritis,mild,5,OPD
P_003040,PHC_004,2025-08-14,2025-08-17,49,F,gastroenteritis,critical,3,emergency
P_003041,PHC_004,2025-08-14,2025-08-16,40,M,gastroenteritis,moderate,2,emergency
P_003042,PHC_006,2025-08-14,2025-08-16,64,M,snakebite,mild,2,emergency
P_003043,PHC_009,2025-08-14,2025-08-17,46,F,malaria,mild,3,OPD
P_003044,PHC_011,2025-08-14,2025-08-17,50,M,trauma_minor,critical,3,emergency
P_003045,PHC_013,2025-08-14,2025-08-17,26,M,gastroenteritis,mild,3,OPD
P_003046,PHC_013,2025-08-14,2025-08-15,38,F,pneumonia,mild,1,OPD
P_003047,PHC_013,2025-08-14,2025-08-17,47,M,gastroenteritis,moderate,3,OPD
P_003048,PHC_015,2025-08-14,2025-08-17,73,M,gastroenteritis,moderate,3,OPD
P_003049,PHC_001,2025-08-15,2025-08-21,34,F,respiratory_infection,moderate,6,OPD
P_003050,PHC_010,2025-08-15,2025-08-17,2,F,diabetes_complication,mild,2,OPD
P_003051,PHC_011,2025-08-15,2025-08-18,7,M,other,mild,3,OPD
P_003052,PHC_012,2025-08-15,2025-08-20,39,F,dengue,mild,5,emergency
P_003053,PHC_015,2025-08-15,2025-08-19,10,F,gastroenteritis,mild,4,OPD
P_003054,PHC_001,2025-08-16,2025-08-19,36,F,pneumonia,mild,3,referral
P_003055,PHC_004,2025-08-16,2025-08-19,44,F,gastroenteritis,mild,3,emergency
P_003056,PHC_007,2025-08-16,2025-08-21,26,F,pneumonia,mild,5,emergency
P_003057,PHC_010,2025-08-16,2025-08-19,45,M,respiratory_infection,mild,3,referral
P_003058,PHC_012,2025-08-16,2025-08-18,58,M,gastroenteritis,mild,2,OPD
P_003059,PHC_013,2025-08-16,2025-08-19,58,F,snakebite,mild,3,emergency
P_003060,PHC_001,2025-08-17,2025-08-22,29,M,snakebite,moderate,5,OPD
P_003061,PHC_004,2025-08-17,2025-08-19,21,F,malaria,mild,2,emergency
P_003062,PHC_004,2025-08-17,2025-08-21,61,F,pneumonia,mild,4,emergency
P_003063,PHC_008,2025-08-17,2025-08-24,25,M,respiratory_infection,moderate,7,emergency
P_003064,PHC_010,2025-08-17,2025-08-24,30,M,snakebite,mild,7,OPD
P_003065,PHC_011,2025-08-17,2025-08-25,43,F,diabetes_complication,critical,8,OPD
P_003066,PHC_015,2025-08-17,2025-08-21,56,M,respiratory_infection,moderate,4,OPD
P_003067,PHC_003,2025-08-18,2025-08-23,28,F,malaria,moderate,5,OPD
P_003068,PHC_004,2025-08-18,2025-08-22,62,M,respiratory_infection,moderate,4,OPD
P_003069,PHC_010,2025-08-18,2025-08-22,4,F,gastroenteritis,mild,4,referral
P_003070,PHC_011,2025-08-18,2025-08-22,44,F,malaria,mild,4,OPD
P_003071,PHC_013,2025-08-18,2025-08-22,19,M,maternal_delivery,moderate,4,emergency
P_003072,PHC_015,2025-08-18,2025-08-22,0,F,maternal_delivery,moderate,4,OPD
P_003073,PHC_001,2025-08-19,2025-08-22,59,M,other,critical,3,OPD
P_003074,PHC_002,2025-08-19,2025-08-24,14,F,dengue,mild,5,OPD
P_003075,PHC_006,2025-08-19,2025-08-23,39,F,other,moderate,4,referral
P_003076,PHC_008,2025-08-19,2025-08-25,61,F,respiratory_infection,critical,6,OPD
P_003077,PHC_009,2025-08-19,2025-08-23,37,F,trauma_minor,mild,4,referral
P_003078,PHC_009,2025-08-19,2025-08-21,39,M,maternal_delivery,mild,2,emergency
P_003079,PHC_013,2025-08-19,2025-08-23,19,F,snakebite,mild,4,OPD
P_003080,PHC_015,2025-08-19,2025-08-26,49,M,diabetes_complication,mild,7,OPD
P_003081,PHC_004,2025-08-20,2025-08-22,57,M,other,moderate,2,OPD
P_003082,PHC_009,2025-08-20,2025-08-24,24,M,malaria,mild,4,emergency
P_003083,PHC_011,2025-08-20,2025-08-25,69,M,dengue,moderate,5,OPD
P_003084,PHC_011,2025-08-20,2025-08-23,67,M,maternal_delivery,mild,3,OPD
P_003085,PHC_012,2025-08-20,2025-08-27,40,M,pneumonia,mild,7,emergency
P_003086,PHC_013,2025-08-20,2025-08-23,47,M,respiratory_infection,moderate,3,referral
P_003087,PHC_013,2025-08-20,2025-08-24,36,M,pneumonia,mild,4,OPD
P_003088,PHC_015,2025-08-20,2025-08-25,35,F,pneumonia,moderate,5,referral
P_003089,PHC_015,2025-08-20,2025-08-24,84,M,gastroenteritis,moderate,4,OPD
P_003090,PHC_001,2025-08-21,2025-08-27,31,F,dengue,mild,6,OPD
P_003091,PHC_002,2025-08-21,2025-08-24,74,F,snakebite,moderate,3,OPD
P_003092,PHC_004,2025-08-21,2025-08-25,31,F,gastroenteritis,moderate,4,OPD
P_003093,PHC_004,2025-08-21,2025-08-26,32,F,pneumonia,moderate,5,OPD
P_003094,PHC_005,2025-08-21,2025-08-25,50,M,gastroenteritis,moderate,4,referral
P_003095,PHC_008,2025-08-21,2025-08-23,70,F,malaria,moderate,2,OPD
P_003096,PHC_010,2025-08-21,2025-08-25,0,M,pneumonia,mild,4,OPD
P_003097,PHC_011,2025-08-21,2025-08-26,53,F,malaria,mild,5,referral
P_003098,PHC_011,2025-08-21,2025-08-26,38,F,dengue,mild,5,OPD
P_003099,PHC_013,2025-08-21,2025-08-23,21,F,maternal_delivery,mild,2,referral
P_003100,PHC_015,2025-08-21,2025-08-29,30,F,dengue,moderate,8,emergency
P_003101,PHC_002,2025-08-22,2025-08-24,42,F,malaria,moderate,2,emergency
P_003102,PHC_002,2025-08-22,2025-08-25,28,M,gastroenteritis,mild,3,OPD
P_003103,PHC_004,2025-08-22,2025-08-23,10,F,trauma_minor,moderate,1,referral
P_003104,PHC_004,2025-08-22,2025-08-29,55,M,respiratory_infection,mild,7,OPD
P_003105,PHC_005,2025-08-22,2025-08-27,61,F,gastroenteritis,moderate,5,emergency
P_003106,PHC_008,2025-08-22,2025-08-25,30,F,gastroenteritis,mild,3,referral
P_003107,PHC_008,2025-08-22,2025-09-04,56,M,diabetes_complication,moderate,13,emergency
P_003108,PHC_008,2025-08-22,2025-08-26,26,F,other,mild,4,OPD
P_003109,PHC_001,2025-08-23,2025-08-26,24,F,respiratory_infection,moderate,3,referral
P_003110,PHC_002,2025-08-23,2025-08-28,61,F,pneumonia,moderate,5,emergency
P_003111,PHC_007,2025-08-23,2025-08-27,51,F,other,moderate,4,emergency
P_003112,PHC_008,2025-08-23,2025-08-26,15,M,snakebite,moderate,3,OPD
P_003113,PHC_008,2025-08-23,2025-08-25,27,M,dengue,moderate,2,OPD
P_003114,PHC_009,2025-08-23,2025-08-29,36,F,respiratory_infection,mild,6,OPD
P_003115,PHC_003,2025-08-24,2025-09-03,7,M,diabetes_complication,moderate,10,OPD
P_003116,PHC_007,2025-08-24,2025-08-27,39,M,dengue,mild,3,referral
P_003117,PHC_009,2025-08-24,2025-08-27,50,F,respiratory_infection,moderate,3,referral
P_003118,PHC_009,2025-08-24,2025-08-26,20,M,respiratory_infection,critical,2,OPD
P_003119,PHC_012,2025-08-24,2025-08-28,33,M,diabetes_complication,mild,4,emergency
P_003120,PHC_015,2025-08-24,2025-08-31,6,M,diabetes_complication,mild,7,emergency
P_003121,PHC_005,2025-08-25,2025-08-27,53,F,other,moderate,2,emergency
P_003122,PHC_008,2025-08-25,2025-09-02,57,F,snakebite,mild,8,OPD
P_003123,PHC_009,2025-08-25,2025-08-29,50,M,other,moderate,4,OPD
P_003124,PHC_009,2025-08-25,2025-08-28,37,F,gastroenteritis,mild,3,OPD
P_003125,PHC_012,2025-08-25,2025-08-29,47,M,respiratory_infection,moderate,4,emergency
P_003126,PHC_012,2025-08-25,2025-08-29,49,M,pneumonia,mild,4,OPD
P_003127,PHC_004,2025-08-26,2025-08-31,57,F,malaria,critical,5,OPD
P_003128,PHC_004,2025-08-26,2025-08-27,39,F,dengue,mild,1,referral
P_003129,PHC_012,2025-08-26,2025-08-27,50,M,maternal_delivery,moderate,1,emergency
P_003130,PHC_012,2025-08-26,2025-08-30,51,M,gastroenteritis,moderate,4,OPD
P_003131,PHC_013,2025-08-26,2025-08-30,70,M,other,mild,4,OPD
P_003132,PHC_003,2025-08-27,2025-09-01,71,F,maternal_delivery,mild,5,emergency
P_003133,PHC_004,2025-08-27,2025-09-01,60,F,respiratory_infection,moderate,5,OPD
P_003134,PHC_008,2025-08-27,2025-08-28,55,F,trauma_minor,mild,1,OPD
P_003135,PHC_008,2025-08-27,2025-08-29,75,F,trauma_minor,mild,2,emergency
P_003136,PHC_008,2025-08-27,2025-09-01,41,F,pneumonia,moderate,5,emergency
P_003137,PHC_010,2025-08-27,2025-08-31,23,M,respiratory_infection,mild,4,OPD
P_003138,PHC_012,2025-08-27,2025-08-31,18,M,dengue,critical,4,emergency
P_003139,PHC_013,2025-08-27,2025-09-03,15,F,diabetes_complication,mild,7,emergency
P_003140,PHC_004,2025-08-28,2025-09-04,21,M,snakebite,moderate,7,OPD
P_003141,PHC_004,2025-08-28,2025-09-01,43,M,trauma_minor,mild,4,OPD
P_003142,PHC_006,2025-08-28,2025-09-03,48,F,dengue,mild,6,emergency
P_003143,PHC_008,2025-08-28,2025-09-06,51,M,dengue,moderate,9,referral
P_003144,PHC_009,2025-08-28,2025-09-02,46,M,pneumonia,critical,5,OPD
P_003145,PHC_009,2025-08-28,2025-08-30,37,M,gastroenteritis,moderate,2,OPD
P_003146,PHC_012,2025-08-28,2025-08-29,35,M,other,moderate,1,OPD
P_003147,PHC_013,2025-08-28,2025-09-04,42,F,snakebite,moderate,7,emergency
P_003148,PHC_001,2025-08-29,2025-08-30,81,F,maternal_delivery,mild,1,emergency
P_003149,PHC_003,2025-08-29,2025-09-04,40,F,malaria,moderate,6,emergency
P_003150,PHC_015,2025-08-29,2025-08-30,23,M,trauma_minor,mild,1,OPD
P_003151,PHC_015,2025-08-29,2025-09-01,60,M,trauma_minor,moderate,3,emergency
P_003152,PHC_001,2025-08-30,2025-09-03,24,F,diabetes_complication,moderate,4,OPD
P_003153,PHC_004,2025-08-30,2025-08-31,36,M,diabetes_complication,critical,1,OPD
P_003154,PHC_004,2025-08-30,2025-09-01,55,M,other,mild,2,OPD
P_003155,PHC_005,2025-08-30,2025-09-01,22,F,trauma_minor,mild,2,referral
P_003156,PHC_006,2025-08-30,2025-09-01,40,M,trauma_minor,mild,2,OPD
P_003157,PHC_007,2025-08-30,2025-09-01,27,F,gastroenteritis,mild,2,emergency
P_003158,PHC_008,2025-08-30,2025-09-01,37,M,gastroenteritis,moderate,2,emergency
P_003159,PHC_010,2025-08-30,2025-09-03,19,M,snakebite,mild,4,emergency
P_003160,PHC_009,2025-08-31,2025-09-02,53,F,pneumonia,moderate,2,referral
P_003161,PHC_013,2025-08-31,2025-09-02,63,F,other,mild,2,referral
P_003162,PHC_013,2025-08-31,2025-09-03,25,M,gastroenteritis,mild,3,emergency
