date,district,rainfall_mm,temperature_c,outbreak_active,outbreak_type,outbreak_severity,campaign_active,campaign_type
2024-09-01,Vellore,1.4,34.1,False,none,0.0,True,tetanus_drive
2024-09-01,Krishnagiri,0.5,30.0,False,none,0.0,True,measles_drive
2024-09-01,Tiruvannamalai,1.6,27.3,False,none,0.0,True,measles_drive
2024-09-01,Salem,0.5,32.1,False,none,0.0,True,measles_drive
2024-09-01,Madurai,1.6,29.4,False,none,0.0,True,tetanus_drive
2024-09-01,Coimbatore,9.5,29.1,False,none,0.0,True,general_immunization
2024-09-01,Pune,131.0,29.0,False,none,0.0,True,general_immunization
2024-09-01,Nagpur,49.1,28.6,False,none,0.0,True,tetanus_drive
2024-09-01,Nashik,29.3,31.6,False,none,0.0,True,general_immunization
2024-09-01,Chhatrapati Sambhajinagar,13.1,27.9,False,none,0.0,True,tetanus_drive
2024-09-01,Thane,12.8,26.5,False,none,0.0,True,general_immunization
2024-09-01,Amravati,42.9,30.4,False,none,0.0,True,tetanus_drive
2024-09-01,Jaipur,0.4,24.0,False,none,0.0,True,measles_drive
2024-09-01,Jodhpur,0.0,24.1,False,none,0.0,True,general_immunization
2024-09-01,Bikaner,0.1,30.9,False,none,0.0,True,tetanus_drive
2024-09-01,Udaipur,0.0,29.2,False,none,0.0,True,tetanus_drive
2024-09-01,Kota,0.0,26.3,False,none,0.0,True,tetanus_drive
2024-09-01,Barmer,0.6,29.7,False,none,0.0,True,tetanus_drive
2024-09-01,Khordha,60.1,29.1,False,none,0.0,True,tetanus_drive
2024-09-01,Cuttack,63.1,26.3,False,none,0.0,True,general_immunization
2024-09-01,Puri,63.3,25.9,False,none,0.0,True,measles_drive
2024-09-01,Balasore,30.5,29.3,False,none,0.0,True,measles_drive
2024-09-01,Mayurbhanj,139.2,26.8,False,none,0.0,True,tetanus_drive
2024-09-01,Ganjam,60.5,28.7,False,none,0.0,True,tetanus_drive
2024-09-01,Kamrup,42.2,27.2,False,none,0.0,True,tetanus_drive
2024-09-01,Dibrugarh,45.9,20.8,False,none,0.0,True,tetanus_drive
2024-09-01,Cachar,45.9,24.0,False,none,0.0,True,measles_drive
2024-09-01,Jorhat,47.0,26.8,False,none,0.0,True,tetanus_drive
2024-09-01,Nagaon,55.2,29.2,False,none,0.0,True,general_immunization
2024-09-01,Sonitpur,210.1,26.0,False,none,0.0,True,measles_drive
2024-09-02,Vellore,5.2,32.9,False,none,0.0,True,measles_drive
2024-09-02,Krishnagiri,8.6,32.6,False,none,0.0,True,general_immunization
2024-09-02,Tiruvannamalai,1.6,28.5,False,none,0.0,True,general_immunization
2024-09-02,Salem,0.6,27.0,False,none,0.0,True,tetanus_drive
2024-09-02,Madurai,0.9,24.5,False,none,0.0,True,general_immunization
2024-09-02,Coimbatore,2.0,27.8,False,none,0.0,True,tetanus_drive
2024-09-02,Pune,103.9,32.8,False,none,0.0,True,tetanus_drive
2024-09-02,Nagpur,66.2,26.0,False,none,0.0,True,measles_drive
2024-09-02,Nashik,17.7,29.8,False,none,0.0,True,tetanus_drive
2024-09-02,Chhatrapati Sambhajinagar,32.1,31.5,False,none,0.0,True,tetanus_drive
2024-09-02,Thane,20.2,26.7,False,none,0.0,True,general_immunization
2024-09-02,Amravati,46.7,28.0,False,none,0.0,True,tetanus_drive
2024-09-02,Jaipur,0.1,29.8,False,none,0.0,True,general_immunization
2024-09-02,Jodhpur,0.0,27.3,False,none,0.0,True,general_immunization
2024-09-02,Bikaner,0.2,25.9,False,none,0.0,True,tetanus_drive
2024-09-02,Udaipur,0.0,25.1,False,none,0.0,True,tetanus_drive
2024-09-02,Kota,0.0,25.9,False,none,0.0,True,tetanus_drive
2024-09-02,Barmer,0.1,26.9,False,none,0.0,True,measles_drive
2024-09-02,Khordha,187.7,29.4,False,none,0.0,True,tetanus_drive
2024-09-02,Cuttack,1.8,29.2,False,none,0.0,True,measles_drive
2024-09-02,Puri,39.4,31.0,False,none,0.0,True,tetanus_drive
2024-09-02,Balasore,138.6,29.8,False,none,0.0,True,tetanus_drive
2024-09-02,Mayurbhanj,54.8,28.2,False,none,0.0,True,general_immunization
2024-09-02,Ganjam,67.1,28.0,False,none,0.0,True,measles_drive
2024-09-02,Kamrup,56.8,27.7,False,none,0.0,True,general_immunization
2024-09-02,Dibrugarh,72.2,26.9,False,none,0.0,True,measles_drive
2024-09-02,Cachar,156.7,25.7,False,none,0.0,True,general_immunization
2024-09-02,Jorhat,183.8,24.2,False,none,0.0,True,general_immunization
2024-09-02,Nagaon,42.4,27.7,False,none,0.0,True,tetanus_drive
2024-09-02,Sonitpur,62.5,27.9,False,none,0.0,True,tetanus_drive
2024-09-03,Vellore,0.0,30.1,False,none,0.0,True,tetanus_drive
2024-09-03,Krishnagiri,1.7,26.6,False,none,0.0,True,measles_drive
2024-09-03,Tiruvannamalai,0.2,28.9,False,none,0.0,True,measles_drive
2024-09-03,Salem,3.5,38.5,False,none,0.0,True,tetanus_drive
2024-09-03,Madurai,0.4,34.8,False,none,0.0,True,general_immunization
2024-09-03,Coimbatore,0.8,32.9,False,none,0.0,True,tetanus_drive
2024-09-03,Pune,51.6,31.3,False,none,0.0,True,tetanus_drive
2024-09-03,Nagpur,32.0,29.9,False,none,0.0,True,measles_drive
2024-09-03,Nashik,62.1,27.8,False,none,0.0,True,general_immunization
2024-09-03,Chhatrapati Sambhajinagar,18.8,29.1,False,none,0.0,True,general_immunization
2024-09-03,Thane,17.6,26.9,False,none,0.0,True,tetanus_drive
2024-09-03,Amravati,8.1,30.4,False,none,0.0,True,tetanus_drive
2024-09-03,Jaipur,0.2,26.1,False,none,0.0,True,tetanus_drive
2024-09-03,Jodhpur,0.0,25.4,False,none,0.0,True,general_immunization
2024-09-03,Bikaner,0.1,20.6,False,none,0.0,True,tetanus_drive
2024-09-03,Udaipur,0.8,28.0,False,none,0.0,True,tetanus_drive
2024-09-03,Kota,0.1,31.3,False,none,0.0,True,measles_drive
2024-09-03,Barmer,0.0,31.6,False,none,0.0,True,general_immunization
2024-09-03,Khordha,80.2,29.8,False,none,0.0,True,tetanus_drive
2024-09-03,Cuttack,181.5,22.5,False,none,0.0,True,measles_drive
2024-09-03,Puri,46.4,29.8,False,none,0.0,True,general_immunization
2024-09-03,Balasore,113.0,30.0,False,none,0.0,True,measles_drive
2024-09-03,Mayurbhanj,49.9,31.4,False,none,0.0,True,measles_drive
2024-09-03,Ganjam,44.0,27.8,False,none,0.0,True,tetanus_drive
2024-09-03,Kamrup,59.7,26.0,False,none,0.0,True,measles_drive
2024-09-03,Dibrugarh,71.3,21.6,False,none,0.0,True,general_immunization
2024-09-03,Cachar,141.0,24.3,False,none,0.0,True,general_immunization
2024-09-03,Jorhat,110.9,22.5,False,none,0.0,True,measles_drive
2024-09-03,Nagaon,113.9,24.2,False,none,0.0,True,measles_drive
2024-09-03,Sonitpur,150.1,22.8,False,none,0.0,True,tetanus_drive
2024-09-04,Vellore,1.3,28.5,False,none,0.0,True,general_immunization
2024-09-04,Krishnagiri,1.8,31.4,False,none,0.0,True,tetanus_drive
2024-09-04,Tiruvannamalai,9.2,31.7,False,none,0.0,True,measles_drive
2024-09-04,Salem,4.0,31.5,False,none,0.0,True,tetanus_drive
2024-09-04,Madurai,1.7,34.8,False,none,0.0,True,general_immunization
2024-09-04,Coimbatore,1.0,31.3,False,none,0.0,True,tetanus_drive
2024-09-04,Pune,26.0,27.0,False,none,0.0,True,tetanus_drive
2024-09-04,Nagpur,21.5,32.6,False,none,0.0,True,measles_drive
2024-09-04,Nashik,86.1,32.4,False,none,0.0,True,general_immunization
2024-09-04,Chhatrapati Sambhajinagar,59.0,28.1,False,none,0.0,True,measles_drive
2024-09-04,Thane,125.4,26.8,False,none,0.0,True,general_immunization
2024-09-04,Amravati,25.3,29.2,False,none,0.0,True,measles_drive
2024-09-04,Jaipur,1.1,32.7,False,none,0.0,True,measles_drive
2024-09-04,Jodhpur,0.5,27.6,False,none,0.0,True,measles_drive
2024-09-04,Bikaner,0.0,28.0,False,none,0.0,True,tetanus_drive
2024-09-04,Udaipur,0.0,25.5,False,none,0.0,True,measles_drive
2024-09-04,Kota,0.0,27.3,False,none,0.0,True,general_immunization
2024-09-04,Barmer,0.0,26.0,False,none,0.0,True,general_immunization
2024-09-04,Khordha,110.9,24.2,False,none,0.0,True,general_immunization
2024-09-04,Cuttack,35.0,27.0,False,none,0.0,True,measles_drive
2024-09-04,Puri,148.5,28.1,False,none,0.0,True,measles_drive
2024-09-04,Balasore,103.0,32.4,False,none,0.0,True,tetanus_drive
2024-09-04,Mayurbhanj,53.3,25.0,False,none,0.0,True,tetanus_drive
2024-09-04,Ganjam,91.7,27.4,False,none,0.0,True,tetanus_drive
2024-09-04,Kamrup,73.5,26.7,False,none,0.0,True,tetanus_drive
2024-09-04,Dibrugarh,92.6,23.5,False,none,0.0,True,general_immunization
2024-09-04,Cachar,145.5,26.3,False,none,0.0,True,general_immunization
2024-09-04,Jorhat,114.5,26.1,False,none,0.0,True,general_immunization
2024-09-04,Nagaon,80.8,26.1,False,none,0.0,True,measles_drive
2024-09-04,Sonitpur,111.7,27.5,False,none,0.0,True,tetanus_drive
2024-09-05,Vellore,4.6,31.2,False,none,0.0,True,general_immunization
2024-09-05,Krishnagiri,0.1,30.4,False,none,0.0,True,tetanus_drive
2024-09-05,Tiruvannamalai,1.9,30.9,False,none,0.0,True,tetanus_drive
2024-09-05,Salem,4.1,34.1,False,none,0.0,True,measles_drive
2024-09-05,Madurai,1.5,29.0,False,none,0.0,True,measles_drive
2024-09-05,Coimbatore,4.9,29.7,False,none,0.0,True,tetanus_drive
2024-09-05,Pune,32.1,31.2,False,none,0.0,True,measles_drive
2024-09-05,Nagpur,50.0,27.1,False,none,0.0,True,general_immunization
2024-09-05,Nashik,36.5,28.9,False,none,0.0,True,general_immunization
2024-09-05,Chhatrapati Sambhajinagar,97.5,26.5,False,none,0.0,True,tetanus_drive
2024-09-05,Thane,54.4,27.6,False,none,0.0,True,measles_drive
2024-09-05,Amravati,89.1,28.6,False,none,0.0,True,general_immunization
2024-09-05,Jaipur,0.0,29.2,False,none,0.0,True,general_immunization
2024-09-05,Jodhpur,0.0,33.7,False,none,0.0,True,measles_drive
2024-09-05,Bikaner,1.8,25.6,False,none,0.0,True,general_immunization
2024-09-05,Udaipur,0.0,27.4,False,none,0.0,True,measles_drive
2024-09-05,Kota,0.0,27.2,False,none,0.0,True,tetanus_drive
2024-09-05,Barmer,0.0,33.3,False,none,0.0,True,tetanus_drive
2024-09-05,Khordha,89.1,30.3,False,none,0.0,True,tetanus_drive
2024-09-05,Cuttack,57.3,29.0,False,none,0.0,True,tetanus_drive
2024-09-05,Puri,85.6,26.3,False,none,0.0,True,measles_drive
2024-09-05,Balasore,19.4,27.6,False,none,0.0,True,tetanus_drive
2024-09-05,Mayurbhanj,84.7,25.9,False,none,0.0,True,general_immunization
2024-09-05,Ganjam,62.8,27.4,False,none,0.0,True,measles_drive
2024-09-05,Kamrup,48.2,23.3,False,none,0.0,True,general_immunization
2024-09-05,Dibrugarh,60.8,25.0,False,none,0.0,True,measles_drive
2024-09-05,Cachar,101.4,24.6,False,none,0.0,True,tetanus_drive
2024-09-05,Jorhat,31.9,23.8,False,none,0.0,True,tetanus_drive
2024-09-05,Nagaon,61.6,24.7,False,none,0.0,True,tetanus_drive
2024-09-05,Sonitpur,70.4,25.3,False,none,0.0,True,general_immunization
2024-09-06,Vellore,8.1,33.2,False,none,0.0,False,none
2024-09-06,Krishnagiri,5.0,31.8,False,none,0.0,False,none
2024-09-06,Tiruvannamalai,8.7,34.5,False,none,0.0,False,none
2024-09-06,Salem,1.8,28.5,False,none,0.0,False,none
2024-09-06,Madurai,8.1,36.1,False,none,0.0,False,none
2024-09-06,Coimbatore,0.2,35.0,False,none,0.0,False,none
2024-09-06,Pune,43.0,30.8,False,none,0.0,False,none
2024-09-06,Nagpur,47.2,28.1,False,none,0.0,False,none
2024-09-06,Nashik,27.7,29.7,False,none,0.0,False,none
2024-09-06,Chhatrapati Sambhajinagar,8.8,29.0,False,none,0.0,False,none
2024-09-06,Thane,24.4,29.8,False,none,0.0,False,none
2024-09-06,Amravati,35.7,31.0,False,none,0.0,False,none
2024-09-06,Jaipur,0.0,26.3,False,none,0.0,False,none
2024-09-06,Jodhpur,0.0,26.7,False,none,0.0,False,none
2024-09-06,Bikaner,0.2,29.5,False,none,0.0,False,none
2024-09-06,Udaipur,0.0,33.3,False,none,0.0,False,none
2024-09-06,Kota,0.0,26.9,False,none,0.0,False,none
2024-09-06,Barmer,0.2,29.8,False,none,0.0,False,none
2024-09-06,Khordha,62.8,25.7,False,none,0.0,False,none
2024-09-06,Cuttack,55.5,29.3,False,none,0.0,False,none
2024-09-06,Puri,49.6,31.5,False,none,0.0,False,none
2024-09-06,Balasore,40.4,27.4,False,none,0.0,False,none
2024-09-06,Mayurbhanj,46.7,28.7,False,none,0.0,False,none
2024-09-06,Ganjam,32.3,31.5,False,none,0.0,False,none
2024-09-06,Kamrup,171.9,25.4,False,none,0.0,False,none
2024-09-06,Dibrugarh,83.8,24.6,False,none,0.0,False,none
2024-09-06,Cachar,57.6,29.7,False,none,0.0,False,none
2024-09-06,Jorhat,101.5,23.6,False,none,0.0,False,none
2024-09-06,Nagaon,158.4,24.7,False,none,0.0,False,none
2024-09-06,Sonitpur,89.7,26.8,False,none,0.0,False,none
2024-09-07,Vellore,3.8,29.7,False,none,0.0,False,none
2024-09-07,Krishnagiri,0.3,31.2,False,none,0.0,False,none
2024-09-07,Tiruvannamalai,2.8,31.8,False,none,0.0,False,none
2024-09-07,Salem,5.1,26.6,False,none,0.0,False,none
2024-09-07,Madurai,2.2,28.8,False,none,0.0,False,none
2024-09-07,Coimbatore,2.4,35.9,False,none,0.0,False,none
2024-09-07,Pune,90.5,27.7,False,none,0.0,False,none
2024-09-07,Nagpur,31.7,28.6,False,none,0.0,False,none
2024-09-07,Nashik,82.8,27.3,False,none,0.0,False,none
2024-09-07,Chhatrapati Sambhajinagar,28.8,27.2,False,none,0.0,False,none
2024-09-07,Thane,21.2,32.2,False,none,0.0,False,none
2024-09-07,Amravati,22.3,25.9,False,none,0.0,False,none
2024-09-07,Jaipur,0.3,27.4,False,none,0.0,False,none
2024-09-07,Jodhpur,0.1,28.0,False,none,0.0,False,none
2024-09-07,Bikaner,0.1,26.3,False,none,0.0,False,none
2024-09-07,Udaipur,0.0,24.6,False,none,0.0,False,none
2024-09-07,Kota,0.0,29.1,False,none,0.0,False,none
2024-09-07,Barmer,0.2,32.5,False,none,0.0,False,none
2024-09-07,Khordha,48.1,30.3,False,none,0.0,False,none
2024-09-07,Cuttack,29.0,28.1,False,none,0.0,False,none
2024-09-07,Puri,16.8,31.9,False,none,0.0,False,none
2024-09-07,Balasore,68.7,30.4,False,none,0.0,False,none
2024-09-07,Mayurbhanj,78.5,31.0,False,none,0.0,False,none
2024-09-07,Ganjam,51.9,28.2,False,none,0.0,False,none
2024-09-07,Kamrup,103.3,25.9,False,none,0.0,False,none
2024-09-07,Dibrugarh,212.9,22.9,False,none,0.0,False,none
2024-09-07,Cachar,73.1,32.1,False,none,0.0,False,none
2024-09-07,Jorhat,115.2,26.3,False,none,0.0,False,none
2024-09-07,Nagaon,166.9,27.1,False,none,0.0,False,none
2024-09-07,Sonitpur,47.8,24.7,False,none,0.0,False,none
2024-09-08,Vellore,0.0,31.7,False,none,0.0,False,none
2024-09-08,Krishnagiri,1.1,25.3,False,none,0.0,False,none
2024-09-08,Tiruvannamalai,2.3,32.9,False,none,0.0,False,none
2024-09-08,Salem,6.3,29.4,False,none,0.0,False,none
2024-09-08,Madurai,1.9,31.0,False,none,0.0,False,none
2024-09-08,Coimbatore,2.4,32.0,False,none,0.0,False,none
2024-09-08,Pune,23.0,26.0,False,none,0.0,False,none
2024-09-08,Nagpur,2.4,25.3,False,none,0.0,False,none
2024-09-08,Nashik,75.6,26.1,False,none,0.0,False,none
2024-09-08,Chhatrapati Sambhajinagar,30.5,29.1,False,none,0.0,False,none
2024-09-08,Thane,13.5,25.1,False,none,0.0,False,none
2024-09-08,Amravati,43.5,27.2,False,none,0.0,False,none
2024-09-08,Jaipur,0.0,27.9,False,none,0.0,False,none
2024-09-08,Jodhpur,0.1,32.6,False,none,0.0,False,none
2024-09-08,Bikaner,1.0,35.9,False,none,0.0,False,none
2024-09-08,Udaipur,0.1,29.5,False,none,0.0,False,none
2024-09-08,Kota,0.0,25.5,False,none,0.0,False,none
2024-09-08,Barmer,0.2,23.6,False,none,0.0,False,none
2024-09-08,Khordha,32.8,27.0,False,none,0.0,False,none
2024-09-08,Cuttack,84.5,27.5,False,none,0.0,False,none
2024-09-08,Puri,26.5,26.7,False,none,0.0,False,none
2024-09-08,Balasore,115.4,34.1,False,none,0.0,False,none
2024-09-08,Mayurbhanj,37.4,29.8,False,none,0.0,False,none
2024-09-08,Ganjam,53.4,31.3,False,none,0.0,False,none
2024-09-08,Kamrup,74.7,28.1,False,none,0.0,False,none
2024-09-08,Dibrugarh,46.2,25.3,False,none,0.0,False,none
2024-09-08,Cachar,193.9,25.6,False,none,0.0,False,none
2024-09-08,Jorhat,135.8,29.3,False,none,0.0,False,none
2024-09-08,Nagaon,72.7,24.8,False,none,0.0,False,none
2024-09-08,Sonitpur,119.8,24.8,False,none,0.0,False,none
2024-09-09,Vellore,2.9,28.4,False,none,0.0,False,none
2024-09-09,Krishnagiri,4.9,30.6,False,none,0.0,False,none
2024-09-09,Tiruvannamalai,0.0,32.0,False,none,0.0,False,none
2024-09-09,Salem,0.6,29.3,False,none,0.0,False,none
2024-09-09,Madurai,2.1,28.1,False,none,0.0,False,none
2024-09-09,Coimbatore,0.1,27.4,False,none,0.0,False,none
2024-09-09,Pune,30.9,27.3,False,none,0.0,False,none
2024-09-09,Nagpur,1.7,33.3,False,none,0.0,False,none
2024-09-09,Nashik,45.9,28.0,False,none,0.0,False,none
2024-09-09,Chhatrapati Sambhajinagar,62.0,29.1,False,none,0.0,False,none
2024-09-09,Thane,25.4,28.9,False,none,0.0,False,none
2024-09-09,Amravati,18.1,29.1,False,none,0.0,False,none
2024-09-09,Jaipur,0.1,25.5,False,none,0.0,False,none
2024-09-09,Jodhpur,0.0,19.4,False,none,0.0,False,none
2024-09-09,Bikaner,0.0,29.1,False,none,0.0,False,none
2024-09-09,Udaipur,1.2,26.8,False,none,0.0,False,none
2024-09-09,Kota,0.7,24.5,False,none,0.0,False,none
2024-09-09,Barmer,5.0,30.3,False,none,0.0,False,none
2024-09-09,Khordha,50.0,33.9,False,none,0.0,False,none
2024-09-09,Cuttack,36.6,29.2,False,none,0.0,False,none
2024-09-09,Puri,48.9,25.9,False,none,0.0,False,none
2024-09-09,Balasore,27.4,27.2,False,none,0.0,False,none
2024-09-09,Mayurbhanj,52.9,28.9,False,none,0.0,False,none
2024-09-09,Ganjam,46.6,30.9,False,none,0.0,False,none
2024-09-09,Kamrup,165.7,29.4,False,none,0.0,False,none
2024-09-09,Dibrugarh,90.2,26.2,False,none,0.0,False,none
2024-09-09,Cachar,208.8,27.8,False,none,0.0,False,none
2024-09-09,Jorhat,34.9,28.1,False,none,0.0,False,none
2024-09-09,Nagaon,87.3,25.2,False,none,0.0,False,none
2024-09-09,Sonitpur,66.0,27.4,False,none,0.0,False,none
2024-09-10,Vellore,0.2,32.2,False,none,0.0,False,none
2024-09-10,Krishnagiri,0.7,30.9,False,none,0.0,False,none
2024-09-10,Tiruvannamalai,0.5,25.7,False,none,0.0,False,none
2024-09-10,Salem,0.4,29.1,False,none,0.0,False,none
2024-09-10,Madurai,1.3,26.9,False,none,0.0,False,none
2024-09-10,Coimbatore,4.7,27.3,False,none,0.0,False,none
2024-09-10,Pune,43.4,24.3,False,none,0.0,False,none
2024-09-10,Nagpur,27.9,22.5,False,none,0.0,False,none
2024-09-10,Nashik,41.9,27.8,False,none,0.0,False,none
2024-09-10,Chhatrapati Sambhajinagar,41.3,31.8,False,none,0.0,False,none
2024-09-10,Thane,62.6,24.4,False,none,0.0,False,none
2024-09-10,Amravati,41.8,25.6,False,none,0.0,False,none
2024-09-10,Jaipur,0.8,29.6,False,none,0.0,False,none
2024-09-10,Jodhpur,3.6,28.3,False,none,0.0,False,none
2024-09-10,Bikaner,0.2,27.5,False,none,0.0,False,none
2024-09-10,Udaipur,0.0,31.6,False,none,0.0,False,none
2024-09-10,Kota,0.0,24.9,False,none,0.0,False,none
2024-09-10,Barmer,0.1,26.6,False,none,0.0,False,none
2024-09-10,Khordha,46.9,27.5,False,none,0.0,False,none
2024-09-10,Cuttack,75.3,26.8,False,none,0.0,False,none
2024-09-10,Puri,43.2,28.9,False,none,0.0,False,none
2024-09-10,Balasore,52.0,29.6,False,none,0.0,False,none
2024-09-10,Mayurbhanj,52.6,26.7,False,none,0.0,False,none
2024-09-10,Ganjam,69.3,32.6,False,none,0.0,False,none
2024-09-10,Kamrup,61.6,23.7,False,none,0.0,False,none
2024-09-10,Dibrugarh,56.0,24.0,False,none,0.0,False,none
2024-09-10,Cachar,121.2,25.7,False,none,0.0,False,none
2024-09-10,Jorhat,149.0,26.5,False,none,0.0,False,none
2024-09-10,Nagaon,54.1,23.7,False,none,0.0,False,none
2024-09-10,Sonitpur,147.1,23.8,False,none,0.0,False,none
2024-09-11,Vellore,0.7,32.4,False,none,0.0,False,none
2024-09-11,Krishnagiri,1.8,31.8,False,none,0.0,False,none
2024-09-11,Tiruvannamalai,3.6,27.3,False,none,0.0,False,none
2024-09-11,Salem,1.5,29.1,False,none,0.0,False,none
2024-09-11,Madurai,2.6,24.8,False,none,0.0,False,none
2024-09-11,Coimbatore,2.1,30.2,False,none,0.0,False,none
2024-09-11,Pune,48.6,32.1,False,none,0.0,False,none
2024-09-11,Nagpur,21.6,25.5,False,none,0.0,False,none
2024-09-11,Nashik,8.4,25.2,False,none,0.0,False,none
2024-09-11,Chhatrapati Sambhajinagar,96.0,22.5,False,none,0.0,False,none
2024-09-11,Thane,48.7,33.2,False,none,0.0,False,none
2024-09-11,Amravati,27.4,30.4,False,none,0.0,False,none
2024-09-11,Jaipur,0.3,20.4,False,none,0.0,False,none
2024-09-11,Jodhpur,0.1,24.8,False,none,0.0,False,none
2024-09-11,Bikaner,0.5,26.7,False,none,0.0,False,none
2024-09-11,Udaipur,0.0,22.1,False,none,0.0,False,none
2024-09-11,Kota,0.0,30.0,False,none,0.0,False,none
2024-09-11,Barmer,0.0,29.4,False,none,0.0,False,none
2024-09-11,Khordha,43.1,30.0,False,none,0.0,False,none
2024-09-11,Cuttack,47.2,30.3,False,none,0.0,False,none
2024-09-11,Puri,56.4,33.0,False,none,0.0,False,none
2024-09-11,Balasore,88.0,32.5,False,none,0.0,False,none
2024-09-11,Mayurbhanj,31.0,31.1,False,none,0.0,False,none
2024-09-11,Ganjam,42.7,31.4,False,none,0.0,False,none
2024-09-11,Kamrup,79.3,26.6,False,none,0.0,False,none
2024-09-11,Dibrugarh,182.1,25.4,False,none,0.0,False,none
2024-09-11,Cachar,52.6,23.9,False,none,0.0,False,none
2024-09-11,Jorhat,104.2,22.8,False,none,0.0,False,none
2024-09-11,Nagaon,117.3,23.0,False,none,0.0,False,none
2024-09-11,Sonitpur,59.1,27.9,False,none,0.0,False,none
2024-09-12,Vellore,1.6,29.6,False,none,0.0,False,none
2024-09-12,Krishnagiri,2.3,33.6,False,none,0.0,False,none
2024-09-12,Tiruvannamalai,16.0,34.1,False,none,0.0,False,none
2024-09-12,Salem,1.4,26.4,False,none,0.0,False,none
2024-09-12,Madurai,1.5,30.9,False,none,0.0,False,none
2024-09-12,Coimbatore,2.3,30.4,False,none,0.0,False,none
2024-09-12,Pune,36.9,28.9,False,none,0.0,False,none
2024-09-12,Nagpur,33.0,28.5,False,none,0.0,False,none
2024-09-12,Nashik,34.3,28.5,False,none,0.0,False,none
2024-09-12,Chhatrapati Sambhajinagar,57.7,30.5,False,none,0.0,False,none
2024-09-12,Thane,39.1,27.5,False,none,0.0,False,none
2024-09-12,Amravati,35.7,32.5,False,none,0.0,False,none
2024-09-12,Jaipur,0.2,27.9,False,none,0.0,False,none
2024-09-12,Jodhpur,0.0,29.6,False,none,0.0,False,none
2024-09-12,Bikaner,1.7,24.7,False,none,0.0,False,none
2024-09-12,Udaipur,0.1,22.5,False,none,0.0,False,none
2024-09-12,Kota,0.1,22.8,False,none,0.0,False,none
2024-09-12,Barmer,0.1,31.7,False,none,0.0,False,none
2024-09-12,Khordha,62.3,32.7,False,none,0.0,False,none
2024-09-12,Cuttack,71.0,31.1,False,none,0.0,False,none
2024-09-12,Puri,56.3,31.0,False,none,0.0,False,none
2024-09-12,Balasore,36.1,31.5,False,none,0.0,False,none
2024-09-12,Mayurbhanj,33.6,31.7,False,none,0.0,False,none
2024-09-12,Ganjam,53.4,29.3,False,none,0.0,False,none
2024-09-12,Kamrup,270.4,27.6,False,none,0.0,False,none
2024-09-12,Dibrugarh,98.4,25.7,False,none,0.0,False,none
2024-09-12,Cachar,56.3,25.9,False,none,0.0,False,none
2024-09-12,Jorhat,79.5,22.8,False,none,0.0,False,none
2024-09-12,Nagaon,74.1,24.4,False,none,0.0,False,none
2024-09-12,Sonitpur,54.9,23.8,False,none,0.0,False,none
2024-09-13,Vellore,2.7,28.3,False,none,0.0,False,none
2024-09-13,Krishnagiri,0.3,29.6,False,none,0.0,False,none
2024-09-13,Tiruvannamalai,3.8,28.6,False,none,0.0,False,none
2024-09-13,Salem,2.4,34.1,False,none,0.0,False,none
2024-09-13,Madurai,1.4,25.2,False,none,0.0,False,none
2024-09-13,Coimbatore,8.3,30.4,False,none,0.0,False,none
2024-09-13,Pune,33.1,27.0,False,none,0.0,False,none
2024-09-13,Nagpur,57.2,27.2,False,none,0.0,False,none
2024-09-13,Nashik,49.1,31.2,False,none,0.0,False,none
2024-09-13,Chhatrapati Sambhajinagar,71.9,31.2,False,none,0.0,False,none
2024-09-13,Thane,80.9,25.7,False,none,0.0,False,none
2024-09-13,Amravati,33.8,28.0,False,none,0.0,False,none
2024-09-13,Jaipur,0.0,29.4,False,none,0.0,False,none
2024-09-13,Jodhpur,0.0,27.7,False,none,0.0,False,none
2024-09-13,Bikaner,0.0,24.4,False,none,0.0,False,none
2024-09-13,Udaipur,0.0,26.8,False,none,0.0,False,none
2024-09-13,Kota,0.0,25.6,False,none,0.0,False,none
2024-09-13,Barmer,0.1,24.1,False,none,0.0,False,none
2024-09-13,Khordha,65.8,28.5,False,none,0.0,False,none
2024-09-13,Cuttack,52.6,27.4,False,none,0.0,False,none
2024-09-13,Puri,52.4,30.9,False,none,0.0,False,none
2024-09-13,Balasore,77.5,26.6,False,none,0.0,False,none
2024-09-13,Mayurbhanj,37.5,29.2,False,none,0.0,False,none
2024-09-13,Ganjam,19.1,33.9,False,none,0.0,False,none
2024-09-13,Kamrup,95.0,24.1,False,none,0.0,False,none
2024-09-13,Dibrugarh,66.5,27.2,False,none,0.0,False,none
2024-09-13,Cachar,130.7,26.5,False,none,0.0,False,none
2024-09-13,Jorhat,36.9,31.2,False,none,0.0,False,none
2024-09-13,Nagaon,52.7,28.9,False,none,0.0,False,none
2024-09-13,Sonitpur,114.1,24.3,False,none,0.0,False,none
2024-09-14,Vellore,0.2,31.0,False,none,0.0,False,none
2024-09-14,Krishnagiri,11.2,26.7,False,none,0.0,False,none
2024-09-14,Tiruvannamalai,2.0,29.4,False,none,0.0,False,none
2024-09-14,Salem,5.3,30.4,False,none,0.0,False,none
2024-09-14,Madurai,1.3,31.2,False,none,0.0,False,none
2024-09-14,Coimbatore,2.8,31.5,False,none,0.0,False,none
2024-09-14,Pune,36.0,23.2,False,none,0.0,False,none
2024-09-14,Nagpur,61.3,23.1,False,none,0.0,False,none
2024-09-14,Nashik,29.9,28.0,False,none,0.0,False,none
2024-09-14,Chhatrapati Sambhajinagar,47.0,24.7,False,none,0.0,False,none
2024-09-14,Thane,31.2,25.7,False,none,0.0,False,none
2024-09-14,Amravati,30.6,31.6,False,none,0.0,False,none
2024-09-14,Jaipur,0.0,26.8,False,none,0.0,False,none
2024-09-14,Jodhpur,0.3,28.1,False,none,0.0,False,none
2024-09-14,Bikaner,1.0,28.8,False,none,0.0,False,none
2024-09-14,Udaipur,0.0,26.1,False,none,0.0,False,none
2024-09-14,Kota,0.0,25.5,False,none,0.0,False,none
2024-09-14,Barmer,0.8,31.2,False,none,0.0,False,none
2024-09-14,Khordha,114.8,29.7,False,none,0.0,False,none
2024-09-14,Cuttack,93.6,28.2,False,none,0.0,False,none
2024-09-14,Puri,87.2,28.1,False,none,0.0,False,none
2024-09-14,Balasore,47.1,30.5,False,none,0.0,False,none
2024-09-14,Mayurbhanj,124.3,31.2,False,none,0.0,False,none
2024-09-14,Ganjam,60.2,23.7,False,none,0.0,False,none
2024-09-14,Kamrup,252.5,25.8,False,none,0.0,False,none
2024-09-14,Dibrugarh,178.9,22.6,False,none,0.0,False,none
2024-09-14,Cachar,110.1,28.1,False,none,0.0,False,none
2024-09-14,Jorhat,149.9,27.5,False,none,0.0,False,none
2024-09-14,Nagaon,88.4,26.5,False,none,0.0,False,none
2024-09-14,Sonitpur,152.4,25.0,False,none,0.0,False,none
2024-09-15,Vellore,0.2,26.5,False,none,0.0,False,none
2024-09-15,Krishnagiri,11.5,33.4,False,none,0.0,False,none
2024-09-15,Tiruvannamalai,3.2,35.2,False,none,0.0,False,none
2024-09-15,Salem,2.1,30.2,False,none,0.0,False,none
2024-09-15,Madurai,3.8,29.0,False,none,0.0,False,none
2024-09-15,Coimbatore,1.6,28.0,False,none,0.0,False,none
2024-09-15,Pune,64.9,27.4,False,none,0.0,False,none
2024-09-15,Nagpur,20.5,27.4,False,none,0.0,False,none
2024-09-15,Nashik,79.6,25.9,False,none,0.0,False,none
2024-09-15,Chhatrapati Sambhajinagar,67.4,28.7,False,none,0.0,False,none
2024-09-15,Thane,51.6,32.0,False,none,0.0,False,none
2024-09-15,Amravati,21.3,28.7,False,none,0.0,False,none
2024-09-15,Jaipur,0.0,21.5,False,none,0.0,False,none
2024-09-15,Jodhpur,0.0,26.8,False,none,0.0,False,none
2024-09-15,Bikaner,0.0,33.0,False,none,0.0,False,none
2024-09-15,Udaipur,0.0,27.7,False,none,0.0,False,none
2024-09-15,Kota,0.0,25.9,False,none,0.0,False,none
2024-09-15,Barmer,0.7,30.9,False,none,0.0,False,none
2024-09-15,Khordha,62.5,30.5,False,none,0.0,False,none
2024-09-15,Cuttack,27.0,29.8,False,none,0.0,False,none
2024-09-15,Puri,38.0,27.8,False,none,0.0,False,none
2024-09-15,Balasore,65.3,28.6,False,none,0.0,False,none
2024-09-15,Mayurbhanj,92.3,30.6,False,none,0.0,False,none
2024-09-15,Ganjam,90.2,28.2,False,none,0.0,False,none
2024-09-15,Kamrup,144.4,23.9,False,none,0.0,False,none
2024-09-15,Dibrugarh,51.3,24.7,False,none,0.0,False,none
2024-09-15,Cachar,165.4,26.1,False,none,0.0,False,none
2024-09-15,Jorhat,78.8,29.7,False,none,0.0,False,none
2024-09-15,Nagaon,141.0,27.0,False,none,0.0,False,none
2024-09-15,Sonitpur,79.3,21.9,False,none,0.0,False,none
2024-09-16,Vellore,2.1,27.6,False,none,0.0,False,none
2024-09-16,Krishnagiri,1.8,27.1,False,none,0.0,False,none
2024-09-16,Tiruvannamalai,2.2,30.1,False,none,0.0,False,none
2024-09-16,Salem,0.8,29.0,False,none,0.0,False,none
2024-09-16,Madurai,3.0,33.8,False,none,0.0,False,none
2024-09-16,Coimbatore,3.9,29.2,False,none,0.0,False,none
2024-09-16,Pune,118.4,32.7,False,none,0.0,False,none
2024-09-16,Nagpur,16.7,27.9,False,none,0.0,False,none
2024-09-16,Nashik,38.1,27.8,False,none,0.0,False,none
2024-09-16,Chhatrapati Sambhajinagar,53.1,31.2,False,none,0.0,False,none
2024-09-16,Thane,66.8,28.9,False,none,0.0,False,none
2024-09-16,Amravati,13.3,25.5,False,none,0.0,False,none
2024-09-16,Jaipur,0.0,23.2,False,none,0.0,False,none
2024-09-16,Jodhpur,0.0,27.6,False,none,0.0,False,none
2024-09-16,Bikaner,0.8,23.8,False,none,0.0,False,none
2024-09-16,Udaipur,0.1,24.2,False,none,0.0,False,none
2024-09-16,Kota,0.1,27.3,False,none,0.0,False,none
2024-09-16,Barmer,2.0,27.1,False,none,0.0,False,none
2024-09-16,Khordha,51.3,27.6,False,none,0.0,False,none
2024-09-16,Cuttack,85.7,24.0,False,none,0.0,False,none
2024-09-16,Puri,69.0,32.4,False,none,0.0,False,none
2024-09-16,Balasore,59.0,27.3,False,none,0.0,False,none
2024-09-16,Mayurbhanj,113.1,29.8,False,none,0.0,False,none
2024-09-16,Ganjam,19.6,24.2,False,none,0.0,False,none
2024-09-16,Kamrup,76.3,26.8,False,none,0.0,False,none
2024-09-16,Dibrugarh,81.4,25.6,False,none,0.0,False,none
2024-09-16,Cachar,273.3,26.0,False,none,0.0,False,none
2024-09-16,Jorhat,64.3,26.4,False,none,0.0,False,none
2024-09-16,Nagaon,95.9,25.4,False,none,0.0,False,none
2024-09-16,Sonitpur,63.8,24.5,False,none,0.0,False,none
2024-09-17,Vellore,1.5,25.3,False,none,0.0,False,none
2024-09-17,Krishnagiri,1.7,29.9,False,none,0.0,False,none
2024-09-17,Tiruvannamalai,2.9,32.0,False,none,0.0,False,none
2024-09-17,Salem,5.3,27.6,False,none,0.0,False,none
2024-09-17,Madurai,1.6,25.2,False,none,0.0,False,none
2024-09-17,Coimbatore,1.4,27.8,False,none,0.0,False,none
2024-09-17,Pune,38.6,28.7,False,none,0.0,False,none
2024-09-17,Nagpur,19.0,31.7,False,none,0.0,False,none
2024-09-17,Nashik,18.7,27.3,False,none,0.0,False,none
2024-09-17,Chhatrapati Sambhajinagar,39.3,31.0,False,none,0.0,False,none
2024-09-17,Thane,22.4,29.3,False,none,0.0,False,none
2024-09-17,Amravati,38.1,29.3,False,none,0.0,False,none
2024-09-17,Jaipur,0.0,32.9,False,none,0.0,False,none
2024-09-17,Jodhpur,0.2,21.8,False,none,0.0,False,none
2024-09-17,Bikaner,0.0,28.1,False,none,0.0,False,none
2024-09-17,Udaipur,0.0,30.5,False,none,0.0,False,none
2024-09-17,Kota,0.2,26.9,False,none,0.0,False,none
2024-09-17,Barmer,0.0,28.5,False,none,0.0,False,none
2024-09-17,Khordha,45.9,24.7,False,none,0.0,False,none
2024-09-17,Cuttack,33.9,29.4,False,none,0.0,False,none
2024-09-17,Puri,33.2,30.3,False,none,0.0,False,none
2024-09-17,Balasore,73.9,30.9,False,none,0.0,False,none
2024-09-17,Mayurbhanj,62.6,35.4,False,none,0.0,False,none
2024-09-17,Ganjam,49.4,27.2,False,none,0.0,False,none
2024-09-17,Kamrup,82.9,23.9,False,none,0.0,False,none
2024-09-17,Dibrugarh,77.1,24.6,False,none,0.0,False,none
2024-09-17,Cachar,150.2,22.3,False,none,0.0,False,none
2024-09-17,Jorhat,160.8,19.0,False,none,0.0,False,none
2024-09-17,Nagaon,102.4,22.8,False,none,0.0,False,none
2024-09-17,Sonitpur,86.8,26.6,False,none,0.0,False,none
2024-09-18,Vellore,4.7,31.6,False,none,0.0,False,none
2024-09-18,Krishnagiri,3.7,31.5,False,none,0.0,False,none
2024-09-18,Tiruvannamalai,6.7,29.0,False,none,0.0,False,none
2024-09-18,Salem,0.6,30.3,False,none,0.0,False,none
2024-09-18,Madurai,3.1,32.5,False,none,0.0,False,none
2024-09-18,Coimbatore,2.4,35.5,False,none,0.0,False,none
2024-09-18,Pune,44.8,24.9,False,none,0.0,False,none
2024-09-18,Nagpur,41.8,27.4,False,none,0.0,False,none
2024-09-18,Nashik,32.0,27.2,False,none,0.0,False,none
2024-09-18,Chhatrapati Sambhajinagar,26.6,25.5,False,none,0.0,False,none
2024-09-18,Thane,52.3,26.6,False,none,0.0,False,none
2024-09-18,Amravati,65.1,27.1,False,none,0.0,False,none
2024-09-18,Jaipur,0.0,27.8,False,none,0.0,False,none
2024-09-18,Jodhpur,0.0,21.7,False,none,0.0,False,none
2024-09-18,Bikaner,0.3,30.1,False,none,0.0,False,none
2024-09-18,Udaipur,0.0,25.6,False,none,0.0,False,none
2024-09-18,Kota,0.8,34.0,False,none,0.0,False,none
2024-09-18,Barmer,0.0,20.5,False,none,0.0,False,none
2024-09-18,Khordha,44.9,30.4,False,none,0.0,False,none
2024-09-18,Cuttack,79.9,31.2,False,none,0.0,False,none
2024-09-18,Puri,34.3,28.3,False,none,0.0,False,none
2024-09-18,Balasore,57.3,32.2,False,none,0.0,False,none
2024-09-18,Mayurbhanj,58.1,28.9,False,none,0.0,False,none
2024-09-18,Ganjam,90.6,28.0,False,none,0.0,False,none
2024-09-18,Kamrup,47.8,27.8,False,none,0.0,False,none
2024-09-18,Dibrugarh,65.2,27.7,False,none,0.0,False,none
2024-09-18,Cachar,99.0,26.3,False,none,0.0,False,none
2024-09-18,Jorhat,59.8,25.1,False,none,0.0,False,none
2024-09-18,Nagaon,84.1,22.9,False,none,0.0,False,none
2024-09-18,Sonitpur,57.9,24.0,False,none,0.0,False,none
2024-09-19,Vellore,0.2,32.0,False,none,0.0,False,none
2024-09-19,Krishnagiri,5.7,26.3,False,none,0.0,False,none
2024-09-19,Tiruvannamalai,0.8,32.6,False,none,0.0,False,none
2024-09-19,Salem,0.0,28.7,False,none,0.0,False,none
2024-09-19,Madurai,2.8,29.0,False,none,0.0,False,none
2024-09-19,Coimbatore,0.5,36.1,False,none,0.0,False,none
2024-09-19,Pune,66.5,31.4,False,none,0.0,False,none
2024-09-19,Nagpur,28.2,30.8,False,none,0.0,False,none
2024-09-19,Nashik,28.7,27.5,False,none,0.0,False,none
2024-09-19,Chhatrapati Sambhajinagar,28.2,23.2,False,none,0.0,False,none
2024-09-19,Thane,140.2,28.2,False,none,0.0,False,none
2024-09-19,Amravati,70.1,31.4,False,none,0.0,False,none
2024-09-19,Jaipur,0.1,20.8,False,none,0.0,False,none
2024-09-19,Jodhpur,0.3,22.2,False,none,0.0,False,none
2024-09-19,Bikaner,0.0,27.4,False,none,0.0,False,none
2024-09-19,Udaipur,0.0,25.1,False,none,0.0,False,none
2024-09-19,Kota,0.0,23.9,False,none,0.0,False,none
2024-09-19,Barmer,0.1,26.8,False,none,0.0,False,none
2024-09-19,Khordha,74.1,29.5,False,none,0.0,False,none
2024-09-19,Cuttack,38.3,27.8,False,none,0.0,False,none
2024-09-19,Puri,129.8,24.5,False,none,0.0,False,none
2024-09-19,Balasore,65.7,33.0,False,none,0.0,False,none
2024-09-19,Mayurbhanj,49.3,30.9,False,none,0.0,False,none
2024-09-19,Ganjam,57.8,28.4,False,none,0.0,False,none
2024-09-19,Kamrup,129.4,26.4,False,none,0.0,False,none
2024-09-19,Dibrugarh,95.1,26.9,False,none,0.0,False,none
2024-09-19,Cachar,67.8,27.1,False,none,0.0,False,none
2024-09-19,Jorhat,95.0,25.2,False,none,0.0,False,none
2024-09-19,Nagaon,87.3,26.0,False,none,0.0,False,none
2024-09-19,Sonitpur,24.6,26.2,False,none,0.0,False,none
2024-09-20,Vellore,6.8,29.1,False,none,0.0,False,none
2024-09-20,Krishnagiri,4.5,30.8,False,none,0.0,False,none
2024-09-20,Tiruvannamalai,2.9,26.2,False,none,0.0,False,none
2024-09-20,Salem,5.9,28.6,False,none,0.0,False,none
2024-09-20,Madurai,3.6,35.5,False,none,0.0,False,none
2024-09-20,Coimbatore,0.3,32.4,False,none,0.0,False,none
2024-09-20,Pune,15.7,28.2,False,none,0.0,False,none
2024-09-20,Nagpur,62.2,29.2,False,none,0.0,False,none
2024-09-20,Nashik,60.0,25.3,False,none,0.0,False,none
2024-09-20,Chhatrapati Sambhajinagar,59.3,29.6,False,none,0.0,False,none
2024-09-20,Thane,29.0,29.7,False,none,0.0,False,none
2024-09-20,Amravati,49.5,21.7,False,none,0.0,False,none
2024-09-20,Jaipur,0.6,25.5,False,none,0.0,False,none
2024-09-20,Jodhpur,0.0,23.6,False,none,0.0,False,none
2024-09-20,Bikaner,0.8,30.2,False,none,0.0,False,none
2024-09-20,Udaipur,0.0,28.4,False,none,0.0,False,none
2024-09-20,Kota,0.0,24.4,False,none,0.0,False,none
2024-09-20,Barmer,0.0,29.3,False,none,0.0,False,none
2024-09-20,Khordha,61.0,30.3,False,none,0.0,False,none
2024-09-20,Cuttack,38.0,31.1,False,none,0.0,False,none
2024-09-20,Puri,61.2,31.3,False,none,0.0,False,none
2024-09-20,Balasore,72.0,31.8,False,none,0.0,False,none
2024-09-20,Mayurbhanj,59.5,30.7,False,none,0.0,False,none
2024-09-20,Ganjam,168.0,24.9,False,none,0.0,False,none
2024-09-20,Kamrup,225.7,22.9,False,none,0.0,False,none
2024-09-20,Dibrugarh,64.0,26.1,False,none,0.0,False,none
2024-09-20,Cachar,61.8,24.3,False,none,0.0,False,none
2024-09-20,Jorhat,101.9,27.4,False,none,0.0,False,none
2024-09-20,Nagaon,78.9,21.9,False,none,0.0,False,none
2024-09-20,Sonitpur,132.0,23.7,False,none,0.0,False,none
2024-09-21,Vellore,1.1,28.1,False,none,0.0,False,none
2024-09-21,Krishnagiri,4.8,29.8,False,none,0.0,False,none
2024-09-21,Tiruvannamalai,0.8,29.3,False,none,0.0,False,none
2024-09-21,Salem,9.3,30.4,False,none,0.0,False,none
2024-09-21,Madurai,0.6,30.4,False,none,0.0,False,none
2024-09-21,Coimbatore,10.3,30.5,False,none,0.0,False,none
2024-09-21,Pune,107.2,28.0,False,none,0.0,False,none
2024-09-21,Nagpur,36.8,24.8,False,none,0.0,False,none
2024-09-21,Nashik,107.6,32.0,False,none,0.0,False,none
2024-09-21,Chhatrapati Sambhajinagar,25.2,29.4,False,none,0.0,False,none
2024-09-21,Thane,50.1,28.1,False,none,0.0,False,none
2024-09-21,Amravati,23.5,26.8,False,none,0.0,False,none
2024-09-21,Jaipur,0.0,27.2,False,none,0.0,False,none
2024-09-21,Jodhpur,0.6,22.0,False,none,0.0,False,none
2024-09-21,Bikaner,0.0,22.9,False,none,0.0,False,none
2024-09-21,Udaipur,0.1,26.4,False,none,0.0,False,none
2024-09-21,Kota,0.5,21.9,False,none,0.0,False,none
2024-09-21,Barmer,0.0,31.1,False,none,0.0,False,none
2024-09-21,Khordha,22.8,28.8,False,none,0.0,False,none
2024-09-21,Cuttack,81.9,27.6,False,none,0.0,False,none
2024-09-21,Puri,8.5,32.4,False,none,0.0,False,none
2024-09-21,Balasore,52.6,28.9,False,none,0.0,False,none
2024-09-21,Mayurbhanj,113.1,34.0,False,none,0.0,False,none
2024-09-21,Ganjam,79.4,26.6,False,none,0.0,False,none
2024-09-21,Kamrup,56.9,27.9,False,none,0.0,False,none
2024-09-21,Dibrugarh,82.9,24.4,False,none,0.0,False,none
2024-09-21,Cachar,123.4,24.2,False,none,0.0,False,none
2024-09-21,Jorhat,28.9,27.6,False,none,0.0,False,none
2024-09-21,Nagaon,60.0,30.4,False,none,0.0,False,none
2024-09-21,Sonitpur,38.8,24.9,False,none,0.0,False,none
2024-09-22,Vellore,0.0,32.6,False,none,0.0,False,none
2024-09-22,Krishnagiri,4.7,27.9,False,none,0.0,False,none
2024-09-22,Tiruvannamalai,0.7,30.0,False,none,0.0,False,none
2024-09-22,Salem,7.5,31.5,False,none,0.0,False,none
2024-09-22,Madurai,3.7,28.9,False,none,0.0,False,none
2024-09-22,Coimbatore,0.7,30.6,False,none,0.0,False,none
2024-09-22,Pune,80.3,26.8,False,none,0.0,False,none
2024-09-22,Nagpur,36.8,29.1,False,none,0.0,False,none
2024-09-22,Nashik,21.5,23.6,False,none,0.0,False,none
2024-09-22,Chhatrapati Sambhajinagar,34.8,29.1,False,none,0.0,False,none
2024-09-22,Thane,36.3,27.1,False,none,0.0,False,none
2024-09-22,Amravati,56.5,32.4,False,none,0.0,False,none
2024-09-22,Jaipur,0.4,30.0,False,none,0.0,False,none
2024-09-22,Jodhpur,0.2,27.6,False,none,0.0,False,none
2024-09-22,Bikaner,0.0,28.2,False,none,0.0,False,none
2024-09-22,Udaipur,1.0,24.7,False,none,0.0,False,none
2024-09-22,Kota,0.0,26.0,False,none,0.0,False,none
2024-09-22,Barmer,0.0,24.2,False,none,0.0,False,none
2024-09-22,Khordha,66.1,30.1,False,none,0.0,False,none
2024-09-22,Cuttack,51.6,34.2,False,none,0.0,False,none
2024-09-22,Puri,110.9,28.8,False,none,0.0,False,none
2024-09-22,Balasore,102.4,29.5,False,none,0.0,False,none
2024-09-22,Mayurbhanj,63.4,27.4,False,none,0.0,False,none
2024-09-22,Ganjam,118.0,30.3,False,none,0.0,False,none
2024-09-22,Kamrup,196.7,26.5,False,none,0.0,False,none
2024-09-22,Dibrugarh,108.2,27.9,False,none,0.0,False,none
2024-09-22,Cachar,57.7,24.9,False,none,0.0,False,none
2024-09-22,Jorhat,19.7,26.4,False,none,0.0,False,none
2024-09-22,Nagaon,159.5,29.1,False,none,0.0,False,none
2024-09-22,Sonitpur,76.3,26.6,False,none,0.0,False,none
2024-09-23,Vellore,2.4,28.3,False,none,0.0,False,none
2024-09-23,Krishnagiri,1.5,29.5,False,none,0.0,False,none
2024-09-23,Tiruvannamalai,2.8,34.8,False,none,0.0,False,none
2024-09-23,Salem,0.2,30.3,False,none,0.0,False,none
2024-09-23,Madurai,1.0,28.9,False,none,0.0,False,none
2024-09-23,Coimbatore,2.8,32.6,False,none,0.0,False,none
2024-09-23,Pune,32.9,27.6,False,none,0.0,False,none
2024-09-23,Nagpur,152.2,29.7,False,none,0.0,False,none
2024-09-23,Nashik,79.2,33.0,False,none,0.0,False,none
2024-09-23,Chhatrapati Sambhajinagar,25.6,29.1,False,none,0.0,False,none
2024-09-23,Thane,38.5,35.4,False,none,0.0,False,none
2024-09-23,Amravati,39.9,30.4,False,none,0.0,False,none
2024-09-23,Jaipur,0.0,32.1,False,none,0.0,False,none
2024-09-23,Jodhpur,0.2,26.1,False,none,0.0,False,none
2024-09-23,Bikaner,0.1,30.8,False,none,0.0,False,none
2024-09-23,Udaipur,0.5,29.1,False,none,0.0,False,none
2024-09-23,Kota,0.0,24.8,False,none,0.0,False,none
2024-09-23,Barmer,0.8,31.8,False,none,0.0,False,none
2024-09-23,Khordha,113.5,26.3,False,none,0.0,False,none
2024-09-23,Cuttack,27.9,30.2,False,none,0.0,False,none
2024-09-23,Puri,43.8,28.3,False,none,0.0,False,none
2024-09-23,Balasore,108.7,31.7,False,none,0.0,False,none
2024-09-23,Mayurbhanj,70.1,24.7,False,none,0.0,False,none
2024-09-23,Ganjam,232.1,29.6,False,none,0.0,False,none
2024-09-23,Kamrup,45.8,24.6,False,none,0.0,False,none
2024-09-23,Dibrugarh,42.5,27.1,False,none,0.0,False,none
2024-09-23,Cachar,44.3,26.9,False,none,0.0,False,none
2024-09-23,Jorhat,84.2,30.1,False,none,0.0,False,none
2024-09-23,Nagaon,38.1,27.4,False,none,0.0,False,none
2024-09-23,Sonitpur,99.3,23.5,False,none,0.0,False,none
2024-09-24,Vellore,0.1,28.3,False,none,0.0,False,none
2024-09-24,Krishnagiri,0.1,31.0,False,none,0.0,False,none
2024-09-24,Tiruvannamalai,3.2,32.0,False,none,0.0,False,none
2024-09-24,Salem,2.9,29.8,False,none,0.0,False,none
2024-09-24,Madurai,6.1,33.0,False,none,0.0,False,none
2024-09-24,Coimbatore,1.3,30.5,False,none,0.0,False,none
2024-09-24,Pune,55.4,32.1,False,none,0.0,False,none
2024-09-24,Nagpur,145.4,23.8,False,none,0.0,False,none
2024-09-24,Nashik,68.3,28.9,False,none,0.0,False,none
2024-09-24,Chhatrapati Sambhajinagar,56.2,25.4,False,none,0.0,False,none
2024-09-24,Thane,89.8,29.1,False,none,0.0,False,none
2024-09-24,Amravati,45.0,29.9,False,none,0.0,False,none
2024-09-24,Jaipur,0.0,27.6,False,none,0.0,False,none
2024-09-24,Jodhpur,0.8,34.5,False,none,0.0,False,none
2024-09-24,Bikaner,0.0,22.5,False,none,0.0,False,none
2024-09-24,Udaipur,0.0,32.1,False,none,0.0,False,none
2024-09-24,Kota,0.3,25.1,False,none,0.0,False,none
2024-09-24,Barmer,0.1,32.6,False,none,0.0,False,none
2024-09-24,Khordha,90.0,26.9,False,none,0.0,False,none
2024-09-24,Cuttack,128.3,28.7,False,none,0.0,False,none
2024-09-24,Puri,48.5,29.9,False,none,0.0,False,none
2024-09-24,Balasore,36.9,30.5,False,none,0.0,False,none
2024-09-24,Mayurbhanj,68.7,31.3,False,none,0.0,False,none
2024-09-24,Ganjam,97.3,29.7,False,none,0.0,False,none
2024-09-24,Kamrup,103.6,25.7,False,none,0.0,False,none
2024-09-24,Dibrugarh,22.5,26.3,False,none,0.0,False,none
2024-09-24,Cachar,77.7,25.4,False,none,0.0,False,none
2024-09-24,Jorhat,81.1,22.4,False,none,0.0,False,none
2024-09-24,Nagaon,61.9,23.4,False,none,0.0,False,none
2024-09-24,Sonitpur,34.5,24.0,False,none,0.0,False,none
2024-09-25,Vellore,7.1,33.8,False,none,0.0,False,none
2024-09-25,Krishnagiri,2.5,35.1,False,none,0.0,False,none
2024-09-25,Tiruvannamalai,9.2,28.3,False,none,0.0,False,none
2024-09-25,Salem,4.7,29.8,False,none,0.0,False,none
2024-09-25,Madurai,1.9,29.3,False,none,0.0,False,none
2024-09-25,Coimbatore,1.1,32.2,False,none,0.0,False,none
2024-09-25,Pune,58.4,29.4,False,none,0.0,False,none
2024-09-25,Nagpur,56.2,27.1,False,none,0.0,False,none
2024-09-25,Nashik,50.8,23.3,False,none,0.0,False,none
2024-09-25,Chhatrapati Sambhajinagar,50.6,25.2,False,none,0.0,False,none
2024-09-25,Thane,59.7,33.7,False,none,0.0,False,none
2024-09-25,Amravati,11.1,28.6,False,none,0.0,False,none
2024-09-25,Jaipur,0.2,29.5,False,none,0.0,False,none
2024-09-25,Jodhpur,0.0,25.9,False,none,0.0,False,none
2024-09-25,Bikaner,0.0,30.7,False,none,0.0,False,none
2024-09-25,Udaipur,0.3,30.8,False,none,0.0,False,none
2024-09-25,Kota,0.1,23.3,False,none,0.0,False,none
2024-09-25,Barmer,0.0,29.2,False,none,0.0,False,none
2024-09-25,Khordha,41.3,28.1,False,none,0.0,False,none
2024-09-25,Cuttack,166.2,29.2,False,none,0.0,False,none
2024-09-25,Puri,54.0,31.9,False,none,0.0,False,none
2024-09-25,Balasore,53.2,32.0,False,none,0.0,False,none
2024-09-25,Mayurbhanj,115.7,31.3,False,none,0.0,False,none
2024-09-25,Ganjam,47.4,30.0,False,none,0.0,False,none
2024-09-25,Kamrup,24.1,25.4,False,none,0.0,False,none
2024-09-25,Dibrugarh,36.3,26.5,False,none,0.0,False,none
2024-09-25,Cachar,128.2,26.2,False,none,0.0,False,none
2024-09-25,Jorhat,95.5,26.1,False,none,0.0,False,none
2024-09-25,Nagaon,91.1,29.0,False,none,0.0,False,none
2024-09-25,Sonitpur,133.9,26.0,False,none,0.0,False,none
2024-09-26,Vellore,1.0,28.4,False,none,0.0,False,none
2024-09-26,Krishnagiri,3.1,27.3,False,none,0.0,False,none
2024-09-26,Tiruvannamalai,0.7,30.8,False,none,0.0,False,none
2024-09-26,Salem,2.9,29.0,False,none,0.0,False,none
2024-09-26,Madurai,5.4,28.5,False,none,0.0,False,none
2024-09-26,Coimbatore,1.2,31.8,False,none,0.0,False,none
2024-09-26,Pune,42.2,32.7,False,none,0.0,False,none
2024-09-26,Nagpur,13.4,26.5,False,none,0.0,False,none
2024-09-26,Nashik,64.4,25.7,False,none,0.0,False,none
2024-09-26,Chhatrapati Sambhajinagar,34.7,27.5,False,none,0.0,False,none
2024-09-26,Thane,45.9,27.3,False,none,0.0,False,none
2024-09-26,Amravati,13.5,23.8,False,none,0.0,False,none
2024-09-26,Jaipur,0.0,20.6,False,none,0.0,False,none
2024-09-26,Jodhpur,0.3,21.9,False,none,0.0,False,none
2024-09-26,Bikaner,0.2,21.2,False,none,0.0,False,none
2024-09-26,Udaipur,0.0,28.5,False,none,0.0,False,none
2024-09-26,Kota,0.0,31.1,False,none,0.0,False,none
2024-09-26,Barmer,0.0,30.4,False,none,0.0,False,none
2024-09-26,Khordha,66.3,26.8,False,none,0.0,False,none
2024-09-26,Cuttack,39.9,28.3,False,none,0.0,False,none
2024-09-26,Puri,29.0,28.7,False,none,0.0,False,none
2024-09-26,Balasore,135.6,31.4,False,none,0.0,False,none
2024-09-26,Mayurbhanj,50.5,30.3,False,none,0.0,False,none
2024-09-26,Ganjam,74.7,29.8,False,none,0.0,False,none
2024-09-26,Kamrup,82.2,27.2,False,none,0.0,False,none
2024-09-26,Dibrugarh,76.7,23.6,False,none,0.0,False,none
2024-09-26,Cachar,47.2,28.9,False,none,0.0,False,none
2024-09-26,Jorhat,68.7,23.4,False,none,0.0,False,none
2024-09-26,Nagaon,119.9,24.1,False,none,0.0,False,none
2024-09-26,Sonitpur,68.5,23.5,False,none,0.0,False,none
2024-09-27,Vellore,0.4,30.4,False,none,0.0,False,none
2024-09-27,Krishnagiri,1.1,31.8,False,none,0.0,False,none
2024-09-27,Tiruvannamalai,5.1,26.2,False,none,0.0,False,none
2024-09-27,Salem,4.3,27.8,False,none,0.0,False,none
2024-09-27,Madurai,10.1,27.9,False,none,0.0,False,none
2024-09-27,Coimbatore,0.0,29.4,False,none,0.0,False,none
2024-09-27,Pune,50.5,26.4,False,none,0.0,False,none
2024-09-27,Nagpur,9.3,23.7,False,none,0.0,False,none
2024-09-27,Nashik,68.1,28.4,False,none,0.0,False,none
2024-09-27,Chhatrapati Sambhajinagar,35.9,25.4,False,none,0.0,False,none
2024-09-27,Thane,61.8,29.1,False,none,0.0,False,none
2024-09-27,Amravati,15.8,27.5,False,none,0.0,False,none
2024-09-27,Jaipur,0.0,27.6,False,none,0.0,False,none
2024-09-27,Jodhpur,0.0,23.8,False,none,0.0,False,none
2024-09-27,Bikaner,0.0,34.2,False,none,0.0,False,none
2024-09-27,Udaipur,0.1,26.5,False,none,0.0,False,none
2024-09-27,Kota,0.0,28.1,False,none,0.0,False,none
2024-09-27,Barmer,0.6,27.8,False,none,0.0,False,none
2024-09-27,Khordha,29.3,29.7,False,none,0.0,False,none
2024-09-27,Cuttack,54.7,26.2,False,none,0.0,False,none
2024-09-27,Puri,51.4,28.2,False,none,0.0,False,none
2024-09-27,Balasore,101.4,29.6,False,none,0.0,False,none
2024-09-27,Mayurbhanj,55.5,32.1,False,none,0.0,False,none
2024-09-27,Ganjam,79.6,30.3,False,none,0.0,False,none
2024-09-27,Kamrup,176.0,28.5,False,none,0.0,False,none
2024-09-27,Dibrugarh,70.1,27.1,False,none,0.0,False,none
2024-09-27,Cachar,52.3,27.0,False,none,0.0,False,none
2024-09-27,Jorhat,61.8,25.3,False,none,0.0,False,none
2024-09-27,Nagaon,131.7,22.4,False,none,0.0,False,none
2024-09-27,Sonitpur,79.7,28.5,False,none,0.0,False,none
2024-09-28,Vellore,2.8,28.9,False,none,0.0,False,none
2024-09-28,Krishnagiri,3.5,29.6,False,none,0.0,False,none
2024-09-28,Tiruvannamalai,0.1,25.5,False,none,0.0,False,none
2024-09-28,Salem,5.1,30.0,False,none,0.0,False,none
2024-09-28,Madurai,0.0,30.3,False,none,0.0,False,none
2024-09-28,Coimbatore,0.6,32.9,False,none,0.0,False,none
2024-09-28,Pune,99.1,30.8,False,none,0.0,False,none
2024-09-28,Nagpur,25.4,29.9,False,none,0.0,False,none
2024-09-28,Nashik,9.4,31.4,False,none,0.0,False,none
2024-09-28,Chhatrapati Sambhajinagar,39.4,29.4,False,none,0.0,False,none
2024-09-28,Thane,80.2,29.1,False,none,0.0,False,none
2024-09-28,Amravati,158.5,27.9,False,none,0.0,False,none
2024-09-28,Jaipur,0.0,23.9,False,none,0.0,False,none
2024-09-28,Jodhpur,0.0,26.4,False,none,0.0,False,none
2024-09-28,Bikaner,0.2,29.1,False,none,0.0,False,none
2024-09-28,Udaipur,0.2,27.2,False,none,0.0,False,none
2024-09-28,Kota,0.4,29.2,False,none,0.0,False,none
2024-09-28,Barmer,0.0,27.0,False,none,0.0,False,none
2024-09-28,Khordha,55.2,29.4,False,none,0.0,False,none
2024-09-28,Cuttack,65.0,29.1,False,none,0.0,False,none
2024-09-28,Puri,124.4,27.3,False,none,0.0,False,none
2024-09-28,Balasore,104.4,28.3,False,none,0.0,False,none
2024-09-28,Mayurbhanj,23.8,28.3,False,none,0.0,False,none
2024-09-28,Ganjam,61.6,30.0,False,none,0.0,False,none
2024-09-28,Kamrup,45.7,25.8,False,none,0.0,False,none
2024-09-28,Dibrugarh,86.4,22.0,False,none,0.0,False,none
2024-09-28,Cachar,59.9,24.8,False,none,0.0,False,none
2024-09-28,Jorhat,113.7,22.5,False,none,0.0,False,none
2024-09-28,Nagaon,152.2,23.4,False,none,0.0,False,none
2024-09-28,Sonitpur,122.4,23.7,False,none,0.0,False,none
2024-09-29,Vellore,2.8,31.4,False,none,0.0,False,none
2024-09-29,Krishnagiri,3.9,32.3,False,none,0.0,False,none
2024-09-29,Tiruvannamalai,2.8,28.7,False,none,0.0,False,none
2024-09-29,Salem,1.5,35.1,False,none,0.0,False,none
2024-09-29,Madurai,0.5,33.9,False,none,0.0,False,none
2024-09-29,Coimbatore,1.5,27.3,False,none,0.0,False,none
2024-09-29,Pune,12.1,30.5,False,none,0.0,False,none
2024-09-29,Nagpur,41.9,32.4,False,none,0.0,False,none
2024-09-29,Nashik,33.0,26.7,False,none,0.0,False,none
2024-09-29,Chhatrapati Sambhajinagar,44.5,30.5,False,none,0.0,False,none
2024-09-29,Thane,34.2,30.1,False,none,0.0,False,none
2024-09-29,Amravati,8.6,25.0,False,none,0.0,False,none
2024-09-29,Jaipur,0.0,23.1,False,none,0.0,False,none
2024-09-29,Jodhpur,0.5,29.3,False,none,0.0,False,none
2024-09-29,Bikaner,0.0,31.4,False,none,0.0,False,none
2024-09-29,Udaipur,0.2,31.9,False,none,0.0,False,none
2024-09-29,Kota,0.0,28.3,False,none,0.0,False,none
2024-09-29,Barmer,0.1,30.4,False,none,0.0,False,none
2024-09-29,Khordha,52.5,35.2,False,none,0.0,False,none
2024-09-29,Cuttack,69.7,28.8,False,none,0.0,False,none
2024-09-29,Puri,126.1,29.8,False,none,0.0,False,none
2024-09-29,Balasore,87.4,29.2,False,none,0.0,False,none
2024-09-29,Mayurbhanj,97.9,30.4,False,none,0.0,False,none
2024-09-29,Ganjam,117.5,33.8,False,none,0.0,False,none
2024-09-29,Kamrup,82.0,25.7,False,none,0.0,False,none
2024-09-29,Dibrugarh,34.9,24.4,False,none,0.0,False,none
2024-09-29,Cachar,164.0,24.9,False,none,0.0,False,none
2024-09-29,Jorhat,87.9,25.1,False,none,0.0,False,none
2024-09-29,Nagaon,55.3,27.4,False,none,0.0,False,none
2024-09-29,Sonitpur,77.1,24.5,False,none,0.0,False,none
2024-09-30,Vellore,0.5,31.6,False,none,0.0,False,none
2024-09-30,Krishnagiri,3.4,30.6,False,none,0.0,False,none
2024-09-30,Tiruvannamalai,5.0,29.3,False,none,0.0,False,none
2024-09-30,Salem,6.7,28.8,False,none,0.0,False,none
2024-09-30,Madurai,3.8,33.5,False,none,0.0,False,none
2024-09-30,Coimbatore,1.6,33.0,False,none,0.0,False,none
2024-09-30,Pune,35.2,34.1,False,none,0.0,False,none
2024-09-30,Nagpur,17.6,25.7,False,none,0.0,False,none
2024-09-30,Nashik,44.6,32.5,False,none,0.0,False,none
2024-09-30,Chhatrapati Sambhajinagar,61.4,25.3,False,none,0.0,False,none
2024-09-30,Thane,31.3,31.9,False,none,0.0,False,none
2024-09-30,Amravati,21.1,27.2,False,none,0.0,False,none
2024-09-30,Jaipur,0.0,24.7,False,none,0.0,False,none
2024-09-30,Jodhpur,0.3,24.9,False,none,0.0,False,none
2024-09-30,Bikaner,0.0,27.5,False,none,0.0,False,none
2024-09-30,Udaipur,0.0,23.4,False,none,0.0,False,none
2024-09-30,Kota,0.0,20.2,False,none,0.0,False,none
2024-09-30,Barmer,0.0,26.4,False,none,0.0,False,none
2024-09-30,Khordha,72.8,30.2,False,none,0.0,False,none
2024-09-30,Cuttack,33.8,25.3,False,none,0.0,False,none
2024-09-30,Puri,51.8,34.6,False,none,0.0,False,none
2024-09-30,Balasore,142.9,27.9,False,none,0.0,False,none
2024-09-30,Mayurbhanj,54.0,27.2,False,none,0.0,False,none
2024-09-30,Ganjam,108.7,24.6,False,none,0.0,False,none
2024-09-30,Kamrup,115.1,25.8,False,none,0.0,False,none
2024-09-30,Dibrugarh,36.7,23.7,False,none,0.0,False,none
2024-09-30,Cachar,119.8,26.8,False,none,0.0,False,none
2024-09-30,Jorhat,155.9,26.0,False,none,0.0,False,none
2024-09-30,Nagaon,70.4,24.4,False,none,0.0,False,none
2024-09-30,Sonitpur,138.6,22.4,False,none,0.0,False,none
2024-10-01,Vellore,26.0,28.8,False,none,0.0,True,measles_drive
2024-10-01,Krishnagiri,20.6,32.4,False,none,0.0,True,tetanus_drive
2024-10-01,Tiruvannamalai,40.9,29.7,False,none,0.0,True,tetanus_drive
2024-10-01,Salem,55.0,25.8,False,none,0.0,True,tetanus_drive
2024-10-01,Madurai,148.0,26.8,False,none,0.0,True,measles_drive
2024-10-01,Coimbatore,80.9,32.6,False,none,0.0,True,measles_drive
2024-10-01,Pune,1.1,29.3,False,none,0.0,True,general_immunization
2024-10-01,Nagpur,0.3,29.1,False,none,0.0,True,measles_drive
2024-10-01,Nashik,2.5,27.2,False,none,0.0,True,tetanus_drive
2024-10-01,Chhatrapati Sambhajinagar,3.7,33.4,False,none,0.0,True,general_immunization
2024-10-01,Thane,0.3,33.6,False,none,0.0,True,general_immunization
2024-10-01,Amravati,0.2,25.9,False,none,0.0,True,measles_drive
2024-10-01,Jaipur,0.2,29.2,False,none,0.0,True,general_immunization
2024-10-01,Jodhpur,0.2,31.3,False,none,0.0,True,tetanus_drive
2024-10-01,Bikaner,0.0,29.9,False,none,0.0,True,measles_drive
2024-10-01,Udaipur,0.0,25.6,False,none,0.0,True,tetanus_drive
2024-10-01,Kota,0.7,28.3,False,none,0.0,True,general_immunization
2024-10-01,Barmer,0.0,28.4,False,none,0.0,True,measles_drive
2024-10-01,Khordha,89.5,27.5,False,none,0.0,True,tetanus_drive
2024-10-01,Cuttack,54.9,27.4,False,none,0.0,True,measles_drive
2024-10-01,Puri,76.1,27.1,False,none,0.0,True,general_immunization
2024-10-01,Balasore,168.6,28.3,False,none,0.0,True,general_immunization
2024-10-01,Mayurbhanj,49.5,27.2,False,none,0.0,True,measles_drive
2024-10-01,Ganjam,50.6,26.2,False,none,0.0,True,measles_drive
2024-10-01,Kamrup,13.4,27.6,False,none,0.0,True,measles_drive
2024-10-01,Dibrugarh,13.2,25.9,False,none,0.0,True,tetanus_drive
2024-10-01,Cachar,13.4,27.7,False,none,0.0,True,general_immunization
2024-10-01,Jorhat,5.4,24.1,False,none,0.0,True,general_immunization
2024-10-01,Nagaon,12.7,25.9,False,none,0.0,True,measles_drive
2024-10-01,Sonitpur,12.2,24.5,False,none,0.0,True,tetanus_drive
2024-10-02,Vellore,24.5,32.9,False,none,0.0,True,measles_drive
2024-10-02,Krishnagiri,23.7,28.0,False,none,0.0,True,general_immunization
2024-10-02,Tiruvannamalai,115.7,29.2,False,none,0.0,True,general_immunization
2024-10-02,Salem,46.3,29.4,False,none,0.0,True,tetanus_drive
2024-10-02,Madurai,47.3,30.1,False,none,0.0,True,general_immunization
2024-10-02,Coimbatore,39.6,30.8,False,none,0.0,True,tetanus_drive
2024-10-02,Pune,0.1,31.1,False,none,0.0,True,tetanus_drive
2024-10-02,Nagpur,1.4,26.9,False,none,0.0,True,general_immunization
2024-10-02,Nashik,5.4,31.2,False,none,0.0,True,general_immunization
2024-10-02,Chhatrapati Sambhajinagar,3.9,25.7,False,none,0.0,True,tetanus_drive
2024-10-02,Thane,0.6,29.0,False,none,0.0,True,measles_drive
2024-10-02,Amravati,2.9,27.4,False,none,0.0,True,general_immunization
2024-10-02,Jaipur,0.2,28.0,False,none,0.0,True,tetanus_drive
2024-10-02,Jodhpur,0.0,26.0,False,none,0.0,True,measles_drive
2024-10-02,Bikaner,0.0,31.3,False,none,0.0,True,measles_drive
2024-10-02,Udaipur,0.0,26.1,False,none,0.0,True,measles_drive
2024-10-02,Kota,0.1,25.6,False,none,0.0,True,measles_drive
2024-10-02,Barmer,0.0,26.2,False,none,0.0,True,general_immunization
2024-10-02,Khordha,21.9,33.0,False,none,0.0,True,general_immunization
2024-10-02,Cuttack,41.8,26.9,False,none,0.0,True,tetanus_drive
2024-10-02,Puri,94.0,30.1,False,none,0.0,True,measles_drive
2024-10-02,Balasore,92.1,30.5,False,none,0.0,True,measles_drive
2024-10-02,Mayurbhanj,47.9,26.7,False,none,0.0,True,tetanus_drive
2024-10-02,Ganjam,46.1,28.9,False,none,0.0,True,tetanus_drive
2024-10-02,Kamrup,3.9,23.9,False,none,0.0,True,general_immunization
2024-10-02,Dibrugarh,6.5,28.1,False,none,0.0,True,tetanus_drive
2024-10-02,Cachar,3.2,25.4,False,none,0.0,True,tetanus_drive
2024-10-02,Jorhat,2.2,24.3,False,none,0.0,True,tetanus_drive
2024-10-02,Nagaon,2.6,24.5,False,none,0.0,True,measles_drive
2024-10-02,Sonitpur,13.0,24.6,False,none,0.0,True,tetanus_drive
2024-10-03,Vellore,68.7,32.2,False,none,0.0,True,general_immunization
2024-10-03,Krishnagiri,39.6,30.6,False,none,0.0,True,general_immunization
2024-10-03,Tiruvannamalai,17.3,32.6,False,none,0.0,True,measles_drive
2024-10-03,Salem,35.7,32.0,False,none,0.0,True,general_immunization
2024-10-03,Madurai,16.1,27.3,False,none,0.0,True,tetanus_drive
2024-10-03,Coimbatore,50.0,29.8,False,none,0.0,True,measles_drive
2024-10-03,Pune,1.7,30.9,False,none,0.0,True,general_immunization
2024-10-03,Nagpur,1.1,32.5,False,none,0.0,True,tetanus_drive
2024-10-03,Nashik,2.1,23.6,False,none,0.0,True,general_immunization
2024-10-03,Chhatrapati Sambhajinagar,0.1,27.4,False,none,0.0,True,tetanus_drive
2024-10-03,Thane,0.1,30.6,False,none,0.0,True,general_immunization
2024-10-03,Amravati,1.8,32.6,False,none,0.0,True,measles_drive
2024-10-03,Jaipur,1.8,27.4,False,none,0.0,True,general_immunization
2024-10-03,Jodhpur,0.0,24.4,False,none,0.0,True,general_immunization
2024-10-03,Bikaner,0.0,24.9,False,none,0.0,True,tetanus_drive
2024-10-03,Udaipur,0.1,27.3,False,none,0.0,True,tetanus_drive
2024-10-03,Kota,0.2,20.9,False,none,0.0,True,general_immunization
2024-10-03,Barmer,0.2,26.8,False,none,0.0,True,general_immunization
2024-10-03,Khordha,58.2,27.6,False,none,0.0,True,measles_drive
2024-10-03,Cuttack,44.9,32.5,False,none,0.0,True,measles_drive
2024-10-03,Puri,92.0,28.0,False,none,0.0,True,general_immunization
2024-10-03,Balasore,78.4,31.3,False,none,0.0,True,measles_drive
2024-10-03,Mayurbhanj,65.3,25.1,False,none,0.0,True,tetanus_drive
2024-10-03,Ganjam,21.4,25.6,False,none,0.0,True,general_immunization
2024-10-03,Kamrup,8.0,26.7,False,none,0.0,True,tetanus_drive
2024-10-03,Dibrugarh,7.0,28.1,False,none,0.0,True,general_immunization
2024-10-03,Cachar,0.3,20.7,False,none,0.0,True,general_immunization
2024-10-03,Jorhat,1.9,27.2,False,none,0.0,True,tetanus_drive
2024-10-03,Nagaon,5.6,29.2,False,none,0.0,True,general_immunization
2024-10-03,Sonitpur,14.9,26.6,False,none,0.0,True,general_immunization
2024-10-04,Vellore,26.2,26.0,False,none,0.0,True,measles_drive
2024-10-04,Krishnagiri,29.7,28.6,False,none,0.0,True,general_immunization
2024-10-04,Tiruvannamalai,29.4,29.0,False,none,0.0,True,general_immunization
2024-10-04,Salem,68.0,32.0,False,none,0.0,True,measles_drive
2024-10-04,Madurai,81.6,34.5,False,none,0.0,True,tetanus_drive
2024-10-04,Coimbatore,24.0,28.4,False,none,0.0,True,measles_drive
2024-10-04,Pune,6.2,23.7,False,none,0.0,True,general_immunization
2024-10-04,Nagpur,2.0,26.5,False,none,0.0,True,general_immunization
2024-10-04,Nashik,0.8,25.1,False,none,0.0,True,tetanus_drive
2024-10-04,Chhatrapati Sambhajinagar,0.5,27.3,False,none,0.0,True,tetanus_drive
2024-10-04,Thane,5.0,25.9,False,none,0.0,True,measles_drive
2024-10-04,Amravati,1.3,30.0,False,none,0.0,True,measles_drive
2024-10-04,Jaipur,0.0,30.9,False,none,0.0,True,general_immunization
2024-10-04,Jodhpur,0.4,24.4,False,none,0.0,True,tetanus_drive
2024-10-04,Bikaner,1.8,27.8,False,none,0.0,True,measles_drive
2024-10-04,Udaipur,0.0,29.3,False,none,0.0,True,tetanus_drive
2024-10-04,Kota,0.0,29.7,False,none,0.0,True,general_immunization
2024-10-04,Barmer,0.0,24.9,False,none,0.0,True,tetanus_drive
2024-10-04,Khordha,32.2,26.4,False,none,0.0,True,tetanus_drive
2024-10-04,Cuttack,52.0,30.1,False,none,0.0,True,tetanus_drive
2024-10-04,Puri,118.5,24.1,False,none,0.0,True,tetanus_drive
2024-10-04,Balasore,96.2,31.8,False,none,0.0,True,measles_drive
2024-10-04,Mayurbhanj,22.3,28.6,False,none,0.0,True,general_immunization
2024-10-04,Ganjam,65.6,29.6,False,none,0.0,True,measles_drive
2024-10-04,Kamrup,16.5,21.1,False,none,0.0,True,measles_drive
2024-10-04,Dibrugarh,15.7,25.9,False,none,0.0,True,general_immunization
2024-10-04,Cachar,10.0,29.5,False,none,0.0,True,tetanus_drive
2024-10-04,Jorhat,1.1,25.4,False,none,0.0,True,measles_drive
2024-10-04,Nagaon,15.0,27.6,False,none,0.0,True,measles_drive
2024-10-04,Sonitpur,3.0,25.9,False,none,0.0,True,measles_drive
2024-10-05,Vellore,48.1,30.6,False,none,0.0,True,general_immunization
2024-10-05,Krishnagiri,39.1,27.3,False,none,0.0,True,tetanus_drive
2024-10-05,Tiruvannamalai,38.4,29.3,False,none,0.0,True,tetanus_drive
2024-10-05,Salem,23.4,27.7,False,none,0.0,True,general_immunization
2024-10-05,Madurai,37.0,24.7,False,none,0.0,True,measles_drive
2024-10-05,Coimbatore,14.6,28.4,False,none,0.0,True,measles_drive
2024-10-05,Pune,0.3,27.7,False,none,0.0,True,tetanus_drive
2024-10-05,Nagpur,1.8,30.5,False,none,0.0,True,measles_drive
2024-10-05,Nashik,0.1,28.6,False,none,0.0,True,measles_drive
2024-10-05,Chhatrapati Sambhajinagar,0.3,28.7,False,none,0.0,True,tetanus_drive
2024-10-05,Thane,2.8,30.2,False,none,0.0,True,general_immunization
2024-10-05,Amravati,0.5,23.3,False,none,0.0,True,measles_drive
2024-10-05,Jaipur,0.0,27.6,False,none,0.0,True,measles_drive
2024-10-05,Jodhpur,0.0,26.1,False,none,0.0,True,tetanus_drive
2024-10-05,Bikaner,0.1,28.1,False,none,0.0,True,general_immunization
2024-10-05,Udaipur,0.2,26.0,False,none,0.0,True,tetanus_drive
2024-10-05,Kota,0.2,23.7,False,none,0.0,True,general_immunization
2024-10-05,Barmer,0.0,32.1,False,none,0.0,True,tetanus_drive
2024-10-05,Khordha,125.3,30.1,False,none,0.0,True,tetanus_drive
2024-10-05,Cuttack,62.2,28.5,False,none,0.0,True,measles_drive
2024-10-05,Puri,56.3,29.7,False,none,0.0,True,general_immunization
2024-10-05,Balasore,202.8,28.5,False,none,0.0,True,measles_drive
2024-10-05,Mayurbhanj,67.8,30.5,False,none,0.0,True,general_immunization
2024-10-05,Ganjam,73.9,29.0,False,none,0.0,True,measles_drive
2024-10-05,Kamrup,22.1,23.9,False,none,0.0,True,tetanus_drive
2024-10-05,Dibrugarh,1.6,28.2,False,none,0.0,True,measles_drive
2024-10-05,Cachar,4.4,25.5,False,none,0.0,True,tetanus_drive
2024-10-05,Jorhat,8.6,25.4,False,none,0.0,True,general_immunization
2024-10-05,Nagaon,9.7,24.3,False,none,0.0,True,general_immunization
2024-10-05,Sonitpur,6.4,25.5,False,none,0.0,True,measles_drive
2024-10-06,Vellore,22.3,29.3,False,none,0.0,False,none
2024-10-06,Krishnagiri,91.9,30.0,False,none,0.0,False,none
2024-10-06,Tiruvannamalai,14.0,32.9,False,none,0.0,False,none
2024-10-06,Salem,28.9,35.2,False,none,0.0,False,none
2024-10-06,Madurai,51.2,28.8,False,none,0.0,False,none
2024-10-06,Coimbatore,55.7,27.3,False,none,0.0,False,none
2024-10-06,Pune,0.4,24.4,False,none,0.0,False,none
2024-10-06,Nagpur,2.9,29.0,False,none,0.0,False,none
2024-10-06,Nashik,0.2,26.6,False,none,0.0,False,none
2024-10-06,Chhatrapati Sambhajinagar,1.6,31.7,False,none,0.0,False,none
2024-10-06,Thane,1.4,27.2,False,none,0.0,False,none
2024-10-06,Amravati,0.4,31.4,False,none,0.0,False,none
2024-10-06,Jaipur,0.0,22.5,False,none,0.0,False,none
2024-10-06,Jodhpur,0.8,24.3,False,none,0.0,False,none
2024-10-06,Bikaner,0.0,30.0,False,none,0.0,False,none
2024-10-06,Udaipur,0.0,27.2,False,none,0.0,False,none
2024-10-06,Kota,0.0,22.4,False,none,0.0,False,none
2024-10-06,Barmer,0.2,26.3,False,none,0.0,False,none
2024-10-06,Khordha,78.7,29.4,False,none,0.0,False,none
2024-10-06,Cuttack,68.1,29.4,False,none,0.0,False,none
2024-10-06,Puri,31.5,29.8,False,none,0.0,False,none
2024-10-06,Balasore,94.3,27.0,False,none,0.0,False,none
2024-10-06,Mayurbhanj,44.3,31.0,False,none,0.0,False,none
2024-10-06,Ganjam,76.0,32.4,False,none,0.0,False,none
2024-10-06,Kamrup,8.1,25.4,False,none,0.0,False,none
2024-10-06,Dibrugarh,8.1,29.4,False,none,0.0,False,none
2024-10-06,Cachar,4.0,30.1,False,none,0.0,False,none
2024-10-06,Jorhat,1.9,22.3,False,none,0.0,False,none
2024-10-06,Nagaon,8.3,21.4,False,none,0.0,False,none
2024-10-06,Sonitpur,4.8,26.8,False,none,0.0,False,none
2024-10-07,Vellore,27.0,29.7,False,none,0.0,False,none
2024-10-07,Krishnagiri,44.7,30.0,False,none,0.0,False,none
2024-10-07,Tiruvannamalai,33.5,27.3,False,none,0.0,False,none
2024-10-07,Salem,76.4,28.6,False,none,0.0,False,none
2024-10-07,Madurai,68.4,29.6,False,none,0.0,False,none
2024-10-07,Coimbatore,10.8,27.9,False,none,0.0,False,none
2024-10-07,Pune,2.4,27.0,False,none,0.0,False,none
2024-10-07,Nagpur,2.6,26.3,False,none,0.0,False,none
2024-10-07,Nashik,0.2,26.5,False,none,0.0,False,none
2024-10-07,Chhatrapati Sambhajinagar,1.4,25.2,False,none,0.0,False,none
2024-10-07,Thane,0.5,31.3,False,none,0.0,False,none
2024-10-07,Amravati,0.6,24.5,False,none,0.0,False,none
2024-10-07,Jaipur,0.0,24.5,False,none,0.0,False,none
2024-10-07,Jodhpur,0.5,27.3,False,none,0.0,False,none
2024-10-07,Bikaner,0.0,26.5,False,none,0.0,False,none
2024-10-07,Udaipur,0.0,28.9,False,none,0.0,False,none
2024-10-07,Kota,0.0,28.8,False,none,0.0,False,none
2024-10-07,Barmer,0.0,32.0,False,none,0.0,False,none
2024-10-07,Khordha,72.5,30.3,False,none,0.0,False,none
2024-10-07,Cuttack,32.3,28.0,False,none,0.0,False,none
2024-10-07,Puri,97.3,29.1,False,none,0.0,False,none
2024-10-07,Balasore,28.9,26.2,False,none,0.0,False,none
2024-10-07,Mayurbhanj,157.6,25.7,False,none,0.0,False,none
2024-10-07,Ganjam,79.9,31.4,False,none,0.0,False,none
2024-10-07,Kamrup,6.1,25.0,False,none,0.0,False,none
2024-10-07,Dibrugarh,3.5,24.5,False,none,0.0,False,none
2024-10-07,Cachar,5.1,24.8,False,none,0.0,False,none
2024-10-07,Jorhat,22.1,27.3,False,none,0.0,False,none
2024-10-07,Nagaon,4.1,25.1,False,none,0.0,False,none
2024-10-07,Sonitpur,9.9,25.3,False,none,0.0,False,none
2024-10-08,Vellore,28.4,29.3,False,none,0.0,False,none
2024-10-08,Krishnagiri,75.9,33.5,False,none,0.0,False,none
2024-10-08,Tiruvannamalai,16.3,29.9,False,none,0.0,False,none
2024-10-08,Salem,76.0,33.9,False,none,0.0,False,none
2024-10-08,Madurai,74.4,33.5,False,none,0.0,False,none
2024-10-08,Coimbatore,89.3,31.1,False,none,0.0,False,none
2024-10-08,Pune,1.8,32.2,False,none,0.0,False,none
2024-10-08,Nagpur,2.1,27.0,False,none,0.0,False,none
2024-10-08,Nashik,1.3,23.7,False,none,0.0,False,none
2024-10-08,Chhatrapati Sambhajinagar,0.0,31.4,False,none,0.0,False,none
2024-10-08,Thane,0.7,30.4,False,none,0.0,False,none
2024-10-08,Amravati,0.3,30.0,False,none,0.0,False,none
2024-10-08,Jaipur,0.0,27.2,False,none,0.0,False,none
2024-10-08,Jodhpur,0.6,27.4,False,none,0.0,False,none
2024-10-08,Bikaner,0.0,25.2,False,none,0.0,False,none
2024-10-08,Udaipur,0.1,32.8,False,none,0.0,False,none
2024-10-08,Kota,0.0,19.5,False,none,0.0,False,none
2024-10-08,Barmer,0.4,25.0,False,none,0.0,False,none
2024-10-08,Khordha,99.5,29.5,False,none,0.0,False,none
2024-10-08,Cuttack,52.7,30.3,False,none,0.0,False,none
2024-10-08,Puri,36.6,26.7,False,none,0.0,False,none
2024-10-08,Balasore,42.9,29.6,False,none,0.0,False,none
2024-10-08,Mayurbhanj,78.3,26.5,False,none,0.0,False,none
2024-10-08,Ganjam,43.4,26.6,False,none,0.0,False,none
2024-10-08,Kamrup,10.4,25.0,False,none,0.0,False,none
2024-10-08,Dibrugarh,5.5,28.9,False,none,0.0,False,none
2024-10-08,Cachar,6.2,24.0,False,none,0.0,False,none
2024-10-08,Jorhat,10.5,23.7,False,none,0.0,False,none
2024-10-08,Nagaon,18.4,24.4,False,none,0.0,False,none
2024-10-08,Sonitpur,10.9,23.2,False,none,0.0,False,none
2024-10-09,Vellore,31.3,31.3,False,none,0.0,False,none
2024-10-09,Krishnagiri,45.8,28.6,False,none,0.0,False,none
2024-10-09,Tiruvannamalai,20.6,27.5,False,none,0.0,False,none
2024-10-09,Salem,21.9,30.0,False,none,0.0,False,none
2024-10-09,Madurai,33.4,31.7,False,none,0.0,False,none
2024-10-09,Coimbatore,11.2,28.3,False,none,0.0,False,none
2024-10-09,Pune,0.6,34.1,False,none,0.0,False,none
2024-10-09,Nagpur,2.4,29.0,False,none,0.0,False,none
2024-10-09,Nashik,0.0,26.1,False,none,0.0,False,none
2024-10-09,Chhatrapati Sambhajinagar,2.4,30.7,False,none,0.0,False,none
2024-10-09,Thane,0.3,30.8,False,none,0.0,False,none
2024-10-09,Amravati,2.3,28.8,False,none,0.0,False,none
2024-10-09,Jaipur,0.9,22.3,False,none,0.0,False,none
2024-10-09,Jodhpur,0.0,33.0,False,none,0.0,False,none
2024-10-09,Bikaner,0.2,22.2,False,none,0.0,False,none
2024-10-09,Udaipur,0.4,23.6,False,none,0.0,False,none
2024-10-09,Kota,0.4,28.1,False,none,0.0,False,none
2024-10-09,Barmer,0.0,29.8,False,none,0.0,False,none
2024-10-09,Khordha,38.4,30.2,False,none,0.0,False,none
2024-10-09,Cuttack,46.0,26.8,False,none,0.0,False,none
2024-10-09,Puri,48.2,30.5,False,none,0.0,False,none
2024-10-09,Balasore,163.5,31.1,False,none,0.0,False,none
2024-10-09,Mayurbhanj,105.9,27.0,False,none,0.0,False,none
2024-10-09,Ganjam,67.7,29.7,False,none,0.0,False,none
2024-10-09,Kamrup,9.5,26.4,False,none,0.0,False,none
2024-10-09,Dibrugarh,8.5,23.5,False,none,0.0,False,none
2024-10-09,Cachar,2.8,23.3,False,none,0.0,False,none
2024-10-09,Jorhat,8.5,22.4,False,none,0.0,False,none
2024-10-09,Nagaon,4.9,25.8,False,none,0.0,False,none
2024-10-09,Sonitpur,7.2,24.7,False,none,0.0,False,none
2024-10-10,Vellore,159.6,29.3,False,none,0.0,False,none
2024-10-10,Krishnagiri,51.7,28.2,False,none,0.0,False,none
2024-10-10,Tiruvannamalai,55.3,32.5,False,none,0.0,False,none
2024-10-10,Salem,52.5,29.3,False,none,0.0,False,none
2024-10-10,Madurai,50.1,30.9,False,none,0.0,False,none
2024-10-10,Coimbatore,17.4,33.4,False,none,0.0,False,none
2024-10-10,Pune,1.2,30.2,False,none,0.0,False,none
2024-10-10,Nagpur,5.4,32.3,False,none,0.0,False,none
2024-10-10,Nashik,1.5,26.0,False,none,0.0,False,none
2024-10-10,Chhatrapati Sambhajinagar,0.6,25.0,False,none,0.0,False,none
2024-10-10,Thane,5.0,27.6,False,none,0.0,False,none
2024-10-10,Amravati,0.9,29.3,False,none,0.0,False,none
2024-10-10,Jaipur,0.0,21.8,False,none,0.0,False,none
2024-10-10,Jodhpur,0.0,26.7,False,none,0.0,False,none
2024-10-10,Bikaner,1.5,28.7,False,none,0.0,False,none
2024-10-10,Udaipur,0.0,32.7,False,none,0.0,False,none
2024-10-10,Kota,0.0,20.7,False,none,0.0,False,none
2024-10-10,Barmer,0.0,25.3,False,none,0.0,False,none
2024-10-10,Khordha,89.8,35.0,False,none,0.0,False,none
2024-10-10,Cuttack,47.6,25.1,False,none,0.0,False,none
2024-10-10,Puri,93.9,30.1,False,none,0.0,False,none
2024-10-10,Balasore,7.5,26.3,False,none,0.0,False,none
2024-10-10,Mayurbhanj,69.3,26.9,False,none,0.0,False,none
2024-10-10,Ganjam,54.1,28.0,False,none,0.0,False,none
2024-10-10,Kamrup,1.7,27.5,False,none,0.0,False,none
2024-10-10,Dibrugarh,1.3,23.0,False,none,0.0,False,none
2024-10-10,Cachar,3.9,26.0,False,none,0.0,False,none
2024-10-10,Jorhat,14.2,25.2,False,none,0.0,False,none
2024-10-10,Nagaon,1.5,25.6,False,none,0.0,False,none
2024-10-10,Sonitpur,2.3,27.5,False,none,0.0,False,none
2024-10-11,Vellore,33.1,27.3,False,none,0.0,False,none
2024-10-11,Krishnagiri,24.7,28.6,False,none,0.0,False,none
2024-10-11,Tiruvannamalai,134.6,30.7,False,none,0.0,False,none
2024-10-11,Salem,36.4,31.3,False,none,0.0,False,none
2024-10-11,Madurai,17.6,28.7,False,none,0.0,False,none
2024-10-11,Coimbatore,82.0,32.4,False,none,0.0,False,none
2024-10-11,Pune,0.6,28.3,False,none,0.0,False,none
2024-10-11,Nagpur,1.5,30.0,False,none,0.0,False,none
2024-10-11,Nashik,1.2,30.6,False,none,0.0,False,none
2024-10-11,Chhatrapati Sambhajinagar,1.2,30.2,False,none,0.0,False,none
2024-10-11,Thane,0.1,24.9,False,none,0.0,False,none
2024-10-11,Amravati,6.2,25.5,False,none,0.0,False,none
2024-10-11,Jaipur,0.1,24.3,False,none,0.0,False,none
2024-10-11,Jodhpur,0.0,26.1,False,none,0.0,False,none
2024-10-11,Bikaner,0.6,27.9,False,none,0.0,False,none
2024-10-11,Udaipur,0.1,30.3,False,none,0.0,False,none
2024-10-11,Kota,0.3,28.6,False,none,0.0,False,none
2024-10-11,Barmer,0.5,27.2,False,none,0.0,False,none
2024-10-11,Khordha,134.1,25.4,False,none,0.0,False,none
2024-10-11,Cuttack,110.7,29.0,False,none,0.0,False,none
2024-10-11,Puri,90.3,28.7,False,none,0.0,False,none
2024-10-11,Balasore,37.9,24.2,False,none,0.0,False,none
2024-10-11,Mayurbhanj,115.7,30.3,False,none,0.0,False,none
2024-10-11,Ganjam,68.5,32.2,False,none,0.0,False,none
2024-10-11,Kamrup,15.8,27.3,False,none,0.0,False,none
2024-10-11,Dibrugarh,1.9,23.5,False,none,0.0,False,none
2024-10-11,Cachar,2.2,23.3,False,none,0.0,False,none
2024-10-11,Jorhat,7.9,25.0,False,none,0.0,False,none
2024-10-11,Nagaon,14.6,25.1,False,none,0.0,False,none
2024-10-11,Sonitpur,3.0,22.1,False,none,0.0,False,none
2024-10-12,Vellore,27.6,31.3,False,none,0.0,False,none
2024-10-12,Krishnagiri,28.9,26.3,False,none,0.0,False,none
2024-10-12,Tiruvannamalai,13.3,31.6,False,none,0.0,False,none
2024-10-12,Salem,31.2,30.4,False,none,0.0,False,none
2024-10-12,Madurai,54.7,28.1,False,none,0.0,False,none
2024-10-12,Coimbatore,19.6,30.1,False,none,0.0,False,none
2024-10-12,Pune,0.6,27.3,False,none,0.0,False,none
2024-10-12,Nagpur,4.6,28.4,False,none,0.0,False,none
2024-10-12,Nashik,0.1,30.2,False,none,0.0,False,none
2024-10-12,Chhatrapati Sambhajinagar,1.9,28.1,False,none,0.0,False,none
2024-10-12,Thane,5.9,27.5,False,none,0.0,False,none
2024-10-12,Amravati,1.3,27.4,False,none,0.0,False,none
2024-10-12,Jaipur,1.7,27.4,False,none,0.0,False,none
2024-10-12,Jodhpur,0.0,30.8,False,none,0.0,False,none
2024-10-12,Bikaner,0.1,27.4,False,none,0.0,False,none
2024-10-12,Udaipur,0.0,28.0,False,none,0.0,False,none
2024-10-12,Kota,0.0,23.8,False,none,0.0,False,none
2024-10-12,Barmer,0.0,22.5,False,none,0.0,False,none
2024-10-12,Khordha,67.1,28.3,False,none,0.0,False,none
2024-10-12,Cuttack,168.0,27.0,False,none,0.0,False,none
2024-10-12,Puri,158.4,26.7,False,none,0.0,False,none
2024-10-12,Balasore,54.6,31.8,False,none,0.0,False,none
2024-10-12,Mayurbhanj,72.2,25.9,False,none,0.0,False,none
2024-10-12,Ganjam,95.7,29.1,False,none,0.0,False,none
2024-10-12,Kamrup,6.4,24.5,False,none,0.0,False,none
2024-10-12,Dibrugarh,11.9,24.2,False,none,0.0,False,none
2024-10-12,Cachar,15.2,22.2,False,none,0.0,False,none
2024-10-12,Jorhat,11.6,25.7,False,none,0.0,False,none
2024-10-12,Nagaon,13.4,24.9,False,none,0.0,False,none
2024-10-12,Sonitpur,9.9,25.6,False,none,0.0,False,none
2024-10-13,Vellore,54.3,32.7,False,none,0.0,False,none
2024-10-13,Krishnagiri,38.0,30.2,False,none,0.0,False,none
2024-10-13,Tiruvannamalai,113.9,29.6,False,none,0.0,False,none
2024-10-13,Salem,14.2,29.0,False,none,0.0,False,none
2024-10-13,Madurai,28.2,25.0,False,none,0.0,False,none
2024-10-13,Coimbatore,18.7,28.4,False,none,0.0,False,none
2024-10-13,Pune,2.0,30.7,False,none,0.0,False,none
2024-10-13,Nagpur,0.3,27.9,False,none,0.0,False,none
2024-10-13,Nashik,0.1,30.4,False,none,0.0,False,none
2024-10-13,Chhatrapati Sambhajinagar,0.5,35.7,False,none,0.0,False,none
2024-10-13,Thane,1.7,28.7,False,none,0.0,False,none
2024-10-13,Amravati,0.2,26.5,False,none,0.0,False,none
2024-10-13,Jaipur,0.2,23.7,False,none,0.0,False,none
2024-10-13,Jodhpur,0.1,28.7,False,none,0.0,False,none
2024-10-13,Bikaner,0.1,24.5,False,none,0.0,False,none
2024-10-13,Udaipur,0.0,26.3,False,none,0.0,False,none
2024-10-13,Kota,1.3,30.1,False,none,0.0,False,none
2024-10-13,Barmer,0.0,29.5,False,none,0.0,False,none
2024-10-13,Khordha,57.4,28.6,False,none,0.0,False,none
2024-10-13,Cuttack,67.6,26.3,False,none,0.0,False,none
2024-10-13,Puri,35.9,29.2,False,none,0.0,False,none
2024-10-13,Balasore,58.8,27.7,False,none,0.0,False,none
2024-10-13,Mayurbhanj,152.2,30.4,False,none,0.0,False,none
2024-10-13,Ganjam,15.5,26.2,False,none,0.0,False,none
2024-10-13,Kamrup,10.6,23.8,False,none,0.0,False,none
2024-10-13,Dibrugarh,0.6,24.2,False,none,0.0,False,none
2024-10-13,Cachar,5.5,25.3,False,none,0.0,False,none
2024-10-13,Jorhat,3.8,26.7,False,none,0.0,False,none
2024-10-13,Nagaon,3.8,27.6,False,none,0.0,False,none
2024-10-13,Sonitpur,20.6,29.5,False,none,0.0,False,none
2024-10-14,Vellore,39.1,30.4,False,none,0.0,False,none
2024-10-14,Krishnagiri,53.1,30.5,False,none,0.0,False,none
2024-10-14,Tiruvannamalai,61.0,30.0,False,none,0.0,False,none
2024-10-14,Salem,38.6,28.9,False,none,0.0,False,none
2024-10-14,Madurai,28.1,29.9,False,none,0.0,False,none
2024-10-14,Coimbatore,27.2,32.4,False,none,0.0,False,none
2024-10-14,Pune,0.6,29.8,False,none,0.0,False,none
2024-10-14,Nagpur,8.7,28.1,False,none,0.0,False,none
2024-10-14,Nashik,0.3,31.1,False,none,0.0,False,none
2024-10-14,Chhatrapati Sambhajinagar,2.1,32.0,False,none,0.0,False,none
2024-10-14,Thane,0.0,27.8,False,none,0.0,False,none
2024-10-14,Amravati,5.3,31.5,False,none,0.0,False,none
2024-10-14,Jaipur,0.1,30.0,False,none,0.0,False,none
2024-10-14,Jodhpur,0.0,32.6,False,none,0.0,False,none
2024-10-14,Bikaner,0.0,26.6,False,none,0.0,False,none
2024-10-14,Udaipur,0.0,25.6,False,none,0.0,False,none
2024-10-14,Kota,0.0,26.2,False,none,0.0,False,none
2024-10-14,Barmer,0.0,30.8,False,none,0.0,False,none
2024-10-14,Khordha,29.0,30.3,False,none,0.0,False,none
2024-10-14,Cuttack,66.7,28.6,False,none,0.0,False,none
2024-10-14,Puri,70.5,29.9,False,none,0.0,False,none
2024-10-14,Balasore,30.1,30.0,True,malaria,0.87,False,none
2024-10-14,Mayurbhanj,16.4,31.7,False,none,0.0,False,none
2024-10-14,Ganjam,55.0,29.4,False,none,0.0,False,none
2024-10-14,Kamrup,3.1,26.6,False,none,0.0,False,none
2024-10-14,Dibrugarh,6.2,22.3,False,none,0.0,False,none
2024-10-14,Cachar,2.7,23.5,False,none,0.0,False,none
2024-10-14,Jorhat,6.3,23.8,False,none,0.0,False,none
2024-10-14,Nagaon,16.0,22.5,False,none,0.0,False,none
2024-10-14,Sonitpur,6.3,26.3,False,none,0.0,False,none
2024-10-15,Vellore,76.3,31.9,False,none,0.0,False,none
2024-10-15,Krishnagiri,41.0,25.2,False,none,0.0,False,none
2024-10-15,Tiruvannamalai,42.5,31.2,False,none,0.0,False,none
2024-10-15,Salem,16.1,29.9,False,none,0.0,False,none
2024-10-15,Madurai,37.0,30.4,False,none,0.0,False,none
2024-10-15,Coimbatore,70.6,32.1,False,none,0.0,False,none
2024-10-15,Pune,0.8,23.3,False,none,0.0,False,none
2024-10-15,Nagpur,0.0,25.6,False,none,0.0,False,none
2024-10-15,Nashik,0.5,25.1,False,none,0.0,False,none
2024-10-15,Chhatrapati Sambhajinagar,3.6,30.3,False,none,0.0,False,none
2024-10-15,Thane,0.5,29.7,False,none,0.0,False,none
2024-10-15,Amravati,0.6,28.3,False,none,0.0,False,none
2024-10-15,Jaipur,0.1,26.4,False,none,0.0,False,none
2024-10-15,Jodhpur,0.0,26.0,False,none,0.0,False,none
2024-10-15,Bikaner,0.0,22.7,False,none,0.0,False,none
2024-10-15,Udaipur,0.0,23.7,False,none,0.0,False,none
2024-10-15,Kota,0.0,24.2,False,none,0.0,False,none
2024-10-15,Barmer,0.0,23.5,False,none,0.0,False,none
2024-10-15,Khordha,78.4,28.8,False,none,0.0,False,none
2024-10-15,Cuttack,125.3,27.1,False,none,0.0,False,none
2024-10-15,Puri,179.1,32.1,True,malaria,0.8,False,none
2024-10-15,Balasore,89.7,30.2,True,malaria,0.87,False,none
2024-10-15,Mayurbhanj,40.8,24.6,False,none,0.0,False,none
2024-10-15,Ganjam,46.5,30.1,False,none,0.0,False,none
2024-10-15,Kamrup,1.6,25.1,False,none,0.0,False,none
2024-10-15,Dibrugarh,3.6,25.9,False,none,0.0,False,none
2024-10-15,Cachar,1.3,24.5,False,none,0.0,False,none
2024-10-15,Jorhat,0.2,28.0,False,none,0.0,False,none
2024-10-15,Nagaon,1.2,26.3,False,none,0.0,False,none
2024-10-15,Sonitpur,4.1,23.9,False,none,0.0,False,none
2024-10-16,Vellore,37.0,30.8,False,none,0.0,False,none
2024-10-16,Krishnagiri,53.8,31.4,False,none,0.0,False,none
2024-10-16,Tiruvannamalai,27.9,30.7,False,none,0.0,False,none
2024-10-16,Salem,49.3,28.1,False,none,0.0,False,none
2024-10-16,Madurai,66.4,30.5,False,none,0.0,False,none
2024-10-16,Coimbatore,7.6,29.7,False,none,0.0,False,none
2024-10-16,Pune,2.6,29.3,False,none,0.0,False,none
2024-10-16,Nagpur,0.8,29.4,False,none,0.0,False,none
2024-10-16,Nashik,2.4,29.1,False,none,0.0,False,none
2024-10-16,Chhatrapati Sambhajinagar,4.1,31.9,False,none,0.0,False,none
2024-10-16,Thane,0.2,29.3,False,none,0.0,False,none
2024-10-16,Amravati,1.4,27.7,False,none,0.0,False,none
2024-10-16,Jaipur,0.0,23.1,False,none,0.0,False,none
2024-10-16,Jodhpur,0.0,25.4,False,none,0.0,False,none
2024-10-16,Bikaner,0.2,23.4,False,none,0.0,False,none
2024-10-16,Udaipur,0.1,25.5,False,none,0.0,False,none
2024-10-16,Kota,0.0,28.9,False,none,0.0,False,none
2024-10-16,Barmer,0.1,25.9,False,none,0.0,False,none
2024-10-16,Khordha,14.7,29.7,False,none,0.0,False,none
2024-10-16,Cuttack,44.3,30.0,False,none,0.0,False,none
2024-10-16,Puri,94.8,27.1,True,malaria,0.8,False,none
2024-10-16,Balasore,71.7,29.0,True,malaria,0.87,False,none
2024-10-16,Mayurbhanj,72.5,28.1,False,none,0.0,False,none
2024-10-16,Ganjam,23.0,27.7,False,none,0.0,False,none
2024-10-16,Kamrup,2.7,23.8,False,none,0.0,False,none
2024-10-16,Dibrugarh,17.7,25.0,False,none,0.0,False,none
2024-10-16,Cachar,2.6,26.8,False,none,0.0,False,none
2024-10-16,Jorhat,1.5,25.7,False,none,0.0,False,none
2024-10-16,Nagaon,10.9,27.4,False,none,0.0,False,none
2024-10-16,Sonitpur,0.6,22.3,False,none,0.0,False,none
2024-10-17,Vellore,20.1,27.7,False,none,0.0,False,none
2024-10-17,Krishnagiri,26.6,29.1,False,none,0.0,False,none
2024-10-17,Tiruvannamalai,76.1,30.4,False,none,0.0,False,none
2024-10-17,Salem,50.1,25.6,False,none,0.0,False,none
2024-10-17,Madurai,34.4,31.9,False,none,0.0,False,none
2024-10-17,Coimbatore,29.9,25.3,False,none,0.0,False,none
2024-10-17,Pune,0.6,27.1,False,none,0.0,False,none
2024-10-17,Nagpur,0.9,30.9,False,none,0.0,False,none
2024-10-17,Nashik,0.1,30.4,False,none,0.0,False,none
2024-10-17,Chhatrapati Sambhajinagar,1.3,25.5,False,none,0.0,False,none
2024-10-17,Thane,3.6,30.0,False,none,0.0,False,none
2024-10-17,Amravati,2.9,22.7,False,none,0.0,False,none
2024-10-17,Jaipur,0.3,28.9,False,none,0.0,False,none
2024-10-17,Jodhpur,0.0,24.7,False,none,0.0,False,none
2024-10-17,Bikaner,0.0,30.8,False,none,0.0,False,none
2024-10-17,Udaipur,0.0,33.8,False,none,0.0,False,none
2024-10-17,Kota,0.0,27.1,False,none,0.0,False,none
2024-10-17,Barmer,0.0,29.4,False,none,0.0,False,none
2024-10-17,Khordha,56.7,24.3,False,none,0.0,False,none
2024-10-17,Cuttack,36.2,30.1,False,none,0.0,False,none
2024-10-17,Puri,88.9,27.3,True,malaria,0.8,False,none
2024-10-17,Balasore,39.8,27.2,True,malaria,0.87,False,none
2024-10-17,Mayurbhanj,11.8,26.3,False,none,0.0,False,none
2024-10-17,Ganjam,58.9,25.6,False,none,0.0,False,none
2024-10-17,Kamrup,18.4,23.5,False,none,0.0,False,none
2024-10-17,Dibrugarh,18.7,21.4,False,none,0.0,False,none
2024-10-17,Cachar,2.4,24.7,False,none,0.0,False,none
2024-10-17,Jorhat,3.6,26.1,False,none,0.0,False,none
2024-10-17,Nagaon,5.0,21.0,False,none,0.0,False,none
2024-10-17,Sonitpur,1.6,28.0,False,none,0.0,False,none
2024-10-18,Vellore,82.4,29.2,False,none,0.0,False,none
2024-10-18,Krishnagiri,98.7,30.3,False,none,0.0,False,none
2024-10-18,Tiruvannamalai,117.9,32.0,False,none,0.0,False,none
2024-10-18,Salem,120.0,33.7,False,none,0.0,False,none
2024-10-18,Madurai,63.2,35.0,False,none,0.0,False,none
2024-10-18,Coimbatore,45.0,35.2,False,none,0.0,False,none
2024-10-18,Pune,7.5,32.3,False,none,0.0,False,none
2024-10-18,Nagpur,0.7,30.2,False,none,0.0,False,none
2024-10-18,Nashik,1.9,24.5,False,none,0.0,False,none
2024-10-18,Chhatrapati Sambhajinagar,3.9,30.1,False,none,0.0,False,none
2024-10-18,Thane,3.6,27.6,False,none,0.0,False,none
2024-10-18,Amravati,0.0,22.8,False,none,0.0,False,none
2024-10-18,Jaipur,0.6,30.0,False,none,0.0,False,none
2024-10-18,Jodhpur,0.0,27.6,False,none,0.0,False,none
2024-10-18,Bikaner,0.0,27.6,False,none,0.0,False,none
2024-10-18,Udaipur,0.0,26.8,False,none,0.0,False,none
2024-10-18,Kota,0.0,31.7,False,none,0.0,False,none
2024-10-18,Barmer,0.0,23.9,False,none,0.0,False,none
2024-10-18,Khordha,40.4,29.2,False,none,0.0,False,none
2024-10-18,Cuttack,70.8,20.7,False,none,0.0,False,none
2024-10-18,Puri,60.5,25.2,True,malaria,0.8,False,none
2024-10-18,Balasore,77.5,28.1,True,malaria,0.87,False,none
2024-10-18,Mayurbhanj,123.5,28.1,False,none,0.0,False,none
2024-10-18,Ganjam,73.9,29.7,False,none,0.0,False,none
2024-10-18,Kamrup,1.0,24.4,False,none,0.0,False,none
2024-10-18,Dibrugarh,4.6,23.9,False,none,0.0,False,none
2024-10-18,Cachar,10.7,24.4,False,none,0.0,False,none
2024-10-18,Jorhat,3.2,26.0,False,none,0.0,False,none
2024-10-18,Nagaon,5.3,23.8,False,none,0.0,False,none
2024-10-18,Sonitpur,9.6,24.8,False,none,0.0,False,none
2024-10-19,Vellore,49.0,29.0,False,none,0.0,False,none
2024-10-19,Krishnagiri,33.8,28.2,False,none,0.0,False,none
2024-10-19,Tiruvannamalai,46.6,27.8,False,none,0.0,False,none
2024-10-19,Salem,60.4,27.6,False,none,0.0,False,none
2024-10-19,Madurai,20.7,30.8,False,none,0.0,False,none
2024-10-19,Coimbatore,13.5,28.9,False,none,0.0,False,none
2024-10-19,Pune,0.9,29.8,False,none,0.0,False,none
2024-10-19,Nagpur,8.1,26.1,False,none,0.0,False,none
2024-10-19,Nashik,1.4,28.4,False,none,0.0,False,none
2024-10-19,Chhatrapati Sambhajinagar,0.3,30.1,False,none,0.0,False,none
2024-10-19,Thane,2.8,30.4,False,none,0.0,False,none
2024-10-19,Amravati,5.5,32.4,False,none,0.0,False,none
2024-10-19,Jaipur,0.2,28.1,False,none,0.0,False,none
2024-10-19,Jodhpur,0.0,23.9,False,none,0.0,False,none
2024-10-19,Bikaner,0.0,24.1,False,none,0.0,False,none
2024-10-19,Udaipur,0.0,23.6,False,none,0.0,False,none
2024-10-19,Kota,0.0,29.7,False,none,0.0,False,none
2024-10-19,Barmer,0.3,29.7,False,none,0.0,False,none
2024-10-19,Khordha,69.5,28.9,False,none,0.0,False,none
2024-10-19,Cuttack,83.9,28.3,False,none,0.0,False,none
2024-10-19,Puri,34.6,27.4,True,malaria,0.8,False,none
2024-10-19,Balasore,50.9,29.8,True,malaria,0.87,False,none
2024-10-19,Mayurbhanj,29.3,28.8,False,none,0.0,False,none
2024-10-19,Ganjam,20.0,28.8,False,none,0.0,False,none
2024-10-19,Kamrup,5.4,25.4,False,none,0.0,False,none
2024-10-19,Dibrugarh,7.9,25.4,False,none,0.0,False,none
2024-10-19,Cachar,0.7,25.4,False,none,0.0,False,none
2024-10-19,Jorhat,3.4,26.3,False,none,0.0,False,none
2024-10-19,Nagaon,2.5,28.8,False,none,0.0,False,none
2024-10-19,Sonitpur,5.1,28.0,False,none,0.0,False,none
2024-10-20,Vellore,39.9,27.3,False,none,0.0,False,none
2024-10-20,Krishnagiri,32.6,27.0,False,none,0.0,False,none
2024-10-20,Tiruvannamalai,29.2,34.6,False,none,0.0,False,none
2024-10-20,Salem,46.0,30.1,False,none,0.0,False,none
2024-10-20,Madurai,60.2,29.0,False,none,0.0,False,none
2024-10-20,Coimbatore,40.8,32.7,False,none,0.0,False,none
2024-10-20,Pune,0.5,30.4,False,none,0.0,False,none
2024-10-20,Nagpur,2.1,27.5,False,none,0.0,False,none
2024-10-20,Nashik,2.8,26.4,False,none,0.0,False,none
2024-10-20,Chhatrapati Sambhajinagar,2.6,34.8,False,none,0.0,False,none
2024-10-20,Thane,1.6,26.6,False,none,0.0,False,none
2024-10-20,Amravati,1.1,28.1,False,none,0.0,False,none
2024-10-20,Jaipur,0.1,17.5,False,none,0.0,False,none
2024-10-20,Jodhpur,0.0,22.9,False,none,0.0,False,none
2024-10-20,Bikaner,0.0,29.0,False,none,0.0,False,none
2024-10-20,Udaipur,0.0,28.5,False,none,0.0,False,none
2024-10-20,Kota,0.1,23.9,False,none,0.0,False,none
2024-10-20,Barmer,0.0,27.8,False,none,0.0,False,none
2024-10-20,Khordha,110.5,29.9,True,malaria,0.92,False,none
2024-10-20,Cuttack,91.2,28.5,False,none,0.0,False,none
2024-10-20,Puri,50.0,30.3,True,malaria,0.8,False,none
2024-10-20,Balasore,72.2,26.4,True,malaria,0.87,False,none
2024-10-20,Mayurbhanj,143.0,28.6,False,none,0.0,False,none
2024-10-20,Ganjam,74.1,29.4,False,none,0.0,False,none
2024-10-20,Kamrup,3.2,24.7,False,none,0.0,False,none
2024-10-20,Dibrugarh,14.3,25.6,False,none,0.0,False,none
2024-10-20,Cachar,7.0,27.7,False,none,0.0,False,none
2024-10-20,Jorhat,10.9,24.5,False,none,0.0,False,none
2024-10-20,Nagaon,4.5,25.9,False,none,0.0,False,none
2024-10-20,Sonitpur,5.2,27.7,False,none,0.0,False,none
2024-10-21,Vellore,34.6,28.1,False,none,0.0,False,none
2024-10-21,Krishnagiri,13.6,27.8,False,none,0.0,False,none
2024-10-21,Tiruvannamalai,62.9,32.3,False,none,0.0,False,none
2024-10-21,Salem,11.9,30.2,False,none,0.0,False,none
2024-10-21,Madurai,49.5,30.6,False,none,0.0,False,none
2024-10-21,Coimbatore,51.0,26.8,False,none,0.0,False,none
2024-10-21,Pune,0.0,26.0,False,none,0.0,False,none
2024-10-21,Nagpur,6.6,25.7,False,none,0.0,False,none
2024-10-21,Nashik,0.0,29.0,False,none,0.0,False,none
2024-10-21,Chhatrapati Sambhajinagar,0.2,26.4,False,none,0.0,False,none
2024-10-21,Thane,3.6,28.5,False,none,0.0,False,none
2024-10-21,Amravati,0.7,30.9,False,none,0.0,False,none
2024-10-21,Jaipur,0.0,26.4,False,none,0.0,False,none
2024-10-21,Jodhpur,0.3,33.9,False,none,0.0,False,none
2024-10-21,Bikaner,0.0,28.2,False,none,0.0,False,none
2024-10-21,Udaipur,0.4,27.0,False,none,0.0,False,none
2024-10-21,Kota,0.0,24.3,False,none,0.0,False,none
2024-10-21,Barmer,0.4,24.8,False,none,0.0,False,none
2024-10-21,Khordha,29.9,27.5,True,malaria,0.92,False,none
2024-10-21,Cuttack,122.2,26.0,False,none,0.0,False,none
2024-10-21,Puri,120.2,28.2,True,malaria,0.8,False,none
2024-10-21,Balasore,80.5,25.3,True,malaria,0.87,False,none
2024-10-21,Mayurbhanj,41.6,25.1,False,none,0.0,False,none
2024-10-21,Ganjam,77.7,26.5,False,none,0.0,False,none
2024-10-21,Kamrup,3.3,23.4,False,none,0.0,False,none
2024-10-21,Dibrugarh,18.9,23.4,False,none,0.0,False,none
2024-10-21,Cachar,9.3,24.6,False,none,0.0,False,none
2024-10-21,Jorhat,4.1,27.9,False,none,0.0,False,none
2024-10-21,Nagaon,19.5,25.4,False,none,0.0,False,none
2024-10-21,Sonitpur,6.8,26.0,False,none,0.0,False,none
2024-10-22,Vellore,11.9,31.4,False,none,0.0,False,none
2024-10-22,Krishnagiri,34.0,33.1,False,none,0.0,False,none
2024-10-22,Tiruvannamalai,105.6,31.7,False,none,0.0,False,none
2024-10-22,Salem,7.4,28.5,False,none,0.0,False,none
2024-10-22,Madurai,26.2,27.9,False,none,0.0,False,none
2024-10-22,Coimbatore,70.6,31.5,False,none,0.0,False,none
2024-10-22,Pune,0.7,28.6,False,none,0.0,False,none
2024-10-22,Nagpur,7.2,29.9,False,none,0.0,False,none
2024-10-22,Nashik,7.8,33.3,False,none,0.0,False,none
2024-10-22,Chhatrapati Sambhajinagar,4.2,26.0,False,none,0.0,False,none
2024-10-22,Thane,0.5,31.3,False,none,0.0,False,none
2024-10-22,Amravati,0.4,30.5,False,none,0.0,False,none
2024-10-22,Jaipur,0.0,25.2,False,none,0.0,False,none
2024-10-22,Jodhpur,0.1,21.3,False,none,0.0,False,none
2024-10-22,Bikaner,0.0,28.1,False,none,0.0,False,none
2024-10-22,Udaipur,0.0,27.2,False,none,0.0,False,none
2024-10-22,Kota,0.0,26.4,False,none,0.0,False,none
2024-10-22,Barmer,0.0,29.9,False,none,0.0,False,none
2024-10-22,Khordha,111.4,25.9,True,malaria,0.92,False,none
2024-10-22,Cuttack,101.6,25.3,False,none,0.0,False,none
2024-10-22,Puri,16.2,26.5,True,malaria,0.8,False,none
2024-10-22,Balasore,111.8,29.4,True,malaria,0.87,False,none
2024-10-22,Mayurbhanj,50.3,32.2,False,none,0.0,False,none
2024-10-22,Ganjam,34.6,31.7,False,none,0.0,False,none
2024-10-22,Kamrup,1.3,27.4,False,none,0.0,False,none
2024-10-22,Dibrugarh,8.4,23.5,False,none,0.0,False,none
2024-10-22,Cachar,1.5,24.9,False,none,0.0,False,none
2024-10-22,Jorhat,13.3,26.1,False,none,0.0,False,none
2024-10-22,Nagaon,4.1,25.9,False,none,0.0,False,none
2024-10-22,Sonitpur,4.4,27.9,False,none,0.0,False,none
2024-10-23,Vellore,24.1,32.5,True,dengue,0.92,False,none
2024-10-23,Krishnagiri,55.4,29.1,False,none,0.0,False,none
2024-10-23,Tiruvannamalai,63.0,29.6,False,none,0.0,False,none
2024-10-23,Salem,32.0,31.9,False,none,0.0,False,none
2024-10-23,Madurai,29.9,25.2,False,none,0.0,False,none
2024-10-23,Coimbatore,107.6,27.1,False,none,0.0,False,none
2024-10-23,Pune,0.1,33.7,False,none,0.0,False,none
2024-10-23,Nagpur,2.9,30.7,False,none,0.0,False,none
2024-10-23,Nashik,1.3,31.1,False,none,0.0,False,none
2024-10-23,Chhatrapati Sambhajinagar,4.1,29.9,False,none,0.0,False,none
2024-10-23,Thane,1.6,29.9,False,none,0.0,False,none
2024-10-23,Amravati,3.7,27.7,False,none,0.0,False,none
2024-10-23,Jaipur,0.0,30.1,False,none,0.0,False,none
2024-10-23,Jodhpur,0.0,33.1,False,none,0.0,False,none
2024-10-23,Bikaner,0.0,26.7,False,none,0.0,False,none
2024-10-23,Udaipur,0.0,24.0,False,none,0.0,False,none
2024-10-23,Kota,0.7,29.1,False,none,0.0,False,none
2024-10-23,Barmer,2.7,27.2,False,none,0.0,False,none
2024-10-23,Khordha,18.9,29.4,True,malaria,0.92,False,none
2024-10-23,Cuttack,68.0,32.7,False,none,0.0,False,none
2024-10-23,Puri,50.3,32.1,True,malaria,0.8,False,none
2024-10-23,Balasore,60.6,28.4,True,malaria,0.87,False,none
2024-10-23,Mayurbhanj,82.9,32.0,False,none,0.0,False,none
2024-10-23,Ganjam,54.6,30.3,False,none,0.0,False,none
2024-10-23,Kamrup,11.0,24.9,False,none,0.0,False,none
2024-10-23,Dibrugarh,9.9,23.1,False,none,0.0,False,none
2024-10-23,Cachar,4.4,24.4,False,none,0.0,False,none
2024-10-23,Jorhat,3.3,28.4,False,none,0.0,False,none
2024-10-23,Nagaon,5.6,26.1,False,none,0.0,False,none
2024-10-23,Sonitpur,11.4,24.3,False,none,0.0,False,none
2024-10-24,Vellore,117.5,28.2,True,dengue,0.92,False,none
2024-10-24,Krishnagiri,63.7,31.8,False,none,0.0,False,none
2024-10-24,Tiruvannamalai,56.5,34.7,True,dengue,0.94,False,none
2024-10-24,Salem,39.3,28.3,False,none,0.0,False,none
2024-10-24,Madurai,45.6,35.3,False,none,0.0,False,none
2024-10-24,Coimbatore,30.7,28.7,False,none,0.0,False,none
2024-10-24,Pune,0.3,26.9,False,none,0.0,False,none
2024-10-24,Nagpur,0.7,32.6,False,none,0.0,False,none
2024-10-24,Nashik,2.1,27.6,False,none,0.0,False,none
2024-10-24,Chhatrapati Sambhajinagar,0.0,28.6,False,none,0.0,False,none
2024-10-24,Thane,1.3,27.9,False,none,0.0,False,none
2024-10-24,Amravati,4.1,24.4,False,none,0.0,False,none
2024-10-24,Jaipur,0.0,24.1,False,none,0.0,False,none
2024-10-24,Jodhpur,0.0,24.5,False,none,0.0,False,none
2024-10-24,Bikaner,1.8,23.6,False,none,0.0,False,none
2024-10-24,Udaipur,0.0,26.0,False,none,0.0,False,none
2024-10-24,Kota,1.3,26.1,False,none,0.0,False,none
2024-10-24,Barmer,0.0,22.9,False,none,0.0,False,none
2024-10-24,Khordha,52.8,28.7,True,malaria,0.92,False,none
2024-10-24,Cuttack,32.3,27.3,False,none,0.0,False,none
2024-10-24,Puri,54.4,31.2,True,malaria,0.8,False,none
2024-10-24,Balasore,78.9,29.7,True,malaria,0.87,False,none
2024-10-24,Mayurbhanj,62.6,29.9,False,none,0.0,False,none
2024-10-24,Ganjam,91.2,30.9,False,none,0.0,False,none
2024-10-24,Kamrup,6.1,26.4,False,none,0.0,False,none
2024-10-24,Dibrugarh,12.3,22.2,False,none,0.0,False,none
2024-10-24,Cachar,10.6,26.2,False,none,0.0,False,none
2024-10-24,Jorhat,7.9,22.9,False,none,0.0,False,none
2024-10-24,Nagaon,17.3,26.0,False,none,0.0,False,none
2024-10-24,Sonitpur,2.7,27.1,False,none,0.0,False,none
2024-10-25,Vellore,40.3,29.8,True,dengue,0.92,False,none
2024-10-25,Krishnagiri,26.9,30.4,False,none,0.0,False,none
2024-10-25,Tiruvannamalai,92.1,30.3,True,dengue,0.94,False,none
2024-10-25,Salem,28.1,34.4,False,none,0.0,False,none
2024-10-25,Madurai,6.3,26.6,False,none,0.0,False,none
2024-10-25,Coimbatore,55.1,33.5,False,none,0.0,False,none
2024-10-25,Pune,1.5,30.6,False,none,0.0,False,none
2024-10-25,Nagpur,0.3,34.1,False,none,0.0,False,none
2024-10-25,Nashik,0.1,29.7,False,none,0.0,False,none
2024-10-25,Chhatrapati Sambhajinagar,2.5,28.7,False,none,0.0,False,none
2024-10-25,Thane,0.1,26.9,False,none,0.0,False,none
2024-10-25,Amravati,3.6,32.2,False,none,0.0,False,none
2024-10-25,Jaipur,0.0,24.2,False,none,0.0,False,none
2024-10-25,Jodhpur,0.0,23.4,False,none,0.0,False,none
2024-10-25,Bikaner,0.4,26.2,False,none,0.0,False,none
2024-10-25,Udaipur,0.0,36.9,False,none,0.0,False,none
2024-10-25,Kota,1.6,26.2,False,none,0.0,False,none
2024-10-25,Barmer,0.0,26.7,False,none,0.0,False,none
2024-10-25,Khordha,74.5,28.5,True,malaria,0.92,False,none
2024-10-25,Cuttack,57.8,27.2,False,none,0.0,False,none
2024-10-25,Puri,95.4,30.5,True,malaria,0.8,False,none
2024-10-25,Balasore,53.9,29.7,True,malaria,0.87,False,none
2024-10-25,Mayurbhanj,55.7,30.3,False,none,0.0,False,none
2024-10-25,Ganjam,54.0,29.1,False,none,0.0,False,none
2024-10-25,Kamrup,5.0,24.1,False,none,0.0,False,none
2024-10-25,Dibrugarh,3.7,26.5,False,none,0.0,False,none
2024-10-25,Cachar,8.1,26.6,False,none,0.0,False,none
2024-10-25,Jorhat,6.9,24.8,False,none,0.0,False,none
2024-10-25,Nagaon,4.3,28.6,False,none,0.0,False,none
2024-10-25,Sonitpur,19.7,24.9,False,none,0.0,False,none
2024-10-26,Vellore,39.9,28.4,True,dengue,0.92,False,none
2024-10-26,Krishnagiri,72.4,29.8,False,none,0.0,False,none
2024-10-26,Tiruvannamalai,44.1,31.5,True,dengue,0.94,False,none
2024-10-26,Salem,29.4,30.6,True,dengue,0.65,False,none
2024-10-26,Madurai,15.7,29.1,False,none,0.0,False,none
2024-10-26,Coimbatore,57.1,29.9,False,none,0.0,False,none
2024-10-26,Pune,2.7,27.7,False,none,0.0,False,none
2024-10-26,Nagpur,1.0,29.5,False,none,0.0,False,none
2024-10-26,Nashik,0.7,28.0,False,none,0.0,False,none
2024-10-26,Chhatrapati Sambhajinagar,1.1,32.1,False,none,0.0,False,none
2024-10-26,Thane,0.1,27.0,False,none,0.0,False,none
2024-10-26,Amravati,1.5,29.7,False,none,0.0,False,none
2024-10-26,Jaipur,0.5,30.1,False,none,0.0,False,none
2024-10-26,Jodhpur,0.0,21.6,False,none,0.0,False,none
2024-10-26,Bikaner,0.0,34.8,False,none,0.0,False,none
2024-10-26,Udaipur,0.1,29.0,False,none,0.0,False,none
2024-10-26,Kota,0.0,28.9,False,none,0.0,False,none
2024-10-26,Barmer,0.0,28.4,False,none,0.0,False,none
2024-10-26,Khordha,267.2,28.7,True,malaria,0.92,False,none
2024-10-26,Cuttack,61.5,27.3,False,none,0.0,False,none
2024-10-26,Puri,30.3,28.6,True,malaria,0.8,False,none
2024-10-26,Balasore,73.1,29.9,True,malaria,0.87,False,none
2024-10-26,Mayurbhanj,114.8,29.3,False,none,0.0,False,none
2024-10-26,Ganjam,30.7,29.2,False,none,0.0,False,none
2024-10-26,Kamrup,3.2,25.5,False,none,0.0,False,none
2024-10-26,Dibrugarh,17.3,24.7,False,none,0.0,False,none
2024-10-26,Cachar,2.4,25.9,False,none,0.0,False,none
2024-10-26,Jorhat,2.6,31.2,False,none,0.0,False,none
2024-10-26,Nagaon,3.6,24.2,False,none,0.0,False,none
2024-10-26,Sonitpur,12.2,24.0,False,none,0.0,False,none
2024-10-27,Vellore,56.9,33.1,True,dengue,0.92,False,none
2024-10-27,Krishnagiri,21.3,33.8,False,none,0.0,False,none
2024-10-27,Tiruvannamalai,79.6,32.7,True,dengue,0.94,False,none
2024-10-27,Salem,31.1,31.2,True,dengue,0.65,False,none
2024-10-27,Madurai,37.9,33.8,False,none,0.0,False,none
2024-10-27,Coimbatore,14.6,26.4,False,none,0.0,False,none
2024-10-27,Pune,0.9,25.1,False,none,0.0,False,none
2024-10-27,Nagpur,1.7,25.9,False,none,0.0,False,none
2024-10-27,Nashik,3.9,30.2,False,none,0.0,False,none
2024-10-27,Chhatrapati Sambhajinagar,1.4,25.8,False,none,0.0,False,none
2024-10-27,Thane,0.4,31.2,False,none,0.0,False,none
2024-10-27,Amravati,1.1,32.4,False,none,0.0,False,none
2024-10-27,Jaipur,0.3,24.9,False,none,0.0,False,none
2024-10-27,Jodhpur,0.6,30.6,False,none,0.0,False,none
2024-10-27,Bikaner,0.4,27.7,False,none,0.0,False,none
2024-10-27,Udaipur,0.0,22.3,False,none,0.0,False,none
2024-10-27,Kota,0.0,30.8,False,none,0.0,False,none
2024-10-27,Barmer,0.0,30.6,False,none,0.0,False,none
2024-10-27,Khordha,79.9,30.2,True,malaria,0.92,False,none
2024-10-27,Cuttack,31.3,29.3,False,none,0.0,False,none
2024-10-27,Puri,69.6,26.3,True,malaria,0.8,False,none
2024-10-27,Balasore,62.2,23.1,True,malaria,0.87,False,none
2024-10-27,Mayurbhanj,70.1,28.4,True,malaria,0.91,False,none
2024-10-27,Ganjam,46.8,32.4,False,none,0.0,False,none
2024-10-27,Kamrup,3.8,25.5,False,none,0.0,False,none
2024-10-27,Dibrugarh,7.0,24.9,False,none,0.0,False,none
2024-10-27,Cachar,15.2,24.1,False,none,0.0,False,none
2024-10-27,Jorhat,14.0,24.6,False,none,0.0,False,none
2024-10-27,Nagaon,9.4,27.7,False,none,0.0,False,none
2024-10-27,Sonitpur,2.7,24.7,False,none,0.0,False,none
2024-10-28,Vellore,55.9,27.1,True,dengue,0.92,False,none
2024-10-28,Krishnagiri,39.6,29.3,False,none,0.0,False,none
2024-10-28,Tiruvannamalai,39.3,32.2,True,dengue,0.94,False,none
2024-10-28,Salem,8.7,29.5,True,dengue,0.65,False,none
2024-10-28,Madurai,25.4,29.7,False,none,0.0,False,none
2024-10-28,Coimbatore,48.5,25.2,False,none,0.0,False,none
2024-10-28,Pune,5.3,27.0,False,none,0.0,False,none
2024-10-28,Nagpur,1.5,25.5,False,none,0.0,False,none
2024-10-28,Nashik,0.6,30.4,False,none,0.0,False,none
2024-10-28,Chhatrapati Sambhajinagar,5.2,35.8,False,none,0.0,False,none
2024-10-28,Thane,0.2,27.5,False,none,0.0,False,none
2024-10-28,Amravati,0.1,28.6,False,none,0.0,False,none
2024-10-28,Jaipur,0.5,27.7,False,none,0.0,False,none
2024-10-28,Jodhpur,0.3,29.9,False,none,0.0,False,none
2024-10-28,Bikaner,0.0,34.0,False,none,0.0,False,none
2024-10-28,Udaipur,0.0,21.2,False,none,0.0,False,none
2024-10-28,Kota,0.0,35.0,False,none,0.0,False,none
2024-10-28,Barmer,0.0,32.8,False,none,0.0,False,none
2024-10-28,Khordha,194.9,29.9,True,malaria,0.92,False,none
2024-10-28,Cuttack,65.5,28.0,False,none,0.0,False,none
2024-10-28,Puri,61.6,28.4,True,malaria,0.8,False,none
2024-10-28,Balasore,44.6,24.0,True,malaria,0.87,False,none
2024-10-28,Mayurbhanj,133.7,21.9,True,malaria,0.91,False,none
2024-10-28,Ganjam,36.7,31.2,False,none,0.0,False,none
2024-10-28,Kamrup,14.5,25.4,False,none,0.0,False,none
2024-10-28,Dibrugarh,1.0,29.7,False,none,0.0,False,none
2024-10-28,Cachar,7.4,28.9,False,none,0.0,False,none
2024-10-28,Jorhat,5.4,27.1,False,none,0.0,False,none
2024-10-28,Nagaon,17.9,27.7,False,none,0.0,False,none
2024-10-28,Sonitpur,3.5,27.1,False,none,0.0,False,none
2024-10-29,Vellore,96.1,28.4,True,dengue,0.92,False,none
2024-10-29,Krishnagiri,8.5,31.2,False,none,0.0,False,none
2024-10-29,Tiruvannamalai,36.5,25.8,True,dengue,0.94,False,none
2024-10-29,Salem,53.9,26.4,True,dengue,0.65,False,none
2024-10-29,Madurai,5.9,28.0,False,none,0.0,False,none
2024-10-29,Coimbatore,5.8,30.7,False,none,0.0,False,none
2024-10-29,Pune,0.5,25.7,False,none,0.0,False,none
2024-10-29,Nagpur,1.0,27.7,False,none,0.0,False,none
2024-10-29,Nashik,1.6,31.6,False,none,0.0,False,none
2024-10-29,Chhatrapati Sambhajinagar,2.9,20.7,False,none,0.0,False,none
2024-10-29,Thane,2.0,32.7,False,none,0.0,False,none
2024-10-29,Amravati,0.2,27.2,False,none,0.0,False,none
2024-10-29,Jaipur,0.0,28.4,False,none,0.0,False,none
2024-10-29,Jodhpur,0.3,22.3,False,none,0.0,False,none
2024-10-29,Bikaner,0.0,21.7,False,none,0.0,False,none
2024-10-29,Udaipur,0.4,32.0,False,none,0.0,False,none
2024-10-29,Kota,0.0,33.4,False,none,0.0,False,none
2024-10-29,Barmer,0.1,27.1,False,none,0.0,False,none
2024-10-29,Khordha,86.5,25.0,True,malaria,0.92,False,none
2024-10-29,Cuttack,111.4,31.2,False,none,0.0,False,none
2024-10-29,Puri,37.7,33.2,True,malaria,0.8,False,none
2024-10-29,Balasore,27.2,28.2,True,malaria,0.87,False,none
2024-10-29,Mayurbhanj,129.3,27.3,True,malaria,0.91,False,none
2024-10-29,Ganjam,53.6,29.2,False,none,0.0,False,none
2024-10-29,Kamrup,3.5,26.6,False,none,0.0,False,none
2024-10-29,Dibrugarh,1.9,26.0,False,none,0.0,False,none
2024-10-29,Cachar,9.2,23.0,False,none,0.0,False,none
2024-10-29,Jorhat,6.6,23.4,False,none,0.0,False,none
2024-10-29,Nagaon,4.7,27.2,False,none,0.0,False,none
2024-10-29,Sonitpur,9.8,24.5,False,none,0.0,False,none
2024-10-30,Vellore,39.2,30.7,True,dengue,0.92,False,none
2024-10-30,Krishnagiri,9.5,26.1,False,none,0.0,False,none
2024-10-30,Tiruvannamalai,95.1,28.5,True,dengue,0.94,False,none
2024-10-30,Salem,81.7,34.3,True,dengue,0.65,False,none
2024-10-30,Madurai,41.5,30.2,True,dengue,0.92,False,none
2024-10-30,Coimbatore,64.9,30.5,False,none,0.0,False,none
2024-10-30,Pune,0.9,28.2,False,none,0.0,False,none
2024-10-30,Nagpur,0.8,36.6,False,none,0.0,False,none
2024-10-30,Nashik,5.7,28.8,False,none,0.0,False,none
2024-10-30,Chhatrapati Sambhajinagar,3.3,28.2,False,none,0.0,False,none
2024-10-30,Thane,0.6,33.0,False,none,0.0,False,none
2024-10-30,Amravati,0.8,30.2,False,none,0.0,False,none
2024-10-30,Jaipur,0.0,21.4,False,none,0.0,False,none
2024-10-30,Jodhpur,0.0,28.9,False,none,0.0,False,none
2024-10-30,Bikaner,0.4,28.1,False,none,0.0,False,none
2024-10-30,Udaipur,0.0,28.4,False,none,0.0,False,none
2024-10-30,Kota,0.0,28.0,False,none,0.0,False,none
2024-10-30,Barmer,0.3,24.1,False,none,0.0,False,none
2024-10-30,Khordha,19.4,29.0,True,malaria,0.92,False,none
2024-10-30,Cuttack,64.6,33.0,True,malaria,0.86,False,none
2024-10-30,Puri,178.7,31.6,True,malaria,0.8,False,none
2024-10-30,Balasore,99.6,32.2,True,malaria,0.87,False,none
2024-10-30,Mayurbhanj,43.1,30.5,True,malaria,0.91,False,none
2024-10-30,Ganjam,91.8,25.4,False,none,0.0,False,none
2024-10-30,Kamrup,8.6,26.9,False,none,0.0,False,none
2024-10-30,Dibrugarh,15.4,25.8,False,none,0.0,False,none
2024-10-30,Cachar,4.2,28.9,False,none,0.0,False,none
2024-10-30,Jorhat,5.8,24.1,False,none,0.0,False,none
2024-10-30,Nagaon,2.4,22.6,False,none,0.0,False,none
2024-10-30,Sonitpur,5.9,27.7,False,none,0.0,False,none
2024-10-31,Vellore,36.6,34.7,True,dengue,0.92,True,general_immunization
2024-10-31,Krishnagiri,41.8,27.6,False,none,0.0,True,general_immunization
2024-10-31,Tiruvannamalai,91.4,29.3,True,dengue,0.94,True,measles_drive
2024-10-31,Salem,44.6,29.6,True,dengue,0.65,True,general_immunization
2024-10-31,Madurai,128.7,34.2,True,dengue,0.92,True,general_immunization
2024-10-31,Coimbatore,19.8,33.1,False,none,0.0,True,measles_drive
2024-10-31,Pune,0.9,29.7,False,none,0.0,True,general_immunization
2024-10-31,Nagpur,1.9,30.1,False,none,0.0,True,measles_drive
2024-10-31,Nashik,0.2,25.8,False,none,0.0,True,general_immunization
2024-10-31,Chhatrapati Sambhajinagar,1.0,28.3,False,none,0.0,True,tetanus_drive
2024-10-31,Thane,2.3,28.6,False,none,0.0,True,general_immunization
2024-10-31,Amravati,0.8,27.7,False,none,0.0,True,measles_drive
2024-10-31,Jaipur,0.0,24.4,False,none,0.0,True,tetanus_drive
2024-10-31,Jodhpur,0.2,19.7,False,none,0.0,True,general_immunization
2024-10-31,Bikaner,1.1,26.3,False,none,0.0,True,tetanus_drive
2024-10-31,Udaipur,1.1,26.6,False,none,0.0,True,measles_drive
2024-10-31,Kota,0.0,25.9,False,none,0.0,True,tetanus_drive
2024-10-31,Barmer,0.5,23.7,False,none,0.0,True,general_immunization
2024-10-31,Khordha,68.9,26.2,True,malaria,0.92,True,general_immunization
2024-10-31,Cuttack,42.2,28.6,True,malaria,0.86,True,general_immunization
2024-10-31,Puri,175.1,30.0,True,malaria,0.8,True,tetanus_drive
2024-10-31,Balasore,49.3,28.7,True,malaria,0.87,True,measles_drive
2024-10-31,Mayurbhanj,41.1,30.9,True,malaria,0.91,True,general_immunization
2024-10-31,Ganjam,98.2,29.7,False,none,0.0,True,tetanus_drive
2024-10-31,Kamrup,4.9,28.3,False,none,0.0,True,tetanus_drive
2024-10-31,Dibrugarh,24.0,21.5,False,none,0.0,True,general_immunization
2024-10-31,Cachar,2.5,24.5,False,none,0.0,True,general_immunization
2024-10-31,Jorhat,27.3,25.5,False,none,0.0,True,tetanus_drive
2024-10-31,Nagaon,20.7,23.6,False,none,0.0,True,general_immunization
2024-10-31,Sonitpur,2.1,23.4,False,none,0.0,True,tetanus_drive
2024-11-01,Vellore,61.6,28.3,True,dengue,0.92,True,measles_drive
2024-11-01,Krishnagiri,33.9,35.0,False,none,0.0,True,measles_drive
2024-11-01,Tiruvannamalai,40.2,31.2,True,dengue,0.94,True,measles_drive
2024-11-01,Salem,37.2,23.7,True,dengue,0.65,True,tetanus_drive
2024-11-01,Madurai,92.0,34.1,True,dengue,0.92,True,general_immunization
2024-11-01,Coimbatore,34.9,33.5,False,none,0.0,True,measles_drive
2024-11-01,Pune,2.9,29.6,False,none,0.0,True,tetanus_drive
2024-11-01,Nagpur,2.1,29.1,False,none,0.0,True,measles_drive
2024-11-01,Nashik,0.2,23.3,False,none,0.0,True,tetanus_drive
2024-11-01,Chhatrapati Sambhajinagar,0.0,29.6,False,none,0.0,True,general_immunization
2024-11-01,Thane,2.1,20.9,False,none,0.0,True,measles_drive
2024-11-01,Amravati,0.1,26.3,False,none,0.0,True,measles_drive
2024-11-01,Jaipur,0.7,24.4,False,none,0.0,True,measles_drive
2024-11-01,Jodhpur,0.0,28.1,False,none,0.0,True,general_immunization
2024-11-01,Bikaner,0.0,34.2,False,none,0.0,True,measles_drive
2024-11-01,Udaipur,0.1,27.6,False,none,0.0,True,measles_drive
2024-11-01,Kota,1.1,22.9,False,none,0.0,True,measles_drive
2024-11-01,Barmer,0.0,30.6,False,none,0.0,True,general_immunization
2024-11-01,Khordha,3.9,30.8,True,malaria,0.92,True,tetanus_drive
2024-11-01,Cuttack,1.9,28.9,True,malaria,0.86,True,tetanus_drive
2024-11-01,Puri,5.5,30.1,True,malaria,0.8,True,measles_drive
2024-11-01,Balasore,0.7,28.5,True,malaria,0.87,True,tetanus_drive
2024-11-01,Mayurbhanj,8.1,30.2,True,malaria,0.91,True,tetanus_drive
2024-11-01,Ganjam,1.9,26.6,False,none,0.0,True,general_immunization
2024-11-01,Kamrup,3.9,26.7,False,none,0.0,True,measles_drive
2024-11-01,Dibrugarh,2.7,23.2,False,none,0.0,True,tetanus_drive
2024-11-01,Cachar,17.3,28.3,False,none,0.0,True,tetanus_drive
2024-11-01,Jorhat,14.6,23.7,False,none,0.0,True,tetanus_drive
2024-11-01,Nagaon,3.7,25.3,False,none,0.0,True,tetanus_drive
2024-11-01,Sonitpur,5.4,27.0,False,none,0.0,True,measles_drive
2024-11-02,Vellore,23.3,26.8,True,dengue,0.92,True,tetanus_drive
2024-11-02,Krishnagiri,87.0,26.2,False,none,0.0,True,general_immunization
2024-11-02,Tiruvannamalai,89.6,34.2,True,dengue,0.94,True,measles_drive
2024-11-02,Salem,46.1,31.1,True,dengue,0.65,True,measles_drive
2024-11-02,Madurai,38.5,32.2,True,dengue,0.92,True,tetanus_drive
2024-11-02,Coimbatore,33.1,30.5,False,none,0.0,True,tetanus_drive
2024-11-02,Pune,6.8,28.9,False,none,0.0,True,general_immunization
2024-11-02,Nagpur,0.3,26.8,False,none,0.0,True,measles_drive
2024-11-02,Nashik,0.6,29.1,False,none,0.0,True,tetanus_drive
2024-11-02,Chhatrapati Sambhajinagar,0.1,26.1,False,none,0.0,True,general_immunization
2024-11-02,Thane,0.4,29.9,False,none,0.0,True,general_immunization
2024-11-02,Amravati,0.0,27.3,False,none,0.0,True,measles_drive
2024-11-02,Jaipur,0.7,18.8,False,none,0.0,True,tetanus_drive
2024-11-02,Jodhpur,0.0,22.9,False,none,0.0,True,general_immunization
2024-11-02,Bikaner,0.0,24.1,False,none,0.0,True,measles_drive
2024-11-02,Udaipur,0.8,30.6,False,none,0.0,True,measles_drive
2024-11-02,Kota,0.0,24.6,False,none,0.0,True,general_immunization
2024-11-02,Barmer,0.2,29.5,False,none,0.0,True,general_immunization
2024-11-02,Khordha,5.8,29.2,True,malaria,0.92,True,general_immunization
2024-11-02,Cuttack,4.5,34.3,True,malaria,0.86,True,tetanus_drive
2024-11-02,Puri,2.9,30.7,True,malaria,0.8,True,tetanus_drive
2024-11-02,Balasore,4.1,24.8,True,malaria,0.87,True,measles_drive
2024-11-02,Mayurbhanj,25.7,31.2,True,malaria,0.91,True,measles_drive
2024-11-02,Ganjam,1.0,26.0,False,none,0.0,True,tetanus_drive
2024-11-02,Kamrup,4.0,27.1,False,none,0.0,True,measles_drive
2024-11-02,Dibrugarh,3.5,27.0,False,none,0.0,True,general_immunization
2024-11-02,Cachar,5.1,23.1,False,none,0.0,True,tetanus_drive
2024-11-02,Jorhat,10.4,24.4,False,none,0.0,True,tetanus_drive
2024-11-02,Nagaon,11.8,23.6,False,none,0.0,True,tetanus_drive
2024-11-02,Sonitpur,2.6,29.4,False,none,0.0,True,general_immunization
2024-11-03,Vellore,47.9,33.6,True,dengue,0.92,True,general_immunization
2024-11-03,Krishnagiri,38.9,32.1,True,dengue,0.71,True,tetanus_drive
2024-11-03,Tiruvannamalai,19.7,24.6,True,dengue,0.94,True,general_immunization
2024-11-03,Salem,53.2,29.1,True,dengue,0.65,True,general_immunization
2024-11-03,Madurai,60.7,29.7,True,dengue,0.92,True,tetanus_drive
2024-11-03,Coimbatore,27.0,32.9,False,none,0.0,True,tetanus_drive
2024-11-03,Pune,0.8,25.4,False,none,0.0,True,tetanus_drive
2024-11-03,Nagpur,1.7,26.9,False,none,0.0,True,tetanus_drive
2024-11-03,Nashik,1.4,28.4,False,none,0.0,True,measles_drive
2024-11-03,Chhatrapati Sambhajinagar,0.7,30.1,False,none,0.0,True,measles_drive
2024-11-03,Thane,0.9,28.7,False,none,0.0,True,tetanus_drive
2024-11-03,Amravati,1.1,22.8,False,none,0.0,True,tetanus_drive
2024-11-03,Jaipur,1.8,25.3,False,none,0.0,True,tetanus_drive
2024-11-03,Jodhpur,0.0,35.8,False,none,0.0,True,measles_drive
2024-11-03,Bikaner,0.0,26.1,False,none,0.0,True,measles_drive
2024-11-03,Udaipur,0.0,27.7,False,none,0.0,True,measles_drive
2024-11-03,Kota,0.0,28.5,False,none,0.0,True,measles_drive
2024-11-03,Barmer,0.4,27.8,False,none,0.0,True,measles_drive
2024-11-03,Khordha,7.4,29.7,True,malaria,0.92,True,tetanus_drive
2024-11-03,Cuttack,11.8,29.0,True,malaria,0.86,True,tetanus_drive
2024-11-03,Puri,1.3,26.3,True,malaria,0.8,True,measles_drive
2024-11-03,Balasore,0.3,25.9,True,malaria,0.87,True,measles_drive
2024-11-03,Mayurbhanj,5.6,27.7,True,malaria,0.91,True,tetanus_drive
2024-11-03,Ganjam,0.9,29.0,False,none,0.0,True,measles_drive
2024-11-03,Kamrup,24.4,26.8,False,none,0.0,True,measles_drive
2024-11-03,Dibrugarh,16.9,24.8,False,none,0.0,True,measles_drive
2024-11-03,Cachar,5.5,25.0,False,none,0.0,True,tetanus_drive
2024-11-03,Jorhat,8.3,25.9,False,none,0.0,True,measles_drive
2024-11-03,Nagaon,8.9,26.2,False,none,0.0,True,general_immunization
2024-11-03,Sonitpur,0.9,27.4,False,none,0.0,True,measles_drive
2024-11-04,Vellore,22.8,25.4,True,dengue,0.92,True,general_immunization
2024-11-04,Krishnagiri,45.8,30.3,True,dengue,0.71,True,measles_drive
2024-11-04,Tiruvannamalai,79.8,30.6,True,dengue,0.94,True,tetanus_drive
2024-11-04,Salem,110.8,26.4,True,dengue,0.65,True,tetanus_drive
2024-11-04,Madurai,33.7,32.0,True,dengue,0.92,True,tetanus_drive
2024-11-04,Coimbatore,41.4,32.0,False,none,0.0,True,general_immunization
2024-11-04,Pune,2.3,33.1,False,none,0.0,True,measles_drive
2024-11-04,Nagpur,2.0,26.7,False,none,0.0,True,general_immunization
2024-11-04,Nashik,0.5,27.1,False,none,0.0,True,measles_drive
2024-11-04,Chhatrapati Sambhajinagar,0.8,23.3,False,none,0.0,True,measles_drive
2024-11-04,Thane,4.9,27.7,False,none,0.0,True,measles_drive
2024-11-04,Amravati,0.5,25.8,False,none,0.0,True,general_immunization
2024-11-04,Jaipur,0.0,27.7,False,none,0.0,True,measles_drive
2024-11-04,Jodhpur,0.7,28.0,False,none,0.0,True,general_immunization
2024-11-04,Bikaner,0.1,27.3,False,none,0.0,True,general_immunization
2024-11-04,Udaipur,0.0,32.3,False,none,0.0,True,measles_drive
2024-11-04,Kota,0.0,23.0,False,none,0.0,True,measles_drive
2024-11-04,Barmer,0.0,27.1,False,none,0.0,True,tetanus_drive
2024-11-04,Khordha,3.2,31.3,True,malaria,0.92,True,tetanus_drive
2024-11-04,Cuttack,10.7,28.1,True,malaria,0.86,True,tetanus_drive
2024-11-04,Puri,1.4,27.6,True,malaria,0.8,True,tetanus_drive
2024-11-04,Balasore,0.8,33.4,True,malaria,0.87,True,tetanus_drive
2024-11-04,Mayurbhanj,4.8,30.3,True,malaria,0.91,True,measles_drive
2024-11-04,Ganjam,16.4,31.0,False,none,0.0,True,measles_drive
2024-11-04,Kamrup,23.1,26.4,False,none,0.0,True,measles_drive
2024-11-04,Dibrugarh,0.4,27.7,False,none,0.0,True,tetanus_drive
2024-11-04,Cachar,4.5,28.9,False,none,0.0,True,general_immunization
2024-11-04,Jorhat,14.5,22.5,False,none,0.0,True,measles_drive
2024-11-04,Nagaon,4.1,25.4,False,none,0.0,True,tetanus_drive
2024-11-04,Sonitpur,4.2,23.2,False,none,0.0,True,measles_drive
2024-11-05,Vellore,29.7,26.6,True,dengue,0.92,False,none
2024-11-05,Krishnagiri,112.1,33.5,True,dengue,0.71,False,none
2024-11-05,Tiruvannamalai,23.9,26.2,True,dengue,0.94,False,none
2024-11-05,Salem,57.2,31.2,True,dengue,0.65,False,none
2024-11-05,Madurai,31.8,24.4,True,dengue,0.92,False,none
2024-11-05,Coimbatore,97.3,31.8,False,none,0.0,False,none
2024-11-05,Pune,3.8,29.5,False,none,0.0,False,none
2024-11-05,Nagpur,0.9,25.7,False,none,0.0,False,none
2024-11-05,Nashik,0.7,29.6,False,none,0.0,False,none
2024-11-05,Chhatrapati Sambhajinagar,0.6,34.5,False,none,0.0,False,none
2024-11-05,Thane,0.5,29.6,False,none,0.0,False,none
2024-11-05,Amravati,0.2,24.8,False,none,0.0,False,none
2024-11-05,Jaipur,0.0,25.4,False,none,0.0,False,none
2024-11-05,Jodhpur,0.1,24.4,False,none,0.0,False,none
2024-11-05,Bikaner,0.3,22.8,False,none,0.0,False,none
2024-11-05,Udaipur,0.1,30.1,False,none,0.0,False,none
2024-11-05,Kota,0.0,27.0,False,none,0.0,False,none
2024-11-05,Barmer,1.2,26.0,False,none,0.0,False,none
2024-11-05,Khordha,6.9,28.8,False,none,0.0,False,none
2024-11-05,Cuttack,5.0,35.1,True,malaria,0.86,False,none
2024-11-05,Puri,0.9,30.2,False,none,0.0,False,none
2024-11-05,Balasore,9.7,31.5,True,malaria,0.87,False,none
2024-11-05,Mayurbhanj,3.9,31.5,True,malaria,0.91,False,none
2024-11-05,Ganjam,8.1,27.0,False,none,0.0,False,none
2024-11-05,Kamrup,5.2,24.4,False,none,0.0,False,none
2024-11-05,Dibrugarh,1.3,22.4,False,none,0.0,False,none
2024-11-05,Cachar,16.8,29.4,False,none,0.0,False,none
2024-11-05,Jorhat,1.8,24.5,False,none,0.0,False,none
2024-11-05,Nagaon,13.3,27.9,False,none,0.0,False,none
2024-11-05,Sonitpur,7.0,25.1,False,none,0.0,False,none
2024-11-06,Vellore,36.8,29.9,True,dengue,0.92,False,none
2024-11-06,Krishnagiri,95.9,32.8,True,dengue,0.71,False,none
2024-11-06,Tiruvannamalai,25.1,35.1,True,dengue,0.94,False,none
2024-11-06,Salem,17.5,33.3,True,dengue,0.65,False,none
2024-11-06,Madurai,82.0,32.6,True,dengue,0.92,False,none
2024-11-06,Coimbatore,119.6,28.4,False,none,0.0,False,none
2024-11-06,Pune,0.9,29.8,False,none,0.0,False,none
2024-11-06,Nagpur,0.6,29.2,False,none,0.0,False,none
2024-11-06,Nashik,0.3,28.6,False,none,0.0,False,none
2024-11-06,Chhatrapati Sambhajinagar,0.1,30.5,False,none,0.0,False,none
2024-11-06,Thane,2.2,25.9,False,none,0.0,False,none
2024-11-06,Amravati,2.7,31.8,False,none,0.0,False,none
2024-11-06,Jaipur,0.0,21.3,False,none,0.0,False,none
2024-11-06,Jodhpur,1.1,28.3,False,none,0.0,False,none
2024-11-06,Bikaner,0.0,28.3,False,none,0.0,False,none
2024-11-06,Udaipur,0.0,29.4,False,none,0.0,False,none
2024-11-06,Kota,0.1,28.8,False,none,0.0,False,none
2024-11-06,Barmer,0.0,24.1,False,none,0.0,False,none
2024-11-06,Khordha,7.1,24.9,False,none,0.0,False,none
2024-11-06,Cuttack,10.9,26.1,True,malaria,0.86,False,none
2024-11-06,Puri,8.3,31.4,False,none,0.0,False,none
2024-11-06,Balasore,2.6,30.1,True,malaria,0.87,False,none
2024-11-06,Mayurbhanj,11.8,25.9,True,malaria,0.91,False,none
2024-11-06,Ganjam,4.4,28.3,False,none,0.0,False,none
2024-11-06,Kamrup,17.9,26.5,False,none,0.0,False,none
2024-11-06,Dibrugarh,7.0,25.1,False,none,0.0,False,none
2024-11-06,Cachar,11.4,23.3,False,none,0.0,False,none
2024-11-06,Jorhat,1.0,28.0,False,none,0.0,False,none
2024-11-06,Nagaon,4.8,22.5,False,none,0.0,False,none
2024-11-06,Sonitpur,1.3,23.5,False,none,0.0,False,none
2024-11-07,Vellore,151.2,33.4,True,dengue,0.92,False,none
2024-11-07,Krishnagiri,11.2,28.6,True,dengue,0.71,False,none
2024-11-07,Tiruvannamalai,52.7,29.5,True,dengue,0.94,False,none
2024-11-07,Salem,88.4,29.3,True,dengue,0.65,False,none
2024-11-07,Madurai,25.0,30.0,True,dengue,0.92,False,none
2024-11-07,Coimbatore,14.6,29.6,False,none,0.0,False,none
2024-11-07,Pune,0.5,25.4,False,none,0.0,False,none
2024-11-07,Nagpur,1.5,32.3,False,none,0.0,False,none
2024-11-07,Nashik,2.8,25.7,False,none,0.0,False,none
2024-11-07,Chhatrapati Sambhajinagar,0.6,25.7,False,none,0.0,False,none
2024-11-07,Thane,0.7,27.2,False,none,0.0,False,none
2024-11-07,Amravati,1.2,25.7,False,none,0.0,False,none
2024-11-07,Jaipur,0.0,25.4,False,none,0.0,False,none
2024-11-07,Jodhpur,0.0,32.1,False,none,0.0,False,none
2024-11-07,Bikaner,0.0,26.9,False,none,0.0,False,none
2024-11-07,Udaipur,0.1,27.3,False,none,0.0,False,none
2024-11-07,Kota,0.0,22.7,False,none,0.0,False,none
2024-11-07,Barmer,0.0,29.2,False,none,0.0,False,none
2024-11-07,Khordha,2.0,28.9,False,none,0.0,False,none
2024-11-07,Cuttack,0.2,31.1,True,malaria,0.86,False,none
2024-11-07,Puri,1.0,28.7,False,none,0.0,False,none
2024-11-07,Balasore,2.1,29.3,False,none,0.0,False,none
2024-11-07,Mayurbhanj,10.7,23.7,True,malaria,0.91,False,none
2024-11-07,Ganjam,3.4,28.8,False,none,0.0,False,none
2024-11-07,Kamrup,14.0,21.5,False,none,0.0,False,none
2024-11-07,Dibrugarh,11.8,27.7,False,none,0.0,False,none
2024-11-07,Cachar,4.2,24.3,False,none,0.0,False,none
2024-11-07,Jorhat,3.8,24.1,False,none,0.0,False,none
2024-11-07,Nagaon,3.3,28.8,False,none,0.0,False,none
2024-11-07,Sonitpur,4.4,22.6,False,none,0.0,False,none
2024-11-08,Vellore,19.8,27.2,True,dengue,0.92,False,none
2024-11-08,Krishnagiri,52.9,26.3,True,dengue,0.71,False,none
2024-11-08,Tiruvannamalai,36.6,28.9,True,dengue,0.94,False,none
2024-11-08,Salem,17.8,27.0,True,dengue,0.65,False,none
2024-11-08,Madurai,74.1,30.9,True,dengue,0.92,False,none
2024-11-08,Coimbatore,51.7,34.0,False,none,0.0,False,none
2024-11-08,Pune,0.3,35.0,False,none,0.0,False,none
2024-11-08,Nagpur,0.1,35.3,False,none,0.0,False,none
2024-11-08,Nashik,3.1,29.3,False,none,0.0,False,none
2024-11-08,Chhatrapati Sambhajinagar,1.3,26.2,False,none,0.0,False,none
2024-11-08,Thane,2.3,29.2,False,none,0.0,False,none
2024-11-08,Amravati,0.3,33.4,False,none,0.0,False,none
2024-11-08,Jaipur,0.0,29.7,False,none,0.0,False,none
2024-11-08,Jodhpur,0.1,25.6,False,none,0.0,False,none
2024-11-08,Bikaner,0.0,22.4,False,none,0.0,False,none
2024-11-08,Udaipur,0.4,25.5,False,none,0.0,False,none
2024-11-08,Kota,0.0,26.3,False,none,0.0,False,none
2024-11-08,Barmer,0.1,24.2,False,none,0.0,False,none
2024-11-08,Khordha,0.9,30.1,False,none,0.0,False,none
2024-11-08,Cuttack,3.0,27.3,True,malaria,0.86,False,none
2024-11-08,Puri,6.4,30.3,False,none,0.0,False,none
2024-11-08,Balasore,0.3,26.8,False,none,0.0,False,none
2024-11-08,Mayurbhanj,4.3,26.2,True,malaria,0.91,False,none
2024-11-08,Ganjam,7.8,26.4,False,none,0.0,False,none
2024-11-08,Kamrup,3.2,27.7,False,none,0.0,False,none
2024-11-08,Dibrugarh,3.8,27.8,False,none,0.0,False,none
2024-11-08,Cachar,5.5,26.5,False,none,0.0,False,none
2024-11-08,Jorhat,9.7,25.9,False,none,0.0,False,none
2024-11-08,Nagaon,0.8,27.5,False,none,0.0,False,none
2024-11-08,Sonitpur,7.1,24.0,False,none,0.0,False,none
2024-11-09,Vellore,61.3,24.9,True,dengue,0.92,False,none
2024-11-09,Krishnagiri,66.5,29.5,True,dengue,0.71,False,none
2024-11-09,Tiruvannamalai,22.4,28.9,True,dengue,0.94,False,none
2024-11-09,Salem,64.8,33.8,True,dengue,0.65,False,none
2024-11-09,Madurai,45.9,30.5,True,dengue,0.92,False,none
2024-11-09,Coimbatore,80.6,27.4,False,none,0.0,False,none
2024-11-09,Pune,0.4,35.3,False,none,0.0,False,none
2024-11-09,Nagpur,1.3,30.5,False,none,0.0,False,none
2024-11-09,Nashik,1.3,26.2,False,none,0.0,False,none
2024-11-09,Chhatrapati Sambhajinagar,3.4,33.7,False,none,0.0,False,none
2024-11-09,Thane,2.1,26.6,False,none,0.0,False,none
2024-11-09,Amravati,1.7,28.8,False,none,0.0,False,none
2024-11-09,Jaipur,0.0,26.7,False,none,0.0,False,none
2024-11-09,Jodhpur,0.0,27.4,False,none,0.0,False,none
2024-11-09,Bikaner,0.8,28.5,False,none,0.0,False,none
2024-11-09,Udaipur,0.0,32.7,False,none,0.0,False,none
2024-11-09,Kota,0.0,22.8,False,none,0.0,False,none
2024-11-09,Barmer,2.6,30.1,False,none,0.0,False,none
2024-11-09,Khordha,4.9,27.3,False,none,0.0,False,none
2024-11-09,Cuttack,2.6,26.3,True,malaria,0.86,False,none
2024-11-09,Puri,0.2,26.5,False,none,0.0,False,none
2024-11-09,Balasore,4.0,26.1,False,none,0.0,False,none
2024-11-09,Mayurbhanj,2.3,28.0,True,malaria,0.91,False,none
2024-11-09,Ganjam,1.3,30.1,False,none,0.0,False,none
2024-11-09,Kamrup,5.3,24.2,False,none,0.0,False,none
2024-11-09,Dibrugarh,25.0,27.0,False,none,0.0,False,none
2024-11-09,Cachar,8.8,27.7,False,none,0.0,False,none
2024-11-09,Jorhat,16.3,24.8,False,none,0.0,False,none
2024-11-09,Nagaon,1.8,23.7,False,none,0.0,False,none
2024-11-09,Sonitpur,7.7,28.0,False,none,0.0,False,none
2024-11-10,Vellore,22.9,28.6,True,dengue,0.92,False,none
2024-11-10,Krishnagiri,49.0,31.8,True,dengue,0.71,False,none
2024-11-10,Tiruvannamalai,31.8,27.7,True,dengue,0.94,False,none
2024-11-10,Salem,32.3,29.8,True,dengue,0.65,False,none
2024-11-10,Madurai,44.3,30.7,True,dengue,0.92,False,none
2024-11-10,Coimbatore,29.1,27.6,False,none,0.0,False,none
2024-11-10,Pune,3.8,28.9,False,none,0.0,False,none
2024-11-10,Nagpur,0.2,25.6,False,none,0.0,False,none
2024-11-10,Nashik,0.4,32.8,False,none,0.0,False,none
2024-11-10,Chhatrapati Sambhajinagar,1.2,23.8,False,none,0.0,False,none
2024-11-10,Thane,4.2,28.8,False,none,0.0,False,none
2024-11-10,Amravati,0.1,27.2,False,none,0.0,False,none
2024-11-10,Jaipur,1.5,30.9,False,none,0.0,False,none
2024-11-10,Jodhpur,0.0,33.1,False,none,0.0,False,none
2024-11-10,Bikaner,0.0,26.4,False,none,0.0,False,none
2024-11-10,Udaipur,1.2,21.8,False,none,0.0,False,none
2024-11-10,Kota,2.0,30.2,False,none,0.0,False,none
2024-11-10,Barmer,0.0,25.4,False,none,0.0,False,none
2024-11-10,Khordha,8.2,32.3,False,none,0.0,False,none
2024-11-10,Cuttack,4.2,27.9,True,malaria,0.86,False,none
2024-11-10,Puri,3.3,29.3,False,none,0.0,False,none
2024-11-10,Balasore,2.1,31.0,False,none,0.0,False,none
2024-11-10,Mayurbhanj,0.4,25.0,True,malaria,0.91,False,none
2024-11-10,Ganjam,11.7,26.6,False,none,0.0,False,none
2024-11-10,Kamrup,1.5,23.2,False,none,0.0,False,none
2024-11-10,Dibrugarh,13.4,22.6,False,none,0.0,False,none
2024-11-10,Cachar,13.8,28.8,False,none,0.0,False,none
2024-11-10,Jorhat,13.2,21.5,False,none,0.0,False,none
2024-11-10,Nagaon,6.4,25.7,False,none,0.0,False,none
2024-11-10,Sonitpur,10.7,25.7,False,none,0.0,False,none
2024-11-11,Vellore,31.0,30.5,True,dengue,0.92,False,none
2024-11-11,Krishnagiri,42.7,32.5,True,dengue,0.71,False,none
2024-11-11,Tiruvannamalai,46.5,31.3,True,dengue,0.94,False,none
2024-11-11,Salem,108.6,32.9,True,dengue,0.65,False,none
2024-11-11,Madurai,22.7,31.0,True,dengue,0.92,False,none
2024-11-11,Coimbatore,66.8,31.9,False,none,0.0,False,none
2024-11-11,Pune,0.4,25.1,False,none,0.0,False,none
2024-11-11,Nagpur,2.0,31.6,False,none,0.0,False,none
2024-11-11,Nashik,0.0,27.7,False,none,0.0,False,none
2024-11-11,Chhatrapati Sambhajinagar,0.1,29.6,False,none,0.0,False,none
2024-11-11,Thane,0.8,28.7,False,none,0.0,False,none
2024-11-11,Amravati,1.7,22.9,False,none,0.0,False,none
2024-11-11,Jaipur,0.0,25.2,False,none,0.0,False,none
2024-11-11,Jodhpur,0.0,28.8,False,none,0.0,False,none
2024-11-11,Bikaner,0.0,30.5,False,none,0.0,False,none
2024-11-11,Udaipur,0.0,26.5,False,none,0.0,False,none
2024-11-11,Kota,1.0,21.9,False,none,0.0,False,none
2024-11-11,Barmer,0.7,29.6,False,none,0.0,False,none
2024-11-11,Khordha,0.8,28.0,False,none,0.0,False,none
2024-11-11,Cuttack,0.5,33.1,True,malaria,0.86,False,none
2024-11-11,Puri,3.4,29.8,False,none,0.0,False,none
2024-11-11,Balasore,15.3,26.9,False,none,0.0,False,none
2024-11-11,Mayurbhanj,2.9,31.3,True,malaria,0.91,False,none
2024-11-11,Ganjam,2.9,30.9,False,none,0.0,False,none
2024-11-11,Kamrup,6.3,25.3,False,none,0.0,False,none
2024-11-11,Dibrugarh,5.4,24.9,False,none,0.0,False,none
2024-11-11,Cachar,5.1,26.6,False,none,0.0,False,none
2024-11-11,Jorhat,1.5,24.7,False,none,0.0,False,none
2024-11-11,Nagaon,1.7,22.5,False,none,0.0,False,none
2024-11-11,Sonitpur,3.5,23.0,False,none,0.0,False,none
2024-11-12,Vellore,45.1,30.3,True,dengue,0.92,False,none
2024-11-12,Krishnagiri,17.9,29.5,True,dengue,0.71,False,none
2024-11-12,Tiruvannamalai,40.9,27.2,True,dengue,0.94,False,none
2024-11-12,Salem,10.3,30.8,False,none,0.0,False,none
2024-11-12,Madurai,77.9,34.4,True,dengue,0.92,False,none
2024-11-12,Coimbatore,36.7,33.0,False,none,0.0,False,none
2024-11-12,Pune,0.1,29.9,False,none,0.0,False,none
2024-11-12,Nagpur,0.7,27.8,False,none,0.0,False,none
2024-11-12,Nashik,2.0,25.0,False,none,0.0,False,none
2024-11-12,Chhatrapati Sambhajinagar,3.7,25.6,False,none,0.0,False,none
2024-11-12,Thane,0.6,25.4,False,none,0.0,False,none
2024-11-12,Amravati,0.3,29.3,False,none,0.0,False,none
2024-11-12,Jaipur,0.1,34.0,False,none,0.0,False,none
2024-11-12,Jodhpur,1.6,27.3,False,none,0.0,False,none
2024-11-12,Bikaner,0.0,27.0,False,none,0.0,False,none
2024-11-12,Udaipur,0.0,29.1,False,none,0.0,False,none
2024-11-12,Kota,0.7,27.2,False,none,0.0,False,none
2024-11-12,Barmer,0.4,24.7,False,none,0.0,False,none
2024-11-12,Khordha,5.9,30.1,False,none,0.0,False,none
2024-11-12,Cuttack,8.0,34.8,True,malaria,0.86,False,none
2024-11-12,Puri,4.9,29.4,False,none,0.0,False,none
2024-11-12,Balasore,2.0,28.5,False,none,0.0,False,none
2024-11-12,Mayurbhanj,2.3,30.9,True,malaria,0.91,False,none
2024-11-12,Ganjam,3.1,27.2,True,malaria,0.84,False,none
2024-11-12,Kamrup,13.6,24.5,False,none,0.0,False,none
2024-11-12,Dibrugarh,6.1,30.4,False,none,0.0,False,none
2024-11-12,Cachar,1.2,27.2,False,none,0.0,False,none
2024-11-12,Jorhat,8.3,24.5,False,none,0.0,False,none
2024-11-12,Nagaon,0.8,23.3,False,none,0.0,False,none
2024-11-12,Sonitpur,7.1,27.5,False,none,0.0,False,none
2024-11-13,Vellore,56.3,31.8,True,dengue,0.92,False,none
2024-11-13,Krishnagiri,41.6,29.6,True,dengue,0.71,False,none
2024-11-13,Tiruvannamalai,69.2,30.5,True,dengue,0.94,False,none
2024-11-13,Salem,33.7,31.5,False,none,0.0,False,none
2024-11-13,Madurai,89.8,28.2,True,dengue,0.92,False,none
2024-11-13,Coimbatore,11.4,30.1,False,none,0.0,False,none
2024-11-13,Pune,1.5,30.6,False,none,0.0,False,none
2024-11-13,Nagpur,6.2,23.6,False,none,0.0,False,none
2024-11-13,Nashik,1.8,22.1,False,none,0.0,False,none
2024-11-13,Chhatrapati Sambhajinagar,0.9,28.1,False,none,0.0,False,none
2024-11-13,Thane,0.9,28.8,False,none,0.0,False,none
2024-11-13,Amravati,5.0,31.0,False,none,0.0,False,none
2024-11-13,Jaipur,0.0,22.5,False,none,0.0,False,none
2024-11-13,Jodhpur,0.0,28.2,False,none,0.0,False,none
2024-11-13,Bikaner,0.1,22.2,False,none,0.0,False,none
2024-11-13,Udaipur,0.0,28.5,False,none,0.0,False,none
2024-11-13,Kota,0.0,24.9,False,none,0.0,False,none
2024-11-13,Barmer,1.9,22.0,False,none,0.0,False,none
2024-11-13,Khordha,6.7,29.2,False,none,0.0,False,none
2024-11-13,Cuttack,9.8,30.2,True,malaria,0.86,False,none
2024-11-13,Puri,2.5,29.1,False,none,0.0,False,none
2024-11-13,Balasore,1.6,27.2,False,none,0.0,False,none
2024-11-13,Mayurbhanj,5.5,23.6,True,malaria,0.91,False,none
2024-11-13,Ganjam,0.1,29.8,True,malaria,0.84,False,none
2024-11-13,Kamrup,9.1,26.0,False,none,0.0,False,none
2024-11-13,Dibrugarh,5.0,24.1,False,none,0.0,False,none
2024-11-13,Cachar,1.1,25.6,False,none,0.0,False,none
2024-11-13,Jorhat,1.5,25.2,False,none,0.0,False,none
2024-11-13,Nagaon,3.6,24.4,False,none,0.0,False,none
2024-11-13,Sonitpur,13.8,23.6,False,none,0.0,False,none
2024-11-14,Vellore,8.7,30.5,True,dengue,0.92,False,none
2024-11-14,Krishnagiri,21.0,30.5,True,dengue,0.71,False,none
2024-11-14,Tiruvannamalai,77.5,29.5,True,dengue,0.94,False,none
2024-11-14,Salem,52.2,30.3,False,none,0.0,False,none
2024-11-14,Madurai,47.7,35.4,True,dengue,0.92,False,none
2024-11-14,Coimbatore,17.4,32.6,False,none,0.0,False,none
2024-11-14,Pune,0.0,27.2,False,none,0.0,False,none
2024-11-14,Nagpur,0.3,24.4,False,none,0.0,False,none
2024-11-14,Nashik,0.3,31.3,False,none,0.0,False,none
2024-11-14,Chhatrapati Sambhajinagar,0.9,28.3,False,none,0.0,False,none
2024-11-14,Thane,1.3,25.2,False,none,0.0,False,none
2024-11-14,Amravati,1.3,26.8,False,none,0.0,False,none
2024-11-14,Jaipur,0.1,24.7,False,none,0.0,False,none
2024-11-14,Jodhpur,0.0,29.6,False,none,0.0,False,none
2024-11-14,Bikaner,0.1,29.9,False,none,0.0,False,none
2024-11-14,Udaipur,0.0,28.2,False,none,0.0,False,none
2024-11-14,Kota,0.0,31.4,False,none,0.0,False,none
2024-11-14,Barmer,0.0,25.7,False,none,0.0,False,none
2024-11-14,Khordha,5.3,30.7,False,none,0.0,False,none
2024-11-14,Cuttack,3.1,26.0,True,malaria,0.86,False,none
2024-11-14,Puri,9.0,29.7,False,none,0.0,False,none
2024-11-14,Balasore,1.8,27.3,False,none,0.0,False,none
2024-11-14,Mayurbhanj,3.9,30.6,True,malaria,0.91,False,none
2024-11-14,Ganjam,13.4,32.5,True,malaria,0.84,False,none
2024-11-14,Kamrup,3.6,29.3,False,none,0.0,False,none
2024-11-14,Dibrugarh,8.2,27.7,False,none,0.0,False,none
2024-11-14,Cachar,29.8,26.4,False,none,0.0,False,none
2024-11-14,Jorhat,5.0,28.4,False,none,0.0,False,none
2024-11-14,Nagaon,18.1,27.3,False,none,0.0,False,none
2024-11-14,Sonitpur,16.8,25.6,False,none,0.0,False,none
2024-11-15,Vellore,49.9,29.1,False,none,0.0,False,none
2024-11-15,Krishnagiri,34.1,28.1,True,dengue,0.71,False,none
2024-11-15,Tiruvannamalai,53.8,31.9,True,dengue,0.94,False,none
2024-11-15,Salem,69.1,34.6,False,none,0.0,False,none
2024-11-15,Madurai,23.0,27.0,True,dengue,0.92,False,none
2024-11-15,Coimbatore,29.6,31.7,False,none,0.0,False,none
2024-11-15,Pune,0.3,24.4,False,none,0.0,False,none
2024-11-15,Nagpur,1.4,28.7,False,none,0.0,False,none
2024-11-15,Nashik,0.6,24.6,False,none,0.0,False,none
2024-11-15,Chhatrapati Sambhajinagar,2.2,28.5,False,none,0.0,False,none
2024-11-15,Thane,1.7,28.3,False,none,0.0,False,none
2024-11-15,Amravati,0.4,30.7,False,none,0.0,False,none
2024-11-15,Jaipur,0.2,23.0,False,none,0.0,False,none
2024-11-15,Jodhpur,0.1,24.9,False,none,0.0,False,none
2024-11-15,Bikaner,0.0,31.6,False,none,0.0,False,none
2024-11-15,Udaipur,0.0,26.6,False,none,0.0,False,none
2024-11-15,Kota,0.2,25.6,False,none,0.0,False,none
2024-11-15,Barmer,0.0,20.7,False,none,0.0,False,none
2024-11-15,Khordha,1.5,30.5,False,none,0.0,False,none
2024-11-15,Cuttack,1.7,30.8,True,malaria,0.86,False,none
2024-11-15,Puri,3.2,33.0,False,none,0.0,False,none
2024-11-15,Balasore,5.5,27.3,False,none,0.0,False,none
2024-11-15,Mayurbhanj,7.3,31.9,True,malaria,0.91,False,none
2024-11-15,Ganjam,10.6,27.3,True,malaria,0.84,False,none
2024-11-15,Kamrup,10.2,27.6,False,none,0.0,False,none
2024-11-15,Dibrugarh,1.4,24.4,False,none,0.0,False,none
2024-11-15,Cachar,4.8,23.7,False,none,0.0,False,none
2024-11-15,Jorhat,0.6,23.0,False,none,0.0,False,none
2024-11-15,Nagaon,3.6,23.3,False,none,0.0,False,none
2024-11-15,Sonitpur,1.6,26.2,False,none,0.0,False,none
2024-11-16,Vellore,40.2,32.9,False,none,0.0,False,none
2024-11-16,Krishnagiri,36.6,28.0,True,dengue,0.71,False,none
2024-11-16,Tiruvannamalai,10.6,31.8,True,dengue,0.94,False,none
2024-11-16,Salem,33.4,28.7,False,none,0.0,False,none
2024-11-16,Madurai,23.4,30.3,True,dengue,0.92,False,none
2024-11-16,Coimbatore,19.3,30.5,False,none,0.0,False,none
2024-11-16,Pune,5.8,24.9,False,none,0.0,False,none
2024-11-16,Nagpur,3.2,34.6,False,none,0.0,False,none
2024-11-16,Nashik,0.7,29.3,False,none,0.0,False,none
2024-11-16,Chhatrapati Sambhajinagar,1.0,26.1,False,none,0.0,False,none
2024-11-16,Thane,2.7,28.0,False,none,0.0,False,none
2024-11-16,Amravati,6.0,27.8,False,none,0.0,False,none
2024-11-16,Jaipur,0.7,28.6,False,none,0.0,False,none
2024-11-16,Jodhpur,0.6,24.4,False,none,0.0,False,none
2024-11-16,Bikaner,0.0,27.6,False,none,0.0,False,none
2024-11-16,Udaipur,0.8,24.7,False,none,0.0,False,none
2024-11-16,Kota,0.6,26.3,False,none,0.0,False,none
2024-11-16,Barmer,1.4,33.0,False,none,0.0,False,none
2024-11-16,Khordha,2.1,31.2,False,none,0.0,False,none
2024-11-16,Cuttack,2.8,26.7,True,malaria,0.86,False,none
2024-11-16,Puri,11.0,31.2,False,none,0.0,False,none
2024-11-16,Balasore,2.5,31.2,False,none,0.0,False,none
2024-11-16,Mayurbhanj,2.6,27.2,True,malaria,0.91,False,none
2024-11-16,Ganjam,3.9,32.2,True,malaria,0.84,False,none
2024-11-16,Kamrup,7.5,24.8,False,none,0.0,False,none
2024-11-16,Dibrugarh,1.7,26.3,False,none,0.0,False,none
2024-11-16,Cachar,18.2,23.6,False,none,0.0,False,none
2024-11-16,Jorhat,2.0,27.7,False,none,0.0,False,none
2024-11-16,Nagaon,3.2,22.5,False,none,0.0,False,none
2024-11-16,Sonitpur,15.2,29.1,False,none,0.0,False,none
2024-11-17,Vellore,89.9,29.3,False,none,0.0,False,none
2024-11-17,Krishnagiri,47.5,25.9,True,dengue,0.71,False,none
2024-11-17,Tiruvannamalai,58.7,29.5,True,dengue,0.94,False,none
2024-11-17,Salem,9.0,28.8,False,none,0.0,False,none
2024-11-17,Madurai,40.9,30.0,True,dengue,0.92,False,none
2024-11-17,Coimbatore,25.8,28.3,False,none,0.0,False,none
2024-11-17,Pune,1.5,30.2,False,none,0.0,False,none
2024-11-17,Nagpur,4.1,28.6,False,none,0.0,False,none
2024-11-17,Nashik,1.9,31.2,False,none,0.0,False,none
2024-11-17,Chhatrapati Sambhajinagar,0.3,25.7,False,none,0.0,False,none
2024-11-17,Thane,0.4,27.2,False,none,0.0,False,none
2024-11-17,Amravati,0.9,25.2,False,none,0.0,False,none
2024-11-17,Jaipur,0.0,25.4,False,none,0.0,False,none
2024-11-17,Jodhpur,0.0,29.0,False,none,0.0,False,none
2024-11-17,Bikaner,0.0,26.7,False,none,0.0,False,none
2024-11-17,Udaipur,0.1,28.5,False,none,0.0,False,none
2024-11-17,Kota,0.1,27.3,False,none,0.0,False,none
2024-11-17,Barmer,0.6,21.4,False,none,0.0,False,none
2024-11-17,Khordha,4.2,34.6,False,none,0.0,False,none
2024-11-17,Cuttack,2.2,33.6,True,malaria,0.86,False,none
2024-11-17,Puri,3.4,25.4,False,none,0.0,False,none
2024-11-17,Balasore,2.5,26.6,False,none,0.0,False,none
2024-11-17,Mayurbhanj,6.9,30.0,False,none,0.0,False,none
2024-11-17,Ganjam,3.8,29.0,True,malaria,0.84,False,none
2024-11-17,Kamrup,2.0,21.2,False,none,0.0,False,none
2024-11-17,Dibrugarh,5.4,24.9,False,none,0.0,False,none
2024-11-17,Cachar,8.1,26.6,False,none,0.0,False,none
2024-11-17,Jorhat,1.3,23.5,False,none,0.0,False,none
2024-11-17,Nagaon,3.5,22.7,False,none,0.0,False,none
2024-11-17,Sonitpur,10.1,26.2,False,none,0.0,False,none
2024-11-18,Vellore,42.3,30.8,False,none,0.0,False,none
2024-11-18,Krishnagiri,12.1,25.6,False,none,0.0,False,none
2024-11-18,Tiruvannamalai,73.7,30.2,False,none,0.0,False,none
2024-11-18,Salem,33.4,28.6,False,none,0.0,False,none
2024-11-18,Madurai,68.0,27.8,True,dengue,0.92,False,none
2024-11-18,Coimbatore,34.9,35.8,True,dengue,0.65,False,none
2024-11-18,Pune,1.8,29.1,False,none,0.0,False,none
2024-11-18,Nagpur,2.3,32.9,False,none,0.0,False,none
2024-11-18,Nashik,2.4,25.3,False,none,0.0,False,none
2024-11-18,Chhatrapati Sambhajinagar,0.5,32.1,False,none,0.0,False,none
2024-11-18,Thane,1.5,29.7,False,none,0.0,False,none
2024-11-18,Amravati,1.2,30.9,False,none,0.0,False,none
2024-11-18,Jaipur,0.0,25.3,False,none,0.0,False,none
2024-11-18,Jodhpur,0.2,22.9,False,none,0.0,False,none
2024-11-18,Bikaner,0.0,31.9,False,none,0.0,False,none
2024-11-18,Udaipur,0.0,24.3,False,none,0.0,False,none
2024-11-18,Kota,0.1,23.9,False,none,0.0,False,none
2024-11-18,Barmer,1.1,18.0,False,none,0.0,False,none
2024-11-18,Khordha,2.2,27.8,False,none,0.0,False,none
2024-11-18,Cuttack,3.7,28.0,True,malaria,0.86,False,none
2024-11-18,Puri,3.3,29.1,False,none,0.0,False,none
2024-11-18,Balasore,2.8,27.1,False,none,0.0,False,none
2024-11-18,Mayurbhanj,1.2,29.9,False,none,0.0,False,none
2024-11-18,Ganjam,5.0,31.6,True,malaria,0.84,False,none
2024-11-18,Kamrup,3.6,24.3,False,none,0.0,False,none
2024-11-18,Dibrugarh,0.5,25.8,False,none,0.0,False,none
2024-11-18,Cachar,9.4,27.8,False,none,0.0,False,none
2024-11-18,Jorhat,15.3,28.1,False,none,0.0,False,none
2024-11-18,Nagaon,6.4,25.3,False,none,0.0,False,none
2024-11-18,Sonitpur,9.3,28.3,False,none,0.0,False,none
2024-11-19,Vellore,43.1,30.0,False,none,0.0,False,none
2024-11-19,Krishnagiri,132.6,29.0,False,none,0.0,False,none
2024-11-19,Tiruvannamalai,23.0,27.9,False,none,0.0,False,none
2024-11-19,Salem,131.7,24.4,False,none,0.0,False,none
2024-11-19,Madurai,36.5,27.6,True,dengue,0.92,False,none
2024-11-19,Coimbatore,66.0,30.8,True,dengue,0.65,False,none
2024-11-19,Pune,0.3,27.1,False,none,0.0,False,none
2024-11-19,Nagpur,0.2,25.6,False,none,0.0,False,none
2024-11-19,Nashik,0.5,31.8,False,none,0.0,False,none
2024-11-19,Chhatrapati Sambhajinagar,3.5,28.0,False,none,0.0,False,none
2024-11-19,Thane,0.3,26.9,False,none,0.0,False,none
2024-11-19,Amravati,1.9,28.0,False,none,0.0,False,none
2024-11-19,Jaipur,0.4,26.7,False,none,0.0,False,none
2024-11-19,Jodhpur,0.0,23.7,False,none,0.0,False,none
2024-11-19,Bikaner,0.0,23.5,False,none,0.0,False,none
2024-11-19,Udaipur,1.5,24.0,False,none,0.0,False,none
2024-11-19,Kota,0.2,22.2,False,none,0.0,False,none
2024-11-19,Barmer,0.0,24.4,False,none,0.0,False,none
2024-11-19,Khordha,6.1,27.7,False,none,0.0,False,none
2024-11-19,Cuttack,3.2,26.5,True,malaria,0.86,False,none
2024-11-19,Puri,5.1,24.4,False,none,0.0,False,none
2024-11-19,Balasore,8.2,23.7,False,none,0.0,False,none
2024-11-19,Mayurbhanj,0.4,25.1,False,none,0.0,False,none
2024-11-19,Ganjam,5.6,31.8,True,malaria,0.84,False,none
2024-11-19,Kamrup,4.0,20.9,False,none,0.0,False,none
2024-11-19,Dibrugarh,1.7,26.9,False,none,0.0,False,none
2024-11-19,Cachar,4.9,26.3,False,none,0.0,False,none
2024-11-19,Jorhat,2.3,23.1,False,none,0.0,False,none
2024-11-19,Nagaon,1.8,23.4,False,none,0.0,False,none
2024-11-19,Sonitpur,0.8,24.1,False,none,0.0,False,none
2024-11-20,Vellore,26.9,28.9,False,none,0.0,False,none
2024-11-20,Krishnagiri,51.5,30.3,False,none,0.0,False,none
2024-11-20,Tiruvannamalai,68.8,30.7,False,none,0.0,False,none
2024-11-20,Salem,31.7,27.7,False,none,0.0,False,none
2024-11-20,Madurai,34.9,32.6,True,dengue,0.92,False,none
2024-11-20,Coimbatore,20.1,28.0,True,dengue,0.65,False,none
2024-11-20,Pune,3.3,26.3,False,none,0.0,False,none
2024-11-20,Nagpur,6.0,28.8,False,none,0.0,False,none
2024-11-20,Nashik,4.4,29.5,False,none,0.0,False,none
2024-11-20,Chhatrapati Sambhajinagar,2.0,29.4,False,none,0.0,False,none
2024-11-20,Thane,0.0,29.5,False,none,0.0,False,none
2024-11-20,Amravati,1.2,26.8,False,none,0.0,False,none
2024-11-20,Jaipur,0.0,25.6,False,none,0.0,False,none
2024-11-20,Jodhpur,0.2,22.8,False,none,0.0,False,none
2024-11-20,Bikaner,0.2,26.1,False,none,0.0,False,none
2024-11-20,Udaipur,0.0,28.3,False,none,0.0,False,none
2024-11-20,Kota,0.0,24.4,False,none,0.0,False,none
2024-11-20,Barmer,0.0,29.0,False,none,0.0,False,none
2024-11-20,Khordha,2.3,23.3,False,none,0.0,False,none
2024-11-20,Cuttack,19.6,29.0,True,malaria,0.86,False,none
2024-11-20,Puri,5.8,31.8,False,none,0.0,False,none
2024-11-20,Balasore,5.0,25.9,False,none,0.0,False,none
2024-11-20,Mayurbhanj,0.2,31.9,False,none,0.0,False,none
2024-11-20,Ganjam,0.8,27.8,True,malaria,0.84,False,none
2024-11-20,Kamrup,12.9,27.2,False,none,0.0,False,none
2024-11-20,Dibrugarh,4.3,24.4,False,none,0.0,False,none
2024-11-20,Cachar,1.9,22.8,False,none,0.0,False,none
2024-11-20,Jorhat,9.8,26.0,False,none,0.0,False,none
2024-11-20,Nagaon,1.1,24.8,False,none,0.0,False,none
2024-11-20,Sonitpur,2.1,28.8,False,none,0.0,False,none
2024-11-21,Vellore,27.3,29.5,False,none,0.0,False,none
2024-11-21,Krishnagiri,36.4,32.0,False,none,0.0,False,none
2024-11-21,Tiruvannamalai,31.5,30.6,False,none,0.0,False,none
2024-11-21,Salem,42.3,33.8,False,none,0.0,False,none
2024-11-21,Madurai,6.8,27.3,True,dengue,0.92,False,none
2024-11-21,Coimbatore,46.4,27.8,True,dengue,0.65,False,none
2024-11-21,Pune,2.5,29.3,False,none,0.0,False,none
2024-11-21,Nagpur,5.8,22.4,False,none,0.0,False,none
2024-11-21,Nashik,1.0,27.8,False,none,0.0,False,none
2024-11-21,Chhatrapati Sambhajinagar,0.6,26.5,False,none,0.0,False,none
2024-11-21,Thane,2.3,26.1,False,none,0.0,False,none
2024-11-21,Amravati,2.1,25.7,False,none,0.0,False,none
2024-11-21,Jaipur,0.2,29.2,False,none,0.0,False,none
2024-11-21,Jodhpur,0.0,26.1,False,none,0.0,False,none
2024-11-21,Bikaner,0.1,36.0,False,none,0.0,False,none
2024-11-21,Udaipur,0.0,21.0,False,none,0.0,False,none
2024-11-21,Kota,0.6,19.3,False,none,0.0,False,none
2024-11-21,Barmer,0.1,20.6,False,none,0.0,False,none
2024-11-21,Khordha,2.9,26.8,False,none,0.0,False,none
2024-11-21,Cuttack,7.6,30.0,False,none,0.0,False,none
2024-11-21,Puri,9.0,26.9,False,none,0.0,False,none
2024-11-21,Balasore,2.2,29.3,False,none,0.0,False,none
2024-11-21,Mayurbhanj,1.7,27.2,False,none,0.0,False,none
2024-11-21,Ganjam,6.8,30.5,True,malaria,0.84,False,none
2024-11-21,Kamrup,2.3,24.5,False,none,0.0,False,none
2024-11-21,Dibrugarh,6.3,25.4,False,none,0.0,False,none
2024-11-21,Cachar,1.5,23.6,False,none,0.0,False,none
2024-11-21,Jorhat,5.0,26.2,False,none,0.0,False,none
2024-11-21,Nagaon,6.2,26.3,False,none,0.0,False,none
2024-11-21,Sonitpur,23.5,25.1,False,none,0.0,False,none
2024-11-22,Vellore,70.1,24.3,False,none,0.0,False,none
2024-11-22,Krishnagiri,55.0,27.2,False,none,0.0,False,none
2024-11-22,Tiruvannamalai,43.8,30.8,False,none,0.0,False,none
2024-11-22,Salem,38.1,27.7,False,none,0.0,False,none
2024-11-22,Madurai,49.6,31.0,True,dengue,0.92,False,none
2024-11-22,Coimbatore,57.9,27.2,True,dengue,0.65,False,none
2024-11-22,Pune,2.0,28.5,False,none,0.0,False,none
2024-11-22,Nagpur,2.4,30.4,False,none,0.0,False,none
2024-11-22,Nashik,2.9,27.3,False,none,0.0,False,none
2024-11-22,Chhatrapati Sambhajinagar,2.3,34.2,False,none,0.0,False,none
2024-11-22,Thane,3.1,28.1,False,none,0.0,False,none
2024-11-22,Amravati,0.9,30.4,False,none,0.0,False,none
2024-11-22,Jaipur,0.0,30.4,False,none,0.0,False,none
2024-11-22,Jodhpur,0.0,19.0,False,none,0.0,False,none
2024-11-22,Bikaner,0.3,29.8,False,none,0.0,False,none
2024-11-22,Udaipur,1.2,27.1,False,none,0.0,False,none
2024-11-22,Kota,0.0,34.2,False,none,0.0,False,none
2024-11-22,Barmer,0.0,28.3,False,none,0.0,False,none
2024-11-22,Khordha,3.1,28.3,False,none,0.0,False,none
2024-11-22,Cuttack,1.6,26.3,False,none,0.0,False,none
2024-11-22,Puri,3.7,30.9,False,none,0.0,False,none
2024-11-22,Balasore,0.2,30.6,False,none,0.0,False,none
2024-11-22,Mayurbhanj,11.8,24.0,False,none,0.0,False,none
2024-11-22,Ganjam,3.5,26.7,True,malaria,0.84,False,none
2024-11-22,Kamrup,0.4,25.1,False,none,0.0,False,none
2024-11-22,Dibrugarh,2.6,26.2,False,none,0.0,False,none
2024-11-22,Cachar,15.8,28.2,False,none,0.0,False,none
2024-11-22,Jorhat,6.3,26.2,False,none,0.0,False,none
2024-11-22,Nagaon,8.1,28.6,False,none,0.0,False,none
2024-11-22,Sonitpur,21.6,23.7,False,none,0.0,False,none
2024-11-23,Vellore,37.9,30.6,False,none,0.0,False,none
2024-11-23,Krishnagiri,63.5,31.9,False,none,0.0,False,none
2024-11-23,Tiruvannamalai,11.2,28.3,False,none,0.0,False,none
2024-11-23,Salem,36.6,33.9,False,none,0.0,False,none
2024-11-23,Madurai,20.7,33.1,True,dengue,0.92,False,none
2024-11-23,Coimbatore,17.1,31.5,True,dengue,0.65,False,none
2024-11-23,Pune,6.3,26.2,False,none,0.0,False,none
2024-11-23,Nagpur,2.7,30.3,False,none,0.0,False,none
2024-11-23,Nashik,1.6,24.9,False,none,0.0,False,none
2024-11-23,Chhatrapati Sambhajinagar,1.0,28.3,False,none,0.0,False,none
2024-11-23,Thane,0.3,28.9,False,none,0.0,False,none
2024-11-23,Amravati,0.2,28.4,False,none,0.0,False,none
2024-11-23,Jaipur,0.0,24.2,False,none,0.0,False,none
2024-11-23,Jodhpur,0.0,19.6,False,none,0.0,False,none
2024-11-23,Bikaner,0.4,28.8,False,none,0.0,False,none
2024-11-23,Udaipur,0.0,23.2,False,none,0.0,False,none
2024-11-23,Kota,0.3,27.5,False,none,0.0,False,none
2024-11-23,Barmer,0.8,27.4,False,none,0.0,False,none
2024-11-23,Khordha,1.8,28.8,False,none,0.0,False,none
2024-11-23,Cuttack,1.3,25.4,False,none,0.0,False,none
2024-11-23,Puri,5.2,30.1,False,none,0.0,False,none
2024-11-23,Balasore,6.7,28.8,False,none,0.0,False,none
2024-11-23,Mayurbhanj,3.8,30.5,False,none,0.0,False,none
2024-11-23,Ganjam,2.1,31.7,True,malaria,0.84,False,none
2024-11-23,Kamrup,7.7,27.7,False,none,0.0,False,none
2024-11-23,Dibrugarh,3.6,25.0,False,none,0.0,False,none
2024-11-23,Cachar,7.5,26.3,False,none,0.0,False,none
2024-11-23,Jorhat,3.6,24.9,False,none,0.0,False,none
2024-11-23,Nagaon,22.7,27.7,False,none,0.0,False,none
2024-11-23,Sonitpur,5.6,29.0,False,none,0.0,False,none
2024-11-24,Vellore,77.9,30.9,False,none,0.0,False,none
2024-11-24,Krishnagiri,54.5,26.7,False,none,0.0,False,none
2024-11-24,Tiruvannamalai,40.4,29.9,False,none,0.0,False,none
2024-11-24,Salem,24.3,28.0,False,none,0.0,False,none
2024-11-24,Madurai,40.4,30.3,True,dengue,0.92,False,none
2024-11-24,Coimbatore,35.2,26.8,True,dengue,0.65,False,none
2024-11-24,Pune,0.5,28.1,False,none,0.0,False,none
2024-11-24,Nagpur,0.1,25.5,False,none,0.0,False,none
2024-11-24,Nashik,3.5,25.3,False,none,0.0,False,none
2024-11-24,Chhatrapati Sambhajinagar,0.4,29.2,False,none,0.0,False,none
2024-11-24,Thane,0.1,31.3,False,none,0.0,False,none
2024-11-24,Amravati,0.2,25.8,False,none,0.0,False,none
2024-11-24,Jaipur,0.1,26.5,False,none,0.0,False,none
2024-11-24,Jodhpur,0.0,24.7,False,none,0.0,False,none
2024-11-24,Bikaner,0.8,26.2,False,none,0.0,False,none
2024-11-24,Udaipur,0.5,27.9,False,none,0.0,False,none
2024-11-24,Kota,0.6,29.4,False,none,0.0,False,none
2024-11-24,Barmer,0.0,30.5,False,none,0.0,False,none
2024-11-24,Khordha,7.7,29.8,False,none,0.0,False,none
2024-11-24,Cuttack,8.8,29.6,False,none,0.0,False,none
2024-11-24,Puri,6.1,29.0,False,none,0.0,False,none
2024-11-24,Balasore,1.3,26.0,False,none,0.0,False,none
2024-11-24,Mayurbhanj,3.8,33.6,False,none,0.0,False,none
2024-11-24,Ganjam,4.7,32.2,True,malaria,0.84,False,none
2024-11-24,Kamrup,6.6,26.3,False,none,0.0,False,none
2024-11-24,Dibrugarh,6.1,23.1,False,none,0.0,False,none
2024-11-24,Cachar,9.7,25.2,False,none,0.0,False,none
2024-11-24,Jorhat,7.4,23.2,False,none,0.0,False,none
2024-11-24,Nagaon,3.4,24.4,False,none,0.0,False,none
2024-11-24,Sonitpur,10.0,24.5,False,none,0.0,False,none
2024-11-25,Vellore,8.6,28.6,False,none,0.0,False,none
2024-11-25,Krishnagiri,30.5,31.4,False,none,0.0,False,none
2024-11-25,Tiruvannamalai,48.4,29.0,False,none,0.0,False,none
2024-11-25,Salem,29.9,27.8,False,none,0.0,False,none
2024-11-25,Madurai,50.3,32.4,True,dengue,0.92,False,none
2024-11-25,Coimbatore,31.7,27.1,True,dengue,0.65,False,none
2024-11-25,Pune,2.4,28.8,False,none,0.0,False,none
2024-11-25,Nagpur,2.0,22.5,False,none,0.0,False,none
2024-11-25,Nashik,2.8,30.4,False,none,0.0,False,none
2024-11-25,Chhatrapati Sambhajinagar,4.4,31.3,False,none,0.0,False,none
2024-11-25,Thane,2.2,29.4,False,none,0.0,False,none
2024-11-25,Amravati,11.0,23.7,False,none,0.0,False,none
2024-11-25,Jaipur,0.0,18.9,False,none,0.0,False,none
2024-11-25,Jodhpur,0.0,25.6,False,none,0.0,False,none
2024-11-25,Bikaner,0.0,29.3,False,none,0.0,False,none
2024-11-25,Udaipur,0.4,28.7,False,none,0.0,False,none
2024-11-25,Kota,0.3,26.4,False,none,0.0,False,none
2024-11-25,Barmer,0.0,28.1,False,none,0.0,False,none
2024-11-25,Khordha,0.5,30.4,False,none,0.0,False,none
2024-11-25,Cuttack,1.7,30.9,False,none,0.0,False,none
2024-11-25,Puri,5.1,24.0,False,none,0.0,False,none
2024-11-25,Balasore,10.6,29.6,False,none,0.0,False,none
2024-11-25,Mayurbhanj,2.6,29.7,False,none,0.0,False,none
2024-11-25,Ganjam,10.0,28.9,True,malaria,0.84,False,none
2024-11-25,Kamrup,4.0,24.7,False,none,0.0,False,none
2024-11-25,Dibrugarh,4.9,26.1,False,none,0.0,False,none
2024-11-25,Cachar,8.6,23.3,False,none,0.0,False,none
2024-11-25,Jorhat,27.0,25.3,False,none,0.0,False,none
2024-11-25,Nagaon,5.1,25.2,False,none,0.0,False,none
2024-11-25,Sonitpur,0.6,23.6,False,none,0.0,False,none
2024-11-26,Vellore,121.3,28.3,False,none,0.0,False,none
2024-11-26,Krishnagiri,41.8,25.6,False,none,0.0,False,none
2024-11-26,Tiruvannamalai,9.0,31.0,False,none,0.0,False,none
2024-11-26,Salem,35.5,31.1,False,none,0.0,False,none
2024-11-26,Madurai,31.7,34.1,False,none,0.0,False,none
2024-11-26,Coimbatore,35.6,32.0,True,dengue,0.65,False,none
2024-11-26,Pune,1.2,29.1,False,none,0.0,False,none
2024-11-26,Nagpur,0.7,24.5,False,none,0.0,False,none
2024-11-26,Nashik,13.6,32.9,False,none,0.0,False,none
2024-11-26,Chhatrapati Sambhajinagar,3.9,32.3,False,none,0.0,False,none
2024-11-26,Thane,0.3,29.2,False,none,0.0,False,none
2024-11-26,Amravati,0.2,24.1,False,none,0.0,False,none
2024-11-26,Jaipur,0.0,30.1,False,none,0.0,False,none
2024-11-26,Jodhpur,0.2,28.2,False,none,0.0,False,none
2024-11-26,Bikaner,0.1,32.5,False,none,0.0,False,none
2024-11-26,Udaipur,0.0,24.1,False,none,0.0,False,none
2024-11-26,Kota,0.0,25.7,False,none,0.0,False,none
2024-11-26,Barmer,0.0,26.9,False,none,0.0,False,none
2024-11-26,Khordha,7.0,30.6,False,none,0.0,False,none
2024-11-26,Cuttack,6.3,28.4,False,none,0.0,False,none
2024-11-26,Puri,1.7,28.4,False,none,0.0,False,none
2024-11-26,Balasore,4.3,25.0,False,none,0.0,False,none
2024-11-26,Mayurbhanj,7.2,29.3,False,none,0.0,False,none
2024-11-26,Ganjam,7.5,29.7,True,malaria,0.84,False,none
2024-11-26,Kamrup,18.2,27.1,False,none,0.0,False,none
2024-11-26,Dibrugarh,4.6,24.2,False,none,0.0,False,none
2024-11-26,Cachar,5.0,26.2,False,none,0.0,False,none
2024-11-26,Jorhat,2.9,29.0,False,none,0.0,False,none
2024-11-26,Nagaon,2.7,27.2,False,none,0.0,False,none
2024-11-26,Sonitpur,13.6,22.8,False,none,0.0,False,none
2024-11-27,Vellore,16.3,29.9,False,none,0.0,False,none
2024-11-27,Krishnagiri,54.9,24.2,False,none,0.0,False,none
2024-11-27,Tiruvannamalai,43.6,29.0,False,none,0.0,False,none
2024-11-27,Salem,72.4,32.2,False,none,0.0,False,none
2024-11-27,Madurai,19.2,31.4,False,none,0.0,False,none
2024-11-27,Coimbatore,51.8,30.7,True,dengue,0.65,False,none
2024-11-27,Pune,2.9,31.9,False,none,0.0,False,none
2024-11-27,Nagpur,1.7,29.6,False,none,0.0,False,none
2024-11-27,Nashik,2.0,26.0,False,none,0.0,False,none
2024-11-27,Chhatrapati Sambhajinagar,0.0,26.5,False,none,0.0,False,none
2024-11-27,Thane,0.9,27.6,False,none,0.0,False,none
2024-11-27,Amravati,0.0,26.6,False,none,0.0,False,none
2024-11-27,Jaipur,0.2,23.2,False,none,0.0,False,none
2024-11-27,Jodhpur,0.1,26.5,False,none,0.0,False,none
2024-11-27,Bikaner,0.0,27.7,False,none,0.0,False,none
2024-11-27,Udaipur,0.0,25.0,False,none,0.0,False,none
2024-11-27,Kota,0.0,26.3,False,none,0.0,False,none
2024-11-27,Barmer,0.1,24.5,False,none,0.0,False,none
2024-11-27,Khordha,8.9,31.1,False,none,0.0,False,none
2024-11-27,Cuttack,5.3,26.1,False,none,0.0,False,none
2024-11-27,Puri,2.8,29.0,False,none,0.0,False,none
2024-11-27,Balasore,2.8,30.2,False,none,0.0,False,none
2024-11-27,Mayurbhanj,1.0,28.1,False,none,0.0,False,none
2024-11-27,Ganjam,21.3,28.8,True,malaria,0.84,False,none
2024-11-27,Kamrup,3.8,25.6,False,none,0.0,False,none
2024-11-27,Dibrugarh,9.7,24.9,False,none,0.0,False,none
2024-11-27,Cachar,4.7,24.8,False,none,0.0,False,none
2024-11-27,Jorhat,21.8,27.1,False,none,0.0,False,none
2024-11-27,Nagaon,1.4,27.2,False,none,0.0,False,none
2024-11-27,Sonitpur,3.7,25.7,False,none,0.0,False,none
2024-11-28,Vellore,38.4,32.9,False,none,0.0,False,none
2024-11-28,Krishnagiri,56.8,28.5,False,none,0.0,False,none
2024-11-28,Tiruvannamalai,51.2,29.6,False,none,0.0,False,none
2024-11-28,Salem,43.0,32.1,False,none,0.0,False,none
2024-11-28,Madurai,46.9,26.5,False,none,0.0,False,none
2024-11-28,Coimbatore,29.3,28.6,True,dengue,0.65,False,none
2024-11-28,Pune,0.3,31.3,False,none,0.0,False,none
2024-11-28,Nagpur,2.7,31.0,False,none,0.0,False,none
2024-11-28,Nashik,2.5,26.5,False,none,0.0,False,none
2024-11-28,Chhatrapati Sambhajinagar,2.1,33.2,False,none,0.0,False,none
2024-11-28,Thane,0.2,22.0,False,none,0.0,False,none
2024-11-28,Amravati,0.4,27.7,False,none,0.0,False,none
2024-11-28,Jaipur,1.1,29.6,False,none,0.0,False,none
2024-11-28,Jodhpur,0.0,26.5,False,none,0.0,False,none
2024-11-28,Bikaner,0.0,26.8,False,none,0.0,False,none
2024-11-28,Udaipur,0.4,27.7,False,none,0.0,False,none
2024-11-28,Kota,0.0,26.7,False,none,0.0,False,none
2024-11-28,Barmer,0.0,20.6,False,none,0.0,False,none
2024-11-28,Khordha,8.3,29.2,False,none,0.0,False,none
2024-11-28,Cuttack,3.7,24.1,False,none,0.0,False,none
2024-11-28,Puri,11.5,28.6,False,none,0.0,False,none
2024-11-28,Balasore,4.5,29.7,False,none,0.0,False,none
2024-11-28,Mayurbhanj,15.7,31.6,False,none,0.0,False,none
2024-11-28,Ganjam,3.3,29.7,True,malaria,0.84,False,none
2024-11-28,Kamrup,8.6,23.0,False,none,0.0,False,none
2024-11-28,Dibrugarh,16.8,26.3,False,none,0.0,False,none
2024-11-28,Cachar,4.0,22.5,False,none,0.0,False,none
2024-11-28,Jorhat,4.5,24.1,False,none,0.0,False,none
2024-11-28,Nagaon,5.8,28.0,False,none,0.0,False,none
2024-11-28,Sonitpur,22.1,26.2,False,none,0.0,False,none
2024-11-29,Vellore,67.1,29.7,False,none,0.0,False,none
2024-11-29,Krishnagiri,49.5,31.7,False,none,0.0,False,none
2024-11-29,Tiruvannamalai,65.3,32.2,False,none,0.0,False,none
2024-11-29,Salem,76.6,33.5,False,none,0.0,False,none
2024-11-29,Madurai,36.5,30.9,False,none,0.0,False,none
2024-11-29,Coimbatore,108.7,28.4,True,dengue,0.65,False,none
2024-11-29,Pune,0.8,30.4,False,none,0.0,False,none
2024-11-29,Nagpur,0.1,30.9,False,none,0.0,False,none
2024-11-29,Nashik,0.7,29.5,False,none,0.0,False,none
2024-11-29,Chhatrapati Sambhajinagar,0.2,35.5,False,none,0.0,False,none
2024-11-29,Thane,0.8,25.0,False,none,0.0,False,none
2024-11-29,Amravati,2.2,28.1,False,none,0.0,False,none
2024-11-29,Jaipur,0.0,23.5,False,none,0.0,False,none
2024-11-29,Jodhpur,0.0,26.3,False,none,0.0,False,none
2024-11-29,Bikaner,0.1,28.6,False,none,0.0,False,none
2024-11-29,Udaipur,0.0,25.5,False,none,0.0,False,none
2024-11-29,Kota,0.0,33.6,False,none,0.0,False,none
2024-11-29,Barmer,0.0,27.8,False,none,0.0,False,none
2024-11-29,Khordha,1.0,28.0,False,none,0.0,False,none
2024-11-29,Cuttack,1.3,28.5,False,none,0.0,False,none
2024-11-29,Puri,6.5,26.5,False,none,0.0,False,none
2024-11-29,Balasore,2.2,26.7,False,none,0.0,False,none
2024-11-29,Mayurbhanj,2.8,28.7,False,none,0.0,False,none
2024-11-29,Ganjam,2.4,31.0,True,malaria,0.84,False,none
2024-11-29,Kamrup,1.2,25.0,False,none,0.0,False,none
2024-11-29,Dibrugarh,2.5,27.9,False,none,0.0,False,none
2024-11-29,Cachar,4.6,22.7,False,none,0.0,False,none
2024-11-29,Jorhat,11.3,26.6,False,none,0.0,False,none
2024-11-29,Nagaon,11.4,26.3,False,none,0.0,False,none
2024-11-29,Sonitpur,20.4,24.4,False,none,0.0,False,none
2024-11-30,Vellore,38.6,30.2,False,none,0.0,True,measles_drive
2024-11-30,Krishnagiri,91.3,30.6,False,none,0.0,True,tetanus_drive
2024-11-30,Tiruvannamalai,45.9,28.2,False,none,0.0,True,measles_drive
2024-11-30,Salem,96.3,30.2,False,none,0.0,True,general_immunization
2024-11-30,Madurai,19.8,31.1,False,none,0.0,True,tetanus_drive
2024-11-30,Coimbatore,39.9,27.2,True,dengue,0.65,True,tetanus_drive
2024-11-30,Pune,3.5,28.0,False,none,0.0,True,measles_drive
2024-11-30,Nagpur,1.2,28.9,False,none,0.0,True,general_immunization
2024-11-30,Nashik,1.0,29.2,False,none,0.0,True,general_immunization
2024-11-30,Chhatrapati Sambhajinagar,0.2,26.8,False,none,0.0,True,tetanus_drive
2024-11-30,Thane,0.2,27.9,False,none,0.0,True,measles_drive
2024-11-30,Amravati,1.1,31.4,False,none,0.0,True,measles_drive
2024-11-30,Jaipur,0.0,30.1,False,none,0.0,True,measles_drive
2024-11-30,Jodhpur,0.0,25.8,False,none,0.0,True,measles_drive
2024-11-30,Bikaner,0.0,24.3,False,none,0.0,True,tetanus_drive
2024-11-30,Udaipur,0.0,28.6,False,none,0.0,True,measles_drive
2024-11-30,Kota,0.0,29.7,False,none,0.0,True,tetanus_drive
2024-11-30,Barmer,0.0,21.8,False,none,0.0,True,measles_drive
2024-11-30,Khordha,7.3,23.9,False,none,0.0,True,measles_drive
2024-11-30,Cuttack,5.5,28.7,False,none,0.0,True,general_immunization
2024-11-30,Puri,2.7,28.6,False,none,0.0,True,general_immunization
2024-11-30,Balasore,6.0,28.5,False,none,0.0,True,measles_drive
2024-11-30,Mayurbhanj,7.4,30.7,False,none,0.0,True,general_immunization
2024-11-30,Ganjam,0.3,28.0,True,malaria,0.84,True,general_immunization
2024-11-30,Kamrup,1.9,26.2,False,none,0.0,True,tetanus_drive
2024-11-30,Dibrugarh,4.7,21.3,False,none,0.0,True,general_immunization
2024-11-30,Cachar,2.5,24.9,False,none,0.0,True,measles_drive
2024-11-30,Jorhat,7.7,24.6,False,none,0.0,True,tetanus_drive
2024-11-30,Nagaon,8.5,27.5,False,none,0.0,True,tetanus_drive
2024-11-30,Sonitpur,5.4,23.3,False,none,0.0,True,tetanus_drive
2024-12-01,Vellore,61.2,27.8,False,none,0.0,True,general_immunization
2024-12-01,Krishnagiri,40.1,31.4,False,none,0.0,True,tetanus_drive
2024-12-01,Tiruvannamalai,58.2,28.3,False,none,0.0,True,general_immunization
2024-12-01,Salem,22.4,31.3,False,none,0.0,True,tetanus_drive
2024-12-01,Madurai,9.7,33.4,False,none,0.0,True,tetanus_drive
2024-12-01,Coimbatore,6.7,32.7,True,dengue,0.65,True,general_immunization
2024-12-01,Pune,9.4,31.8,False,none,0.0,True,tetanus_drive
2024-12-01,Nagpur,7.1,24.2,False,none,0.0,True,measles_drive
2024-12-01,Nashik,4.6,30.0,False,none,0.0,True,tetanus_drive
2024-12-01,Chhatrapati Sambhajinagar,2.5,30.8,False,none,0.0,True,measles_drive
2024-12-01,Thane,1.4,27.1,False,none,0.0,True,measles_drive
2024-12-01,Amravati,0.8,24.7,False,none,0.0,True,measles_drive
2024-12-01,Jaipur,0.0,29.5,False,none,0.0,True,general_immunization
2024-12-01,Jodhpur,0.0,29.7,False,none,0.0,True,measles_drive
2024-12-01,Bikaner,0.0,23.3,False,none,0.0,True,tetanus_drive
2024-12-01,Udaipur,0.1,26.2,False,none,0.0,True,general_immunization
2024-12-01,Kota,0.7,29.1,False,none,0.0,True,tetanus_drive
2024-12-01,Barmer,0.0,26.0,False,none,0.0,True,measles_drive
2024-12-01,Khordha,6.5,30.8,False,none,0.0,True,general_immunization
2024-12-01,Cuttack,6.7,26.2,False,none,0.0,True,tetanus_drive
2024-12-01,Puri,7.3,30.0,False,none,0.0,True,measles_drive
2024-12-01,Balasore,2.4,26.7,False,none,0.0,True,tetanus_drive
2024-12-01,Mayurbhanj,5.1,27.7,False,none,0.0,True,measles_drive
2024-12-01,Ganjam,0.2,25.1,True,malaria,0.84,True,tetanus_drive
2024-12-01,Kamrup,8.6,29.2,False,none,0.0,True,measles_drive
2024-12-01,Dibrugarh,4.4,26.0,False,none,0.0,True,tetanus_drive
2024-12-01,Cachar,19.9,24.1,False,none,0.0,True,tetanus_drive
2024-12-01,Jorhat,4.0,23.9,False,none,0.0,True,tetanus_drive
2024-12-01,Nagaon,3.0,23.4,False,none,0.0,True,measles_drive
2024-12-01,Sonitpur,18.0,28.1,False,none,0.0,True,general_immunization
2024-12-02,Vellore,57.6,31.2,False,none,0.0,True,measles_drive
2024-12-02,Krishnagiri,19.3,29.9,False,none,0.0,True,general_immunization
2024-12-02,Tiruvannamalai,15.9,29.5,False,none,0.0,True,tetanus_drive
2024-12-02,Salem,33.7,28.7,False,none,0.0,True,measles_drive
2024-12-02,Madurai,58.1,29.3,False,none,0.0,True,tetanus_drive
2024-12-02,Coimbatore,31.9,27.3,True,dengue,0.65,True,general_immunization
2024-12-02,Pune,3.3,30.3,False,none,0.0,True,measles_drive
2024-12-02,Nagpur,1.0,27.7,False,none,0.0,True,tetanus_drive
2024-12-02,Nashik,0.4,27.5,False,none,0.0,True,measles_drive
2024-12-02,Chhatrapati Sambhajinagar,0.0,28.9,False,none,0.0,True,measles_drive
2024-12-02,Thane,2.2,30.4,False,none,0.0,True,general_immunization
2024-12-02,Amravati,0.1,27.8,False,none,0.0,True,general_immunization
2024-12-02,Jaipur,0.0,30.0,False,none,0.0,True,measles_drive
2024-12-02,Jodhpur,0.0,29.8,False,none,0.0,True,general_immunization
2024-12-02,Bikaner,0.2,27.3,False,none,0.0,True,measles_drive
2024-12-02,Udaipur,0.5,34.0,False,none,0.0,True,tetanus_drive
2024-12-02,Kota,0.2,23.5,False,none,0.0,True,measles_drive
2024-12-02,Barmer,0.1,26.6,False,none,0.0,True,measles_drive
2024-12-02,Khordha,1.5,30.4,False,none,0.0,True,general_immunization
2024-12-02,Cuttack,1.9,28.6,False,none,0.0,True,general_immunization
2024-12-02,Puri,1.5,25.9,False,none,0.0,True,general_immunization
2024-12-02,Balasore,1.6,28.4,False,none,0.0,True,tetanus_drive
2024-12-02,Mayurbhanj,0.8,31.3,False,none,0.0,True,general_immunization
2024-12-02,Ganjam,14.2,30.7,True,malaria,0.84,True,measles_drive
2024-12-02,Kamrup,4.7,25.5,False,none,0.0,True,measles_drive
2024-12-02,Dibrugarh,11.4,25.6,False,none,0.0,True,general_immunization
2024-12-02,Cachar,2.1,23.8,False,none,0.0,True,measles_drive
2024-12-02,Jorhat,11.9,25.5,False,none,0.0,True,tetanus_drive
2024-12-02,Nagaon,19.3,28.3,False,none,0.0,True,general_immunization
2024-12-02,Sonitpur,1.4,25.4,False,none,0.0,True,general_immunization
2024-12-03,Vellore,32.7,31.3,False,none,0.0,True,tetanus_drive
2024-12-03,Krishnagiri,15.2,27.2,False,none,0.0,True,tetanus_drive
2024-12-03,Tiruvannamalai,127.0,30.6,False,none,0.0,True,tetanus_drive
2024-12-03,Salem,37.5,33.5,False,none,0.0,True,tetanus_drive
2024-12-03,Madurai,40.3,25.9,False,none,0.0,True,measles_drive
2024-12-03,Coimbatore,29.3,31.2,True,dengue,0.65,True,general_immunization
2024-12-03,Pune,2.6,31.5,False,none,0.0,True,measles_drive
2024-12-03,Nagpur,0.7,29.6,False,none,0.0,True,general_immunization
2024-12-03,Nashik,0.3,30.5,False,none,0.0,True,general_immunization
2024-12-03,Chhatrapati Sambhajinagar,1.4,21.7,False,none,0.0,True,tetanus_drive
2024-12-03,Thane,14.5,28.3,False,none,0.0,True,tetanus_drive
2024-12-03,Amravati,0.5,29.2,False,none,0.0,True,tetanus_drive
2024-12-03,Jaipur,0.0,30.3,False,none,0.0,True,measles_drive
2024-12-03,Jodhpur,0.0,29.0,False,none,0.0,True,general_immunization
2024-12-03,Bikaner,0.0,28.0,False,none,0.0,True,measles_drive
2024-12-03,Udaipur,0.0,25.2,False,none,0.0,True,general_immunization
2024-12-03,Kota,0.2,17.6,False,none,0.0,True,measles_drive
2024-12-03,Barmer,0.1,31.1,False,none,0.0,True,measles_drive
2024-12-03,Khordha,8.7,28.0,False,none,0.0,True,measles_drive
2024-12-03,Cuttack,5.4,28.6,False,none,0.0,True,measles_drive
2024-12-03,Puri,1.9,29.7,False,none,0.0,True,measles_drive
2024-12-03,Balasore,15.5,31.8,False,none,0.0,True,tetanus_drive
2024-12-03,Mayurbhanj,1.4,30.2,False,none,0.0,True,tetanus_drive
2024-12-03,Ganjam,12.9,29.0,True,malaria,0.84,True,general_immunization
2024-12-03,Kamrup,0.9,23.6,False,none,0.0,True,measles_drive
2024-12-03,Dibrugarh,26.0,25.3,False,none,0.0,True,tetanus_drive
2024-12-03,Cachar,12.9,25.6,False,none,0.0,True,general_immunization
2024-12-03,Jorhat,2.3,27.7,False,none,0.0,True,general_immunization
2024-12-03,Nagaon,9.1,24.2,False,none,0.0,True,measles_drive
2024-12-03,Sonitpur,6.6,26.5,False,none,0.0,True,measles_drive
2024-12-04,Vellore,23.7,28.3,False,none,0.0,True,general_immunization
2024-12-04,Krishnagiri,44.1,32.1,False,none,0.0,True,measles_drive
2024-12-04,Tiruvannamalai,7.5,28.1,False,none,0.0,True,measles_drive
2024-12-04,Salem,56.6,27.8,False,none,0.0,True,measles_drive
2024-12-04,Madurai,47.8,32.8,False,none,0.0,True,measles_drive
2024-12-04,Coimbatore,75.7,29.6,True,dengue,0.65,True,tetanus_drive
2024-12-04,Pune,0.9,29.2,False,none,0.0,True,tetanus_drive
2024-12-04,Nagpur,0.8,27.3,False,none,0.0,True,measles_drive
2024-12-04,Nashik,0.3,31.1,False,none,0.0,True,measles_drive
2024-12-04,Chhatrapati Sambhajinagar,1.2,27.8,False,none,0.0,True,tetanus_drive
2024-12-04,Thane,1.9,32.1,False,none,0.0,True,tetanus_drive
2024-12-04,Amravati,0.1,28.6,False,none,0.0,True,general_immunization
2024-12-04,Jaipur,0.4,28.4,False,none,0.0,True,measles_drive
2024-12-04,Jodhpur,0.1,30.7,False,none,0.0,True,tetanus_drive
2024-12-04,Bikaner,0.0,25.1,False,none,0.0,True,measles_drive
2024-12-04,Udaipur,0.0,25.8,False,none,0.0,True,measles_drive
2024-12-04,Kota,0.0,30.3,False,none,0.0,True,measles_drive
2024-12-04,Barmer,0.0,31.9,False,none,0.0,True,tetanus_drive
2024-12-04,Khordha,7.4,29.7,False,none,0.0,True,general_immunization
2024-12-04,Cuttack,1.1,31.9,False,none,0.0,True,measles_drive
2024-12-04,Puri,2.0,27.5,False,none,0.0,True,tetanus_drive
2024-12-04,Balasore,4.1,31.4,False,none,0.0,True,tetanus_drive
2024-12-04,Mayurbhanj,4.9,32.7,False,none,0.0,True,general_immunization
2024-12-04,Ganjam,2.9,26.3,True,malaria,0.84,True,general_immunization
2024-12-04,Kamrup,3.5,25.6,False,none,0.0,True,tetanus_drive
2024-12-04,Dibrugarh,8.6,24.2,False,none,0.0,True,general_immunization
2024-12-04,Cachar,4.3,25.6,False,none,0.0,True,tetanus_drive
2024-12-04,Jorhat,1.3,24.7,False,none,0.0,True,general_immunization
2024-12-04,Nagaon,3.5,25.0,False,none,0.0,True,general_immunization
2024-12-04,Sonitpur,4.5,26.9,False,none,0.0,True,tetanus_drive
2024-12-05,Vellore,84.2,27.9,False,none,0.0,False,none
2024-12-05,Krishnagiri,32.1,28.5,False,none,0.0,False,none
2024-12-05,Tiruvannamalai,195.4,29.6,False,none,0.0,False,none
2024-12-05,Salem,79.5,33.4,False,none,0.0,False,none
2024-12-05,Madurai,37.4,27.5,False,none,0.0,False,none
2024-12-05,Coimbatore,65.1,30.0,True,dengue,0.65,False,none
2024-12-05,Pune,0.0,30.0,False,none,0.0,False,none
2024-12-05,Nagpur,1.1,30.2,False,none,0.0,False,none
2024-12-05,Nashik,0.9,28.3,False,none,0.0,False,none
2024-12-05,Chhatrapati Sambhajinagar,0.6,33.9,False,none,0.0,False,none
2024-12-05,Thane,1.0,26.4,False,none,0.0,False,none
2024-12-05,Amravati,1.8,28.3,False,none,0.0,False,none
2024-12-05,Jaipur,0.0,26.9,False,none,0.0,False,none
2024-12-05,Jodhpur,0.0,32.5,False,none,0.0,False,none
2024-12-05,Bikaner,0.0,33.0,False,none,0.0,False,none
2024-12-05,Udaipur,0.0,27.0,False,none,0.0,False,none
2024-12-05,Kota,0.2,26.8,False,none,0.0,False,none
2024-12-05,Barmer,0.0,25.4,False,none,0.0,False,none
2024-12-05,Khordha,4.7,28.9,False,none,0.0,False,none
2024-12-05,Cuttack,6.3,32.9,False,none,0.0,False,none
2024-12-05,Puri,4.8,30.5,False,none,0.0,False,none
2024-12-05,Balasore,2.9,31.1,False,none,0.0,False,none
2024-12-05,Mayurbhanj,9.1,28.2,False,none,0.0,False,none
2024-12-05,Ganjam,5.1,26.8,True,malaria,0.84,False,none
2024-12-05,Kamrup,1.5,24.9,False,none,0.0,False,none
2024-12-05,Dibrugarh,6.9,22.6,False,none,0.0,False,none
2024-12-05,Cachar,0.7,25.5,False,none,0.0,False,none
2024-12-05,Jorhat,2.0,28.2,False,none,0.0,False,none
2024-12-05,Nagaon,16.6,27.3,False,none,0.0,False,none
2024-12-05,Sonitpur,5.1,25.7,False,none,0.0,False,none
2024-12-06,Vellore,81.8,33.3,False,none,0.0,False,none
2024-12-06,Krishnagiri,33.6,27.3,False,none,0.0,False,none
2024-12-06,Tiruvannamalai,35.3,29.9,False,none,0.0,False,none
2024-12-06,Salem,79.7,30.2,False,none,0.0,False,none
2024-12-06,Madurai,22.4,27.9,False,none,0.0,False,none
2024-12-06,Coimbatore,28.0,33.1,True,dengue,0.65,False,none
2024-12-06,Pune,0.1,27.6,False,none,0.0,False,none
2024-12-06,Nagpur,2.1,32.9,False,none,0.0,False,none
2024-12-06,Nashik,0.2,30.8,False,none,0.0,False,none
2024-12-06,Chhatrapati Sambhajinagar,0.6,31.1,False,none,0.0,False,none
2024-12-06,Thane,0.0,25.7,False,none,0.0,False,none
2024-12-06,Amravati,0.1,27.9,False,none,0.0,False,none
2024-12-06,Jaipur,0.1,31.2,False,none,0.0,False,none
2024-12-06,Jodhpur,0.0,23.3,False,none,0.0,False,none
2024-12-06,Bikaner,0.0,27.3,False,none,0.0,False,none
2024-12-06,Udaipur,1.0,29.4,False,none,0.0,False,none
2024-12-06,Kota,0.0,28.8,False,none,0.0,False,none
2024-12-06,Barmer,1.0,32.6,False,none,0.0,False,none
2024-12-06,Khordha,0.9,31.9,False,none,0.0,False,none
2024-12-06,Cuttack,14.4,37.4,False,none,0.0,False,none
2024-12-06,Puri,2.2,25.8,False,none,0.0,False,none
2024-12-06,Balasore,1.2,27.9,False,none,0.0,False,none
2024-12-06,Mayurbhanj,4.2,29.0,False,none,0.0,False,none
2024-12-06,Ganjam,4.4,30.7,True,malaria,0.84,False,none
2024-12-06,Kamrup,5.2,27.4,False,none,0.0,False,none
2024-12-06,Dibrugarh,4.1,23.0,False,none,0.0,False,none
2024-12-06,Cachar,4.8,23.0,False,none,0.0,False,none
2024-12-06,Jorhat,1.6,25.5,False,none,0.0,False,none
2024-12-06,Nagaon,14.8,26.6,False,none,0.0,False,none
2024-12-06,Sonitpur,3.6,23.9,False,none,0.0,False,none
2024-12-07,Vellore,46.8,31.7,False,none,0.0,False,none
2024-12-07,Krishnagiri,63.3,29.0,False,none,0.0,False,none
2024-12-07,Tiruvannamalai,48.1,26.0,False,none,0.0,False,none
2024-12-07,Salem,54.6,27.8,False,none,0.0,False,none
2024-12-07,Madurai,45.8,25.8,False,none,0.0,False,none
2024-12-07,Coimbatore,73.6,27.7,True,dengue,0.65,False,none
2024-12-07,Pune,0.0,24.7,False,none,0.0,False,none
2024-12-07,Nagpur,1.5,30.6,False,none,0.0,False,none
2024-12-07,Nashik,0.6,22.2,False,none,0.0,False,none
2024-12-07,Chhatrapati Sambhajinagar,0.9,29.1,False,none,0.0,False,none
2024-12-07,Thane,3.3,24.9,False,none,0.0,False,none
2024-12-07,Amravati,0.0,30.5,False,none,0.0,False,none
2024-12-07,Jaipur,0.0,27.5,False,none,0.0,False,none
2024-12-07,Jodhpur,0.0,22.8,False,none,0.0,False,none
2024-12-07,Bikaner,0.1,31.8,False,none,0.0,False,none
2024-12-07,Udaipur,0.1,30.1,False,none,0.0,False,none
2024-12-07,Kota,0.1,30.7,False,none,0.0,False,none
2024-12-07,Barmer,0.0,27.1,False,none,0.0,False,none
2024-12-07,Khordha,7.5,28.2,False,none,0.0,False,none
2024-12-07,Cuttack,1.8,26.8,False,none,0.0,False,none
2024-12-07,Puri,0.9,28.2,False,none,0.0,False,none
2024-12-07,Balasore,1.9,34.2,False,none,0.0,False,none
2024-12-07,Mayurbhanj,0.2,30.4,False,none,0.0,False,none
2024-12-07,Ganjam,6.4,27.4,False,none,0.0,False,none
2024-12-07,Kamrup,4.9,26.4,False,none,0.0,False,none
2024-12-07,Dibrugarh,7.4,22.8,False,none,0.0,False,none
2024-12-07,Cachar,4.9,24.2,False,none,0.0,False,none
2024-12-07,Jorhat,6.0,28.0,False,none,0.0,False,none
2024-12-07,Nagaon,6.8,26.1,False,none,0.0,False,none
2024-12-07,Sonitpur,16.0,27.9,False,none,0.0,False,none
2024-12-08,Vellore,71.3,25.7,False,none,0.0,False,none
2024-12-08,Krishnagiri,47.8,31.2,False,none,0.0,False,none
2024-12-08,Tiruvannamalai,6.6,33.8,False,none,0.0,False,none
2024-12-08,Salem,29.1,29.9,False,none,0.0,False,none
2024-12-08,Madurai,46.2,26.8,False,none,0.0,False,none
2024-12-08,Coimbatore,61.9,33.3,True,dengue,0.65,False,none
2024-12-08,Pune,0.2,24.4,False,none,0.0,False,none
2024-12-08,Nagpur,10.9,28.5,False,none,0.0,False,none
2024-12-08,Nashik,1.0,25.0,False,none,0.0,False,none
2024-12-08,Chhatrapati Sambhajinagar,2.2,27.0,False,none,0.0,False,none
2024-12-08,Thane,1.2,25.6,False,none,0.0,False,none
2024-12-08,Amravati,0.9,29.1,False,none,0.0,False,none
2024-12-08,Jaipur,0.0,28.6,False,none,0.0,False,none
2024-12-08,Jodhpur,0.1,31.0,False,none,0.0,False,none
2024-12-08,Bikaner,0.0,28.5,False,none,0.0,False,none
2024-12-08,Udaipur,0.0,30.0,False,none,0.0,False,none
2024-12-08,Kota,0.0,25.8,False,none,0.0,False,none
2024-12-08,Barmer,0.0,29.4,False,none,0.0,False,none
2024-12-08,Khordha,10.4,29.6,False,none,0.0,False,none
2024-12-08,Cuttack,3.5,27.7,False,none,0.0,False,none
2024-12-08,Puri,0.4,29.3,False,none,0.0,False,none
2024-12-08,Balasore,7.3,25.2,False,none,0.0,False,none
2024-12-08,Mayurbhanj,14.3,32.0,False,none,0.0,False,none
2024-12-08,Ganjam,6.4,32.0,False,none,0.0,False,none
2024-12-08,Kamrup,8.1,26.7,False,none,0.0,False,none
2024-12-08,Dibrugarh,5.8,23.1,False,none,0.0,False,none
2024-12-08,Cachar,12.5,24.6,False,none,0.0,False,none
2024-12-08,Jorhat,12.0,23.7,False,none,0.0,False,none
2024-12-08,Nagaon,2.2,24.5,False,none,0.0,False,none
2024-12-08,Sonitpur,15.0,26.2,False,none,0.0,False,none
2024-12-09,Vellore,24.0,27.1,False,none,0.0,False,none
2024-12-09,Krishnagiri,38.8,30.4,False,none,0.0,False,none
2024-12-09,Tiruvannamalai,30.7,29.8,False,none,0.0,False,none
2024-12-09,Salem,21.6,30.2,False,none,0.0,False,none
2024-12-09,Madurai,66.4,30.5,False,none,0.0,False,none
2024-12-09,Coimbatore,39.3,31.2,True,dengue,0.65,False,none
2024-12-09,Pune,1.3,29.7,False,none,0.0,False,none
2024-12-09,Nagpur,2.8,31.3,False,none,0.0,False,none
2024-12-09,Nashik,0.3,29.5,False,none,0.0,False,none
2024-12-09,Chhatrapati Sambhajinagar,1.8,24.8,False,none,0.0,False,none
2024-12-09,Thane,0.0,28.0,False,none,0.0,False,none
2024-12-09,Amravati,3.0,26.5,False,none,0.0,False,none
2024-12-09,Jaipur,0.2,25.1,False,none,0.0,False,none
2024-12-09,Jodhpur,0.0,26.2,False,none,0.0,False,none
2024-12-09,Bikaner,0.2,23.3,False,none,0.0,False,none
2024-12-09,Udaipur,0.3,22.1,False,none,0.0,False,none
2024-12-09,Kota,0.0,30.9,False,none,0.0,False,none
2024-12-09,Barmer,0.2,24.0,False,none,0.0,False,none
2024-12-09,Khordha,5.3,32.4,False,none,0.0,False,none
2024-12-09,Cuttack,6.2,32.7,False,none,0.0,False,none
2024-12-09,Puri,3.9,31.2,False,none,0.0,False,none
2024-12-09,Balasore,3.0,31.4,False,none,0.0,False,none
2024-12-09,Mayurbhanj,0.5,23.8,False,none,0.0,False,none
2024-12-09,Ganjam,2.2,29.7,False,none,0.0,False,none
2024-12-09,Kamrup,10.3,26.9,False,none,0.0,False,none
2024-12-09,Dibrugarh,17.3,23.9,False,none,0.0,False,none
2024-12-09,Cachar,20.7,26.6,False,none,0.0,False,none
2024-12-09,Jorhat,2.8,24.6,False,none,0.0,False,none
2024-12-09,Nagaon,0.2,25.7,False,none,0.0,False,none
2024-12-09,Sonitpur,5.9,24.2,False,none,0.0,False,none
2024-12-10,Vellore,3.5,32.7,False,none,0.0,False,none
2024-12-10,Krishnagiri,54.4,30.6,False,none,0.0,False,none
2024-12-10,Tiruvannamalai,1.0,28.9,False,none,0.0,False,none
2024-12-10,Salem,6.0,27.8,False,none,0.0,False,none
2024-12-10,Madurai,24.7,25.2,False,none,0.0,False,none
2024-12-10,Coimbatore,31.4,33.7,True,dengue,0.65,False,none
2024-12-10,Pune,2.0,35.9,False,none,0.0,False,none
2024-12-10,Nagpur,0.2,29.8,False,none,0.0,False,none
2024-12-10,Nashik,0.3,28.6,False,none,0.0,False,none
2024-12-10,Chhatrapati Sambhajinagar,0.3,30.7,False,none,0.0,False,none
2024-12-10,Thane,0.7,22.7,False,none,0.0,False,none
2024-12-10,Amravati,1.3,25.3,False,none,0.0,False,none
2024-12-10,Jaipur,0.0,25.8,False,none,0.0,False,none
2024-12-10,Jodhpur,0.0,26.3,False,none,0.0,False,none
2024-12-10,Bikaner,0.2,25.5,False,none,0.0,False,none
2024-12-10,Udaipur,0.6,29.4,False,none,0.0,False,none
2024-12-10,Kota,0.0,25.7,False,none,0.0,False,none
2024-12-10,Barmer,0.0,24.2,False,none,0.0,False,none
2024-12-10,Khordha,6.9,28.0,False,none,0.0,False,none
2024-12-10,Cuttack,4.9,26.9,False,none,0.0,False,none
2024-12-10,Puri,1.3,26.8,False,none,0.0,False,none
2024-12-10,Balasore,3.6,25.8,False,none,0.0,False,none
2024-12-10,Mayurbhanj,1.8,31.3,False,none,0.0,False,none
2024-12-10,Ganjam,5.3,28.3,False,none,0.0,False,none
2024-12-10,Kamrup,22.1,23.6,False,none,0.0,False,none
2024-12-10,Dibrugarh,24.5,23.5,False,none,0.0,False,none
2024-12-10,Cachar,6.8,25.8,False,none,0.0,False,none
2024-12-10,Jorhat,8.2,29.0,False,none,0.0,False,none
2024-12-10,Nagaon,14.6,27.8,False,none,0.0,False,none
2024-12-10,Sonitpur,10.7,26.1,False,none,0.0,False,none
2024-12-11,Vellore,8.2,27.2,False,none,0.0,False,none
2024-12-11,Krishnagiri,58.8,33.7,False,none,0.0,False,none
2024-12-11,Tiruvannamalai,41.6,32.0,False,none,0.0,False,none
2024-12-11,Salem,24.6,27.1,False,none,0.0,False,none
2024-12-11,Madurai,39.5,28.4,False,none,0.0,False,none
2024-12-11,Coimbatore,20.8,32.4,True,dengue,0.65,False,none
2024-12-11,Pune,5.1,24.8,False,none,0.0,False,none
2024-12-11,Nagpur,4.0,33.7,False,none,0.0,False,none
2024-12-11,Nashik,1.4,28.1,False,none,0.0,False,none
2024-12-11,Chhatrapati Sambhajinagar,5.3,31.3,False,none,0.0,False,none
2024-12-11,Thane,1.9,26.2,False,none,0.0,False,none
2024-12-11,Amravati,0.6,31.9,False,none,0.0,False,none
2024-12-11,Jaipur,0.0,29.3,False,none,0.0,False,none
2024-12-11,Jodhpur,0.0,26.0,False,none,0.0,False,none
2024-12-11,Bikaner,0.0,28.3,False,none,0.0,False,none
2024-12-11,Udaipur,0.5,26.9,False,none,0.0,False,none
2024-12-11,Kota,0.1,23.2,False,none,0.0,False,none
2024-12-11,Barmer,0.2,24.9,False,none,0.0,False,none
2024-12-11,Khordha,3.9,33.0,False,none,0.0,False,none
2024-12-11,Cuttack,7.0,30.2,False,none,0.0,False,none
2024-12-11,Puri,12.9,30.0,False,none,0.0,False,none
2024-12-11,Balasore,2.5,28.3,False,none,0.0,False,none
2024-12-11,Mayurbhanj,2.5,24.2,False,none,0.0,False,none
2024-12-11,Ganjam,14.0,27.8,False,none,0.0,False,none
2024-12-11,Kamrup,8.4,25.0,False,none,0.0,False,none
2024-12-11,Dibrugarh,11.6,24.3,False,none,0.0,False,none
2024-12-11,Cachar,6.6,25.4,False,none,0.0,False,none
2024-12-11,Jorhat,5.0,26.3,False,none,0.0,False,none
2024-12-11,Nagaon,1.5,26.7,False,none,0.0,False,none
2024-12-11,Sonitpur,9.6,21.9,False,none,0.0,False,none
2024-12-12,Vellore,44.8,28.5,False,none,0.0,False,none
2024-12-12,Krishnagiri,20.0,33.0,False,none,0.0,False,none
2024-12-12,Tiruvannamalai,76.9,27.8,False,none,0.0,False,none
2024-12-12,Salem,34.3,23.5,False,none,0.0,False,none
2024-12-12,Madurai,45.0,29.2,False,none,0.0,False,none
2024-12-12,Coimbatore,32.4,28.2,True,dengue,0.65,False,none
2024-12-12,Pune,4.2,26.3,False,none,0.0,False,none
2024-12-12,Nagpur,0.9,29.3,False,none,0.0,False,none
2024-12-12,Nashik,0.2,31.8,False,none,0.0,False,none
2024-12-12,Chhatrapati Sambhajinagar,0.9,29.1,False,none,0.0,False,none
2024-12-12,Thane,1.9,24.0,False,none,0.0,False,none
2024-12-12,Amravati,3.6,29.8,False,none,0.0,False,none
2024-12-12,Jaipur,0.0,26.9,False,none,0.0,False,none
2024-12-12,Jodhpur,0.0,25.7,False,none,0.0,False,none
2024-12-12,Bikaner,0.0,34.3,False,none,0.0,False,none
2024-12-12,Udaipur,0.5,30.8,False,none,0.0,False,none
2024-12-12,Kota,0.1,31.0,False,none,0.0,False,none
2024-12-12,Barmer,0.0,25.8,False,none,0.0,False,none
2024-12-12,Khordha,3.6,27.9,False,none,0.0,False,none
2024-12-12,Cuttack,6.7,21.5,False,none,0.0,False,none
2024-12-12,Puri,4.3,28.1,False,none,0.0,False,none
2024-12-12,Balasore,9.4,32.8,False,none,0.0,False,none
2024-12-12,Mayurbhanj,1.5,32.3,False,none,0.0,False,none
2024-12-12,Ganjam,9.1,32.9,False,none,0.0,False,none
2024-12-12,Kamrup,12.1,27.7,False,none,0.0,False,none
2024-12-12,Dibrugarh,0.4,22.9,False,none,0.0,False,none
2024-12-12,Cachar,6.4,23.9,False,none,0.0,False,none
2024-12-12,Jorhat,5.3,23.4,False,none,0.0,False,none
2024-12-12,Nagaon,2.2,25.1,False,none,0.0,False,none
2024-12-12,Sonitpur,6.9,22.6,False,none,0.0,False,none
2024-12-13,Vellore,1.7,29.3,False,none,0.0,False,none
2024-12-13,Krishnagiri,22.9,31.0,False,none,0.0,False,none
2024-12-13,Tiruvannamalai,61.2,32.9,False,none,0.0,False,none
2024-12-13,Salem,32.4,21.8,False,none,0.0,False,none
2024-12-13,Madurai,38.8,23.8,False,none,0.0,False,none
2024-12-13,Coimbatore,76.4,32.5,True,dengue,0.65,False,none
2024-12-13,Pune,0.7,22.1,False,none,0.0,False,none
2024-12-13,Nagpur,4.1,33.5,False,none,0.0,False,none
2024-12-13,Nashik,4.3,28.7,False,none,0.0,False,none
2024-12-13,Chhatrapati Sambhajinagar,0.1,29.3,False,none,0.0,False,none
2024-12-13,Thane,0.3,24.7,False,none,0.0,False,none
2024-12-13,Amravati,2.1,31.5,False,none,0.0,False,none
2024-12-13,Jaipur,0.7,23.5,False,none,0.0,False,none
2024-12-13,Jodhpur,0.0,22.3,False,none,0.0,False,none
2024-12-13,Bikaner,0.3,27.6,False,none,0.0,False,none
2024-12-13,Udaipur,0.0,32.9,False,none,0.0,False,none
2024-12-13,Kota,0.0,27.7,False,none,0.0,False,none
2024-12-13,Barmer,0.0,24.5,False,none,0.0,False,none
2024-12-13,Khordha,19.1,32.5,False,none,0.0,False,none
2024-12-13,Cuttack,1.1,29.6,False,none,0.0,False,none
2024-12-13,Puri,1.4,29.0,False,none,0.0,False,none
2024-12-13,Balasore,6.2,30.8,False,none,0.0,False,none
2024-12-13,Mayurbhanj,2.2,31.1,False,none,0.0,False,none
2024-12-13,Ganjam,3.4,27.1,False,none,0.0,False,none
2024-12-13,Kamrup,11.3,24.0,False,none,0.0,False,none
2024-12-13,Dibrugarh,6.1,25.1,False,none,0.0,False,none
2024-12-13,Cachar,4.3,26.7,False,none,0.0,False,none
2024-12-13,Jorhat,13.7,24.1,False,none,0.0,False,none
2024-12-13,Nagaon,14.4,24.4,False,none,0.0,False,none
2024-12-13,Sonitpur,9.9,25.2,False,none,0.0,False,none
2024-12-14,Vellore,120.2,29.0,False,none,0.0,False,none
2024-12-14,Krishnagiri,53.5,29.5,False,none,0.0,False,none
2024-12-14,Tiruvannamalai,26.3,31.9,False,none,0.0,False,none
2024-12-14,Salem,40.1,26.9,False,none,0.0,False,none
2024-12-14,Madurai,39.7,30.5,False,none,0.0,False,none
2024-12-14,Coimbatore,51.6,31.9,True,dengue,0.65,False,none
2024-12-14,Pune,0.0,24.6,False,none,0.0,False,none
2024-12-14,Nagpur,0.1,26.9,False,none,0.0,False,none
2024-12-14,Nashik,0.4,29.1,False,none,0.0,False,none
2024-12-14,Chhatrapati Sambhajinagar,0.3,28.8,False,none,0.0,False,none
2024-12-14,Thane,2.5,30.4,False,none,0.0,False,none
2024-12-14,Amravati,1.7,22.6,False,none,0.0,False,none
2024-12-14,Jaipur,0.0,24.6,False,none,0.0,False,none
2024-12-14,Jodhpur,0.0,25.3,False,none,0.0,False,none
2024-12-14,Bikaner,0.0,24.5,False,none,0.0,False,none
2024-12-14,Udaipur,0.1,28.7,False,none,0.0,False,none
2024-12-14,Kota,3.5,30.6,False,none,0.0,False,none
2024-12-14,Barmer,0.0,27.8,False,none,0.0,False,none
2024-12-14,Khordha,1.6,29.7,False,none,0.0,False,none
2024-12-14,Cuttack,1.1,31.2,False,none,0.0,False,none
2024-12-14,Puri,2.6,30.3,False,none,0.0,False,none
2024-12-14,Balasore,0.1,27.3,False,none,0.0,False,none
2024-12-14,Mayurbhanj,4.8,30.0,False,none,0.0,False,none
2024-12-14,Ganjam,4.7,27.6,False,none,0.0,False,none
2024-12-14,Kamrup,1.6,24.2,False,none,0.0,False,none
2024-12-14,Dibrugarh,4.4,26.9,False,none,0.0,False,none
2024-12-14,Cachar,19.3,26.6,False,none,0.0,False,none
2024-12-14,Jorhat,9.3,25.7,False,none,0.0,False,none
2024-12-14,Nagaon,12.2,23.9,False,none,0.0,False,none
2024-12-14,Sonitpur,11.4,26.8,False,none,0.0,False,none
2024-12-15,Vellore,66.7,31.5,False,none,0.0,False,none
2024-12-15,Krishnagiri,49.2,30.1,False,none,0.0,False,none
2024-12-15,Tiruvannamalai,87.8,24.0,False,none,0.0,False,none
2024-12-15,Salem,37.3,26.9,False,none,0.0,False,none
2024-12-15,Madurai,58.0,30.1,False,none,0.0,False,none
2024-12-15,Coimbatore,46.8,29.4,False,none,0.0,False,none
2024-12-15,Pune,1.0,31.3,False,none,0.0,False,none
2024-12-15,Nagpur,0.3,29.1,False,none,0.0,False,none
2024-12-15,Nashik,0.4,27.5,False,none,0.0,False,none
2024-12-15,Chhatrapati Sambhajinagar,1.9,29.1,False,none,0.0,False,none
2024-12-15,Thane,3.7,32.2,False,none,0.0,False,none
2024-12-15,Amravati,0.8,31.8,False,none,0.0,False,none
2024-12-15,Jaipur,0.0,26.6,False,none,0.0,False,none
2024-12-15,Jodhpur,0.7,24.9,False,none,0.0,False,none
2024-12-15,Bikaner,1.4,29.3,False,none,0.0,False,none
2024-12-15,Udaipur,0.0,25.3,False,none,0.0,False,none
2024-12-15,Kota,0.0,21.2,False,none,0.0,False,none
2024-12-15,Barmer,0.0,26.3,False,none,0.0,False,none
2024-12-15,Khordha,18.6,26.7,False,none,0.0,False,none
2024-12-15,Cuttack,7.1,26.3,False,none,0.0,False,none
2024-12-15,Puri,0.5,25.6,False,none,0.0,False,none
2024-12-15,Balasore,6.0,26.2,False,none,0.0,False,none
2024-12-15,Mayurbhanj,0.6,23.4,False,none,0.0,False,none
2024-12-15,Ganjam,6.3,29.5,False,none,0.0,False,none
2024-12-15,Kamrup,4.5,24.0,False,none,0.0,False,none
2024-12-15,Dibrugarh,18.0,26.2,False,none,0.0,False,none
2024-12-15,Cachar,15.9,26.8,False,none,0.0,False,none
2024-12-15,Jorhat,2.6,24.9,False,none,0.0,False,none
2024-12-15,Nagaon,5.1,23.5,False,none,0.0,False,none
2024-12-15,Sonitpur,3.1,26.3,False,none,0.0,False,none
2024-12-16,Vellore,93.3,28.7,False,none,0.0,False,none
2024-12-16,Krishnagiri,29.3,28.3,False,none,0.0,False,none
2024-12-16,Tiruvannamalai,114.0,32.1,False,none,0.0,False,none
2024-12-16,Salem,62.2,25.7,False,none,0.0,False,none
2024-12-16,Madurai,25.0,34.4,False,none,0.0,False,none
2024-12-16,Coimbatore,10.6,29.7,False,none,0.0,False,none
2024-12-16,Pune,1.9,25.1,False,none,0.0,False,none
2024-12-16,Nagpur,1.0,32.4,False,none,0.0,False,none
2024-12-16,Nashik,0.7,27.4,False,none,0.0,False,none
2024-12-16,Chhatrapati Sambhajinagar,1.0,24.4,False,none,0.0,False,none
2024-12-16,Thane,0.1,28.8,False,none,0.0,False,none
2024-12-16,Amravati,1.0,30.9,False,none,0.0,False,none
2024-12-16,Jaipur,0.0,30.0,False,none,0.0,False,none
2024-12-16,Jodhpur,0.1,28.9,False,none,0.0,False,none
2024-12-16,Bikaner,0.0,27.4,False,none,0.0,False,none
2024-12-16,Udaipur,0.0,29.8,False,none,0.0,False,none
2024-12-16,Kota,0.0,22.4,False,none,0.0,False,none
2024-12-16,Barmer,0.4,29.4,False,none,0.0,False,none
2024-12-16,Khordha,3.2,33.6,False,none,0.0,False,none
2024-12-16,Cuttack,3.4,24.8,False,none,0.0,False,none
2024-12-16,Puri,8.1,28.5,False,none,0.0,False,none
2024-12-16,Balasore,1.6,34.1,False,none,0.0,False,none
2024-12-16,Mayurbhanj,9.4,27.9,False,none,0.0,False,none
2024-12-16,Ganjam,4.3,26.0,False,none,0.0,False,none
2024-12-16,Kamrup,14.0,24.5,False,none,0.0,False,none
2024-12-16,Dibrugarh,12.2,25.2,False,none,0.0,False,none
2024-12-16,Cachar,4.8,24.1,False,none,0.0,False,none
2024-12-16,Jorhat,13.9,25.4,False,none,0.0,False,none
2024-12-16,Nagaon,1.2,27.7,False,none,0.0,False,none
2024-12-16,Sonitpur,20.3,25.4,False,none,0.0,False,none
2024-12-17,Vellore,10.5,31.6,False,none,0.0,False,none
2024-12-17,Krishnagiri,13.9,29.5,False,none,0.0,False,none
2024-12-17,Tiruvannamalai,12.9,27.9,False,none,0.0,False,none
2024-12-17,Salem,17.4,30.4,False,none,0.0,False,none
2024-12-17,Madurai,50.2,26.5,False,none,0.0,False,none
2024-12-17,Coimbatore,21.3,29.5,False,none,0.0,False,none
2024-12-17,Pune,3.4,32.3,False,none,0.0,False,none
2024-12-17,Nagpur,0.1,27.5,False,none,0.0,False,none
2024-12-17,Nashik,0.2,25.6,False,none,0.0,False,none
2024-12-17,Chhatrapati Sambhajinagar,0.0,30.3,False,none,0.0,False,none
2024-12-17,Thane,7.5,29.2,False,none,0.0,False,none
2024-12-17,Amravati,0.3,30.5,False,none,0.0,False,none
2024-12-17,Jaipur,0.0,23.9,False,none,0.0,False,none
2024-12-17,Jodhpur,0.1,23.3,False,none,0.0,False,none
2024-12-17,Bikaner,0.3,31.7,False,none,0.0,False,none
2024-12-17,Udaipur,0.0,26.1,False,none,0.0,False,none
2024-12-17,Kota,0.0,19.2,False,none,0.0,False,none
2024-12-17,Barmer,0.0,30.1,False,none,0.0,False,none
2024-12-17,Khordha,14.2,27.3,False,none,0.0,False,none
2024-12-17,Cuttack,0.6,32.2,False,none,0.0,False,none
2024-12-17,Puri,1.5,30.3,False,none,0.0,False,none
2024-12-17,Balasore,2.2,30.2,False,none,0.0,False,none
2024-12-17,Mayurbhanj,9.2,29.6,False,none,0.0,False,none
2024-12-17,Ganjam,3.5,31.3,False,none,0.0,False,none
2024-12-17,Kamrup,3.5,24.5,False,none,0.0,False,none
2024-12-17,Dibrugarh,11.6,26.5,False,none,0.0,False,none
2024-12-17,Cachar,16.5,22.4,False,none,0.0,False,none
2024-12-17,Jorhat,6.7,27.7,False,none,0.0,False,none
2024-12-17,Nagaon,4.0,24.5,False,none,0.0,False,none
2024-12-17,Sonitpur,13.1,24.2,False,none,0.0,False,none
2024-12-18,Vellore,43.9,30.7,False,none,0.0,False,none
2024-12-18,Krishnagiri,166.6,30.2,False,none,0.0,False,none
2024-12-18,Tiruvannamalai,76.5,25.7,False,none,0.0,False,none
2024-12-18,Salem,77.4,27.7,False,none,0.0,False,none
2024-12-18,Madurai,9.2,28.3,False,none,0.0,False,none
2024-12-18,Coimbatore,67.2,32.4,False,none,0.0,False,none
2024-12-18,Pune,0.0,27.2,False,none,0.0,False,none
2024-12-18,Nagpur,4.5,26.5,False,none,0.0,False,none
2024-12-18,Nashik,3.6,26.6,False,none,0.0,False,none
2024-12-18,Chhatrapati Sambhajinagar,0.4,29.9,False,none,0.0,False,none
2024-12-18,Thane,3.0,30.2,False,none,0.0,False,none
2024-12-18,Amravati,4.6,29.9,False,none,0.0,False,none
2024-12-18,Jaipur,0.0,24.4,False,none,0.0,False,none
2024-12-18,Jodhpur,0.0,30.1,False,none,0.0,False,none
2024-12-18,Bikaner,0.0,22.8,False,none,0.0,False,none
2024-12-18,Udaipur,0.2,27.6,False,none,0.0,False,none
2024-12-18,Kota,0.4,22.3,False,none,0.0,False,none
2024-12-18,Barmer,0.0,26.5,False,none,0.0,False,none
2024-12-18,Khordha,5.5,30.7,False,none,0.0,False,none
2024-12-18,Cuttack,8.6,29.1,False,none,0.0,False,none
2024-12-18,Puri,4.1,31.0,False,none,0.0,False,none
2024-12-18,Balasore,2.6,27.4,False,none,0.0,False,none
2024-12-18,Mayurbhanj,2.3,33.0,False,none,0.0,False,none
2024-12-18,Ganjam,12.3,31.9,False,none,0.0,False,none
2024-12-18,Kamrup,10.4,24.4,False,none,0.0,False,none
2024-12-18,Dibrugarh,14.2,25.6,False,none,0.0,False,none
2024-12-18,Cachar,3.5,24.1,False,none,0.0,False,none
2024-12-18,Jorhat,5.3,21.6,False,none,0.0,False,none
2024-12-18,Nagaon,14.8,25.6,False,none,0.0,False,none
2024-12-18,Sonitpur,10.2,22.9,False,none,0.0,False,none
2024-12-19,Vellore,20.6,33.2,False,none,0.0,False,none
2024-12-19,Krishnagiri,35.0,27.3,False,none,0.0,False,none
2024-12-19,Tiruvannamalai,49.9,28.7,False,none,0.0,False,none
2024-12-19,Salem,35.5,30.0,False,none,0.0,False,none
2024-12-19,Madurai,33.9,27.7,False,none,0.0,False,none
2024-12-19,Coimbatore,6.9,25.6,False,none,0.0,False,none
2024-12-19,Pune,1.3,31.1,False,none,0.0,False,none
2024-12-19,Nagpur,1.3,27.0,False,none,0.0,False,none
2024-12-19,Nashik,0.4,24.8,False,none,0.0,False,none
2024-12-19,Chhatrapati Sambhajinagar,4.9,30.2,False,none,0.0,False,none
2024-12-19,Thane,0.4,28.3,False,none,0.0,False,none
2024-12-19,Amravati,0.1,27.1,False,none,0.0,False,none
2024-12-19,Jaipur,0.4,24.4,False,none,0.0,False,none
2024-12-19,Jodhpur,1.3,31.1,False,none,0.0,False,none
2024-12-19,Bikaner,0.0,27.5,False,none,0.0,False,none
2024-12-19,Udaipur,0.2,29.5,False,none,0.0,False,none
2024-12-19,Kota,0.0,27.1,False,none,0.0,False,none
2024-12-19,Barmer,0.1,34.9,False,none,0.0,False,none
2024-12-19,Khordha,2.4,30.7,False,none,0.0,False,none
2024-12-19,Cuttack,5.1,32.0,False,none,0.0,False,none
2024-12-19,Puri,3.7,30.9,False,none,0.0,False,none
2024-12-19,Balasore,1.2,23.2,False,none,0.0,False,none
2024-12-19,Mayurbhanj,12.9,32.7,False,none,0.0,False,none
2024-12-19,Ganjam,2.4,29.8,False,none,0.0,False,none
2024-12-19,Kamrup,3.1,23.9,False,none,0.0,False,none
2024-12-19,Dibrugarh,1.7,26.8,False,none,0.0,False,none
2024-12-19,Cachar,11.5,25.5,False,none,0.0,False,none
2024-12-19,Jorhat,6.3,26.0,False,none,0.0,False,none
2024-12-19,Nagaon,17.5,28.4,False,none,0.0,False,none
2024-12-19,Sonitpur,0.2,27.2,False,none,0.0,False,none
2024-12-20,Vellore,16.8,30.2,False,none,0.0,False,none
2024-12-20,Krishnagiri,30.6,28.7,False,none,0.0,False,none
2024-12-20,Tiruvannamalai,16.2,29.9,False,none,0.0,False,none
2024-12-20,Salem,34.0,29.4,False,none,0.0,False,none
2024-12-20,Madurai,86.5,29.3,False,none,0.0,False,none
2024-12-20,Coimbatore,14.1,31.1,False,none,0.0,False,none
2024-12-20,Pune,3.4,28.4,False,none,0.0,False,none
2024-12-20,Nagpur,3.2,31.7,False,none,0.0,False,none
2024-12-20,Nashik,0.5,26.6,False,none,0.0,False,none
2024-12-20,Chhatrapati Sambhajinagar,0.1,30.5,False,none,0.0,False,none
2024-12-20,Thane,2.1,27.5,False,none,0.0,False,none
2024-12-20,Amravati,1.4,28.3,False,none,0.0,False,none
2024-12-20,Jaipur,0.0,26.9,False,none,0.0,False,none
2024-12-20,Jodhpur,0.0,24.6,False,none,0.0,False,none
2024-12-20,Bikaner,0.1,24.9,False,none,0.0,False,none
2024-12-20,Udaipur,0.0,24.5,False,none,0.0,False,none
2024-12-20,Kota,0.1,28.9,False,none,0.0,False,none
2024-12-20,Barmer,2.2,26.2,False,none,0.0,False,none
2024-12-20,Khordha,8.5,27.2,False,none,0.0,False,none
2024-12-20,Cuttack,6.6,30.3,False,none,0.0,False,none
2024-12-20,Puri,3.4,30.8,False,none,0.0,False,none
2024-12-20,Balasore,0.2,33.2,False,none,0.0,False,none
2024-12-20,Mayurbhanj,15.7,27.0,False,none,0.0,False,none
2024-12-20,Ganjam,7.0,32.1,False,none,0.0,False,none
2024-12-20,Kamrup,17.1,26.4,False,none,0.0,False,none
2024-12-20,Dibrugarh,6.5,27.1,False,none,0.0,False,none
2024-12-20,Cachar,6.3,24.3,False,none,0.0,False,none
2024-12-20,Jorhat,3.6,28.3,False,none,0.0,False,none
2024-12-20,Nagaon,17.5,25.9,False,none,0.0,False,none
2024-12-20,Sonitpur,21.8,27.0,False,none,0.0,False,none
2024-12-21,Vellore,12.3,27.4,False,none,0.0,False,none
2024-12-21,Krishnagiri,57.7,30.3,False,none,0.0,False,none
2024-12-21,Tiruvannamalai,59.5,32.7,False,none,0.0,False,none
2024-12-21,Salem,65.1,31.4,False,none,0.0,False,none
2024-12-21,Madurai,15.9,28.3,False,none,0.0,False,none
2024-12-21,Coimbatore,31.1,32.0,False,none,0.0,False,none
2024-12-21,Pune,3.6,31.7,False,none,0.0,False,none
2024-12-21,Nagpur,1.0,28.8,False,none,0.0,False,none
2024-12-21,Nashik,0.1,28.1,False,none,0.0,False,none
2024-12-21,Chhatrapati Sambhajinagar,7.0,21.3,False,none,0.0,False,none
2024-12-21,Thane,3.4,32.9,False,none,0.0,False,none
2024-12-21,Amravati,0.0,26.2,False,none,0.0,False,none
2024-12-21,Jaipur,0.4,27.0,False,none,0.0,False,none
2024-12-21,Jodhpur,0.8,19.7,False,none,0.0,False,none
2024-12-21,Bikaner,0.0,23.3,False,none,0.0,False,none
2024-12-21,Udaipur,0.0,18.8,False,none,0.0,False,none
2024-12-21,Kota,0.1,25.9,False,none,0.0,False,none
2024-12-21,Barmer,1.1,26.7,False,none,0.0,False,none
2024-12-21,Khordha,6.0,31.3,False,none,0.0,False,none
2024-12-21,Cuttack,0.9,29.7,False,none,0.0,False,none
2024-12-21,Puri,3.2,29.5,False,none,0.0,False,none
2024-12-21,Balasore,2.6,27.4,False,none,0.0,False,none
2024-12-21,Mayurbhanj,5.4,28.0,False,none,0.0,False,none
2024-12-21,Ganjam,8.2,32.6,False,none,0.0,False,none
2024-12-21,Kamrup,1.4,24.4,False,none,0.0,False,none
2024-12-21,Dibrugarh,4.2,26.1,False,none,0.0,False,none
2024-12-21,Cachar,2.9,24.5,False,none,0.0,False,none
2024-12-21,Jorhat,0.9,25.9,False,none,0.0,False,none
2024-12-21,Nagaon,5.3,27.6,False,none,0.0,False,none
2024-12-21,Sonitpur,2.9,25.1,False,none,0.0,False,none
2024-12-22,Vellore,10.1,31.8,False,none,0.0,False,none
2024-12-22,Krishnagiri,29.7,27.5,False,none,0.0,False,none
2024-12-22,Tiruvannamalai,27.5,29.7,False,none,0.0,False,none
2024-12-22,Salem,26.3,23.8,False,none,0.0,False,none
2024-12-22,Madurai,44.0,25.6,False,none,0.0,False,none
2024-12-22,Coimbatore,69.0,28.7,False,none,0.0,False,none
2024-12-22,Pune,0.5,25.8,False,none,0.0,False,none
2024-12-22,Nagpur,0.4,32.7,False,none,0.0,False,none
2024-12-22,Nashik,8.5,27.5,False,none,0.0,False,none
2024-12-22,Chhatrapati Sambhajinagar,0.7,30.7,True,seasonal_flu,0.58,False,none
2024-12-22,Thane,2.4,27.7,False,none,0.0,False,none
2024-12-22,Amravati,1.1,32.7,False,none,0.0,False,none
2024-12-22,Jaipur,0.1,29.2,False,none,0.0,False,none
2024-12-22,Jodhpur,0.0,18.2,False,none,0.0,False,none
2024-12-22,Bikaner,0.0,26.5,False,none,0.0,False,none
2024-12-22,Udaipur,0.4,31.5,False,none,0.0,False,none
2024-12-22,Kota,1.7,24.4,False,none,0.0,False,none
2024-12-22,Barmer,1.5,29.4,False,none,0.0,False,none
2024-12-22,Khordha,0.4,27.7,False,none,0.0,False,none
2024-12-22,Cuttack,3.3,30.0,False,none,0.0,False,none
2024-12-22,Puri,2.4,26.7,False,none,0.0,False,none
2024-12-22,Balasore,1.7,31.3,False,none,0.0,False,none
2024-12-22,Mayurbhanj,3.2,31.4,False,none,0.0,False,none
2024-12-22,Ganjam,1.1,29.6,False,none,0.0,False,none
2024-12-22,Kamrup,1.5,26.1,False,none,0.0,False,none
2024-12-22,Dibrugarh,14.4,25.4,False,none,0.0,False,none
2024-12-22,Cachar,2.3,23.0,False,none,0.0,False,none
2024-12-22,Jorhat,2.9,26.4,False,none,0.0,False,none
2024-12-22,Nagaon,14.0,23.7,False,none,0.0,False,none
2024-12-22,Sonitpur,7.4,29.1,False,none,0.0,False,none
2024-12-23,Vellore,29.5,31.3,False,none,0.0,False,none
2024-12-23,Krishnagiri,23.7,30.0,False,none,0.0,False,none
2024-12-23,Tiruvannamalai,16.3,31.1,False,none,0.0,False,none
2024-12-23,Salem,31.1,31.3,False,none,0.0,False,none
2024-12-23,Madurai,84.6,32.3,False,none,0.0,False,none
2024-12-23,Coimbatore,61.0,33.6,False,none,0.0,False,none
2024-12-23,Pune,1.4,25.6,False,none,0.0,False,none
2024-12-23,Nagpur,0.4,27.6,False,none,0.0,False,none
2024-12-23,Nashik,3.0,34.6,False,none,0.0,False,none
2024-12-23,Chhatrapati Sambhajinagar,0.6,27.9,True,seasonal_flu,0.58,False,none
2024-12-23,Thane,0.5,34.0,False,none,0.0,False,none
2024-12-23,Amravati,0.3,35.2,False,none,0.0,False,none
2024-12-23,Jaipur,0.0,27.7,False,none,0.0,False,none
2024-12-23,Jodhpur,0.0,27.8,False,none,0.0,False,none
2024-12-23,Bikaner,0.2,27.1,False,none,0.0,False,none
2024-12-23,Udaipur,0.0,30.9,False,none,0.0,False,none
2024-12-23,Kota,0.6,24.7,False,none,0.0,False,none
2024-12-23,Barmer,1.2,27.6,False,none,0.0,False,none
2024-12-23,Khordha,0.3,30.6,False,none,0.0,False,none
2024-12-23,Cuttack,0.4,29.7,False,none,0.0,False,none
2024-12-23,Puri,5.0,30.7,False,none,0.0,False,none
2024-12-23,Balasore,0.3,34.1,False,none,0.0,False,none
2024-12-23,Mayurbhanj,4.0,29.4,False,none,0.0,False,none
2024-12-23,Ganjam,1.5,30.2,False,none,0.0,False,none
2024-12-23,Kamrup,4.8,27.5,False,none,0.0,False,none
2024-12-23,Dibrugarh,1.0,27.6,False,none,0.0,False,none
2024-12-23,Cachar,5.9,25.0,False,none,0.0,False,none
2024-12-23,Jorhat,12.4,23.5,False,none,0.0,False,none
2024-12-23,Nagaon,9.1,23.9,False,none,0.0,False,none
2024-12-23,Sonitpur,2.5,25.1,False,none,0.0,False,none
2024-12-24,Vellore,31.3,29.3,False,none,0.0,False,none
2024-12-24,Krishnagiri,46.1,31.8,False,none,0.0,False,none
2024-12-24,Tiruvannamalai,51.5,31.6,False,none,0.0,False,none
2024-12-24,Salem,78.7,30.8,False,none,0.0,False,none
2024-12-24,Madurai,24.7,36.1,False,none,0.0,False,none
2024-12-24,Coimbatore,36.9,31.1,False,none,0.0,False,none
2024-12-24,Pune,0.3,33.3,False,none,0.0,False,none
2024-12-24,Nagpur,1.9,30.0,False,none,0.0,False,none
2024-12-24,Nashik,4.1,27.9,False,none,0.0,False,none
2024-12-24,Chhatrapati Sambhajinagar,0.0,30.9,True,seasonal_flu,0.58,False,none
2024-12-24,Thane,1.3,24.5,False,none,0.0,False,none
2024-12-24,Amravati,2.1,27.7,False,none,0.0,False,none
2024-12-24,Jaipur,0.0,24.5,False,none,0.0,False,none
2024-12-24,Jodhpur,0.1,29.3,False,none,0.0,False,none
2024-12-24,Bikaner,0.1,28.8,False,none,0.0,False,none
2024-12-24,Udaipur,0.0,25.3,False,none,0.0,False,none
2024-12-24,Kota,0.0,25.1,False,none,0.0,False,none
2024-12-24,Barmer,0.1,26.5,False,none,0.0,False,none
2024-12-24,Khordha,5.0,28.8,False,none,0.0,False,none
2024-12-24,Cuttack,3.8,30.9,False,none,0.0,False,none
2024-12-24,Puri,3.5,28.7,False,none,0.0,False,none
2024-12-24,Balasore,15.7,30.3,False,none,0.0,False,none
2024-12-24,Mayurbhanj,3.5,29.8,False,none,0.0,False,none
2024-12-24,Ganjam,2.7,27.1,False,none,0.0,False,none
2024-12-24,Kamrup,4.5,23.5,False,none,0.0,False,none
2024-12-24,Dibrugarh,2.3,24.8,False,none,0.0,False,none
2024-12-24,Cachar,7.7,25.9,False,none,0.0,False,none
2024-12-24,Jorhat,15.9,29.3,False,none,0.0,False,none
2024-12-24,Nagaon,5.5,23.1,False,none,0.0,False,none
2024-12-24,Sonitpur,5.1,24.6,False,none,0.0,False,none
2024-12-25,Vellore,7.2,29.7,False,none,0.0,False,none
2024-12-25,Krishnagiri,96.2,31.6,False,none,0.0,False,none
2024-12-25,Tiruvannamalai,41.0,27.0,False,none,0.0,False,none
2024-12-25,Salem,102.2,32.3,False,none,0.0,False,none
2024-12-25,Madurai,11.7,33.2,False,none,0.0,False,none
2024-12-25,Coimbatore,18.9,31.4,False,none,0.0,False,none
2024-12-25,Pune,3.0,27.3,False,none,0.0,False,none
2024-12-25,Nagpur,1.4,25.4,False,none,0.0,False,none
2024-12-25,Nashik,3.3,31.6,False,none,0.0,False,none
2024-12-25,Chhatrapati Sambhajinagar,0.0,28.6,True,seasonal_flu,0.58,False,none
2024-12-25,Thane,0.3,24.6,True,seasonal_flu,0.65,False,none
2024-12-25,Amravati,0.3,29.2,False,none,0.0,False,none
2024-12-25,Jaipur,0.3,27.1,False,none,0.0,False,none
2024-12-25,Jodhpur,0.2,27.1,False,none,0.0,False,none
2024-12-25,Bikaner,0.0,25.7,False,none,0.0,False,none
2024-12-25,Udaipur,0.0,28.8,False,none,0.0,False,none
2024-12-25,Kota,0.1,27.2,False,none,0.0,False,none
2024-12-25,Barmer,0.0,21.3,False,none,0.0,False,none
2024-12-25,Khordha,2.7,32.5,False,none,0.0,False,none
2024-12-25,Cuttack,15.6,25.8,False,none,0.0,False,none
2024-12-25,Puri,0.8,28.1,False,none,0.0,False,none
2024-12-25,Balasore,1.7,28.9,False,none,0.0,False,none
2024-12-25,Mayurbhanj,3.1,30.8,False,none,0.0,False,none
2024-12-25,Ganjam,0.6,31.0,False,none,0.0,False,none
2024-12-25,Kamrup,5.2,26.4,False,none,0.0,False,none
2024-12-25,Dibrugarh,4.7,25.3,False,none,0.0,False,none
2024-12-25,Cachar,13.9,23.4,False,none,0.0,False,none
2024-12-25,Jorhat,9.6,27.2,False,none,0.0,False,none
2024-12-25,Nagaon,5.5,30.0,False,none,0.0,False,none
2024-12-25,Sonitpur,4.1,25.3,False,none,0.0,False,none
2024-12-26,Vellore,24.3,30.7,False,none,0.0,False,none
2024-12-26,Krishnagiri,124.6,32.2,False,none,0.0,False,none
2024-12-26,Tiruvannamalai,41.0,28.5,False,none,0.0,False,none
2024-12-26,Salem,44.7,29.4,False,none,0.0,False,none
2024-12-26,Madurai,16.1,32.1,False,none,0.0,False,none
2024-12-26,Coimbatore,12.0,30.2,False,none,0.0,False,none
2024-12-26,Pune,2.8,24.1,True,seasonal_flu,0.63,False,none
2024-12-26,Nagpur,3.4,26.8,False,none,0.0,False,none
2024-12-26,Nashik,2.2,30.3,False,none,0.0,False,none
2024-12-26,Chhatrapati Sambhajinagar,0.0,32.3,True,seasonal_flu,0.58,False,none
2024-12-26,Thane,0.2,31.3,True,seasonal_flu,0.65,False,none
2024-12-26,Amravati,1.5,33.8,False,none,0.0,False,none
2024-12-26,Jaipur,0.2,31.4,False,none,0.0,False,none
2024-12-26,Jodhpur,0.3,30.0,False,none,0.0,False,none
2024-12-26,Bikaner,1.0,23.6,False,none,0.0,False,none
2024-12-26,Udaipur,0.1,34.8,False,none,0.0,False,none
2024-12-26,Kota,0.2,31.4,False,none,0.0,False,none
2024-12-26,Barmer,0.0,27.5,False,none,0.0,False,none
2024-12-26,Khordha,2.5,25.4,False,none,0.0,False,none
2024-12-26,Cuttack,9.1,30.0,False,none,0.0,False,none
2024-12-26,Puri,2.4,29.3,False,none,0.0,False,none
2024-12-26,Balasore,6.4,27.3,False,none,0.0,False,none
2024-12-26,Mayurbhanj,14.0,29.6,False,none,0.0,False,none
2024-12-26,Ganjam,2.6,26.6,False,none,0.0,False,none
2024-12-26,Kamrup,1.7,24.9,False,none,0.0,False,none
2024-12-26,Dibrugarh,5.9,25.1,False,none,0.0,False,none
2024-12-26,Cachar,8.5,30.7,False,none,0.0,False,none
2024-12-26,Jorhat,1.6,26.1,False,none,0.0,False,none
2024-12-26,Nagaon,4.7,24.6,False,none,0.0,False,none
2024-12-26,Sonitpur,7.2,27.6,False,none,0.0,False,none
2024-12-27,Vellore,46.6,29.9,False,none,0.0,False,none
2024-12-27,Krishnagiri,38.6,28.0,False,none,0.0,False,none
2024-12-27,Tiruvannamalai,55.2,34.0,False,none,0.0,False,none
2024-12-27,Salem,8.5,31.1,False,none,0.0,False,none
2024-12-27,Madurai,81.0,32.6,False,none,0.0,False,none
2024-12-27,Coimbatore,20.9,27.2,False,none,0.0,False,none
2024-12-27,Pune,6.2,30.8,True,seasonal_flu,0.63,False,none
2024-12-27,Nagpur,0.2,26.2,False,none,0.0,False,none
2024-12-27,Nashik,0.1,34.0,False,none,0.0,False,none
2024-12-27,Chhatrapati Sambhajinagar,2.8,30.3,True,seasonal_flu,0.58,False,none
2024-12-27,Thane,0.0,25.7,True,seasonal_flu,0.65,False,none
2024-12-27,Amravati,0.7,28.5,False,none,0.0,False,none
2024-12-27,Jaipur,1.4,19.9,False,none,0.0,False,none
2024-12-27,Jodhpur,0.0,28.4,False,none,0.0,False,none
2024-12-27,Bikaner,0.0,25.3,False,none,0.0,False,none
2024-12-27,Udaipur,0.0,26.2,False,none,0.0,False,none
2024-12-27,Kota,0.0,24.7,False,none,0.0,False,none
2024-12-27,Barmer,0.0,26.1,False,none,0.0,False,none
2024-12-27,Khordha,8.4,29.6,False,none,0.0,False,none
2024-12-27,Cuttack,1.9,28.7,False,none,0.0,False,none
2024-12-27,Puri,34.5,31.9,False,none,0.0,False,none
2024-12-27,Balasore,15.0,29.1,False,none,0.0,False,none
2024-12-27,Mayurbhanj,2.1,27.5,False,none,0.0,False,none
2024-12-27,Ganjam,1.6,30.9,False,none,0.0,False,none
2024-12-27,Kamrup,18.8,26.5,False,none,0.0,False,none
2024-12-27,Dibrugarh,4.6,23.9,False,none,0.0,False,none
2024-12-27,Cachar,4.8,25.3,False,none,0.0,False,none
2024-12-27,Jorhat,6.9,26.5,False,none,0.0,False,none
2024-12-27,Nagaon,3.4,23.7,False,none,0.0,False,none
2024-12-27,Sonitpur,0.6,25.7,False,none,0.0,False,none
2024-12-28,Vellore,53.8,31.3,False,none,0.0,False,none
2024-12-28,Krishnagiri,31.9,30.6,False,none,0.0,False,none
2024-12-28,Tiruvannamalai,73.7,30.4,False,none,0.0,False,none
2024-12-28,Salem,95.3,33.8,False,none,0.0,False,none
2024-12-28,Madurai,24.8,28.8,False,none,0.0,False,none
2024-12-28,Coimbatore,19.9,29.1,False,none,0.0,False,none
2024-12-28,Pune,0.6,29.3,True,seasonal_flu,0.63,False,none
2024-12-28,Nagpur,7.2,33.8,False,none,0.0,False,none
2024-12-28,Nashik,1.0,24.6,False,none,0.0,False,none
2024-12-28,Chhatrapati Sambhajinagar,0.3,27.1,True,seasonal_flu,0.58,False,none
2024-12-28,Thane,1.0,28.6,True,seasonal_flu,0.65,False,none
2024-12-28,Amravati,0.3,26.6,False,none,0.0,False,none
2024-12-28,Jaipur,0.1,30.1,False,none,0.0,False,none
2024-12-28,Jodhpur,0.4,22.6,False,none,0.0,False,none
2024-12-28,Bikaner,0.4,28.9,False,none,0.0,False,none
2024-12-28,Udaipur,1.2,23.8,False,none,0.0,False,none
2024-12-28,Kota,0.0,25.1,False,none,0.0,False,none
2024-12-28,Barmer,0.0,31.9,False,none,0.0,False,none
2024-12-28,Khordha,0.1,30.6,False,none,0.0,False,none
2024-12-28,Cuttack,2.2,24.7,False,none,0.0,False,none
2024-12-28,Puri,12.7,29.6,False,none,0.0,False,none
2024-12-28,Balasore,4.5,24.5,False,none,0.0,False,none
2024-12-28,Mayurbhanj,17.9,31.0,False,none,0.0,False,none
2024-12-28,Ganjam,7.2,32.1,False,none,0.0,False,none
2024-12-28,Kamrup,9.1,24.1,False,none,0.0,False,none
2024-12-28,Dibrugarh,20.2,29.7,False,none,0.0,False,none
2024-12-28,Cachar,0.9,25.7,False,none,0.0,False,none
2024-12-28,Jorhat,7.7,26.2,False,none,0.0,False,none
2024-12-28,Nagaon,8.8,27.0,False,none,0.0,False,none
2024-12-28,Sonitpur,3.7,26.0,False,none,0.0,False,none
2024-12-29,Vellore,51.7,31.7,False,none,0.0,False,none
2024-12-29,Krishnagiri,61.7,29.3,False,none,0.0,False,none
2024-12-29,Tiruvannamalai,68.5,32.2,False,none,0.0,False,none
2024-12-29,Salem,91.1,30.5,False,none,0.0,False,none
2024-12-29,Madurai,146.5,29.1,False,none,0.0,False,none
2024-12-29,Coimbatore,22.9,32.5,False,none,0.0,False,none
2024-12-29,Pune,1.2,22.3,True,seasonal_flu,0.63,False,none
2024-12-29,Nagpur,0.5,27.8,False,none,0.0,False,none
2024-12-29,Nashik,1.2,25.8,False,none,0.0,False,none
2024-12-29,Chhatrapati Sambhajinagar,0.9,26.8,True,seasonal_flu,0.58,False,none
2024-12-29,Thane,2.0,23.1,True,seasonal_flu,0.65,False,none
2024-12-29,Amravati,3.7,28.4,False,none,0.0,False,none
2024-12-29,Jaipur,0.6,28.1,False,none,0.0,False,none
2024-12-29,Jodhpur,0.1,24.0,False,none,0.0,False,none
2024-12-29,Bikaner,0.2,28.3,False,none,0.0,False,none
2024-12-29,Udaipur,0.0,31.7,False,none,0.0,False,none
2024-12-29,Kota,0.0,25.3,False,none,0.0,False,none
2024-12-29,Barmer,0.0,32.2,False,none,0.0,False,none
2024-12-29,Khordha,4.7,29.2,False,none,0.0,False,none
2024-12-29,Cuttack,0.1,29.2,False,none,0.0,False,none
2024-12-29,Puri,0.4,28.4,False,none,0.0,False,none
2024-12-29,Balasore,6.0,29.7,False,none,0.0,False,none
2024-12-29,Mayurbhanj,1.8,29.3,False,none,0.0,False,none
2024-12-29,Ganjam,4.8,27.2,False,none,0.0,False,none
2024-12-29,Kamrup,12.0,27.7,False,none,0.0,False,none
2024-12-29,Dibrugarh,4.4,26.7,False,none,0.0,False,none
2024-12-29,Cachar,3.4,27.0,False,none,0.0,False,none
2024-12-29,Jorhat,13.8,28.0,False,none,0.0,False,none
2024-12-29,Nagaon,3.8,23.3,False,none,0.0,False,none
2024-12-29,Sonitpur,1.0,25.3,False,none,0.0,False,none
2024-12-30,Vellore,34.1,29.6,False,none,0.0,True,general_immunization
2024-12-30,Krishnagiri,75.0,30.8,False,none,0.0,True,general_immunization
2024-12-30,Tiruvannamalai,48.0,30.6,False,none,0.0,True,measles_drive
2024-12-30,Salem,42.6,32.7,False,none,0.0,True,general_immunization
2024-12-30,Madurai,56.4,32.0,False,none,0.0,True,measles_drive
2024-12-30,Coimbatore,53.0,32.0,False,none,0.0,True,tetanus_drive
2024-12-30,Pune,2.6,31.6,True,seasonal_flu,0.63,True,tetanus_drive
2024-12-30,Nagpur,0.4,27.3,False,none,0.0,True,measles_drive
2024-12-30,Nashik,0.3,29.3,False,none,0.0,True,measles_drive
2024-12-30,Chhatrapati Sambhajinagar,2.3,27.0,True,seasonal_flu,0.58,True,measles_drive
2024-12-30,Thane,0.4,31.8,True,seasonal_flu,0.65,True,measles_drive
2024-12-30,Amravati,3.6,24.3,False,none,0.0,True,general_immunization
2024-12-30,Jaipur,0.0,26.5,False,none,0.0,True,measles_drive
2024-12-30,Jodhpur,0.0,28.9,False,none,0.0,True,measles_drive
2024-12-30,Bikaner,0.0,30.4,False,none,0.0,True,tetanus_drive
2024-12-30,Udaipur,0.1,26.6,False,none,0.0,True,general_immunization
2024-12-30,Kota,0.1,29.4,False,none,0.0,True,tetanus_drive
2024-12-30,Barmer,3.3,27.9,False,none,0.0,True,general_immunization
2024-12-30,Khordha,2.3,29.4,False,none,0.0,True,tetanus_drive
2024-12-30,Cuttack,4.0,29.6,False,none,0.0,True,measles_drive
2024-12-30,Puri,13.4,27.0,False,none,0.0,True,tetanus_drive
2024-12-30,Balasore,0.9,31.5,False,none,0.0,True,general_immunization
2024-12-30,Mayurbhanj,2.1,28.7,False,none,0.0,True,general_immunization
2024-12-30,Ganjam,0.6,29.2,False,none,0.0,True,measles_drive
2024-12-30,Kamrup,23.7,27.6,False,none,0.0,True,measles_drive
2024-12-30,Dibrugarh,14.7,26.5,False,none,0.0,True,measles_drive
2024-12-30,Cachar,3.5,26.1,False,none,0.0,True,measles_drive
2024-12-30,Jorhat,4.3,26.4,False,none,0.0,True,tetanus_drive
2024-12-30,Nagaon,5.5,25.8,False,none,0.0,True,measles_drive
2024-12-30,Sonitpur,3.8,25.9,False,none,0.0,True,measles_drive
2024-12-31,Vellore,67.1,29.3,False,none,0.0,True,tetanus_drive
2024-12-31,Krishnagiri,74.1,28.4,False,none,0.0,True,general_immunization
2024-12-31,Tiruvannamalai,18.5,28.9,False,none,0.0,True,tetanus_drive
2024-12-31,Salem,42.4,33.0,False,none,0.0,True,general_immunization
2024-12-31,Madurai,58.0,34.8,False,none,0.0,True,general_immunization
2024-12-31,Coimbatore,30.2,29.4,False,none,0.0,True,general_immunization
2024-12-31,Pune,0.1,30.0,True,seasonal_flu,0.63,True,measles_drive
2024-12-31,Nagpur,0.4,31.4,False,none,0.0,True,measles_drive
2024-12-31,Nashik,0.3,24.8,False,none,0.0,True,measles_drive
2024-12-31,Chhatrapati Sambhajinagar,15.2,31.3,True,seasonal_flu,0.58,True,measles_drive
2024-12-31,Thane,0.3,31.2,True,seasonal_flu,0.65,True,measles_drive
2024-12-31,Amravati,0.0,28.6,False,none,0.0,True,general_immunization
2024-12-31,Jaipur,0.0,24.6,False,none,0.0,True,measles_drive
2024-12-31,Jodhpur,0.0,29.2,False,none,0.0,True,tetanus_drive
2024-12-31,Bikaner,0.0,24.9,False,none,0.0,True,measles_drive
2024-12-31,Udaipur,0.0,24.1,False,none,0.0,True,general_immunization
2024-12-31,Kota,0.2,30.0,False,none,0.0,True,measles_drive
2024-12-31,Barmer,0.0,32.2,False,none,0.0,True,measles_drive
2024-12-31,Khordha,5.2,28.9,False,none,0.0,True,general_immunization
2024-12-31,Cuttack,5.6,28.9,False,none,0.0,True,general_immunization
2024-12-31,Puri,10.1,25.9,False,none,0.0,True,measles_drive
2024-12-31,Balasore,2.3,28.8,False,none,0.0,True,tetanus_drive
2024-12-31,Mayurbhanj,5.4,26.8,False,none,0.0,True,measles_drive
2024-12-31,Ganjam,3.0,32.8,False,none,0.0,True,measles_drive
2024-12-31,Kamrup,8.1,24.5,False,none,0.0,True,tetanus_drive
2024-12-31,Dibrugarh,3.4,25.1,False,none,0.0,True,general_immunization
2024-12-31,Cachar,3.3,25.6,False,none,0.0,True,tetanus_drive
2024-12-31,Jorhat,3.6,28.3,False,none,0.0,True,tetanus_drive
2024-12-31,Nagaon,15.5,22.1,False,none,0.0,True,tetanus_drive
2024-12-31,Sonitpur,5.9,24.9,False,none,0.0,True,tetanus_drive
2025-01-01,Vellore,5.0,30.7,False,none,0.0,True,measles_drive
2025-01-01,Krishnagiri,1.6,25.9,False,none,0.0,True,tetanus_drive
2025-01-01,Tiruvannamalai,8.7,31.1,False,none,0.0,True,measles_drive
2025-01-01,Salem,2.3,34.2,False,none,0.0,True,general_immunization
2025-01-01,Madurai,3.7,34.5,False,none,0.0,True,general_immunization
2025-01-01,Coimbatore,4.4,27.9,False,none,0.0,True,tetanus_drive
2025-01-01,Pune,3.2,27.1,True,seasonal_flu,0.63,True,tetanus_drive
2025-01-01,Nagpur,1.4,28.6,False,none,0.0,True,general_immunization
2025-01-01,Nashik,1.4,31.3,False,none,0.0,True,measles_drive
2025-01-01,Chhatrapati Sambhajinagar,0.5,28.2,True,seasonal_flu,0.58,True,general_immunization
2025-01-01,Thane,0.6,32.2,True,seasonal_flu,0.65,True,measles_drive
2025-01-01,Amravati,1.4,24.0,False,none,0.0,True,tetanus_drive
2025-01-01,Jaipur,0.2,30.0,False,none,0.0,True,tetanus_drive
2025-01-01,Jodhpur,0.0,28.4,False,none,0.0,True,general_immunization
2025-01-01,Bikaner,0.0,24.3,False,none,0.0,True,measles_drive
2025-01-01,Udaipur,0.0,29.6,False,none,0.0,True,general_immunization
2025-01-01,Kota,2.7,21.6,False,none,0.0,True,measles_drive
2025-01-01,Barmer,0.0,22.4,False,none,0.0,True,tetanus_drive
2025-01-01,Khordha,8.6,27.2,False,none,0.0,True,measles_drive
2025-01-01,Cuttack,1.0,26.9,False,none,0.0,True,tetanus_drive
2025-01-01,Puri,2.4,27.5,False,none,0.0,True,measles_drive
2025-01-01,Balasore,2.7,31.0,False,none,0.0,True,tetanus_drive
2025-01-01,Mayurbhanj,5.7,25.7,False,none,0.0,True,general_immunization
2025-01-01,Ganjam,4.6,29.0,False,none,0.0,True,measles_drive
2025-01-01,Kamrup,0.9,24.3,False,none,0.0,True,tetanus_drive
2025-01-01,Dibrugarh,3.5,27.6,False,none,0.0,True,measles_drive
2025-01-01,Cachar,13.5,26.8,False,none,0.0,True,measles_drive
2025-01-01,Jorhat,14.9,25.1,False,none,0.0,True,measles_drive
2025-01-01,Nagaon,1.6,22.9,False,none,0.0,True,measles_drive
2025-01-01,Sonitpur,4.3,26.3,False,none,0.0,True,measles_drive
2025-01-02,Vellore,0.4,32.3,False,none,0.0,True,tetanus_drive
2025-01-02,Krishnagiri,9.3,22.1,False,none,0.0,True,general_immunization
2025-01-02,Tiruvannamalai,1.8,31.2,False,none,0.0,True,tetanus_drive
2025-01-02,Salem,9.0,28.6,False,none,0.0,True,general_immunization
2025-01-02,Madurai,2.4,28.7,False,none,0.0,True,measles_drive
2025-01-02,Coimbatore,2.6,31.8,False,none,0.0,True,general_immunization
2025-01-02,Pune,1.0,26.9,True,seasonal_flu,0.63,True,measles_drive
2025-01-02,Nagpur,2.3,29.5,False,none,0.0,True,general_immunization
2025-01-02,Nashik,0.1,27.4,False,none,0.0,True,general_immunization
2025-01-02,Chhatrapati Sambhajinagar,2.6,27.0,True,seasonal_flu,0.58,True,general_immunization
2025-01-02,Thane,4.7,27.2,True,seasonal_flu,0.65,True,tetanus_drive
2025-01-02,Amravati,0.3,29.1,False,none,0.0,True,measles_drive
2025-01-02,Jaipur,0.0,25.9,False,none,0.0,True,measles_drive
2025-01-02,Jodhpur,0.0,33.8,False,none,0.0,True,measles_drive
2025-01-02,Bikaner,0.0,29.9,False,none,0.0,True,general_immunization
2025-01-02,Udaipur,0.1,23.1,False,none,0.0,True,tetanus_drive
2025-01-02,Kota,0.1,28.0,False,none,0.0,True,measles_drive
2025-01-02,Barmer,0.0,30.7,False,none,0.0,True,general_immunization
2025-01-02,Khordha,5.7,32.3,False,none,0.0,True,tetanus_drive
2025-01-02,Cuttack,12.0,30.4,False,none,0.0,True,tetanus_drive
2025-01-02,Puri,0.4,26.2,False,none,0.0,True,general_immunization
2025-01-02,Balasore,2.5,28.2,False,none,0.0,True,general_immunization
2025-01-02,Mayurbhanj,0.3,30.1,False,none,0.0,True,general_immunization
2025-01-02,Ganjam,2.8,30.8,False,none,0.0,True,measles_drive
2025-01-02,Kamrup,2.6,27.3,False,none,0.0,True,tetanus_drive
2025-01-02,Dibrugarh,8.3,23.1,False,none,0.0,True,general_immunization
2025-01-02,Cachar,16.3,24.2,False,none,0.0,True,measles_drive
2025-01-02,Jorhat,9.4,26.4,False,none,0.0,True,general_immunization
2025-01-02,Nagaon,9.5,25.5,False,none,0.0,True,general_immunization
2025-01-02,Sonitpur,5.1,25.4,False,none,0.0,True,general_immunization
2025-01-03,Vellore,1.4,33.4,False,none,0.0,True,tetanus_drive
2025-01-03,Krishnagiri,2.0,30.8,False,none,0.0,True,general_immunization
2025-01-03,Tiruvannamalai,1.0,28.7,False,none,0.0,True,tetanus_drive
2025-01-03,Salem,2.6,33.9,False,none,0.0,True,general_immunization
2025-01-03,Madurai,1.1,30.1,False,none,0.0,True,tetanus_drive
2025-01-03,Coimbatore,1.4,27.7,False,none,0.0,True,measles_drive
2025-01-03,Pune,1.4,29.0,True,seasonal_flu,0.63,True,general_immunization
2025-01-03,Nagpur,3.7,33.6,False,none,0.0,True,tetanus_drive
2025-01-03,Nashik,1.3,30.4,False,none,0.0,True,general_immunization
2025-01-03,Chhatrapati Sambhajinagar,2.8,30.2,True,seasonal_flu,0.58,True,tetanus_drive
2025-01-03,Thane,0.5,27.6,True,seasonal_flu,0.65,True,tetanus_drive
2025-01-03,Amravati,4.9,33.4,False,none,0.0,True,measles_drive
2025-01-03,Jaipur,0.7,24.1,False,none,0.0,True,measles_drive
2025-01-03,Jodhpur,0.2,26.0,False,none,0.0,True,general_immunization
2025-01-03,Bikaner,0.1,29.2,False,none,0.0,True,tetanus_drive
2025-01-03,Udaipur,0.0,21.5,False,none,0.0,True,general_immunization
2025-01-03,Kota,0.0,28.5,False,none,0.0,True,general_immunization
2025-01-03,Barmer,0.1,27.4,False,none,0.0,True,tetanus_drive
2025-01-03,Khordha,0.9,27.9,False,none,0.0,True,measles_drive
2025-01-03,Cuttack,3.4,31.1,False,none,0.0,True,general_immunization
2025-01-03,Puri,3.2,29.3,False,none,0.0,True,tetanus_drive
2025-01-03,Balasore,14.6,32.4,False,none,0.0,True,tetanus_drive
2025-01-03,Mayurbhanj,2.5,29.6,False,none,0.0,True,general_immunization
2025-01-03,Ganjam,7.6,28.0,False,none,0.0,True,measles_drive
2025-01-03,Kamrup,22.6,25.5,False,none,0.0,True,tetanus_drive
2025-01-03,Dibrugarh,1.6,25.5,False,none,0.0,True,measles_drive
2025-01-03,Cachar,5.1,25.7,False,none,0.0,True,general_immunization
2025-01-03,Jorhat,5.9,21.8,False,none,0.0,True,general_immunization
2025-01-03,Nagaon,1.4,25.0,False,none,0.0,True,general_immunization
2025-01-03,Sonitpur,13.4,25.5,False,none,0.0,True,measles_drive
2025-01-04,Vellore,1.6,32.1,False,none,0.0,False,none
2025-01-04,Krishnagiri,0.4,33.1,False,none,0.0,False,none
2025-01-04,Tiruvannamalai,3.7,25.6,False,none,0.0,False,none
2025-01-04,Salem,0.2,25.7,False,none,0.0,False,none
2025-01-04,Madurai,2.9,31.1,False,none,0.0,False,none
2025-01-04,Coimbatore,3.1,29.6,False,none,0.0,False,none
2025-01-04,Pune,1.1,30.8,True,seasonal_flu,0.63,False,none
2025-01-04,Nagpur,6.9,24.4,False,none,0.0,False,none
2025-01-04,Nashik,0.4,25.8,False,none,0.0,False,none
2025-01-04,Chhatrapati Sambhajinagar,4.7,32.4,False,none,0.0,False,none
2025-01-04,Thane,0.0,28.8,True,seasonal_flu,0.65,False,none
2025-01-04,Amravati,1.0,25.0,False,none,0.0,False,none
2025-01-04,Jaipur,1.1,26.8,False,none,0.0,False,none
2025-01-04,Jodhpur,0.3,30.1,False,none,0.0,False,none
2025-01-04,Bikaner,0.2,25.6,False,none,0.0,False,none
2025-01-04,Udaipur,0.0,22.9,False,none,0.0,False,none
2025-01-04,Kota,0.0,26.2,False,none,0.0,False,none
2025-01-04,Barmer,0.0,25.5,False,none,0.0,False,none
2025-01-04,Khordha,0.5,31.6,False,none,0.0,False,none
2025-01-04,Cuttack,2.9,29.0,False,none,0.0,False,none
2025-01-04,Puri,2.2,28.7,False,none,0.0,False,none
2025-01-04,Balasore,1.6,28.9,False,none,0.0,False,none
2025-01-04,Mayurbhanj,6.3,31.4,False,none,0.0,False,none
2025-01-04,Ganjam,1.4,27.1,False,none,0.0,False,none
2025-01-04,Kamrup,10.0,28.9,False,none,0.0,False,none
2025-01-04,Dibrugarh,2.2,22.7,False,none,0.0,False,none
2025-01-04,Cachar,4.9,27.3,False,none,0.0,False,none
2025-01-04,Jorhat,26.6,25.7,False,none,0.0,False,none
2025-01-04,Nagaon,12.7,27.1,False,none,0.0,False,none
2025-01-04,Sonitpur,3.7,24.5,False,none,0.0,False,none
2025-01-05,Vellore,1.0,30.5,False,none,0.0,False,none
2025-01-05,Krishnagiri,4.4,33.6,False,none,0.0,False,none
2025-01-05,Tiruvannamalai,2.4,31.6,False,none,0.0,False,none
2025-01-05,Salem,3.8,29.4,False,none,0.0,False,none
2025-01-05,Madurai,2.0,33.3,False,none,0.0,False,none
2025-01-05,Coimbatore,1.3,33.9,False,none,0.0,False,none
2025-01-05,Pune,0.8,28.6,True,seasonal_flu,0.63,False,none
2025-01-05,Nagpur,0.0,26.0,False,none,0.0,False,none
2025-01-05,Nashik,0.8,28.7,False,none,0.0,False,none
2025-01-05,Chhatrapati Sambhajinagar,3.0,25.9,False,none,0.0,False,none
2025-01-05,Thane,2.3,25.0,False,none,0.0,False,none
2025-01-05,Amravati,5.0,31.8,False,none,0.0,False,none
2025-01-05,Jaipur,0.2,24.9,False,none,0.0,False,none
2025-01-05,Jodhpur,0.0,30.3,False,none,0.0,False,none
2025-01-05,Bikaner,0.2,29.6,False,none,0.0,False,none
2025-01-05,Udaipur,0.1,25.6,False,none,0.0,False,none
2025-01-05,Kota,0.0,26.1,False,none,0.0,False,none
2025-01-05,Barmer,0.0,30.2,False,none,0.0,False,none
2025-01-05,Khordha,4.5,30.3,False,none,0.0,False,none
2025-01-05,Cuttack,10.1,26.5,False,none,0.0,False,none
2025-01-05,Puri,0.5,26.2,False,none,0.0,False,none
2025-01-05,Balasore,4.4,27.2,False,none,0.0,False,none
2025-01-05,Mayurbhanj,2.1,32.0,False,none,0.0,False,none
2025-01-05,Ganjam,10.5,30.7,False,none,0.0,False,none
2025-01-05,Kamrup,6.4,26.2,False,none,0.0,False,none
2025-01-05,Dibrugarh,0.9,21.5,False,none,0.0,False,none
2025-01-05,Cachar,1.8,23.0,False,none,0.0,False,none
2025-01-05,Jorhat,13.0,23.5,False,none,0.0,False,none
2025-01-05,Nagaon,17.0,24.1,False,none,0.0,False,none
2025-01-05,Sonitpur,11.6,25.2,False,none,0.0,False,none
2025-01-06,Vellore,0.9,27.1,False,none,0.0,False,none
2025-01-06,Krishnagiri,3.3,24.9,False,none,0.0,False,none
2025-01-06,Tiruvannamalai,0.1,34.0,False,none,0.0,False,none
2025-01-06,Salem,1.0,27.0,False,none,0.0,False,none
2025-01-06,Madurai,2.7,33.2,False,none,0.0,False,none
2025-01-06,Coimbatore,0.2,28.2,False,none,0.0,False,none
2025-01-06,Pune,4.8,29.3,True,seasonal_flu,0.63,False,none
2025-01-06,Nagpur,3.7,27.7,False,none,0.0,False,none
2025-01-06,Nashik,4.6,26.7,False,none,0.0,False,none
2025-01-06,Chhatrapati Sambhajinagar,0.6,29.0,False,none,0.0,False,none
2025-01-06,Thane,1.4,30.1,False,none,0.0,False,none
2025-01-06,Amravati,0.2,28.4,False,none,0.0,False,none
2025-01-06,Jaipur,0.0,28.4,False,none,0.0,False,none
2025-01-06,Jodhpur,0.0,26.4,False,none,0.0,False,none
2025-01-06,Bikaner,0.0,31.6,False,none,0.0,False,none
2025-01-06,Udaipur,0.2,23.6,False,none,0.0,False,none
2025-01-06,Kota,0.0,26.3,False,none,0.0,False,none
2025-01-06,Barmer,0.0,29.4,False,none,0.0,False,none
2025-01-06,Khordha,1.7,29.9,False,none,0.0,False,none
2025-01-06,Cuttack,3.3,25.5,False,none,0.0,False,none
2025-01-06,Puri,1.7,27.3,False,none,0.0,False,none
2025-01-06,Balasore,3.4,28.9,False,none,0.0,False,none
2025-01-06,Mayurbhanj,7.8,27.6,False,none,0.0,False,none
2025-01-06,Ganjam,0.9,28.4,False,none,0.0,False,none
2025-01-06,Kamrup,11.9,27.8,False,none,0.0,False,none
2025-01-06,Dibrugarh,12.4,25.5,False,none,0.0,False,none
2025-01-06,Cachar,24.0,24.2,False,none,0.0,False,none
2025-01-06,Jorhat,3.2,24.9,False,none,0.0,False,none
2025-01-06,Nagaon,4.1,22.7,False,none,0.0,False,none
2025-01-06,Sonitpur,21.3,26.8,False,none,0.0,False,none
2025-01-07,Vellore,5.2,30.4,False,none,0.0,False,none
2025-01-07,Krishnagiri,1.9,31.1,False,none,0.0,False,none
2025-01-07,Tiruvannamalai,1.1,26.5,False,none,0.0,False,none
2025-01-07,Salem,1.2,27.1,False,none,0.0,False,none
2025-01-07,Madurai,3.6,26.7,False,none,0.0,False,none
2025-01-07,Coimbatore,10.5,31.0,False,none,0.0,False,none
2025-01-07,Pune,0.8,30.9,True,seasonal_flu,0.63,False,none
2025-01-07,Nagpur,0.5,32.8,False,none,0.0,False,none
2025-01-07,Nashik,0.1,30.6,False,none,0.0,False,none
2025-01-07,Chhatrapati Sambhajinagar,0.3,24.4,False,none,0.0,False,none
2025-01-07,Thane,0.3,27.5,False,none,0.0,False,none
2025-01-07,Amravati,0.7,31.2,False,none,0.0,False,none
2025-01-07,Jaipur,0.0,27.6,False,none,0.0,False,none
2025-01-07,Jodhpur,0.0,23.5,False,none,0.0,False,none
2025-01-07,Bikaner,0.0,23.0,False,none,0.0,False,none
2025-01-07,Udaipur,0.0,30.4,False,none,0.0,False,none
2025-01-07,Kota,0.0,26.8,False,none,0.0,False,none
2025-01-07,Barmer,0.1,30.8,False,none,0.0,False,none
2025-01-07,Khordha,1.5,29.3,False,none,0.0,False,none
2025-01-07,Cuttack,5.2,27.4,False,none,0.0,False,none
2025-01-07,Puri,1.6,31.0,False,none,0.0,False,none
2025-01-07,Balasore,4.1,29.6,False,none,0.0,False,none
2025-01-07,Mayurbhanj,7.7,26.5,False,none,0.0,False,none
2025-01-07,Ganjam,7.1,26.6,False,none,0.0,False,none
2025-01-07,Kamrup,7.7,24.6,False,none,0.0,False,none
2025-01-07,Dibrugarh,11.4,24.1,False,none,0.0,False,none
2025-01-07,Cachar,2.9,28.4,False,none,0.0,False,none
2025-01-07,Jorhat,1.9,24.3,False,none,0.0,False,none
2025-01-07,Nagaon,1.1,23.6,False,none,0.0,False,none
2025-01-07,Sonitpur,8.7,22.6,False,none,0.0,False,none
2025-01-08,Vellore,3.8,33.0,False,none,0.0,False,none
2025-01-08,Krishnagiri,0.2,31.3,False,none,0.0,False,none
2025-01-08,Tiruvannamalai,0.7,29.1,False,none,0.0,False,none
2025-01-08,Salem,0.3,29.0,False,none,0.0,False,none
2025-01-08,Madurai,2.5,32.8,False,none,0.0,False,none
2025-01-08,Coimbatore,1.6,30.8,False,none,0.0,False,none
2025-01-08,Pune,1.1,35.5,True,seasonal_flu,0.63,False,none
2025-01-08,Nagpur,12.8,31.5,False,none,0.0,False,none
2025-01-08,Nashik,0.8,33.5,False,none,0.0,False,none
2025-01-08,Chhatrapati Sambhajinagar,5.5,28.1,False,none,0.0,False,none
2025-01-08,Thane,3.0,31.0,False,none,0.0,False,none
2025-01-08,Amravati,0.8,26.7,False,none,0.0,False,none
2025-01-08,Jaipur,0.0,35.4,False,none,0.0,False,none
2025-01-08,Jodhpur,0.0,31.6,False,none,0.0,False,none
2025-01-08,Bikaner,1.4,34.6,False,none,0.0,False,none
2025-01-08,Udaipur,0.0,26.1,False,none,0.0,False,none
2025-01-08,Kota,0.1,23.5,False,none,0.0,False,none
2025-01-08,Barmer,0.0,20.7,False,none,0.0,False,none
2025-01-08,Khordha,4.2,30.2,False,none,0.0,False,none
2025-01-08,Cuttack,1.3,31.7,False,none,0.0,False,none
2025-01-08,Puri,1.8,25.1,False,none,0.0,False,none
2025-01-08,Balasore,9.1,30.7,False,none,0.0,False,none
2025-01-08,Mayurbhanj,2.5,25.9,False,none,0.0,False,none
2025-01-08,Ganjam,1.5,29.8,False,none,0.0,False,none
2025-01-08,Kamrup,2.8,24.1,False,none,0.0,False,none
2025-01-08,Dibrugarh,4.7,24.5,False,none,0.0,False,none
2025-01-08,Cachar,4.1,25.5,False,none,0.0,False,none
2025-01-08,Jorhat,8.0,22.2,False,none,0.0,False,none
2025-01-08,Nagaon,10.1,29.1,False,none,0.0,False,none
2025-01-08,Sonitpur,5.2,27.7,False,none,0.0,False,none
2025-01-09,Vellore,3.0,27.9,False,none,0.0,False,none
2025-01-09,Krishnagiri,0.1,34.0,False,none,0.0,False,none
2025-01-09,Tiruvannamalai,0.3,26.9,False,none,0.0,False,none
2025-01-09,Salem,0.8,30.9,False,none,0.0,False,none
2025-01-09,Madurai,1.0,30.0,False,none,0.0,False,none
2025-01-09,Coimbatore,4.8,35.5,False,none,0.0,False,none
2025-01-09,Pune,0.1,25.4,True,seasonal_flu,0.63,False,none
2025-01-09,Nagpur,1.1,31.4,False,none,0.0,False,none
2025-01-09,Nashik,0.6,29.1,False,none,0.0,False,none
2025-01-09,Chhatrapati Sambhajinagar,8.8,35.6,False,none,0.0,False,none
2025-01-09,Thane,6.3,26.3,False,none,0.0,False,none
2025-01-09,Amravati,0.3,24.9,True,seasonal_flu,0.66,False,none
2025-01-09,Jaipur,0.0,25.1,False,none,0.0,False,none
2025-01-09,Jodhpur,0.0,24.9,False,none,0.0,False,none
2025-01-09,Bikaner,0.0,28.8,False,none,0.0,False,none
2025-01-09,Udaipur,0.0,29.1,False,none,0.0,False,none
2025-01-09,Kota,0.2,25.0,False,none,0.0,False,none
2025-01-09,Barmer,0.1,27.0,False,none,0.0,False,none
2025-01-09,Khordha,7.9,26.1,False,none,0.0,False,none
2025-01-09,Cuttack,0.1,31.9,False,none,0.0,False,none
2025-01-09,Puri,5.3,30.4,False,none,0.0,False,none
2025-01-09,Balasore,15.4,27.5,False,none,0.0,False,none
2025-01-09,Mayurbhanj,5.3,33.6,False,none,0.0,False,none
2025-01-09,Ganjam,2.2,29.7,False,none,0.0,False,none
2025-01-09,Kamrup,16.4,24.7,False,none,0.0,False,none
2025-01-09,Dibrugarh,0.6,23.8,False,none,0.0,False,none
2025-01-09,Cachar,18.5,23.4,False,none,0.0,False,none
2025-01-09,Jorhat,21.9,28.6,False,none,0.0,False,none
2025-01-09,Nagaon,1.9,25.7,False,none,0.0,False,none
2025-01-09,Sonitpur,5.9,28.4,False,none,0.0,False,none
2025-01-10,Vellore,2.5,30.2,False,none,0.0,False,none
2025-01-10,Krishnagiri,0.2,26.3,False,none,0.0,False,none
2025-01-10,Tiruvannamalai,6.8,28.3,False,none,0.0,False,none
2025-01-10,Salem,2.7,32.6,False,none,0.0,False,none
2025-01-10,Madurai,0.1,30.6,False,none,0.0,False,none
2025-01-10,Coimbatore,3.9,34.5,False,none,0.0,False,none
2025-01-10,Pune,2.7,33.7,True,seasonal_flu,0.63,False,none
2025-01-10,Nagpur,1.1,31.2,False,none,0.0,False,none
2025-01-10,Nashik,2.8,23.5,False,none,0.0,False,none
2025-01-10,Chhatrapati Sambhajinagar,0.1,26.0,False,none,0.0,False,none
2025-01-10,Thane,0.2,34.7,False,none,0.0,False,none
2025-01-10,Amravati,0.9,28.8,True,seasonal_flu,0.66,False,none
2025-01-10,Jaipur,0.0,32.3,False,none,0.0,False,none
2025-01-10,Jodhpur,0.1,24.7,False,none,0.0,False,none
2025-01-10,Bikaner,0.0,28.3,False,none,0.0,False,none
2025-01-10,Udaipur,0.0,27.4,False,none,0.0,False,none
2025-01-10,Kota,0.3,28.3,False,none,0.0,False,none
2025-01-10,Barmer,0.0,27.6,False,none,0.0,False,none
2025-01-10,Khordha,3.3,31.0,False,none,0.0,False,none
2025-01-10,Cuttack,1.0,24.5,False,none,0.0,False,none
2025-01-10,Puri,0.1,27.3,False,none,0.0,False,none
2025-01-10,Balasore,1.7,27.6,False,none,0.0,False,none
2025-01-10,Mayurbhanj,2.2,30.3,False,none,0.0,False,none
2025-01-10,Ganjam,9.3,32.7,False,none,0.0,False,none
2025-01-10,Kamrup,4.5,28.5,False,none,0.0,False,none
2025-01-10,Dibrugarh,15.0,24.1,False,none,0.0,False,none
2025-01-10,Cachar,6.2,24.8,False,none,0.0,False,none
2025-01-10,Jorhat,4.1,27.2,False,none,0.0,False,none
2025-01-10,Nagaon,7.3,24.7,False,none,0.0,False,none
2025-01-10,Sonitpur,6.3,24.9,False,none,0.0,False,none
2025-01-11,Vellore,4.7,30.1,False,none,0.0,False,none
2025-01-11,Krishnagiri,1.1,34.4,False,none,0.0,False,none
2025-01-11,Tiruvannamalai,14.6,24.2,False,none,0.0,False,none
2025-01-11,Salem,0.3,33.5,False,none,0.0,False,none
2025-01-11,Madurai,0.2,36.3,False,none,0.0,False,none
2025-01-11,Coimbatore,3.0,28.6,False,none,0.0,False,none
2025-01-11,Pune,0.2,27.6,True,seasonal_flu,0.63,False,none
2025-01-11,Nagpur,0.1,27.2,False,none,0.0,False,none
2025-01-11,Nashik,0.3,27.3,False,none,0.0,False,none
2025-01-11,Chhatrapati Sambhajinagar,2.8,28.2,False,none,0.0,False,none
2025-01-11,Thane,0.1,25.1,False,none,0.0,False,none
2025-01-11,Amravati,0.5,27.0,True,seasonal_flu,0.66,False,none
2025-01-11,Jaipur,0.0,23.6,False,none,0.0,False,none
2025-01-11,Jodhpur,0.1,23.8,False,none,0.0,False,none
2025-01-11,Bikaner,0.0,24.1,False,none,0.0,False,none
2025-01-11,Udaipur,0.0,31.5,False,none,0.0,False,none
2025-01-11,Kota,0.1,23.3,False,none,0.0,False,none
2025-01-11,Barmer,0.1,25.6,False,none,0.0,False,none
2025-01-11,Khordha,0.4,35.0,False,none,0.0,False,none
2025-01-11,Cuttack,2.3,27.6,False,none,0.0,False,none
2025-01-11,Puri,2.0,29.0,False,none,0.0,False,none
2025-01-11,Balasore,6.8,26.6,False,none,0.0,False,none
2025-01-11,Mayurbhanj,3.3,26.6,False,none,0.0,False,none
2025-01-11,Ganjam,7.4,30.1,False,none,0.0,False,none
2025-01-11,Kamrup,6.6,26.7,False,none,0.0,False,none
2025-01-11,Dibrugarh,6.2,23.0,False,none,0.0,False,none
2025-01-11,Cachar,7.3,26.5,False,none,0.0,False,none
2025-01-11,Jorhat,17.6,29.0,False,none,0.0,False,none
2025-01-11,Nagaon,4.5,23.5,False,none,0.0,False,none
2025-01-11,Sonitpur,2.8,25.0,False,none,0.0,False,none
2025-01-12,Vellore,1.0,31.7,False,none,0.0,False,none
2025-01-12,Krishnagiri,0.8,28.5,False,none,0.0,False,none
2025-01-12,Tiruvannamalai,2.7,29.0,False,none,0.0,False,none
2025-01-12,Salem,1.0,28.2,False,none,0.0,False,none
2025-01-12,Madurai,0.4,30.5,False,none,0.0,False,none
2025-01-12,Coimbatore,2.3,25.6,False,none,0.0,False,none
2025-01-12,Pune,3.1,28.7,True,seasonal_flu,0.63,False,none
2025-01-12,Nagpur,0.6,27.9,False,none,0.0,False,none
2025-01-12,Nashik,0.7,31.4,False,none,0.0,False,none
2025-01-12,Chhatrapati Sambhajinagar,0.5,30.5,False,none,0.0,False,none
2025-01-12,Thane,0.4,27.0,False,none,0.0,False,none
2025-01-12,Amravati,0.5,24.5,True,seasonal_flu,0.66,False,none
2025-01-12,Jaipur,0.0,25.1,False,none,0.0,False,none
2025-01-12,Jodhpur,0.0,24.4,False,none,0.0,False,none
2025-01-12,Bikaner,1.3,24.4,False,none,0.0,False,none
2025-01-12,Udaipur,0.0,26.0,False,none,0.0,False,none
2025-01-12,Kota,0.4,26.4,False,none,0.0,False,none
2025-01-12,Barmer,0.0,29.1,False,none,0.0,False,none
2025-01-12,Khordha,1.5,30.8,False,none,0.0,False,none
2025-01-12,Cuttack,1.7,27.6,False,none,0.0,False,none
2025-01-12,Puri,4.5,29.8,False,none,0.0,False,none
2025-01-12,Balasore,2.9,31.7,False,none,0.0,False,none
2025-01-12,Mayurbhanj,2.4,29.7,False,none,0.0,False,none
2025-01-12,Ganjam,0.3,26.4,False,none,0.0,False,none
2025-01-12,Kamrup,4.8,29.0,False,none,0.0,False,none
2025-01-12,Dibrugarh,1.7,26.5,False,none,0.0,False,none
2025-01-12,Cachar,4.9,26.8,False,none,0.0,False,none
2025-01-12,Jorhat,8.8,24.7,False,none,0.0,False,none
2025-01-12,Nagaon,7.5,23.0,False,none,0.0,False,none
2025-01-12,Sonitpur,22.6,25.3,False,none,0.0,False,none
2025-01-13,Vellore,6.4,31.4,False,none,0.0,False,none
2025-01-13,Krishnagiri,3.2,30.9,False,none,0.0,False,none
2025-01-13,Tiruvannamalai,2.2,28.6,False,none,0.0,False,none
2025-01-13,Salem,0.8,31.2,False,none,0.0,False,none
2025-01-13,Madurai,2.8,25.6,False,none,0.0,False,none
2025-01-13,Coimbatore,10.3,29.1,False,none,0.0,False,none
2025-01-13,Pune,2.5,29.7,False,none,0.0,False,none
2025-01-13,Nagpur,0.2,24.9,False,none,0.0,False,none
2025-01-13,Nashik,0.6,29.6,False,none,0.0,False,none
2025-01-13,Chhatrapati Sambhajinagar,0.5,33.3,False,none,0.0,False,none
2025-01-13,Thane,2.5,30.2,False,none,0.0,False,none
2025-01-13,Amravati,0.1,25.1,True,seasonal_flu,0.66,False,none
2025-01-13,Jaipur,0.0,22.3,False,none,0.0,False,none
2025-01-13,Jodhpur,0.0,26.4,False,none,0.0,False,none
2025-01-13,Bikaner,0.5,31.1,False,none,0.0,False,none
2025-01-13,Udaipur,0.0,26.9,False,none,0.0,False,none
2025-01-13,Kota,0.3,23.4,False,none,0.0,False,none
2025-01-13,Barmer,0.7,22.9,False,none,0.0,False,none
2025-01-13,Khordha,6.5,31.6,False,none,0.0,False,none
2025-01-13,Cuttack,3.8,28.3,False,none,0.0,False,none
2025-01-13,Puri,7.5,30.2,False,none,0.0,False,none
2025-01-13,Balasore,1.2,30.5,False,none,0.0,False,none
2025-01-13,Mayurbhanj,4.3,28.0,False,none,0.0,False,none
2025-01-13,Ganjam,0.1,31.0,False,none,0.0,False,none
2025-01-13,Kamrup,1.1,26.8,False,none,0.0,False,none
2025-01-13,Dibrugarh,7.1,26.7,False,none,0.0,False,none
2025-01-13,Cachar,15.0,24.2,False,none,0.0,False,none
2025-01-13,Jorhat,10.4,25.7,False,none,0.0,False,none
2025-01-13,Nagaon,2.2,23.5,False,none,0.0,False,none
2025-01-13,Sonitpur,3.6,25.7,False,none,0.0,False,none
2025-01-14,Vellore,0.8,32.6,False,none,0.0,False,none
2025-01-14,Krishnagiri,0.3,30.0,False,none,0.0,False,none
2025-01-14,Tiruvannamalai,3.9,29.2,False,none,0.0,False,none
2025-01-14,Salem,1.8,30.3,False,none,0.0,False,none
2025-01-14,Madurai,3.1,29.3,False,none,0.0,False,none
2025-01-14,Coimbatore,3.4,31.6,False,none,0.0,False,none
2025-01-14,Pune,0.9,26.8,False,none,0.0,False,none
2025-01-14,Nagpur,1.2,27.5,False,none,0.0,False,none
2025-01-14,Nashik,2.3,21.6,False,none,0.0,False,none
2025-01-14,Chhatrapati Sambhajinagar,5.0,27.2,False,none,0.0,False,none
2025-01-14,Thane,1.7,28.1,False,none,0.0,False,none
2025-01-14,Amravati,5.2,30.9,True,seasonal_flu,0.66,False,none
2025-01-14,Jaipur,0.2,24.0,False,none,0.0,False,none
2025-01-14,Jodhpur,0.0,26.9,False,none,0.0,False,none
2025-01-14,Bikaner,0.0,24.6,False,none,0.0,False,none
2025-01-14,Udaipur,0.0,30.3,False,none,0.0,False,none
2025-01-14,Kota,0.0,24.9,False,none,0.0,False,none
2025-01-14,Barmer,1.3,26.7,False,none,0.0,False,none
2025-01-14,Khordha,13.3,32.7,False,none,0.0,False,none
2025-01-14,Cuttack,1.3,28.5,False,none,0.0,False,none
2025-01-14,Puri,6.1,28.1,False,none,0.0,False,none
2025-01-14,Balasore,4.1,25.8,False,none,0.0,False,none
2025-01-14,Mayurbhanj,2.0,28.7,False,none,0.0,False,none
2025-01-14,Ganjam,7.3,24.2,False,none,0.0,False,none
2025-01-14,Kamrup,3.7,26.2,False,none,0.0,False,none
2025-01-14,Dibrugarh,5.6,26.6,False,none,0.0,False,none
2025-01-14,Cachar,13.4,21.3,False,none,0.0,False,none
2025-01-14,Jorhat,4.2,25.9,False,none,0.0,False,none
2025-01-14,Nagaon,6.5,21.3,False,none,0.0,False,none
2025-01-14,Sonitpur,8.3,25.2,False,none,0.0,False,none
2025-01-15,Vellore,0.1,28.7,False,none,0.0,False,none
2025-01-15,Krishnagiri,0.3,30.6,False,none,0.0,False,none
2025-01-15,Tiruvannamalai,5.1,27.1,False,none,0.0,False,none
2025-01-15,Salem,0.6,30.5,False,none,0.0,False,none
2025-01-15,Madurai,0.0,29.1,False,none,0.0,False,none
2025-01-15,Coimbatore,4.0,29.1,False,none,0.0,False,none
2025-01-15,Pune,0.1,27.2,False,none,0.0,False,none
2025-01-15,Nagpur,2.8,29.3,False,none,0.0,False,none
2025-01-15,Nashik,0.0,24.8,False,none,0.0,False,none
2025-01-15,Chhatrapati Sambhajinagar,0.8,29.8,False,none,0.0,False,none
2025-01-15,Thane,1.4,25.5,False,none,0.0,False,none
2025-01-15,Amravati,0.5,23.3,True,seasonal_flu,0.66,False,none
2025-01-15,Jaipur,0.0,32.3,False,none,0.0,False,none
2025-01-15,Jodhpur,0.0,28.5,False,none,0.0,False,none
2025-01-15,Bikaner,0.0,22.8,False,none,0.0,False,none
2025-01-15,Udaipur,0.6,24.4,False,none,0.0,False,none
2025-01-15,Kota,0.0,25.5,False,none,0.0,False,none
2025-01-15,Barmer,0.0,30.2,False,none,0.0,False,none
2025-01-15,Khordha,3.1,32.9,False,none,0.0,False,none
2025-01-15,Cuttack,5.2,29.3,False,none,0.0,False,none
2025-01-15,Puri,5.8,29.9,False,none,0.0,False,none
2025-01-15,Balasore,0.3,29.8,False,none,0.0,False,none
2025-01-15,Mayurbhanj,0.9,29.6,False,none,0.0,False,none
2025-01-15,Ganjam,3.7,27.5,False,none,0.0,False,none
2025-01-15,Kamrup,3.5,29.0,False,none,0.0,False,none
2025-01-15,Dibrugarh,12.6,23.7,False,none,0.0,False,none
2025-01-15,Cachar,7.2,26.0,False,none,0.0,False,none
2025-01-15,Jorhat,18.6,27.6,False,none,0.0,False,none
2025-01-15,Nagaon,0.7,27.5,False,none,0.0,False,none
2025-01-15,Sonitpur,10.1,26.2,False,none,0.0,False,none
2025-01-16,Vellore,1.1,32.0,False,none,0.0,False,none
2025-01-16,Krishnagiri,2.0,27.7,False,none,0.0,False,none
2025-01-16,Tiruvannamalai,4.0,31.7,False,none,0.0,False,none
2025-01-16,Salem,2.4,30.3,False,none,0.0,False,none
2025-01-16,Madurai,0.2,27.8,False,none,0.0,False,none
2025-01-16,Coimbatore,0.0,29.9,False,none,0.0,False,none
2025-01-16,Pune,1.2,31.3,False,none,0.0,False,none
2025-01-16,Nagpur,1.2,30.5,False,none,0.0,False,none
2025-01-16,Nashik,3.5,30.0,False,none,0.0,False,none
2025-01-16,Chhatrapati Sambhajinagar,1.2,29.9,False,none,0.0,False,none
2025-01-16,Thane,0.8,30.0,False,none,0.0,False,none
2025-01-16,Amravati,1.1,20.8,True,seasonal_flu,0.66,False,none
2025-01-16,Jaipur,0.1,29.7,False,none,0.0,False,none
2025-01-16,Jodhpur,0.3,25.6,False,none,0.0,False,none
2025-01-16,Bikaner,0.0,22.9,False,none,0.0,False,none
2025-01-16,Udaipur,2.3,25.5,False,none,0.0,False,none
2025-01-16,Kota,0.0,24.7,False,none,0.0,False,none
2025-01-16,Barmer,0.0,25.6,False,none,0.0,False,none
2025-01-16,Khordha,2.3,31.9,False,none,0.0,False,none
2025-01-16,Cuttack,4.3,29.6,False,none,0.0,False,none
2025-01-16,Puri,9.6,27.3,False,none,0.0,False,none
2025-01-16,Balasore,0.4,28.9,False,none,0.0,False,none
2025-01-16,Mayurbhanj,0.8,31.4,False,none,0.0,False,none
2025-01-16,Ganjam,3.6,28.9,False,none,0.0,False,none
2025-01-16,Kamrup,4.6,27.8,False,none,0.0,False,none
2025-01-16,Dibrugarh,2.5,26.1,False,none,0.0,False,none
2025-01-16,Cachar,9.7,25.3,False,none,0.0,False,none
2025-01-16,Jorhat,5.1,26.9,False,none,0.0,False,none
2025-01-16,Nagaon,1.8,26.5,False,none,0.0,False,none
2025-01-16,Sonitpur,8.6,26.1,False,none,0.0,False,none
2025-01-17,Vellore,0.5,22.4,False,none,0.0,False,none
2025-01-17,Krishnagiri,6.9,25.8,False,none,0.0,False,none
2025-01-17,Tiruvannamalai,0.0,31.8,False,none,0.0,False,none
2025-01-17,Salem,7.6,33.6,False,none,0.0,False,none
2025-01-17,Madurai,1.8,30.3,False,none,0.0,False,none
2025-01-17,Coimbatore,4.1,30.1,False,none,0.0,False,none
2025-01-17,Pune,0.1,27.0,False,none,0.0,False,none
2025-01-17,Nagpur,2.0,31.3,False,none,0.0,False,none
2025-01-17,Nashik,2.2,24.7,False,none,0.0,False,none
2025-01-17,Chhatrapati Sambhajinagar,3.3,28.0,False,none,0.0,False,none
2025-01-17,Thane,0.3,31.4,False,none,0.0,False,none
2025-01-17,Amravati,1.7,31.0,True,seasonal_flu,0.66,False,none
2025-01-17,Jaipur,0.5,30.0,False,none,0.0,False,none
2025-01-17,Jodhpur,0.4,21.6,False,none,0.0,False,none
2025-01-17,Bikaner,1.0,21.9,False,none,0.0,False,none
2025-01-17,Udaipur,0.0,22.4,False,none,0.0,False,none
2025-01-17,Kota,0.3,26.1,False,none,0.0,False,none
2025-01-17,Barmer,0.0,25.5,False,none,0.0,False,none
2025-01-17,Khordha,0.4,28.1,False,none,0.0,False,none
2025-01-17,Cuttack,7.2,29.7,False,none,0.0,False,none
2025-01-17,Puri,1.3,30.0,False,none,0.0,False,none
2025-01-17,Balasore,1.6,28.0,False,none,0.0,False,none
2025-01-17,Mayurbhanj,2.2,29.4,False,none,0.0,False,none
2025-01-17,Ganjam,3.0,31.6,False,none,0.0,False,none
2025-01-17,Kamrup,5.0,26.3,False,none,0.0,False,none
2025-01-17,Dibrugarh,15.2,26.6,False,none,0.0,False,none
2025-01-17,Cachar,7.5,27.5,False,none,0.0,False,none
2025-01-17,Jorhat,12.3,25.9,False,none,0.0,False,none
2025-01-17,Nagaon,2.8,22.6,False,none,0.0,False,none
2025-01-17,Sonitpur,12.1,24.4,False,none,0.0,False,none
2025-01-18,Vellore,2.3,35.5,False,none,0.0,False,none
2025-01-18,Krishnagiri,5.0,31.6,False,none,0.0,False,none
2025-01-18,Tiruvannamalai,4.3,29.0,False,none,0.0,False,none
2025-01-18,Salem,3.9,33.8,False,none,0.0,False,none
2025-01-18,Madurai,2.0,29.2,False,none,0.0,False,none
2025-01-18,Coimbatore,7.4,31.8,False,none,0.0,False,none
2025-01-18,Pune,2.4,26.2,False,none,0.0,False,none
2025-01-18,Nagpur,1.6,32.6,False,none,0.0,False,none
2025-01-18,Nashik,1.1,34.3,False,none,0.0,False,none
2025-01-18,Chhatrapati Sambhajinagar,4.5,29.9,False,none,0.0,False,none
2025-01-18,Thane,2.0,27.3,False,none,0.0,False,none
2025-01-18,Amravati,0.5,30.6,True,seasonal_flu,0.66,False,none
2025-01-18,Jaipur,0.0,25.1,False,none,0.0,False,none
2025-01-18,Jodhpur,1.4,28.8,False,none,0.0,False,none
2025-01-18,Bikaner,0.1,23.8,False,none,0.0,False,none
2025-01-18,Udaipur,0.0,28.8,False,none,0.0,False,none
2025-01-18,Kota,0.1,27.4,False,none,0.0,False,none
2025-01-18,Barmer,0.0,25.8,False,none,0.0,False,none
2025-01-18,Khordha,1.6,28.2,False,none,0.0,False,none
2025-01-18,Cuttack,9.9,27.8,False,none,0.0,False,none
2025-01-18,Puri,4.8,32.3,False,none,0.0,False,none
2025-01-18,Balasore,0.2,27.0,False,none,0.0,False,none
2025-01-18,Mayurbhanj,3.0,29.7,False,none,0.0,False,none
2025-01-18,Ganjam,8.4,30.0,False,none,0.0,False,none
2025-01-18,Kamrup,9.7,24.8,False,none,0.0,False,none
2025-01-18,Dibrugarh,13.3,26.1,False,none,0.0,False,none
2025-01-18,Cachar,8.6,22.3,False,none,0.0,False,none
2025-01-18,Jorhat,5.8,25.5,False,none,0.0,False,none
2025-01-18,Nagaon,1.7,25.0,False,none,0.0,False,none
2025-01-18,Sonitpur,10.9,24.2,False,none,0.0,False,none
2025-01-19,Vellore,1.1,26.2,False,none,0.0,False,none
2025-01-19,Krishnagiri,0.6,29.9,False,none,0.0,False,none
2025-01-19,Tiruvannamalai,5.9,29.3,False,none,0.0,False,none
2025-01-19,Salem,1.5,33.9,False,none,0.0,False,none
2025-01-19,Madurai,3.5,28.5,False,none,0.0,False,none
2025-01-19,Coimbatore,0.1,28.7,False,none,0.0,False,none
2025-01-19,Pune,0.5,26.1,False,none,0.0,False,none
2025-01-19,Nagpur,0.3,31.8,False,none,0.0,False,none
2025-01-19,Nashik,4.2,28.1,False,none,0.0,False,none
2025-01-19,Chhatrapati Sambhajinagar,5.4,31.4,False,none,0.0,False,none
2025-01-19,Thane,0.2,33.5,False,none,0.0,False,none
2025-01-19,Amravati,1.5,31.7,True,seasonal_flu,0.66,False,none
2025-01-19,Jaipur,1.7,28.1,False,none,0.0,False,none
2025-01-19,Jodhpur,1.4,28.1,False,none,0.0,False,none
2025-01-19,Bikaner,0.5,31.4,False,none,0.0,False,none
2025-01-19,Udaipur,0.0,28.4,False,none,0.0,False,none
2025-01-19,Kota,1.5,24.3,False,none,0.0,False,none
2025-01-19,Barmer,0.4,30.7,False,none,0.0,False,none
2025-01-19,Khordha,4.3,30.0,False,none,0.0,False,none
2025-01-19,Cuttack,14.6,26.8,False,none,0.0,False,none
2025-01-19,Puri,2.9,31.3,False,none,0.0,False,none
2025-01-19,Balasore,1.5,29.9,False,none,0.0,False,none
2025-01-19,Mayurbhanj,5.9,28.8,False,none,0.0,False,none
2025-01-19,Ganjam,11.4,27.4,False,none,0.0,False,none
2025-01-19,Kamrup,21.5,25.7,False,none,0.0,False,none
2025-01-19,Dibrugarh,8.2,23.4,False,none,0.0,False,none
2025-01-19,Cachar,15.7,25.9,False,none,0.0,False,none
2025-01-19,Jorhat,11.4,27.1,False,none,0.0,False,none
2025-01-19,Nagaon,0.1,25.8,False,none,0.0,False,none
2025-01-19,Sonitpur,5.7,29.0,False,none,0.0,False,none
2025-01-20,Vellore,2.9,37.1,False,none,0.0,False,none
2025-01-20,Krishnagiri,0.4,31.4,False,none,0.0,False,none
2025-01-20,Tiruvannamalai,7.4,27.1,False,none,0.0,False,none
2025-01-20,Salem,3.7,29.8,False,none,0.0,False,none
2025-01-20,Madurai,3.3,29.8,False,none,0.0,False,none
2025-01-20,Coimbatore,0.9,31.3,False,none,0.0,False,none
2025-01-20,Pune,0.1,29.4,False,none,0.0,False,none
2025-01-20,Nagpur,2.0,28.7,False,none,0.0,False,none
2025-01-20,Nashik,0.2,28.8,False,none,0.0,False,none
2025-01-20,Chhatrapati Sambhajinagar,0.1,22.9,False,none,0.0,False,none
2025-01-20,Thane,0.6,24.7,False,none,0.0,False,none
2025-01-20,Amravati,3.1,27.6,True,seasonal_flu,0.66,False,none
2025-01-20,Jaipur,0.5,34.0,False,none,0.0,False,none
2025-01-20,Jodhpur,0.0,21.1,False,none,0.0,False,none
2025-01-20,Bikaner,0.3,27.4,False,none,0.0,False,none
2025-01-20,Udaipur,0.0,28.2,False,none,0.0,False,none
2025-01-20,Kota,0.1,29.3,False,none,0.0,False,none
2025-01-20,Barmer,0.0,26.3,False,none,0.0,False,none
2025-01-20,Khordha,0.8,31.9,False,none,0.0,False,none
2025-01-20,Cuttack,4.4,27.9,False,none,0.0,False,none
2025-01-20,Puri,1.0,35.1,False,none,0.0,False,none
2025-01-20,Balasore,7.5,29.3,False,none,0.0,False,none
2025-01-20,Mayurbhanj,2.0,32.0,False,none,0.0,False,none
2025-01-20,Ganjam,3.0,29.7,False,none,0.0,False,none
2025-01-20,Kamrup,2.7,24.1,False,none,0.0,False,none
2025-01-20,Dibrugarh,9.2,29.2,False,none,0.0,False,none
2025-01-20,Cachar,19.4,26.5,False,none,0.0,False,none
2025-01-20,Jorhat,15.8,25.9,False,none,0.0,False,none
2025-01-20,Nagaon,9.7,26.4,False,none,0.0,False,none
2025-01-20,Sonitpur,16.2,27.3,False,none,0.0,False,none
2025-01-21,Vellore,4.0,27.0,False,none,0.0,False,none
2025-01-21,Krishnagiri,1.1,29.6,False,none,0.0,False,none
2025-01-21,Tiruvannamalai,0.7,29.6,False,none,0.0,False,none
2025-01-21,Salem,9.6,24.4,False,none,0.0,False,none
2025-01-21,Madurai,9.6,29.7,False,none,0.0,False,none
2025-01-21,Coimbatore,2.3,28.0,False,none,0.0,False,none
2025-01-21,Pune,0.1,27.5,False,none,0.0,False,none
2025-01-21,Nagpur,0.1,25.6,False,none,0.0,False,none
2025-01-21,Nashik,1.4,31.2,False,none,0.0,False,none
2025-01-21,Chhatrapati Sambhajinagar,2.2,23.6,False,none,0.0,False,none
2025-01-21,Thane,0.0,25.7,False,none,0.0,False,none
2025-01-21,Amravati,0.2,27.6,True,seasonal_flu,0.66,False,none
2025-01-21,Jaipur,0.1,23.9,False,none,0.0,False,none
2025-01-21,Jodhpur,0.0,28.1,False,none,0.0,False,none
2025-01-21,Bikaner,0.0,32.1,False,none,0.0,False,none
2025-01-21,Udaipur,0.0,28.8,False,none,0.0,False,none
2025-01-21,Kota,0.0,23.5,False,none,0.0,False,none
2025-01-21,Barmer,0.2,21.5,False,none,0.0,False,none
2025-01-21,Khordha,6.3,27.1,False,none,0.0,False,none
2025-01-21,Cuttack,14.7,32.9,False,none,0.0,False,none
2025-01-21,Puri,2.9,27.4,False,none,0.0,False,none
2025-01-21,Balasore,3.8,25.8,False,none,0.0,False,none
2025-01-21,Mayurbhanj,4.0,27.2,False,none,0.0,False,none
2025-01-21,Ganjam,8.8,30.4,False,none,0.0,False,none
2025-01-21,Kamrup,13.2,21.6,False,none,0.0,False,none
2025-01-21,Dibrugarh,6.7,24.3,False,none,0.0,False,none
2025-01-21,Cachar,2.6,21.2,False,none,0.0,False,none
2025-01-21,Jorhat,5.0,24.2,False,none,0.0,False,none
2025-01-21,Nagaon,1.3,24.6,False,none,0.0,False,none
2025-01-21,Sonitpur,3.3,25.4,False,none,0.0,False,none
2025-01-22,Vellore,0.1,26.7,False,none,0.0,False,none
2025-01-22,Krishnagiri,3.5,28.1,False,none,0.0,False,none
2025-01-22,Tiruvannamalai,1.1,33.6,False,none,0.0,False,none
2025-01-22,Salem,2.0,28.0,False,none,0.0,False,none
2025-01-22,Madurai,2.4,28.9,False,none,0.0,False,none
2025-01-22,Coimbatore,13.6,31.2,False,none,0.0,False,none
2025-01-22,Pune,4.4,29.3,False,none,0.0,False,none
2025-01-22,Nagpur,5.2,29.7,False,none,0.0,False,none
2025-01-22,Nashik,1.8,24.5,True,seasonal_flu,0.61,False,none
2025-01-22,Chhatrapati Sambhajinagar,0.5,28.2,False,none,0.0,False,none
2025-01-22,Thane,0.1,25.0,False,none,0.0,False,none
2025-01-22,Amravati,1.0,28.5,False,none,0.0,False,none
2025-01-22,Jaipur,0.0,26.5,False,none,0.0,False,none
2025-01-22,Jodhpur,0.0,31.0,False,none,0.0,False,none
2025-01-22,Bikaner,0.2,25.4,False,none,0.0,False,none
2025-01-22,Udaipur,0.0,29.0,False,none,0.0,False,none
2025-01-22,Kota,0.1,21.6,False,none,0.0,False,none
2025-01-22,Barmer,0.0,26.6,False,none,0.0,False,none
2025-01-22,Khordha,5.8,29.7,False,none,0.0,False,none
2025-01-22,Cuttack,2.3,34.1,False,none,0.0,False,none
2025-01-22,Puri,0.1,26.6,False,none,0.0,False,none
2025-01-22,Balasore,16.8,26.3,False,none,0.0,False,none
2025-01-22,Mayurbhanj,6.3,31.8,False,none,0.0,False,none
2025-01-22,Ganjam,3.7,29.3,False,none,0.0,False,none
2025-01-22,Kamrup,16.1,25.1,False,none,0.0,False,none
2025-01-22,Dibrugarh,6.7,27.5,False,none,0.0,False,none
2025-01-22,Cachar,6.6,21.6,False,none,0.0,False,none
2025-01-22,Jorhat,2.8,23.3,False,none,0.0,False,none
2025-01-22,Nagaon,5.3,24.4,False,none,0.0,False,none
2025-01-22,Sonitpur,5.5,27.2,False,none,0.0,False,none
2025-01-23,Vellore,0.6,30.6,False,none,0.0,False,none
2025-01-23,Krishnagiri,1.4,29.8,False,none,0.0,False,none
2025-01-23,Tiruvannamalai,0.2,32.9,False,none,0.0,False,none
2025-01-23,Salem,0.4,31.5,False,none,0.0,False,none
2025-01-23,Madurai,6.3,31.9,False,none,0.0,False,none
2025-01-23,Coimbatore,0.4,31.8,False,none,0.0,False,none
2025-01-23,Pune,0.3,31.9,False,none,0.0,False,none
2025-01-23,Nagpur,1.3,27.4,False,none,0.0,False,none
2025-01-23,Nashik,1.1,31.0,True,seasonal_flu,0.61,False,none
2025-01-23,Chhatrapati Sambhajinagar,2.0,25.4,False,none,0.0,False,none
2025-01-23,Thane,0.3,31.8,False,none,0.0,False,none
2025-01-23,Amravati,0.1,27.5,False,none,0.0,False,none
2025-01-23,Jaipur,0.0,22.7,False,none,0.0,False,none
2025-01-23,Jodhpur,0.2,22.5,False,none,0.0,False,none
2025-01-23,Bikaner,0.1,26.0,False,none,0.0,False,none
2025-01-23,Udaipur,0.0,30.7,False,none,0.0,False,none
2025-01-23,Kota,0.0,24.4,False,none,0.0,False,none
2025-01-23,Barmer,0.0,23.8,False,none,0.0,False,none
2025-01-23,Khordha,7.2,28.3,False,none,0.0,False,none
2025-01-23,Cuttack,5.0,27.9,False,none,0.0,False,none
2025-01-23,Puri,2.7,28.2,False,none,0.0,False,none
2025-01-23,Balasore,11.3,29.1,False,none,0.0,False,none
2025-01-23,Mayurbhanj,11.3,27.4,False,none,0.0,False,none
2025-01-23,Ganjam,1.0,25.5,False,none,0.0,False,none
2025-01-23,Kamrup,2.4,25.7,False,none,0.0,False,none
2025-01-23,Dibrugarh,3.8,22.4,False,none,0.0,False,none
2025-01-23,Cachar,3.1,25.8,False,none,0.0,False,none
2025-01-23,Jorhat,22.2,25.9,False,none,0.0,False,none
2025-01-23,Nagaon,4.0,26.7,False,none,0.0,False,none
2025-01-23,Sonitpur,14.8,26.3,False,none,0.0,False,none
2025-01-24,Vellore,0.2,27.4,False,none,0.0,False,none
2025-01-24,Krishnagiri,3.1,32.2,False,none,0.0,False,none
2025-01-24,Tiruvannamalai,0.4,30.5,False,none,0.0,False,none
2025-01-24,Salem,1.8,25.3,False,none,0.0,False,none
2025-01-24,Madurai,0.0,28.0,False,none,0.0,False,none
2025-01-24,Coimbatore,6.7,31.6,False,none,0.0,False,none
2025-01-24,Pune,0.2,31.8,False,none,0.0,False,none
2025-01-24,Nagpur,5.0,30.7,False,none,0.0,False,none
2025-01-24,Nashik,1.2,29.0,True,seasonal_flu,0.61,False,none
2025-01-24,Chhatrapati Sambhajinagar,0.6,25.3,False,none,0.0,False,none
2025-01-24,Thane,1.2,31.8,False,none,0.0,False,none
2025-01-24,Amravati,0.2,29.2,False,none,0.0,False,none
2025-01-24,Jaipur,0.0,26.4,False,none,0.0,False,none
2025-01-24,Jodhpur,0.0,29.1,False,none,0.0,False,none
2025-01-24,Bikaner,0.0,26.2,False,none,0.0,False,none
2025-01-24,Udaipur,0.0,27.7,False,none,0.0,False,none
2025-01-24,Kota,0.0,31.7,False,none,0.0,False,none
2025-01-24,Barmer,0.0,26.5,False,none,0.0,False,none
2025-01-24,Khordha,4.8,28.7,False,none,0.0,False,none
2025-01-24,Cuttack,1.4,31.2,False,none,0.0,False,none
2025-01-24,Puri,8.5,28.9,False,none,0.0,False,none
2025-01-24,Balasore,7.2,28.2,False,none,0.0,False,none
2025-01-24,Mayurbhanj,7.0,29.8,False,none,0.0,False,none
2025-01-24,Ganjam,9.1,27.6,False,none,0.0,False,none
2025-01-24,Kamrup,3.7,28.3,False,none,0.0,False,none
2025-01-24,Dibrugarh,5.7,28.2,False,none,0.0,False,none
2025-01-24,Cachar,7.5,25.7,False,none,0.0,False,none
2025-01-24,Jorhat,4.9,24.6,False,none,0.0,False,none
2025-01-24,Nagaon,20.6,23.9,False,none,0.0,False,none
2025-01-24,Sonitpur,2.6,23.4,False,none,0.0,False,none
2025-01-25,Vellore,10.0,24.2,False,none,0.0,False,none
2025-01-25,Krishnagiri,5.3,31.1,False,none,0.0,False,none
2025-01-25,Tiruvannamalai,0.6,28.8,False,none,0.0,False,none
2025-01-25,Salem,0.2,32.5,False,none,0.0,False,none
2025-01-25,Madurai,4.9,27.7,False,none,0.0,False,none
2025-01-25,Coimbatore,1.3,31.1,False,none,0.0,False,none
2025-01-25,Pune,2.0,25.7,False,none,0.0,False,none
2025-01-25,Nagpur,0.2,31.0,False,none,0.0,False,none
2025-01-25,Nashik,5.3,29.5,True,seasonal_flu,0.61,False,none
2025-01-25,Chhatrapati Sambhajinagar,6.5,32.5,False,none,0.0,False,none
2025-01-25,Thane,2.0,30.6,False,none,0.0,False,none
2025-01-25,Amravati,0.0,27.7,False,none,0.0,False,none
2025-01-25,Jaipur,0.0,25.1,False,none,0.0,False,none
2025-01-25,Jodhpur,0.0,22.8,False,none,0.0,False,none
2025-01-25,Bikaner,0.3,28.2,False,none,0.0,False,none
2025-01-25,Udaipur,0.0,30.1,False,none,0.0,False,none
2025-01-25,Kota,0.0,27.5,False,none,0.0,False,none
2025-01-25,Barmer,0.0,25.6,False,none,0.0,False,none
2025-01-25,Khordha,1.8,27.1,False,none,0.0,False,none
2025-01-25,Cuttack,6.3,32.0,False,none,0.0,False,none
2025-01-25,Puri,4.1,28.8,False,none,0.0,False,none
2025-01-25,Balasore,1.0,26.0,False,none,0.0,False,none
2025-01-25,Mayurbhanj,0.3,27.5,False,none,0.0,False,none
2025-01-25,Ganjam,3.7,27.7,False,none,0.0,False,none
2025-01-25,Kamrup,5.7,25.0,False,none,0.0,False,none
2025-01-25,Dibrugarh,11.3,27.2,False,none,0.0,False,none
2025-01-25,Cachar,10.3,27.7,False,none,0.0,False,none
2025-01-25,Jorhat,4.4,24.7,False,none,0.0,False,none
2025-01-25,Nagaon,5.6,25.7,False,none,0.0,False,none
2025-01-25,Sonitpur,10.1,28.0,False,none,0.0,False,none
2025-01-26,Vellore,2.3,29.9,False,none,0.0,False,none
2025-01-26,Krishnagiri,0.0,26.8,False,none,0.0,False,none
2025-01-26,Tiruvannamalai,0.1,23.3,False,none,0.0,False,none
2025-01-26,Salem,0.2,28.0,False,none,0.0,False,none
2025-01-26,Madurai,1.6,32.6,False,none,0.0,False,none
2025-01-26,Coimbatore,2.5,33.2,False,none,0.0,False,none
2025-01-26,Pune,1.6,26.8,False,none,0.0,False,none
2025-01-26,Nagpur,1.3,26.6,False,none,0.0,False,none
2025-01-26,Nashik,1.2,27.7,True,seasonal_flu,0.61,False,none
2025-01-26,Chhatrapati Sambhajinagar,0.2,30.7,False,none,0.0,False,none
2025-01-26,Thane,0.4,23.7,False,none,0.0,False,none
2025-01-26,Amravati,0.4,31.2,False,none,0.0,False,none
2025-01-26,Jaipur,0.4,27.9,False,none,0.0,False,none
2025-01-26,Jodhpur,0.4,32.2,False,none,0.0,False,none
2025-01-26,Bikaner,0.1,27.7,False,none,0.0,False,none
2025-01-26,Udaipur,0.0,29.5,False,none,0.0,False,none
2025-01-26,Kota,1.4,21.6,False,none,0.0,False,none
2025-01-26,Barmer,0.0,29.1,False,none,0.0,False,none
2025-01-26,Khordha,7.3,30.7,False,none,0.0,False,none
2025-01-26,Cuttack,2.7,25.5,False,none,0.0,False,none
2025-01-26,Puri,2.2,29.5,False,none,0.0,False,none
2025-01-26,Balasore,0.3,30.6,False,none,0.0,False,none
2025-01-26,Mayurbhanj,6.4,31.7,False,none,0.0,False,none
2025-01-26,Ganjam,1.3,24.8,False,none,0.0,False,none
2025-01-26,Kamrup,13.4,23.3,False,none,0.0,False,none
2025-01-26,Dibrugarh,12.3,26.5,False,none,0.0,False,none
2025-01-26,Cachar,0.5,27.9,False,none,0.0,False,none
2025-01-26,Jorhat,4.1,25.0,False,none,0.0,False,none
2025-01-26,Nagaon,9.4,28.3,False,none,0.0,False,none
2025-01-26,Sonitpur,4.2,27.8,False,none,0.0,False,none
2025-01-27,Vellore,0.5,27.5,False,none,0.0,False,none
2025-01-27,Krishnagiri,1.3,30.4,False,none,0.0,False,none
2025-01-27,Tiruvannamalai,0.1,32.5,False,none,0.0,False,none
2025-01-27,Salem,0.7,35.1,False,none,0.0,False,none
2025-01-27,Madurai,2.1,26.4,False,none,0.0,False,none
2025-01-27,Coimbatore,7.4,29.1,False,none,0.0,False,none
2025-01-27,Pune,0.8,25.9,False,none,0.0,False,none
2025-01-27,Nagpur,2.5,29.8,False,none,0.0,False,none
2025-01-27,Nashik,8.5,32.0,True,seasonal_flu,0.61,False,none
2025-01-27,Chhatrapati Sambhajinagar,2.1,28.3,False,none,0.0,False,none
2025-01-27,Thane,1.7,28.6,False,none,0.0,False,none
2025-01-27,Amravati,0.1,28.1,False,none,0.0,False,none
2025-01-27,Jaipur,0.0,25.9,False,none,0.0,False,none
2025-01-27,Jodhpur,0.0,24.5,False,none,0.0,False,none
2025-01-27,Bikaner,0.8,26.6,False,none,0.0,False,none
2025-01-27,Udaipur,0.4,29.1,False,none,0.0,False,none
2025-01-27,Kota,0.0,27.9,False,none,0.0,False,none
2025-01-27,Barmer,0.0,29.3,False,none,0.0,False,none
2025-01-27,Khordha,4.6,28.4,False,none,0.0,False,none
2025-01-27,Cuttack,1.4,32.0,False,none,0.0,False,none
2025-01-27,Puri,2.8,32.7,False,none,0.0,False,none
2025-01-27,Balasore,1.7,29.4,False,none,0.0,False,none
2025-01-27,Mayurbhanj,7.4,29.7,False,none,0.0,False,none
2025-01-27,Ganjam,6.3,31.0,False,none,0.0,False,none
2025-01-27,Kamrup,1.8,23.6,False,none,0.0,False,none
2025-01-27,Dibrugarh,10.3,22.2,False,none,0.0,False,none
2025-01-27,Cachar,25.8,27.5,False,none,0.0,False,none
2025-01-27,Jorhat,4.2,26.7,False,none,0.0,False,none
2025-01-27,Nagaon,26.1,24.4,False,none,0.0,False,none
2025-01-27,Sonitpur,7.7,26.9,False,none,0.0,False,none
2025-01-28,Vellore,2.6,26.8,False,none,0.0,False,none
2025-01-28,Krishnagiri,3.1,30.6,False,none,0.0,False,none
2025-01-28,Tiruvannamalai,0.2,32.9,False,none,0.0,False,none
2025-01-28,Salem,1.3,31.3,False,none,0.0,False,none
2025-01-28,Madurai,0.2,27.3,False,none,0.0,False,none
2025-01-28,Coimbatore,0.9,33.2,False,none,0.0,False,none
2025-01-28,Pune,1.9,28.3,False,none,0.0,False,none
2025-01-28,Nagpur,1.4,33.2,True,seasonal_flu,0.62,False,none
2025-01-28,Nashik,2.9,28.8,True,seasonal_flu,0.61,False,none
2025-01-28,Chhatrapati Sambhajinagar,0.5,29.6,False,none,0.0,False,none
2025-01-28,Thane,0.4,28.7,False,none,0.0,False,none
2025-01-28,Amravati,6.1,27.8,False,none,0.0,False,none
2025-01-28,Jaipur,0.3,30.3,False,none,0.0,False,none
2025-01-28,Jodhpur,0.0,30.4,False,none,0.0,False,none
2025-01-28,Bikaner,0.5,30.2,False,none,0.0,False,none
2025-01-28,Udaipur,0.0,30.8,False,none,0.0,False,none
2025-01-28,Kota,0.1,26.7,False,none,0.0,False,none
2025-01-28,Barmer,0.2,23.0,False,none,0.0,False,none
2025-01-28,Khordha,7.8,30.6,False,none,0.0,False,none
2025-01-28,Cuttack,4.8,29.0,False,none,0.0,False,none
2025-01-28,Puri,14.6,27.1,False,none,0.0,False,none
2025-01-28,Balasore,5.4,27.6,False,none,0.0,False,none
2025-01-28,Mayurbhanj,5.9,27.4,False,none,0.0,False,none
2025-01-28,Ganjam,4.1,30.6,False,none,0.0,False,none
2025-01-28,Kamrup,8.0,24.6,False,none,0.0,False,none
2025-01-28,Dibrugarh,7.6,26.4,False,none,0.0,False,none
2025-01-28,Cachar,0.7,22.1,False,none,0.0,False,none
2025-01-28,Jorhat,6.1,24.0,False,none,0.0,False,none
2025-01-28,Nagaon,14.1,26.7,False,none,0.0,False,none
2025-01-28,Sonitpur,8.7,28.1,False,none,0.0,False,none
2025-01-29,Vellore,1.4,29.6,False,none,0.0,True,measles_drive
2025-01-29,Krishnagiri,0.8,28.5,False,none,0.0,True,general_immunization
2025-01-29,Tiruvannamalai,2.5,25.6,False,none,0.0,True,tetanus_drive
2025-01-29,Salem,2.1,28.2,False,none,0.0,True,general_immunization
2025-01-29,Madurai,0.4,28.6,False,none,0.0,True,measles_drive
2025-01-29,Coimbatore,2.0,30.5,False,none,0.0,True,general_immunization
2025-01-29,Pune,0.6,27.9,False,none,0.0,True,general_immunization
2025-01-29,Nagpur,1.1,28.3,True,seasonal_flu,0.62,True,tetanus_drive
2025-01-29,Nashik,0.3,24.1,True,seasonal_flu,0.61,True,general_immunization
2025-01-29,Chhatrapati Sambhajinagar,1.6,28.0,False,none,0.0,True,tetanus_drive
2025-01-29,Thane,3.5,27.9,False,none,0.0,True,tetanus_drive
2025-01-29,Amravati,3.0,29.5,False,none,0.0,True,tetanus_drive
2025-01-29,Jaipur,0.0,32.6,False,none,0.0,True,tetanus_drive
2025-01-29,Jodhpur,0.0,28.7,False,none,0.0,True,tetanus_drive
2025-01-29,Bikaner,0.0,27.4,False,none,0.0,True,tetanus_drive
2025-01-29,Udaipur,0.0,25.0,False,none,0.0,True,measles_drive
2025-01-29,Kota,0.0,29.1,False,none,0.0,True,tetanus_drive
2025-01-29,Barmer,0.0,22.0,False,none,0.0,True,general_immunization
2025-01-29,Khordha,4.5,27.1,False,none,0.0,True,tetanus_drive
2025-01-29,Cuttack,2.1,27.1,False,none,0.0,True,tetanus_drive
2025-01-29,Puri,4.5,29.8,False,none,0.0,True,general_immunization
2025-01-29,Balasore,3.7,27.6,False,none,0.0,True,measles_drive
2025-01-29,Mayurbhanj,5.5,26.7,False,none,0.0,True,tetanus_drive
2025-01-29,Ganjam,12.0,28.8,False,none,0.0,True,tetanus_drive
2025-01-29,Kamrup,15.2,27.0,False,none,0.0,True,tetanus_drive
2025-01-29,Dibrugarh,11.8,26.2,False,none,0.0,True,general_immunization
2025-01-29,Cachar,5.6,24.5,False,none,0.0,True,tetanus_drive
2025-01-29,Jorhat,0.4,24.4,False,none,0.0,True,tetanus_drive
2025-01-29,Nagaon,7.1,26.2,False,none,0.0,True,tetanus_drive
2025-01-29,Sonitpur,2.8,28.0,False,none,0.0,True,tetanus_drive
2025-01-30,Vellore,0.5,30.6,False,none,0.0,True,tetanus_drive
2025-01-30,Krishnagiri,1.9,29.5,False,none,0.0,True,general_immunization
2025-01-30,Tiruvannamalai,3.9,33.9,False,none,0.0,True,tetanus_drive
2025-01-30,Salem,2.4,32.1,False,none,0.0,True,measles_drive
2025-01-30,Madurai,0.4,31.7,False,none,0.0,True,general_immunization
2025-01-30,Coimbatore,0.7,30.9,False,none,0.0,True,tetanus_drive
2025-01-30,Pune,0.0,27.9,False,none,0.0,True,measles_drive
2025-01-30,Nagpur,0.0,27.9,True,seasonal_flu,0.62,True,general_immunization
2025-01-30,Nashik,1.5,23.3,True,seasonal_flu,0.61,True,tetanus_drive
2025-01-30,Chhatrapati Sambhajinagar,1.9,26.8,False,none,0.0,True,tetanus_drive
2025-01-30,Thane,1.0,28.6,False,none,0.0,True,tetanus_drive
2025-01-30,Amravati,0.1,29.8,False,none,0.0,True,measles_drive
2025-01-30,Jaipur,0.0,27.1,False,none,0.0,True,general_immunization
2025-01-30,Jodhpur,0.2,25.5,False,none,0.0,True,measles_drive
2025-01-30,Bikaner,0.0,27.4,False,none,0.0,True,general_immunization
2025-01-30,Udaipur,0.2,26.5,False,none,0.0,True,general_immunization
2025-01-30,Kota,0.0,26.1,False,none,0.0,True,general_immunization
2025-01-30,Barmer,0.0,30.8,False,none,0.0,True,general_immunization
2025-01-30,Khordha,5.5,28.5,False,none,0.0,True,measles_drive
2025-01-30,Cuttack,4.4,31.3,False,none,0.0,True,tetanus_drive
2025-01-30,Puri,7.1,26.1,False,none,0.0,True,general_immunization
2025-01-30,Balasore,3.7,28.0,False,none,0.0,True,tetanus_drive
2025-01-30,Mayurbhanj,5.6,34.3,False,none,0.0,True,measles_drive
2025-01-30,Ganjam,6.5,27.1,False,none,0.0,True,general_immunization
2025-01-30,Kamrup,7.5,28.5,False,none,0.0,True,general_immunization
2025-01-30,Dibrugarh,4.4,24.5,False,none,0.0,True,tetanus_drive
2025-01-30,Cachar,9.7,29.2,False,none,0.0,True,measles_drive
2025-01-30,Jorhat,4.5,27.5,False,none,0.0,True,tetanus_drive
2025-01-30,Nagaon,8.2,28.1,False,none,0.0,True,general_immunization
2025-01-30,Sonitpur,9.5,24.6,False,none,0.0,True,general_immunization
2025-01-31,Vellore,2.7,30.5,False,none,0.0,True,general_immunization
2025-01-31,Krishnagiri,2.5,30.5,False,none,0.0,True,tetanus_drive
2025-01-31,Tiruvannamalai,0.2,32.4,False,none,0.0,True,tetanus_drive
2025-01-31,Salem,2.4,28.8,False,none,0.0,True,general_immunization
2025-01-31,Madurai,2.3,35.0,False,none,0.0,True,tetanus_drive
2025-01-31,Coimbatore,3.2,28.3,False,none,0.0,True,measles_drive
2025-01-31,Pune,0.0,23.4,False,none,0.0,True,measles_drive
2025-01-31,Nagpur,0.6,27.0,True,seasonal_flu,0.62,True,tetanus_drive
2025-01-31,Nashik,2.5,29.1,True,seasonal_flu,0.61,True,tetanus_drive
2025-01-31,Chhatrapati Sambhajinagar,0.4,29.4,False,none,0.0,True,measles_drive
2025-01-31,Thane,1.7,31.1,False,none,0.0,True,tetanus_drive
2025-01-31,Amravati,0.4,28.6,False,none,0.0,True,tetanus_drive
2025-01-31,Jaipur,0.0,30.0,False,none,0.0,True,general_immunization
2025-01-31,Jodhpur,0.0,30.8,False,none,0.0,True,measles_drive
2025-01-31,Bikaner,0.0,25.7,False,none,0.0,True,tetanus_drive
2025-01-31,Udaipur,0.0,28.4,False,none,0.0,True,measles_drive
2025-01-31,Kota,0.0,29.5,False,none,0.0,True,measles_drive
2025-01-31,Barmer,0.0,26.6,False,none,0.0,True,general_immunization
2025-01-31,Khordha,3.5,28.6,False,none,0.0,True,general_immunization
2025-01-31,Cuttack,2.8,29.2,False,none,0.0,True,general_immunization
2025-01-31,Puri,5.3,29.7,False,none,0.0,True,measles_drive
2025-01-31,Balasore,0.8,27.9,False,none,0.0,True,measles_drive
2025-01-31,Mayurbhanj,0.3,28.0,False,none,0.0,True,tetanus_drive
2025-01-31,Ganjam,4.3,31.4,False,none,0.0,True,tetanus_drive
2025-01-31,Kamrup,14.6,25.8,False,none,0.0,True,general_immunization
2025-01-31,Dibrugarh,2.9,25.9,False,none,0.0,True,measles_drive
2025-01-31,Cachar,3.7,28.4,False,none,0.0,True,tetanus_drive
2025-01-31,Jorhat,2.2,25.4,False,none,0.0,True,tetanus_drive
2025-01-31,Nagaon,7.8,25.6,False,none,0.0,True,measles_drive
2025-01-31,Sonitpur,3.9,23.9,False,none,0.0,True,measles_drive
2025-02-01,Vellore,2.4,30.7,False,none,0.0,True,measles_drive
2025-02-01,Krishnagiri,3.4,29.7,False,none,0.0,True,tetanus_drive
2025-02-01,Tiruvannamalai,5.2,33.0,False,none,0.0,True,tetanus_drive
2025-02-01,Salem,6.1,31.2,False,none,0.0,True,general_immunization
2025-02-01,Madurai,9.5,30.1,False,none,0.0,True,general_immunization
2025-02-01,Coimbatore,7.3,28.7,False,none,0.0,True,general_immunization
2025-02-01,Pune,0.1,25.0,False,none,0.0,True,measles_drive
2025-02-01,Nagpur,1.8,30.6,True,seasonal_flu,0.62,True,general_immunization
2025-02-01,Nashik,0.1,30.3,True,seasonal_flu,0.61,True,measles_drive
2025-02-01,Chhatrapati Sambhajinagar,5.2,28.4,False,none,0.0,True,general_immunization
2025-02-01,Thane,0.4,32.8,False,none,0.0,True,tetanus_drive
2025-02-01,Amravati,3.6,24.7,False,none,0.0,True,general_immunization
2025-02-01,Jaipur,0.0,21.4,False,none,0.0,True,measles_drive
2025-02-01,Jodhpur,0.1,26.4,False,none,0.0,True,measles_drive
2025-02-01,Bikaner,0.4,21.6,False,none,0.0,True,measles_drive
2025-02-01,Udaipur,0.4,34.9,False,none,0.0,True,measles_drive
2025-02-01,Kota,0.9,27.2,False,none,0.0,True,general_immunization
2025-02-01,Barmer,0.0,28.3,False,none,0.0,True,general_immunization
2025-02-01,Khordha,0.6,29.4,False,none,0.0,True,general_immunization
2025-02-01,Cuttack,1.6,24.8,False,none,0.0,True,measles_drive
2025-02-01,Puri,13.6,33.9,False,none,0.0,True,measles_drive
2025-02-01,Balasore,4.2,26.5,False,none,0.0,True,tetanus_drive
2025-02-01,Mayurbhanj,20.9,27.3,False,none,0.0,True,tetanus_drive
2025-02-01,Ganjam,17.2,31.7,False,none,0.0,True,tetanus_drive
2025-02-01,Kamrup,2.9,27.4,False,none,0.0,True,general_immunization
2025-02-01,Dibrugarh,17.6,22.6,False,none,0.0,True,general_immunization
2025-02-01,Cachar,7.5,22.2,False,none,0.0,True,measles_drive
2025-02-01,Jorhat,4.2,24.8,False,none,0.0,True,general_immunization
2025-02-01,Nagaon,5.9,25.2,False,none,0.0,True,tetanus_drive
2025-02-01,Sonitpur,3.2,27.0,False,none,0.0,True,measles_drive
2025-02-02,Vellore,9.2,28.8,False,none,0.0,True,general_immunization
2025-02-02,Krishnagiri,8.4,30.3,False,none,0.0,True,general_immunization
2025-02-02,Tiruvannamalai,1.0,25.1,False,none,0.0,True,measles_drive
2025-02-02,Salem,1.7,27.8,False,none,0.0,True,tetanus_drive
2025-02-02,Madurai,19.5,32.3,False,none,0.0,True,measles_drive
2025-02-02,Coimbatore,1.5,26.0,False,none,0.0,True,measles_drive
2025-02-02,Pune,3.5,28.8,False,none,0.0,True,measles_drive
2025-02-02,Nagpur,2.9,32.1,True,seasonal_flu,0.62,True,general_immunization
2025-02-02,Nashik,0.3,24.6,True,seasonal_flu,0.61,True,measles_drive
2025-02-02,Chhatrapati Sambhajinagar,1.3,29.5,False,none,0.0,True,general_immunization
2025-02-02,Thane,1.2,25.0,False,none,0.0,True,measles_drive
2025-02-02,Amravati,10.0,28.4,False,none,0.0,True,measles_drive
2025-02-02,Jaipur,0.0,32.6,False,none,0.0,True,general_immunization
2025-02-02,Jodhpur,0.1,27.4,False,none,0.0,True,measles_drive
2025-02-02,Bikaner,0.7,28.1,False,none,0.0,True,general_immunization
2025-02-02,Udaipur,0.9,25.6,False,none,0.0,True,measles_drive
2025-02-02,Kota,5.1,34.2,False,none,0.0,True,measles_drive
2025-02-02,Barmer,0.0,22.2,False,none,0.0,True,measles_drive
2025-02-02,Khordha,1.0,28.9,False,none,0.0,True,general_immunization
2025-02-02,Cuttack,0.5,28.6,False,none,0.0,True,tetanus_drive
2025-02-02,Puri,7.1,26.8,False,none,0.0,True,tetanus_drive
2025-02-02,Balasore,5.3,27.2,False,none,0.0,True,tetanus_drive
2025-02-02,Mayurbhanj,4.8,28.4,False,none,0.0,True,tetanus_drive
2025-02-02,Ganjam,7.7,33.8,False,none,0.0,True,tetanus_drive
2025-02-02,Kamrup,30.6,29.3,False,none,0.0,True,measles_drive
2025-02-02,Dibrugarh,2.8,26.0,False,none,0.0,True,general_immunization
2025-02-02,Cachar,5.1,23.7,False,none,0.0,True,measles_drive
2025-02-02,Jorhat,20.1,24.7,False,none,0.0,True,tetanus_drive
2025-02-02,Nagaon,4.1,23.1,False,none,0.0,True,general_immunization
2025-02-02,Sonitpur,2.4,23.4,False,none,0.0,True,tetanus_drive
2025-02-03,Vellore,13.7,30.5,False,none,0.0,False,none
2025-02-03,Krishnagiri,5.0,34.4,False,none,0.0,False,none
2025-02-03,Tiruvannamalai,5.6,29.4,False,none,0.0,False,none
2025-02-03,Salem,1.9,29.8,False,none,0.0,False,none
2025-02-03,Madurai,1.5,33.7,False,none,0.0,False,none
2025-02-03,Coimbatore,2.2,32.9,False,none,0.0,False,none
2025-02-03,Pune,0.6,31.1,False,none,0.0,False,none
2025-02-03,Nagpur,4.6,26.6,True,seasonal_flu,0.62,False,none
2025-02-03,Nashik,1.8,26.9,True,seasonal_flu,0.61,False,none
2025-02-03,Chhatrapati Sambhajinagar,0.0,30.0,False,none,0.0,False,none
2025-02-03,Thane,1.0,30.1,False,none,0.0,False,none
2025-02-03,Amravati,1.3,27.7,False,none,0.0,False,none
2025-02-03,Jaipur,0.0,27.0,False,none,0.0,False,none
2025-02-03,Jodhpur,0.1,29.3,False,none,0.0,False,none
2025-02-03,Bikaner,0.0,22.7,False,none,0.0,False,none
2025-02-03,Udaipur,0.1,26.6,False,none,0.0,False,none
2025-02-03,Kota,1.3,20.5,False,none,0.0,False,none
2025-02-03,Barmer,0.0,28.1,False,none,0.0,False,none
2025-02-03,Khordha,3.7,30.7,False,none,0.0,False,none
2025-02-03,Cuttack,7.0,27.4,False,none,0.0,False,none
2025-02-03,Puri,7.5,30.5,False,none,0.0,False,none
2025-02-03,Balasore,3.1,32.2,False,none,0.0,False,none
2025-02-03,Mayurbhanj,12.4,32.7,False,none,0.0,False,none
2025-02-03,Ganjam,1.2,28.2,False,none,0.0,False,none
2025-02-03,Kamrup,1.5,24.2,False,none,0.0,False,none
2025-02-03,Dibrugarh,1.2,24.0,False,none,0.0,False,none
2025-02-03,Cachar,2.7,25.4,False,none,0.0,False,none
2025-02-03,Jorhat,6.9,26.0,False,none,0.0,False,none
2025-02-03,Nagaon,5.2,26.9,False,none,0.0,False,none
2025-02-03,Sonitpur,31.2,26.6,False,none,0.0,False,none
2025-02-04,Vellore,3.7,26.1,False,none,0.0,False,none
2025-02-04,Krishnagiri,0.1,26.9,False,none,0.0,False,none
2025-02-04,Tiruvannamalai,0.5,30.6,False,none,0.0,False,none
2025-02-04,Salem,2.9,28.6,False,none,0.0,False,none
2025-02-04,Madurai,1.3,25.4,False,none,0.0,False,none
2025-02-04,Coimbatore,3.1,31.4,False,none,0.0,False,none
2025-02-04,Pune,0.6,28.4,False,none,0.0,False,none
2025-02-04,Nagpur,0.4,23.1,True,seasonal_flu,0.62,False,none
2025-02-04,Nashik,0.9,30.2,True,seasonal_flu,0.61,False,none
2025-02-04,Chhatrapati Sambhajinagar,0.0,31.3,False,none,0.0,False,none
2025-02-04,Thane,0.4,30.6,False,none,0.0,False,none
2025-02-04,Amravati,0.0,29.9,False,none,0.0,False,none
2025-02-04,Jaipur,0.0,31.3,False,none,0.0,False,none
2025-02-04,Jodhpur,0.0,22.2,False,none,0.0,False,none
2025-02-04,Bikaner,0.7,34.5,False,none,0.0,False,none
2025-02-04,Udaipur,0.1,32.6,False,none,0.0,False,none
2025-02-04,Kota,0.2,26.0,False,none,0.0,False,none
2025-02-04,Barmer,0.1,25.8,False,none,0.0,False,none
2025-02-04,Khordha,1.7,27.1,False,none,0.0,False,none
2025-02-04,Cuttack,3.6,26.3,False,none,0.0,False,none
2025-02-04,Puri,3.0,29.1,False,none,0.0,False,none
2025-02-04,Balasore,3.0,27.4,False,none,0.0,False,none
2025-02-04,Mayurbhanj,1.2,30.7,False,none,0.0,False,none
2025-02-04,Ganjam,1.4,30.9,False,none,0.0,False,none
2025-02-04,Kamrup,18.7,28.1,False,none,0.0,False,none
2025-02-04,Dibrugarh,4.2,24.5,False,none,0.0,False,none
2025-02-04,Cachar,10.5,23.4,False,none,0.0,False,none
2025-02-04,Jorhat,10.2,27.7,False,none,0.0,False,none
2025-02-04,Nagaon,1.5,27.4,False,none,0.0,False,none
2025-02-04,Sonitpur,9.1,21.7,False,none,0.0,False,none
2025-02-05,Vellore,0.7,31.5,False,none,0.0,False,none
2025-02-05,Krishnagiri,1.9,27.3,False,none,0.0,False,none
2025-02-05,Tiruvannamalai,4.9,33.9,False,none,0.0,False,none
2025-02-05,Salem,4.0,32.4,False,none,0.0,False,none
2025-02-05,Madurai,5.8,26.6,False,none,0.0,False,none
2025-02-05,Coimbatore,2.6,29.0,False,none,0.0,False,none
2025-02-05,Pune,1.4,32.3,False,none,0.0,False,none
2025-02-05,Nagpur,9.3,29.6,True,seasonal_flu,0.62,False,none
2025-02-05,Nashik,3.7,30.6,False,none,0.0,False,none
2025-02-05,Chhatrapati Sambhajinagar,0.4,33.6,False,none,0.0,False,none
2025-02-05,Thane,0.9,25.8,False,none,0.0,False,none
2025-02-05,Amravati,3.5,26.5,False,none,0.0,False,none
2025-02-05,Jaipur,1.9,21.0,False,none,0.0,False,none
2025-02-05,Jodhpur,0.0,28.9,False,none,0.0,False,none
2025-02-05,Bikaner,0.7,26.7,False,none,0.0,False,none
2025-02-05,Udaipur,0.2,23.1,False,none,0.0,False,none
2025-02-05,Kota,0.9,25.0,False,none,0.0,False,none
2025-02-05,Barmer,0.0,31.7,False,none,0.0,False,none
2025-02-05,Khordha,0.3,30.7,False,none,0.0,False,none
2025-02-05,Cuttack,3.0,28.6,False,none,0.0,False,none
2025-02-05,Puri,2.0,28.2,False,none,0.0,False,none
2025-02-05,Balasore,3.2,32.8,False,none,0.0,False,none
2025-02-05,Mayurbhanj,2.3,27.3,False,none,0.0,False,none
2025-02-05,Ganjam,1.2,27.3,False,none,0.0,False,none
2025-02-05,Kamrup,31.0,22.6,False,none,0.0,False,none
2025-02-05,Dibrugarh,10.2,24.4,False,none,0.0,False,none
2025-02-05,Cachar,11.2,27.7,False,none,0.0,False,none
2025-02-05,Jorhat,0.7,26.2,False,none,0.0,False,none
2025-02-05,Nagaon,8.6,24.4,False,none,0.0,False,none
2025-02-05,Sonitpur,4.3,23.0,False,none,0.0,False,none
2025-02-06,Vellore,4.3,33.8,False,none,0.0,False,none
2025-02-06,Krishnagiri,4.6,30.9,False,none,0.0,False,none
2025-02-06,Tiruvannamalai,0.5,32.9,False,none,0.0,False,none
2025-02-06,Salem,1.2,30.2,False,none,0.0,False,none
2025-02-06,Madurai,1.7,28.9,False,none,0.0,False,none
2025-02-06,Coimbatore,0.0,32.0,False,none,0.0,False,none
2025-02-06,Pune,0.1,20.4,False,none,0.0,False,none
2025-02-06,Nagpur,0.8,31.8,True,seasonal_flu,0.62,False,none
2025-02-06,Nashik,0.8,28.0,False,none,0.0,False,none
2025-02-06,Chhatrapati Sambhajinagar,0.1,31.3,False,none,0.0,False,none
2025-02-06,Thane,1.6,30.2,False,none,0.0,False,none
2025-02-06,Amravati,1.7,31.5,False,none,0.0,False,none
2025-02-06,Jaipur,1.9,21.4,False,none,0.0,False,none
2025-02-06,Jodhpur,0.0,29.3,False,none,0.0,False,none
2025-02-06,Bikaner,0.0,32.0,False,none,0.0,False,none
2025-02-06,Udaipur,0.0,29.7,False,none,0.0,False,none
2025-02-06,Kota,1.7,31.0,False,none,0.0,False,none
2025-02-06,Barmer,0.0,25.5,False,none,0.0,False,none
2025-02-06,Khordha,2.0,25.9,False,none,0.0,False,none
2025-02-06,Cuttack,0.6,30.3,False,none,0.0,False,none
2025-02-06,Puri,1.2,28.4,False,none,0.0,False,none
2025-02-06,Balasore,9.7,31.8,False,none,0.0,False,none
2025-02-06,Mayurbhanj,3.6,31.4,False,none,0.0,False,none
2025-02-06,Ganjam,15.2,27.4,False,none,0.0,False,none
2025-02-06,Kamrup,2.4,26.1,False,none,0.0,False,none
2025-02-06,Dibrugarh,19.0,25.0,False,none,0.0,False,none
2025-02-06,Cachar,17.1,26.9,False,none,0.0,False,none
2025-02-06,Jorhat,17.6,25.1,False,none,0.0,False,none
2025-02-06,Nagaon,3.5,25.6,False,none,0.0,False,none
2025-02-06,Sonitpur,0.3,21.4,False,none,0.0,False,none
2025-02-07,Vellore,4.0,27.8,False,none,0.0,False,none
2025-02-07,Krishnagiri,2.8,27.1,False,none,0.0,False,none
2025-02-07,Tiruvannamalai,1.2,31.5,False,none,0.0,False,none
2025-02-07,Salem,0.1,29.2,False,none,0.0,False,none
2025-02-07,Madurai,0.2,28.7,False,none,0.0,False,none
2025-02-07,Coimbatore,2.8,29.8,False,none,0.0,False,none
2025-02-07,Pune,1.8,28.7,False,none,0.0,False,none
2025-02-07,Nagpur,4.4,26.8,True,seasonal_flu,0.62,False,none
2025-02-07,Nashik,0.7,27.7,False,none,0.0,False,none
2025-02-07,Chhatrapati Sambhajinagar,2.6,31.4,False,none,0.0,False,none
2025-02-07,Thane,0.8,28.7,False,none,0.0,False,none
2025-02-07,Amravati,3.3,32.8,False,none,0.0,False,none
2025-02-07,Jaipur,0.0,32.0,False,none,0.0,False,none
2025-02-07,Jodhpur,0.3,31.5,False,none,0.0,False,none
2025-02-07,Bikaner,0.2,28.4,False,none,0.0,False,none
2025-02-07,Udaipur,0.0,23.9,False,none,0.0,False,none
2025-02-07,Kota,0.0,26.8,False,none,0.0,False,none
2025-02-07,Barmer,0.2,22.4,False,none,0.0,False,none
2025-02-07,Khordha,25.4,28.1,False,none,0.0,False,none
2025-02-07,Cuttack,2.4,32.5,False,none,0.0,False,none
2025-02-07,Puri,2.9,29.1,False,none,0.0,False,none
2025-02-07,Balasore,0.4,32.1,False,none,0.0,False,none
2025-02-07,Mayurbhanj,2.7,28.1,False,none,0.0,False,none
2025-02-07,Ganjam,3.5,34.4,False,none,0.0,False,none
2025-02-07,Kamrup,5.5,27.9,False,none,0.0,False,none
2025-02-07,Dibrugarh,5.1,25.7,False,none,0.0,False,none
2025-02-07,Cachar,11.3,26.2,False,none,0.0,False,none
2025-02-07,Jorhat,2.2,25.6,False,none,0.0,False,none
2025-02-07,Nagaon,2.9,24.9,False,none,0.0,False,none
2025-02-07,Sonitpur,2.3,26.6,False,none,0.0,False,none
2025-02-08,Vellore,1.9,37.9,False,none,0.0,False,none
2025-02-08,Krishnagiri,0.1,28.3,False,none,0.0,False,none
2025-02-08,Tiruvannamalai,3.5,33.7,False,none,0.0,False,none
2025-02-08,Salem,5.1,29.8,False,none,0.0,False,none
2025-02-08,Madurai,0.8,30.2,False,none,0.0,False,none
2025-02-08,Coimbatore,11.4,29.6,False,none,0.0,False,none
2025-02-08,Pune,0.8,27.1,False,none,0.0,False,none
2025-02-08,Nagpur,0.5,26.3,False,none,0.0,False,none
2025-02-08,Nashik,1.7,28.1,False,none,0.0,False,none
2025-02-08,Chhatrapati Sambhajinagar,3.5,27.1,False,none,0.0,False,none
2025-02-08,Thane,6.9,26.1,False,none,0.0,False,none
2025-02-08,Amravati,1.9,26.8,False,none,0.0,False,none
2025-02-08,Jaipur,0.1,27.5,False,none,0.0,False,none
2025-02-08,Jodhpur,0.0,31.5,False,none,0.0,False,none
2025-02-08,Bikaner,0.1,21.3,False,none,0.0,False,none
2025-02-08,Udaipur,0.0,24.1,False,none,0.0,False,none
2025-02-08,Kota,0.0,29.6,False,none,0.0,False,none
2025-02-08,Barmer,0.0,26.2,False,none,0.0,False,none
2025-02-08,Khordha,8.9,27.4,False,none,0.0,False,none
2025-02-08,Cuttack,1.7,27.5,False,none,0.0,False,none
2025-02-08,Puri,0.8,29.5,False,none,0.0,False,none
2025-02-08,Balasore,3.4,32.5,False,none,0.0,False,none
2025-02-08,Mayurbhanj,6.3,24.3,False,none,0.0,False,none
2025-02-08,Ganjam,9.0,25.8,False,none,0.0,False,none
2025-02-08,Kamrup,13.4,26.2,False,none,0.0,False,none
2025-02-08,Dibrugarh,14.7,22.3,False,none,0.0,False,none
2025-02-08,Cachar,6.6,27.4,False,none,0.0,False,none
2025-02-08,Jorhat,8.9,24.4,False,none,0.0,False,none
2025-02-08,Nagaon,7.9,27.0,False,none,0.0,False,none
2025-02-08,Sonitpur,9.0,24.5,False,none,0.0,False,none
2025-02-09,Vellore,1.3,33.2,False,none,0.0,False,none
2025-02-09,Krishnagiri,1.2,29.5,False,none,0.0,False,none
2025-02-09,Tiruvannamalai,0.3,29.5,False,none,0.0,False,none
2025-02-09,Salem,1.3,31.9,False,none,0.0,False,none
2025-02-09,Madurai,0.7,29.5,False,none,0.0,False,none
2025-02-09,Coimbatore,3.0,30.6,False,none,0.0,False,none
2025-02-09,Pune,3.1,25.2,False,none,0.0,False,none
2025-02-09,Nagpur,1.9,32.6,False,none,0.0,False,none
2025-02-09,Nashik,0.0,27.5,False,none,0.0,False,none
2025-02-09,Chhatrapati Sambhajinagar,3.1,25.3,False,none,0.0,False,none
2025-02-09,Thane,3.7,32.5,False,none,0.0,False,none
2025-02-09,Amravati,0.5,25.2,False,none,0.0,False,none
2025-02-09,Jaipur,0.2,28.8,False,none,0.0,False,none
2025-02-09,Jodhpur,0.3,25.3,False,none,0.0,False,none
2025-02-09,Bikaner,0.0,18.5,False,none,0.0,False,none
2025-02-09,Udaipur,0.1,28.0,False,none,0.0,False,none
2025-02-09,Kota,0.2,23.0,False,none,0.0,False,none
2025-02-09,Barmer,0.5,24.2,False,none,0.0,False,none
2025-02-09,Khordha,1.3,30.1,False,none,0.0,False,none
2025-02-09,Cuttack,0.2,29.9,False,none,0.0,False,none
2025-02-09,Puri,6.5,34.1,False,none,0.0,False,none
2025-02-09,Balasore,1.2,31.5,False,none,0.0,False,none
2025-02-09,Mayurbhanj,2.4,27.4,False,none,0.0,False,none
2025-02-09,Ganjam,2.9,33.3,False,none,0.0,False,none
2025-02-09,Kamrup,3.7,25.7,False,none,0.0,False,none
2025-02-09,Dibrugarh,15.1,25.6,False,none,0.0,False,none
2025-02-09,Cachar,2.4,24.9,False,none,0.0,False,none
2025-02-09,Jorhat,6.2,23.4,False,none,0.0,False,none
2025-02-09,Nagaon,2.4,28.6,False,none,0.0,False,none
2025-02-09,Sonitpur,7.3,28.3,False,none,0.0,False,none
2025-02-10,Vellore,1.5,23.9,False,none,0.0,False,none
2025-02-10,Krishnagiri,7.4,29.6,False,none,0.0,False,none
2025-02-10,Tiruvannamalai,0.0,32.9,False,none,0.0,False,none
2025-02-10,Salem,6.9,29.1,False,none,0.0,False,none
2025-02-10,Madurai,0.5,28.7,False,none,0.0,False,none
2025-02-10,Coimbatore,0.6,30.9,False,none,0.0,False,none
2025-02-10,Pune,1.0,32.2,False,none,0.0,False,none
2025-02-10,Nagpur,3.1,30.1,False,none,0.0,False,none
2025-02-10,Nashik,0.6,26.6,False,none,0.0,False,none
2025-02-10,Chhatrapati Sambhajinagar,1.4,31.0,False,none,0.0,False,none
2025-02-10,Thane,0.1,32.0,False,none,0.0,False,none
2025-02-10,Amravati,1.7,26.4,False,none,0.0,False,none
2025-02-10,Jaipur,0.0,25.8,False,none,0.0,False,none
2025-02-10,Jodhpur,0.0,26.3,False,none,0.0,False,none
2025-02-10,Bikaner,0.0,29.6,False,none,0.0,False,none
2025-02-10,Udaipur,0.0,27.6,False,none,0.0,False,none
2025-02-10,Kota,0.3,26.3,False,none,0.0,False,none
2025-02-10,Barmer,0.0,25.8,False,none,0.0,False,none
2025-02-10,Khordha,2.1,31.3,False,none,0.0,False,none
2025-02-10,Cuttack,11.1,29.6,False,none,0.0,False,none
2025-02-10,Puri,1.3,26.3,False,none,0.0,False,none
2025-02-10,Balasore,0.1,26.7,False,none,0.0,False,none
2025-02-10,Mayurbhanj,2.4,28.7,False,none,0.0,False,none
2025-02-10,Ganjam,15.1,30.7,False,none,0.0,False,none
2025-02-10,Kamrup,28.0,22.7,False,none,0.0,False,none
2025-02-10,Dibrugarh,8.7,26.9,False,none,0.0,False,none
2025-02-10,Cachar,8.6,26.0,False,none,0.0,False,none
2025-02-10,Jorhat,19.9,24.9,False,none,0.0,False,none
2025-02-10,Nagaon,3.5,23.5,False,none,0.0,False,none
2025-02-10,Sonitpur,2.4,23.0,False,none,0.0,False,none
2025-02-11,Vellore,5.8,31.8,False,none,0.0,False,none
2025-02-11,Krishnagiri,6.5,31.3,False,none,0.0,False,none
2025-02-11,Tiruvannamalai,1.6,28.8,False,none,0.0,False,none
2025-02-11,Salem,8.0,29.6,False,none,0.0,False,none
2025-02-11,Madurai,0.2,28.2,False,none,0.0,False,none
2025-02-11,Coimbatore,8.9,33.5,False,none,0.0,False,none
2025-02-11,Pune,0.8,25.7,False,none,0.0,False,none
2025-02-11,Nagpur,1.4,25.5,False,none,0.0,False,none
2025-02-11,Nashik,1.1,30.3,False,none,0.0,False,none
2025-02-11,Chhatrapati Sambhajinagar,0.8,30.2,False,none,0.0,False,none
2025-02-11,Thane,0.3,25.6,False,none,0.0,False,none
2025-02-11,Amravati,3.3,26.2,False,none,0.0,False,none
2025-02-11,Jaipur,0.0,26.2,False,none,0.0,False,none
2025-02-11,Jodhpur,1.5,24.7,False,none,0.0,False,none
2025-02-11,Bikaner,0.2,19.6,False,none,0.0,False,none
2025-02-11,Udaipur,0.0,26.5,False,none,0.0,False,none
2025-02-11,Kota,0.0,30.6,False,none,0.0,False,none
2025-02-11,Barmer,0.0,26.0,False,none,0.0,False,none
2025-02-11,Khordha,0.8,30.7,False,none,0.0,False,none
2025-02-11,Cuttack,3.6,31.1,False,none,0.0,False,none
2025-02-11,Puri,10.6,33.2,False,none,0.0,False,none
2025-02-11,Balasore,2.2,27.5,False,none,0.0,False,none
2025-02-11,Mayurbhanj,7.6,28.3,False,none,0.0,False,none
2025-02-11,Ganjam,3.8,31.5,False,none,0.0,False,none
2025-02-11,Kamrup,16.1,25.2,False,none,0.0,False,none
2025-02-11,Dibrugarh,4.5,24.2,False,none,0.0,False,none
2025-02-11,Cachar,2.6,24.7,False,none,0.0,False,none
2025-02-11,Jorhat,2.0,28.6,False,none,0.0,False,none
2025-02-11,Nagaon,29.7,29.0,False,none,0.0,False,none
2025-02-11,Sonitpur,3.8,25.5,False,none,0.0,False,none
2025-02-12,Vellore,2.6,28.6,False,none,0.0,False,none
2025-02-12,Krishnagiri,0.7,28.1,False,none,0.0,False,none
2025-02-12,Tiruvannamalai,0.2,28.6,False,none,0.0,False,none
2025-02-12,Salem,3.2,24.7,False,none,0.0,False,none
2025-02-12,Madurai,3.1,31.5,False,none,0.0,False,none
2025-02-12,Coimbatore,6.5,26.7,False,none,0.0,False,none
2025-02-12,Pune,1.5,28.1,False,none,0.0,False,none
2025-02-12,Nagpur,8.1,25.9,False,none,0.0,False,none
2025-02-12,Nashik,2.2,29.6,False,none,0.0,False,none
2025-02-12,Chhatrapati Sambhajinagar,0.0,29.0,False,none,0.0,False,none
2025-02-12,Thane,2.1,27.9,False,none,0.0,False,none
2025-02-12,Amravati,0.5,29.0,False,none,0.0,False,none
2025-02-12,Jaipur,0.0,33.5,False,none,0.0,False,none
2025-02-12,Jodhpur,0.0,26.3,False,none,0.0,False,none
2025-02-12,Bikaner,0.0,29.8,False,none,0.0,False,none
2025-02-12,Udaipur,0.0,25.6,False,none,0.0,False,none
2025-02-12,Kota,0.0,32.0,False,none,0.0,False,none
2025-02-12,Barmer,0.4,29.5,False,none,0.0,False,none
2025-02-12,Khordha,12.9,27.7,False,none,0.0,False,none
2025-02-12,Cuttack,0.4,28.4,False,none,0.0,False,none
2025-02-12,Puri,0.5,32.3,False,none,0.0,False,none
2025-02-12,Balasore,0.7,28.2,False,none,0.0,False,none
2025-02-12,Mayurbhanj,10.5,30.2,False,none,0.0,False,none
2025-02-12,Ganjam,10.0,28.0,False,none,0.0,False,none
2025-02-12,Kamrup,5.8,23.4,False,none,0.0,False,none
2025-02-12,Dibrugarh,19.1,27.0,False,none,0.0,False,none
2025-02-12,Cachar,0.9,24.7,False,none,0.0,False,none
2025-02-12,Jorhat,4.0,26.8,False,none,0.0,False,none
2025-02-12,Nagaon,3.7,24.9,False,none,0.0,False,none
2025-02-12,Sonitpur,8.6,25.6,False,none,0.0,False,none
2025-02-13,Vellore,0.7,29.1,False,none,0.0,False,none
2025-02-13,Krishnagiri,0.6,29.1,False,none,0.0,False,none
2025-02-13,Tiruvannamalai,4.3,36.8,False,none,0.0,False,none
2025-02-13,Salem,1.3,33.5,False,none,0.0,False,none
2025-02-13,Madurai,3.5,24.9,False,none,0.0,False,none
2025-02-13,Coimbatore,0.9,29.2,False,none,0.0,False,none
2025-02-13,Pune,5.1,23.0,False,none,0.0,False,none
2025-02-13,Nagpur,0.1,26.2,False,none,0.0,False,none
2025-02-13,Nashik,0.3,32.3,False,none,0.0,False,none
2025-02-13,Chhatrapati Sambhajinagar,2.0,27.2,False,none,0.0,False,none
2025-02-13,Thane,1.2,32.0,False,none,0.0,False,none
2025-02-13,Amravati,2.2,33.2,False,none,0.0,False,none
2025-02-13,Jaipur,0.2,22.1,False,none,0.0,False,none
2025-02-13,Jodhpur,0.4,28.4,False,none,0.0,False,none
2025-02-13,Bikaner,0.1,28.0,False,none,0.0,False,none
2025-02-13,Udaipur,0.0,28.6,False,none,0.0,False,none
2025-02-13,Kota,0.1,26.5,False,none,0.0,False,none
2025-02-13,Barmer,0.0,27.8,False,none,0.0,False,none
2025-02-13,Khordha,2.4,32.8,False,none,0.0,False,none
2025-02-13,Cuttack,19.7,26.7,False,none,0.0,False,none
2025-02-13,Puri,6.0,26.8,False,none,0.0,False,none
2025-02-13,Balasore,0.1,27.6,False,none,0.0,False,none
2025-02-13,Mayurbhanj,1.6,31.5,False,none,0.0,False,none
2025-02-13,Ganjam,3.4,23.9,False,none,0.0,False,none
2025-02-13,Kamrup,3.4,28.2,False,none,0.0,False,none
2025-02-13,Dibrugarh,2.0,27.6,False,none,0.0,False,none
2025-02-13,Cachar,7.7,26.9,False,none,0.0,False,none
2025-02-13,Jorhat,14.6,25.9,False,none,0.0,False,none
2025-02-13,Nagaon,10.9,22.5,False,none,0.0,False,none
2025-02-13,Sonitpur,4.0,26.0,False,none,0.0,False,none
2025-02-14,Vellore,5.1,28.7,False,none,0.0,False,none
2025-02-14,Krishnagiri,3.4,29.7,False,none,0.0,False,none
2025-02-14,Tiruvannamalai,10.4,27.1,False,none,0.0,False,none
2025-02-14,Salem,1.3,31.7,False,none,0.0,False,none
2025-02-14,Madurai,11.3,30.8,False,none,0.0,False,none
2025-02-14,Coimbatore,1.5,26.3,False,none,0.0,False,none
2025-02-14,Pune,2.5,32.0,False,none,0.0,False,none
2025-02-14,Nagpur,1.2,25.0,False,none,0.0,False,none
2025-02-14,Nashik,0.4,29.5,False,none,0.0,False,none
2025-02-14,Chhatrapati Sambhajinagar,0.1,27.4,False,none,0.0,False,none
2025-02-14,Thane,0.6,21.7,False,none,0.0,False,none
2025-02-14,Amravati,2.1,26.8,False,none,0.0,False,none
2025-02-14,Jaipur,1.1,18.8,False,none,0.0,False,none
2025-02-14,Jodhpur,0.0,24.3,False,none,0.0,False,none
2025-02-14,Bikaner,0.0,29.3,False,none,0.0,False,none
2025-02-14,Udaipur,0.3,25.0,False,none,0.0,False,none
2025-02-14,Kota,0.1,33.5,False,none,0.0,False,none
2025-02-14,Barmer,0.1,31.1,False,none,0.0,False,none
2025-02-14,Khordha,2.3,33.9,False,none,0.0,False,none
2025-02-14,Cuttack,1.9,28.2,False,none,0.0,False,none
2025-02-14,Puri,7.9,26.0,False,none,0.0,False,none
2025-02-14,Balasore,4.2,29.1,False,none,0.0,False,none
2025-02-14,Mayurbhanj,0.2,30.9,False,none,0.0,False,none
2025-02-14,Ganjam,2.5,29.8,False,none,0.0,False,none
2025-02-14,Kamrup,1.5,23.6,False,none,0.0,False,none
2025-02-14,Dibrugarh,0.5,23.7,False,none,0.0,False,none
2025-02-14,Cachar,2.8,24.1,False,none,0.0,False,none
2025-02-14,Jorhat,0.7,24.1,False,none,0.0,False,none
2025-02-14,Nagaon,16.5,25.7,False,none,0.0,False,none
2025-02-14,Sonitpur,9.2,22.7,False,none,0.0,False,none
2025-02-15,Vellore,1.6,28.3,False,none,0.0,False,none
2025-02-15,Krishnagiri,0.6,28.0,False,none,0.0,False,none
2025-02-15,Tiruvannamalai,0.7,30.3,False,none,0.0,False,none
2025-02-15,Salem,2.5,28.5,False,none,0.0,False,none
2025-02-15,Madurai,1.5,31.3,False,none,0.0,False,none
2025-02-15,Coimbatore,0.6,30.4,False,none,0.0,False,none
2025-02-15,Pune,0.6,28.9,False,none,0.0,False,none
2025-02-15,Nagpur,2.4,20.6,False,none,0.0,False,none
2025-02-15,Nashik,0.5,27.3,False,none,0.0,False,none
2025-02-15,Chhatrapati Sambhajinagar,0.5,30.1,False,none,0.0,False,none
2025-02-15,Thane,0.1,24.8,False,none,0.0,False,none
2025-02-15,Amravati,0.2,27.9,False,none,0.0,False,none
2025-02-15,Jaipur,0.2,29.2,False,none,0.0,False,none
2025-02-15,Jodhpur,0.0,24.5,False,none,0.0,False,none
2025-02-15,Bikaner,0.0,23.0,False,none,0.0,False,none
2025-02-15,Udaipur,4.1,26.1,False,none,0.0,False,none
2025-02-15,Kota,0.0,23.5,False,none,0.0,False,none
2025-02-15,Barmer,0.0,29.1,False,none,0.0,False,none
2025-02-15,Khordha,6.6,34.1,False,none,0.0,False,none
2025-02-15,Cuttack,3.1,21.9,False,none,0.0,False,none
2025-02-15,Puri,8.6,29.3,False,none,0.0,False,none
2025-02-15,Balasore,6.7,32.7,False,none,0.0,False,none
2025-02-15,Mayurbhanj,2.2,29.2,False,none,0.0,False,none
2025-02-15,Ganjam,3.1,28.0,False,none,0.0,False,none
2025-02-15,Kamrup,6.2,25.3,False,none,0.0,False,none
2025-02-15,Dibrugarh,3.0,27.2,False,none,0.0,False,none
2025-02-15,Cachar,10.1,22.7,False,none,0.0,False,none
2025-02-15,Jorhat,2.3,20.4,False,none,0.0,False,none
2025-02-15,Nagaon,4.0,26.0,False,none,0.0,False,none
2025-02-15,Sonitpur,12.6,30.4,False,none,0.0,False,none
2025-02-16,Vellore,3.6,31.3,False,none,0.0,False,none
2025-02-16,Krishnagiri,7.2,29.3,False,none,0.0,False,none
2025-02-16,Tiruvannamalai,3.7,28.4,False,none,0.0,False,none
2025-02-16,Salem,9.5,29.4,False,none,0.0,False,none
2025-02-16,Madurai,8.8,29.5,False,none,0.0,False,none
2025-02-16,Coimbatore,1.7,30.8,False,none,0.0,False,none
2025-02-16,Pune,1.5,27.1,False,none,0.0,False,none
2025-02-16,Nagpur,0.5,27.0,False,none,0.0,False,none
2025-02-16,Nashik,0.0,35.3,False,none,0.0,False,none
2025-02-16,Chhatrapati Sambhajinagar,0.6,26.9,False,none,0.0,False,none
2025-02-16,Thane,0.7,27.2,False,none,0.0,False,none
2025-02-16,Amravati,1.6,29.2,False,none,0.0,False,none
2025-02-16,Jaipur,0.0,28.3,False,none,0.0,False,none
2025-02-16,Jodhpur,0.9,25.0,False,none,0.0,False,none
2025-02-16,Bikaner,0.0,28.0,False,none,0.0,False,none
2025-02-16,Udaipur,0.0,23.7,False,none,0.0,False,none
2025-02-16,Kota,0.2,19.7,False,none,0.0,False,none
2025-02-16,Barmer,0.0,30.2,False,none,0.0,False,none
2025-02-16,Khordha,4.6,26.7,False,none,0.0,False,none
2025-02-16,Cuttack,2.5,28.6,False,none,0.0,False,none
2025-02-16,Puri,6.2,29.2,False,none,0.0,False,none
2025-02-16,Balasore,3.7,27.0,False,none,0.0,False,none
2025-02-16,Mayurbhanj,10.3,25.7,False,none,0.0,False,none
2025-02-16,Ganjam,0.3,30.7,False,none,0.0,False,none
2025-02-16,Kamrup,8.5,24.2,False,none,0.0,False,none
2025-02-16,Dibrugarh,14.0,28.8,False,none,0.0,False,none
2025-02-16,Cachar,7.1,23.5,False,none,0.0,False,none
2025-02-16,Jorhat,3.6,25.3,False,none,0.0,False,none
2025-02-16,Nagaon,11.1,26.8,False,none,0.0,False,none
2025-02-16,Sonitpur,4.7,23.9,False,none,0.0,False,none
2025-02-17,Vellore,0.8,32.8,False,none,0.0,False,none
2025-02-17,Krishnagiri,4.0,27.9,False,none,0.0,False,none
2025-02-17,Tiruvannamalai,7.3,30.8,False,none,0.0,False,none
2025-02-17,Salem,1.9,24.0,False,none,0.0,False,none
2025-02-17,Madurai,7.9,31.5,False,none,0.0,False,none
2025-02-17,Coimbatore,0.4,31.3,False,none,0.0,False,none
2025-02-17,Pune,2.7,25.5,False,none,0.0,False,none
2025-02-17,Nagpur,3.7,32.6,False,none,0.0,False,none
2025-02-17,Nashik,0.0,27.6,False,none,0.0,False,none
2025-02-17,Chhatrapati Sambhajinagar,1.5,24.8,False,none,0.0,False,none
2025-02-17,Thane,0.9,27.3,False,none,0.0,False,none
2025-02-17,Amravati,1.0,32.4,False,none,0.0,False,none
2025-02-17,Jaipur,0.0,24.6,False,none,0.0,False,none
2025-02-17,Jodhpur,0.9,29.6,False,none,0.0,False,none
2025-02-17,Bikaner,0.3,24.8,False,none,0.0,False,none
2025-02-17,Udaipur,0.0,28.5,False,none,0.0,False,none
2025-02-17,Kota,0.5,29.9,False,none,0.0,False,none
2025-02-17,Barmer,0.7,28.8,False,none,0.0,False,none
2025-02-17,Khordha,3.1,29.3,False,none,0.0,False,none
2025-02-17,Cuttack,3.3,25.3,False,none,0.0,False,none
2025-02-17,Puri,2.7,30.6,False,none,0.0,False,none
2025-02-17,Balasore,5.8,28.9,False,none,0.0,False,none
2025-02-17,Mayurbhanj,0.8,29.6,False,none,0.0,False,none
2025-02-17,Ganjam,12.0,30.9,False,none,0.0,False,none
2025-02-17,Kamrup,32.7,27.9,False,none,0.0,False,none
2025-02-17,Dibrugarh,22.5,25.5,False,none,0.0,False,none
2025-02-17,Cachar,8.6,28.5,False,none,0.0,False,none
2025-02-17,Jorhat,9.4,24.5,False,none,0.0,False,none
2025-02-17,Nagaon,1.3,24.7,False,none,0.0,False,none
2025-02-17,Sonitpur,8.0,23.5,False,none,0.0,False,none
2025-02-18,Vellore,8.5,30.3,False,none,0.0,False,none
2025-02-18,Krishnagiri,0.0,31.0,False,none,0.0,False,none
2025-02-18,Tiruvannamalai,1.3,29.4,False,none,0.0,False,none
2025-02-18,Salem,2.8,39.5,False,none,0.0,False,none
2025-02-18,Madurai,9.7,31.9,False,none,0.0,False,none
2025-02-18,Coimbatore,5.2,28.7,False,none,0.0,False,none
2025-02-18,Pune,0.4,27.6,False,none,0.0,False,none
2025-02-18,Nagpur,0.3,34.2,False,none,0.0,False,none
2025-02-18,Nashik,1.8,31.4,False,none,0.0,False,none
2025-02-18,Chhatrapati Sambhajinagar,4.1,30.9,False,none,0.0,False,none
2025-02-18,Thane,1.4,26.3,False,none,0.0,False,none
2025-02-18,Amravati,4.2,21.4,False,none,0.0,False,none
2025-02-18,Jaipur,0.0,26.2,False,none,0.0,False,none
2025-02-18,Jodhpur,0.3,27.3,False,none,0.0,False,none
2025-02-18,Bikaner,0.0,29.9,False,none,0.0,False,none
2025-02-18,Udaipur,0.1,23.0,False,none,0.0,False,none
2025-02-18,Kota,0.0,25.4,False,none,0.0,False,none
2025-02-18,Barmer,0.0,27.3,False,none,0.0,False,none
2025-02-18,Khordha,3.2,27.4,False,none,0.0,False,none
2025-02-18,Cuttack,5.0,27.0,False,none,0.0,False,none
2025-02-18,Puri,3.3,28.3,False,none,0.0,False,none
2025-02-18,Balasore,1.7,24.5,False,none,0.0,False,none
2025-02-18,Mayurbhanj,6.3,29.4,False,none,0.0,False,none
2025-02-18,Ganjam,0.4,28.7,False,none,0.0,False,none
2025-02-18,Kamrup,5.7,23.2,False,none,0.0,False,none
2025-02-18,Dibrugarh,9.9,26.0,False,none,0.0,False,none
2025-02-18,Cachar,3.4,24.0,False,none,0.0,False,none
2025-02-18,Jorhat,14.0,25.6,False,none,0.0,False,none
2025-02-18,Nagaon,8.4,28.2,False,none,0.0,False,none
2025-02-18,Sonitpur,6.9,25.9,False,none,0.0,False,none
2025-02-19,Vellore,2.9,30.2,False,none,0.0,False,none
2025-02-19,Krishnagiri,1.4,32.7,False,none,0.0,False,none
2025-02-19,Tiruvannamalai,0.0,33.2,False,none,0.0,False,none
2025-02-19,Salem,1.9,30.0,False,none,0.0,False,none
2025-02-19,Madurai,4.5,34.2,False,none,0.0,False,none
2025-02-19,Coimbatore,1.8,29.6,False,none,0.0,False,none
2025-02-19,Pune,1.2,26.1,False,none,0.0,False,none
2025-02-19,Nagpur,0.3,32.6,False,none,0.0,False,none
2025-02-19,Nashik,2.6,24.6,False,none,0.0,False,none
2025-02-19,Chhatrapati Sambhajinagar,0.6,31.5,False,none,0.0,False,none
2025-02-19,Thane,3.9,28.1,False,none,0.0,False,none
2025-02-19,Amravati,0.1,31.2,False,none,0.0,False,none
2025-02-19,Jaipur,0.1,20.6,False,none,0.0,False,none
2025-02-19,Jodhpur,0.1,23.8,False,none,0.0,False,none
2025-02-19,Bikaner,0.1,28.4,False,none,0.0,False,none
2025-02-19,Udaipur,0.5,32.9,False,none,0.0,False,none
2025-02-19,Kota,0.0,22.4,False,none,0.0,False,none
2025-02-19,Barmer,0.0,25.8,False,none,0.0,False,none
2025-02-19,Khordha,1.4,27.8,False,none,0.0,False,none
2025-02-19,Cuttack,1.1,27.3,False,none,0.0,False,none
2025-02-19,Puri,4.5,27.9,False,none,0.0,False,none
2025-02-19,Balasore,1.6,30.1,False,none,0.0,False,none
2025-02-19,Mayurbhanj,1.8,29.0,False,none,0.0,False,none
2025-02-19,Ganjam,3.7,27.3,False,none,0.0,False,none
2025-02-19,Kamrup,5.7,22.8,False,none,0.0,False,none
2025-02-19,Dibrugarh,8.1,25.6,False,none,0.0,False,none
2025-02-19,Cachar,5.3,27.2,False,none,0.0,False,none
2025-02-19,Jorhat,2.1,27.2,False,none,0.0,False,none
2025-02-19,Nagaon,6.0,28.6,False,none,0.0,False,none
2025-02-19,Sonitpur,1.1,23.3,False,none,0.0,False,none
2025-02-20,Vellore,1.7,29.1,False,none,0.0,False,none
2025-02-20,Krishnagiri,4.4,28.3,False,none,0.0,False,none
2025-02-20,Tiruvannamalai,0.6,31.8,False,none,0.0,False,none
2025-02-20,Salem,7.6,29.3,False,none,0.0,False,none
2025-02-20,Madurai,0.2,31.4,False,none,0.0,False,none
2025-02-20,Coimbatore,2.0,28.3,False,none,0.0,False,none
2025-02-20,Pune,1.7,23.8,False,none,0.0,False,none
2025-02-20,Nagpur,0.6,24.7,False,none,0.0,False,none
2025-02-20,Nashik,1.7,31.7,False,none,0.0,False,none
2025-02-20,Chhatrapati Sambhajinagar,1.4,30.0,False,none,0.0,False,none
2025-02-20,Thane,0.1,31.0,False,none,0.0,False,none
2025-02-20,Amravati,3.0,29.6,False,none,0.0,False,none
2025-02-20,Jaipur,0.1,22.8,False,none,0.0,False,none
2025-02-20,Jodhpur,0.1,24.0,False,none,0.0,False,none
2025-02-20,Bikaner,0.0,28.1,False,none,0.0,False,none
2025-02-20,Udaipur,0.0,23.2,False,none,0.0,False,none
2025-02-20,Kota,0.1,29.4,False,none,0.0,False,none
2025-02-20,Barmer,0.0,26.5,False,none,0.0,False,none
2025-02-20,Khordha,7.7,26.1,False,none,0.0,False,none
2025-02-20,Cuttack,1.5,27.7,False,none,0.0,False,none
2025-02-20,Puri,1.5,31.1,False,none,0.0,False,none
2025-02-20,Balasore,0.2,31.4,False,none,0.0,False,none
2025-02-20,Mayurbhanj,2.5,29.5,False,none,0.0,False,none
2025-02-20,Ganjam,4.2,30.9,False,none,0.0,False,none
2025-02-20,Kamrup,24.7,23.5,False,none,0.0,False,none
2025-02-20,Dibrugarh,6.6,26.9,False,none,0.0,False,none
2025-02-20,Cachar,9.4,23.6,False,none,0.0,False,none
2025-02-20,Jorhat,1.8,24.9,False,none,0.0,False,none
2025-02-20,Nagaon,2.0,27.3,False,none,0.0,False,none
2025-02-20,Sonitpur,1.9,25.6,False,none,0.0,False,none
2025-02-21,Vellore,0.1,29.0,False,none,0.0,False,none
2025-02-21,Krishnagiri,0.3,32.6,False,none,0.0,False,none
2025-02-21,Tiruvannamalai,5.0,32.3,False,none,0.0,False,none
2025-02-21,Salem,1.9,29.5,False,none,0.0,False,none
2025-02-21,Madurai,0.9,30.5,False,none,0.0,False,none
2025-02-21,Coimbatore,0.4,28.4,False,none,0.0,False,none
2025-02-21,Pune,0.2,30.4,False,none,0.0,False,none
2025-02-21,Nagpur,0.1,30.1,False,none,0.0,False,none
2025-02-21,Nashik,0.3,33.5,False,none,0.0,False,none
2025-02-21,Chhatrapati Sambhajinagar,2.9,27.3,False,none,0.0,False,none
2025-02-21,Thane,0.3,33.7,False,none,0.0,False,none
2025-02-21,Amravati,1.3,23.7,False,none,0.0,False,none
2025-02-21,Jaipur,0.0,24.0,False,none,0.0,False,none
2025-02-21,Jodhpur,0.6,31.0,False,none,0.0,False,none
2025-02-21,Bikaner,0.0,24.8,False,none,0.0,False,none
2025-02-21,Udaipur,0.2,30.3,False,none,0.0,False,none
2025-02-21,Kota,2.0,30.3,False,none,0.0,False,none
2025-02-21,Barmer,0.0,24.6,False,none,0.0,False,none
2025-02-21,Khordha,4.6,28.5,False,none,0.0,False,none
2025-02-21,Cuttack,3.7,29.9,False,none,0.0,False,none
2025-02-21,Puri,7.9,30.0,False,none,0.0,False,none
2025-02-21,Balasore,6.6,28.4,False,none,0.0,False,none
2025-02-21,Mayurbhanj,2.1,28.4,False,none,0.0,False,none
2025-02-21,Ganjam,3.8,24.3,False,none,0.0,False,none
2025-02-21,Kamrup,7.3,26.3,False,none,0.0,False,none
2025-02-21,Dibrugarh,2.0,26.6,False,none,0.0,False,none
2025-02-21,Cachar,4.4,28.7,False,none,0.0,False,none
2025-02-21,Jorhat,3.4,27.6,False,none,0.0,False,none
2025-02-21,Nagaon,7.7,28.7,False,none,0.0,False,none
2025-02-21,Sonitpur,1.8,19.7,False,none,0.0,False,none
2025-02-22,Vellore,0.7,28.6,True,seasonal_flu,0.56,False,none
2025-02-22,Krishnagiri,1.1,30.5,False,none,0.0,False,none
2025-02-22,Tiruvannamalai,3.3,26.3,False,none,0.0,False,none
2025-02-22,Salem,3.9,33.4,False,none,0.0,False,none
2025-02-22,Madurai,7.1,28.7,False,none,0.0,False,none
2025-02-22,Coimbatore,2.8,29.7,False,none,0.0,False,none
2025-02-22,Pune,0.1,26.9,False,none,0.0,False,none
2025-02-22,Nagpur,0.1,25.5,False,none,0.0,False,none
2025-02-22,Nashik,0.7,21.8,False,none,0.0,False,none
2025-02-22,Chhatrapati Sambhajinagar,2.1,23.3,False,none,0.0,False,none
2025-02-22,Thane,0.6,29.8,False,none,0.0,False,none
2025-02-22,Amravati,1.0,32.3,False,none,0.0,False,none
2025-02-22,Jaipur,0.0,27.9,False,none,0.0,False,none
2025-02-22,Jodhpur,0.1,31.9,False,none,0.0,False,none
2025-02-22,Bikaner,0.0,22.5,False,none,0.0,False,none
2025-02-22,Udaipur,0.1,25.8,False,none,0.0,False,none
2025-02-22,Kota,0.0,29.0,False,none,0.0,False,none
2025-02-22,Barmer,0.0,25.9,False,none,0.0,False,none
2025-02-22,Khordha,1.8,30.2,False,none,0.0,False,none
2025-02-22,Cuttack,6.2,27.8,False,none,0.0,False,none
2025-02-22,Puri,4.9,24.6,False,none,0.0,False,none
2025-02-22,Balasore,1.8,27.3,False,none,0.0,False,none
2025-02-22,Mayurbhanj,3.3,29.9,False,none,0.0,False,none
2025-02-22,Ganjam,2.6,29.8,False,none,0.0,False,none
2025-02-22,Kamrup,39.4,26.2,False,none,0.0,False,none
2025-02-22,Dibrugarh,19.2,26.5,False,none,0.0,False,none
2025-02-22,Cachar,7.0,23.2,False,none,0.0,False,none
2025-02-22,Jorhat,4.3,24.0,False,none,0.0,False,none
2025-02-22,Nagaon,10.9,29.5,False,none,0.0,False,none
2025-02-22,Sonitpur,15.7,27.8,False,none,0.0,False,none
2025-02-23,Vellore,2.6,31.6,True,seasonal_flu,0.56,False,none
2025-02-23,Krishnagiri,5.4,27.9,False,none,0.0,False,none
2025-02-23,Tiruvannamalai,7.8,28.3,False,none,0.0,False,none
2025-02-23,Salem,3.5,29.0,False,none,0.0,False,none
2025-02-23,Madurai,1.4,35.0,False,none,0.0,False,none
2025-02-23,Coimbatore,2.4,29.7,False,none,0.0,False,none
2025-02-23,Pune,0.9,25.6,False,none,0.0,False,none
2025-02-23,Nagpur,1.6,30.8,False,none,0.0,False,none
2025-02-23,Nashik,1.2,29.4,False,none,0.0,False,none
2025-02-23,Chhatrapati Sambhajinagar,0.1,23.4,False,none,0.0,False,none
2025-02-23,Thane,2.8,32.4,False,none,0.0,False,none
2025-02-23,Amravati,4.0,27.6,False,none,0.0,False,none
2025-02-23,Jaipur,0.1,23.6,False,none,0.0,False,none
2025-02-23,Jodhpur,0.0,18.5,False,none,0.0,False,none
2025-02-23,Bikaner,0.0,30.5,False,none,0.0,False,none
2025-02-23,Udaipur,0.0,27.7,False,none,0.0,False,none
2025-02-23,Kota,0.1,28.2,False,none,0.0,False,none
2025-02-23,Barmer,0.0,24.9,False,none,0.0,False,none
2025-02-23,Khordha,3.9,29.2,False,none,0.0,False,none
2025-02-23,Cuttack,1.3,28.8,False,none,0.0,False,none
2025-02-23,Puri,7.6,26.9,False,none,0.0,False,none
2025-02-23,Balasore,5.0,25.8,False,none,0.0,False,none
2025-02-23,Mayurbhanj,2.0,29.8,False,none,0.0,False,none
2025-02-23,Ganjam,1.3,32.9,False,none,0.0,False,none
2025-02-23,Kamrup,6.0,29.3,False,none,0.0,False,none
2025-02-23,Dibrugarh,10.7,25.9,False,none,0.0,False,none
2025-02-23,Cachar,19.0,26.7,False,none,0.0,False,none
2025-02-23,Jorhat,5.7,24.7,False,none,0.0,False,none
2025-02-23,Nagaon,7.6,24.9,False,none,0.0,False,none
2025-02-23,Sonitpur,7.0,21.3,False,none,0.0,False,none
2025-02-24,Vellore,0.7,35.9,True,seasonal_flu,0.56,False,none
2025-02-24,Krishnagiri,0.4,30.0,False,none,0.0,False,none
2025-02-24,Tiruvannamalai,0.1,29.0,False,none,0.0,False,none
2025-02-24,Salem,0.4,29.9,False,none,0.0,False,none
2025-02-24,Madurai,1.2,31.5,False,none,0.0,False,none
2025-02-24,Coimbatore,1.5,29.6,False,none,0.0,False,none
2025-02-24,Pune,1.0,29.3,False,none,0.0,False,none
2025-02-24,Nagpur,0.8,25.7,False,none,0.0,False,none
2025-02-24,Nashik,0.0,28.2,False,none,0.0,False,none
2025-02-24,Chhatrapati Sambhajinagar,0.2,28.0,False,none,0.0,False,none
2025-02-24,Thane,1.3,25.8,False,none,0.0,False,none
2025-02-24,Amravati,2.3,27.8,False,none,0.0,False,none
2025-02-24,Jaipur,0.0,31.4,False,none,0.0,False,none
2025-02-24,Jodhpur,0.0,28.5,False,none,0.0,False,none
2025-02-24,Bikaner,0.0,25.8,False,none,0.0,False,none
2025-02-24,Udaipur,0.0,26.5,False,none,0.0,False,none
2025-02-24,Kota,0.9,25.4,False,none,0.0,False,none
2025-02-24,Barmer,0.4,31.3,False,none,0.0,False,none
2025-02-24,Khordha,4.2,27.2,False,none,0.0,False,none
2025-02-24,Cuttack,3.9,27.1,False,none,0.0,False,none
2025-02-24,Puri,8.4,26.4,False,none,0.0,False,none
2025-02-24,Balasore,7.3,30.1,False,none,0.0,False,none
2025-02-24,Mayurbhanj,4.7,27.1,False,none,0.0,False,none
2025-02-24,Ganjam,6.0,28.9,False,none,0.0,False,none
2025-02-24,Kamrup,7.2,26.7,False,none,0.0,False,none
2025-02-24,Dibrugarh,5.5,28.4,False,none,0.0,False,none
2025-02-24,Cachar,4.2,27.1,False,none,0.0,False,none
2025-02-24,Jorhat,5.8,21.8,False,none,0.0,False,none
2025-02-24,Nagaon,6.2,24.0,False,none,0.0,False,none
2025-02-24,Sonitpur,8.6,24.1,False,none,0.0,False,none
2025-02-25,Vellore,2.0,30.7,True,seasonal_flu,0.56,False,none
2025-02-25,Krishnagiri,0.6,33.5,False,none,0.0,False,none
2025-02-25,Tiruvannamalai,2.0,30.5,False,none,0.0,False,none
2025-02-25,Salem,3.8,31.8,False,none,0.0,False,none
2025-02-25,Madurai,1.2,28.5,False,none,0.0,False,none
2025-02-25,Coimbatore,2.3,28.1,False,none,0.0,False,none
2025-02-25,Pune,0.4,31.4,False,none,0.0,False,none
2025-02-25,Nagpur,0.2,31.0,False,none,0.0,False,none
2025-02-25,Nashik,1.8,29.0,False,none,0.0,False,none
2025-02-25,Chhatrapati Sambhajinagar,0.7,27.1,False,none,0.0,False,none
2025-02-25,Thane,0.0,30.5,False,none,0.0,False,none
2025-02-25,Amravati,1.5,28.6,False,none,0.0,False,none
2025-02-25,Jaipur,0.0,26.1,False,none,0.0,False,none
2025-02-25,Jodhpur,0.0,23.6,False,none,0.0,False,none
2025-02-25,Bikaner,0.0,25.8,False,none,0.0,False,none
2025-02-25,Udaipur,0.4,30.4,False,none,0.0,False,none
2025-02-25,Kota,0.0,30.1,False,none,0.0,False,none
2025-02-25,Barmer,0.0,31.8,False,none,0.0,False,none
2025-02-25,Khordha,8.9,28.5,False,none,0.0,False,none
2025-02-25,Cuttack,2.9,29.9,False,none,0.0,False,none
2025-02-25,Puri,1.0,24.9,False,none,0.0,False,none
2025-02-25,Balasore,24.8,31.5,False,none,0.0,False,none
2025-02-25,Mayurbhanj,7.7,29.0,False,none,0.0,False,none
2025-02-25,Ganjam,7.5,24.6,False,none,0.0,False,none
2025-02-25,Kamrup,9.0,30.3,False,none,0.0,False,none
2025-02-25,Dibrugarh,8.1,21.6,False,none,0.0,False,none
2025-02-25,Cachar,8.6,23.8,False,none,0.0,False,none
2025-02-25,Jorhat,6.4,28.0,False,none,0.0,False,none
2025-02-25,Nagaon,10.0,27.5,False,none,0.0,False,none
2025-02-25,Sonitpur,1.2,24.7,False,none,0.0,False,none
2025-02-26,Vellore,1.2,30.4,True,seasonal_flu,0.56,False,none
2025-02-26,Krishnagiri,5.6,31.6,False,none,0.0,False,none
2025-02-26,Tiruvannamalai,6.1,33.1,False,none,0.0,False,none
2025-02-26,Salem,3.7,31.0,False,none,0.0,False,none
2025-02-26,Madurai,3.6,30.0,False,none,0.0,False,none
2025-02-26,Coimbatore,2.8,32.1,False,none,0.0,False,none
2025-02-26,Pune,0.5,28.0,False,none,0.0,False,none
2025-02-26,Nagpur,1.7,28.6,False,none,0.0,False,none
2025-02-26,Nashik,1.0,32.6,False,none,0.0,False,none
2025-02-26,Chhatrapati Sambhajinagar,3.7,27.7,False,none,0.0,False,none
2025-02-26,Thane,2.1,26.9,False,none,0.0,False,none
2025-02-26,Amravati,1.7,31.4,False,none,0.0,False,none
2025-02-26,Jaipur,0.2,25.7,False,none,0.0,False,none
2025-02-26,Jodhpur,0.0,26.7,False,none,0.0,False,none
2025-02-26,Bikaner,0.0,27.3,False,none,0.0,False,none
2025-02-26,Udaipur,0.1,34.2,False,none,0.0,False,none
2025-02-26,Kota,0.3,31.1,False,none,0.0,False,none
2025-02-26,Barmer,0.1,26.0,False,none,0.0,False,none
2025-02-26,Khordha,5.4,29.4,False,none,0.0,False,none
2025-02-26,Cuttack,2.7,29.5,False,none,0.0,False,none
2025-02-26,Puri,0.0,32.2,False,none,0.0,False,none
2025-02-26,Balasore,4.1,25.8,False,none,0.0,False,none
2025-02-26,Mayurbhanj,0.6,28.8,False,none,0.0,False,none
2025-02-26,Ganjam,1.6,24.9,False,none,0.0,False,none
2025-02-26,Kamrup,0.7,26.7,False,none,0.0,False,none
2025-02-26,Dibrugarh,1.5,25.7,False,none,0.0,False,none
2025-02-26,Cachar,9.3,21.7,False,none,0.0,False,none
2025-02-26,Jorhat,2.5,26.5,False,none,0.0,False,none
2025-02-26,Nagaon,6.5,25.1,False,none,0.0,False,none
2025-02-26,Sonitpur,9.3,29.1,False,none,0.0,False,none
2025-02-27,Vellore,3.8,29.2,True,seasonal_flu,0.56,False,none
2025-02-27,Krishnagiri,2.0,28.8,False,none,0.0,False,none
2025-02-27,Tiruvannamalai,1.1,30.1,False,none,0.0,False,none
2025-02-27,Salem,1.3,34.7,False,none,0.0,False,none
2025-02-27,Madurai,3.7,34.8,False,none,0.0,False,none
2025-02-27,Coimbatore,3.8,31.9,False,none,0.0,False,none
2025-02-27,Pune,0.0,26.4,False,none,0.0,False,none
2025-02-27,Nagpur,0.1,21.2,False,none,0.0,False,none
2025-02-27,Nashik,1.9,31.6,False,none,0.0,False,none
2025-02-27,Chhatrapati Sambhajinagar,0.3,27.5,False,none,0.0,False,none
2025-02-27,Thane,0.4,31.4,False,none,0.0,False,none
2025-02-27,Amravati,1.5,28.7,False,none,0.0,False,none
2025-02-27,Jaipur,0.0,30.4,False,none,0.0,False,none
2025-02-27,Jodhpur,0.0,28.1,False,none,0.0,False,none
2025-02-27,Bikaner,0.0,20.7,False,none,0.0,False,none
2025-02-27,Udaipur,1.1,30.0,False,none,0.0,False,none
2025-02-27,Kota,0.2,28.8,False,none,0.0,False,none
2025-02-27,Barmer,0.5,25.2,False,none,0.0,False,none
2025-02-27,Khordha,1.0,29.6,False,none,0.0,False,none
2025-02-27,Cuttack,14.6,25.7,False,none,0.0,False,none
2025-02-27,Puri,2.0,30.9,False,none,0.0,False,none
2025-02-27,Balasore,0.9,29.3,False,none,0.0,False,none
2025-02-27,Mayurbhanj,1.1,30.2,False,none,0.0,False,none
2025-02-27,Ganjam,0.2,28.6,False,none,0.0,False,none
2025-02-27,Kamrup,15.3,23.5,False,none,0.0,False,none
2025-02-27,Dibrugarh,2.9,24.8,False,none,0.0,False,none
2025-02-27,Cachar,5.3,28.1,False,none,0.0,False,none
2025-02-27,Jorhat,16.3,26.6,False,none,0.0,False,none
2025-02-27,Nagaon,0.6,28.8,False,none,0.0,False,none
2025-02-27,Sonitpur,3.0,24.1,False,none,0.0,False,none
2025-02-28,Vellore,0.4,28.9,True,seasonal_flu,0.56,True,general_immunization
2025-02-28,Krishnagiri,0.5,28.4,False,none,0.0,True,tetanus_drive
2025-02-28,Tiruvannamalai,0.8,25.3,False,none,0.0,True,general_immunization
2025-02-28,Salem,1.4,27.1,False,none,0.0,True,general_immunization
2025-02-28,Madurai,4.2,31.7,False,none,0.0,True,measles_drive
2025-02-28,Coimbatore,1.7,29.3,False,none,0.0,True,tetanus_drive
2025-02-28,Pune,0.0,28.6,False,none,0.0,True,measles_drive
2025-02-28,Nagpur,0.1,31.7,False,none,0.0,True,tetanus_drive
2025-02-28,Nashik,0.1,28.5,False,none,0.0,True,measles_drive
2025-02-28,Chhatrapati Sambhajinagar,0.5,25.2,False,none,0.0,True,tetanus_drive
2025-02-28,Thane,0.6,31.5,False,none,0.0,True,general_immunization
2025-02-28,Amravati,4.3,28.0,False,none,0.0,True,measles_drive
2025-02-28,Jaipur,0.0,24.5,False,none,0.0,True,tetanus_drive
2025-02-28,Jodhpur,0.0,30.9,False,none,0.0,True,measles_drive
2025-02-28,Bikaner,0.0,22.4,False,none,0.0,True,general_immunization
2025-02-28,Udaipur,0.0,24.0,False,none,0.0,True,tetanus_drive
2025-02-28,Kota,1.0,22.8,False,none,0.0,True,tetanus_drive
2025-02-28,Barmer,0.7,24.3,False,none,0.0,True,tetanus_drive
2025-02-28,Khordha,8.8,29.4,False,none,0.0,True,tetanus_drive
2025-02-28,Cuttack,6.1,32.7,False,none,0.0,True,tetanus_drive
2025-02-28,Puri,9.5,30.3,False,none,0.0,True,measles_drive
2025-02-28,Balasore,1.3,29.3,False,none,0.0,True,general_immunization
2025-02-28,Mayurbhanj,18.2,31.1,False,none,0.0,True,tetanus_drive
2025-02-28,Ganjam,5.7,34.5,False,none,0.0,True,tetanus_drive
2025-02-28,Kamrup,9.3,24.3,False,none,0.0,True,general_immunization
2025-02-28,Dibrugarh,17.0,23.2,False,none,0.0,True,general_immunization
2025-02-28,Cachar,3.4,23.6,False,none,0.0,True,tetanus_drive
2025-02-28,Jorhat,2.6,26.5,False,none,0.0,True,tetanus_drive
2025-02-28,Nagaon,0.4,28.7,False,none,0.0,True,general_immunization
2025-02-28,Sonitpur,7.0,24.3,False,none,0.0,True,tetanus_drive
2025-03-01,Vellore,0.5,34.7,True,seasonal_flu,0.56,True,tetanus_drive
2025-03-01,Krishnagiri,1.3,29.9,False,none,0.0,True,tetanus_drive
2025-03-01,Tiruvannamalai,0.4,34.5,False,none,0.0,True,general_immunization
2025-03-01,Salem,7.9,29.8,False,none,0.0,True,tetanus_drive
2025-03-01,Madurai,0.2,29.9,False,none,0.0,True,measles_drive
2025-03-01,Coimbatore,3.1,25.6,False,none,0.0,True,measles_drive
2025-03-01,Pune,1.4,25.7,False,none,0.0,True,tetanus_drive
2025-03-01,Nagpur,7.3,38.5,False,none,0.0,True,measles_drive
2025-03-01,Nashik,0.8,31.4,False,none,0.0,True,measles_drive
2025-03-01,Chhatrapati Sambhajinagar,0.2,31.5,False,none,0.0,True,general_immunization
2025-03-01,Thane,0.1,29.2,False,none,0.0,True,tetanus_drive
2025-03-01,Amravati,2.0,24.8,False,none,0.0,True,general_immunization
2025-03-01,Jaipur,0.0,26.1,False,none,0.0,True,tetanus_drive
2025-03-01,Jodhpur,0.0,25.5,False,none,0.0,True,general_immunization
2025-03-01,Bikaner,0.4,26.9,False,none,0.0,True,general_immunization
2025-03-01,Udaipur,0.4,27.5,False,none,0.0,True,tetanus_drive
2025-03-01,Kota,0.0,26.2,False,none,0.0,True,tetanus_drive
2025-03-01,Barmer,0.0,32.0,False,none,0.0,True,measles_drive
2025-03-01,Khordha,2.9,29.7,False,none,0.0,True,tetanus_drive
2025-03-01,Cuttack,2.6,29.4,False,none,0.0,True,tetanus_drive
2025-03-01,Puri,2.2,27.8,False,none,0.0,True,general_immunization
2025-03-01,Balasore,1.4,29.4,False,none,0.0,True,measles_drive
2025-03-01,Mayurbhanj,4.9,28.5,False,none,0.0,True,measles_drive
2025-03-01,Ganjam,2.4,29.9,False,none,0.0,True,general_immunization
2025-03-01,Kamrup,10.2,25.5,False,none,0.0,True,general_immunization
2025-03-01,Dibrugarh,9.3,25.0,False,none,0.0,True,general_immunization
2025-03-01,Cachar,10.3,26.4,False,none,0.0,True,tetanus_drive
2025-03-01,Jorhat,2.6,27.8,False,none,0.0,True,measles_drive
2025-03-01,Nagaon,10.0,26.8,False,none,0.0,True,measles_drive
2025-03-01,Sonitpur,12.9,24.0,False,none,0.0,True,measles_drive
2025-03-02,Vellore,4.9,28.4,True,seasonal_flu,0.56,True,measles_drive
2025-03-02,Krishnagiri,15.1,27.6,False,none,0.0,True,measles_drive
2025-03-02,Tiruvannamalai,1.6,30.4,False,none,0.0,True,measles_drive
2025-03-02,Salem,0.5,31.4,False,none,0.0,True,measles_drive
2025-03-02,Madurai,0.2,27.3,False,none,0.0,True,general_immunization
2025-03-02,Coimbatore,1.7,30.0,False,none,0.0,True,general_immunization
2025-03-02,Pune,5.9,28.6,False,none,0.0,True,measles_drive
2025-03-02,Nagpur,2.7,27.4,False,none,0.0,True,measles_drive
2025-03-02,Nashik,0.7,28.0,False,none,0.0,True,measles_drive
2025-03-02,Chhatrapati Sambhajinagar,2.0,28.0,False,none,0.0,True,measles_drive
2025-03-02,Thane,2.6,27.2,False,none,0.0,True,tetanus_drive
2025-03-02,Amravati,0.5,28.2,False,none,0.0,True,tetanus_drive
2025-03-02,Jaipur,0.0,30.2,False,none,0.0,True,tetanus_drive
2025-03-02,Jodhpur,0.0,26.0,False,none,0.0,True,measles_drive
2025-03-02,Bikaner,0.8,24.9,False,none,0.0,True,tetanus_drive
2025-03-02,Udaipur,0.1,22.4,False,none,0.0,True,tetanus_drive
2025-03-02,Kota,0.0,21.1,False,none,0.0,True,measles_drive
2025-03-02,Barmer,0.5,21.2,False,none,0.0,True,general_immunization
2025-03-02,Khordha,0.6,30.3,False,none,0.0,True,general_immunization
2025-03-02,Cuttack,0.4,28.0,False,none,0.0,True,measles_drive
2025-03-02,Puri,7.3,31.1,False,none,0.0,True,tetanus_drive
2025-03-02,Balasore,5.2,29.1,False,none,0.0,True,general_immunization
2025-03-02,Mayurbhanj,2.6,26.8,False,none,0.0,True,measles_drive
2025-03-02,Ganjam,8.2,29.7,False,none,0.0,True,tetanus_drive
2025-03-02,Kamrup,0.3,27.9,False,none,0.0,True,tetanus_drive
2025-03-02,Dibrugarh,2.1,24.4,False,none,0.0,True,general_immunization
2025-03-02,Cachar,0.7,24.9,False,none,0.0,True,measles_drive
2025-03-02,Jorhat,5.6,26.2,False,none,0.0,True,tetanus_drive
2025-03-02,Nagaon,1.3,25.6,False,none,0.0,True,tetanus_drive
2025-03-02,Sonitpur,9.9,22.3,False,none,0.0,True,measles_drive
2025-03-03,Vellore,3.0,27.7,True,seasonal_flu,0.56,True,tetanus_drive
2025-03-03,Krishnagiri,9.1,27.0,False,none,0.0,True,measles_drive
2025-03-03,Tiruvannamalai,2.4,32.7,False,none,0.0,True,measles_drive
2025-03-03,Salem,5.2,33.3,False,none,0.0,True,tetanus_drive
2025-03-03,Madurai,2.6,29.5,False,none,0.0,True,tetanus_drive
2025-03-03,Coimbatore,4.0,32.8,False,none,0.0,True,general_immunization
2025-03-03,Pune,0.0,29.4,False,none,0.0,True,tetanus_drive
2025-03-03,Nagpur,5.4,27.7,False,none,0.0,True,general_immunization
2025-03-03,Nashik,0.9,27.8,False,none,0.0,True,measles_drive
2025-03-03,Chhatrapati Sambhajinagar,4.7,30.5,False,none,0.0,True,general_immunization
2025-03-03,Thane,1.9,26.2,False,none,0.0,True,general_immunization
2025-03-03,Amravati,1.5,29.5,False,none,0.0,True,general_immunization
2025-03-03,Jaipur,0.0,25.7,False,none,0.0,True,general_immunization
2025-03-03,Jodhpur,0.0,25.0,False,none,0.0,True,general_immunization
2025-03-03,Bikaner,0.2,29.4,False,none,0.0,True,general_immunization
2025-03-03,Udaipur,0.2,31.2,False,none,0.0,True,tetanus_drive
2025-03-03,Kota,0.0,32.2,False,none,0.0,True,general_immunization
2025-03-03,Barmer,0.2,30.1,False,none,0.0,True,general_immunization
2025-03-03,Khordha,10.1,24.9,False,none,0.0,True,general_immunization
2025-03-03,Cuttack,4.5,28.6,False,none,0.0,True,tetanus_drive
2025-03-03,Puri,0.3,26.8,False,none,0.0,True,general_immunization
2025-03-03,Balasore,10.3,28.6,False,none,0.0,True,tetanus_drive
2025-03-03,Mayurbhanj,13.9,29.3,False,none,0.0,True,tetanus_drive
2025-03-03,Ganjam,0.9,29.5,False,none,0.0,True,tetanus_drive
2025-03-03,Kamrup,24.9,26.5,False,none,0.0,True,general_immunization
2025-03-03,Dibrugarh,3.5,25.5,False,none,0.0,True,measles_drive
2025-03-03,Cachar,9.9,27.1,False,none,0.0,True,tetanus_drive
2025-03-03,Jorhat,8.5,22.7,False,none,0.0,True,general_immunization
2025-03-03,Nagaon,12.0,27.1,False,none,0.0,True,general_immunization
2025-03-03,Sonitpur,6.6,25.8,False,none,0.0,True,tetanus_drive
2025-03-04,Vellore,0.1,27.0,True,seasonal_flu,0.56,True,general_immunization
2025-03-04,Krishnagiri,2.6,27.5,False,none,0.0,True,measles_drive
2025-03-04,Tiruvannamalai,2.0,29.1,False,none,0.0,True,general_immunization
2025-03-04,Salem,4.0,30.6,False,none,0.0,True,general_immunization
2025-03-04,Madurai,3.0,27.9,False,none,0.0,True,general_immunization
2025-03-04,Coimbatore,0.8,33.0,False,none,0.0,True,measles_drive
2025-03-04,Pune,0.2,25.3,False,none,0.0,True,measles_drive
2025-03-04,Nagpur,5.3,26.2,False,none,0.0,True,tetanus_drive
2025-03-04,Nashik,0.4,33.7,False,none,0.0,True,measles_drive
2025-03-04,Chhatrapati Sambhajinagar,1.4,28.6,False,none,0.0,True,general_immunization
2025-03-04,Thane,2.2,25.5,False,none,0.0,True,measles_drive
2025-03-04,Amravati,0.2,27.4,False,none,0.0,True,measles_drive
2025-03-04,Jaipur,0.0,26.2,False,none,0.0,True,tetanus_drive
2025-03-04,Jodhpur,0.0,25.7,False,none,0.0,True,tetanus_drive
2025-03-04,Bikaner,0.0,28.0,False,none,0.0,True,tetanus_drive
2025-03-04,Udaipur,0.1,28.4,False,none,0.0,True,general_immunization
2025-03-04,Kota,0.0,29.1,False,none,0.0,True,general_immunization
2025-03-04,Barmer,0.0,26.5,False,none,0.0,True,tetanus_drive
2025-03-04,Khordha,4.2,28.6,False,none,0.0,True,measles_drive
2025-03-04,Cuttack,2.1,28.8,False,none,0.0,True,measles_drive
2025-03-04,Puri,4.1,27.4,False,none,0.0,True,general_immunization
2025-03-04,Balasore,1.7,28.5,False,none,0.0,True,general_immunization
2025-03-04,Mayurbhanj,6.1,30.3,False,none,0.0,True,general_immunization
2025-03-04,Ganjam,11.1,25.5,False,none,0.0,True,tetanus_drive
2025-03-04,Kamrup,6.1,23.7,False,none,0.0,True,general_immunization
2025-03-04,Dibrugarh,9.1,25.2,False,none,0.0,True,general_immunization
2025-03-04,Cachar,1.9,25.6,False,none,0.0,True,general_immunization
2025-03-04,Jorhat,2.8,24.9,False,none,0.0,True,tetanus_drive
2025-03-04,Nagaon,21.9,22.9,False,none,0.0,True,tetanus_drive
2025-03-04,Sonitpur,5.1,24.2,False,none,0.0,True,measles_drive
2025-03-05,Vellore,1.9,27.8,True,seasonal_flu,0.56,False,none
2025-03-05,Krishnagiri,5.5,31.5,False,none,0.0,False,none
2025-03-05,Tiruvannamalai,0.9,35.9,False,none,0.0,False,none
2025-03-05,Salem,1.2,28.0,False,none,0.0,False,none
2025-03-05,Madurai,0.1,30.8,False,none,0.0,False,none
2025-03-05,Coimbatore,0.0,24.3,False,none,0.0,False,none
2025-03-05,Pune,1.3,27.1,False,none,0.0,False,none
2025-03-05,Nagpur,6.5,30.4,False,none,0.0,False,none
2025-03-05,Nashik,0.2,30.1,False,none,0.0,False,none
2025-03-05,Chhatrapati Sambhajinagar,0.1,23.9,False,none,0.0,False,none
2025-03-05,Thane,1.1,30.8,False,none,0.0,False,none
2025-03-05,Amravati,1.0,28.4,False,none,0.0,False,none
2025-03-05,Jaipur,0.0,27.6,False,none,0.0,False,none
2025-03-05,Jodhpur,0.3,24.3,False,none,0.0,False,none
2025-03-05,Bikaner,0.0,22.2,False,none,0.0,False,none
2025-03-05,Udaipur,0.1,30.2,False,none,0.0,False,none
2025-03-05,Kota,0.0,36.1,False,none,0.0,False,none
2025-03-05,Barmer,0.0,25.5,False,none,0.0,False,none
2025-03-05,Khordha,0.3,28.3,False,none,0.0,False,none
2025-03-05,Cuttack,5.7,32.2,False,none,0.0,False,none
2025-03-05,Puri,12.1,32.4,False,none,0.0,False,none
2025-03-05,Balasore,9.7,28.1,False,none,0.0,False,none
2025-03-05,Mayurbhanj,10.6,27.2,False,none,0.0,False,none
2025-03-05,Ganjam,0.3,25.6,False,none,0.0,False,none
2025-03-05,Kamrup,13.2,28.4,False,none,0.0,False,none
2025-03-05,Dibrugarh,10.4,24.1,False,none,0.0,False,none
2025-03-05,Cachar,10.8,26.7,False,none,0.0,False,none
2025-03-05,Jorhat,26.6,27.4,False,none,0.0,False,none
2025-03-05,Nagaon,7.1,27.6,False,none,0.0,False,none
2025-03-05,Sonitpur,18.9,22.7,False,none,0.0,False,none
2025-03-06,Vellore,2.4,30.8,True,seasonal_flu,0.56,False,none
2025-03-06,Krishnagiri,4.8,28.3,False,none,0.0,False,none
2025-03-06,Tiruvannamalai,0.4,33.2,False,none,0.0,False,none
2025-03-06,Salem,4.8,34.1,False,none,0.0,False,none
2025-03-06,Madurai,5.0,29.1,False,none,0.0,False,none
2025-03-06,Coimbatore,12.1,28.5,False,none,0.0,False,none
2025-03-06,Pune,1.5,26.0,False,none,0.0,False,none
2025-03-06,Nagpur,0.3,32.4,False,none,0.0,False,none
2025-03-06,Nashik,0.3,27.2,False,none,0.0,False,none
2025-03-06,Chhatrapati Sambhajinagar,1.0,31.4,False,none,0.0,False,none
2025-03-06,Thane,0.0,30.5,False,none,0.0,False,none
2025-03-06,Amravati,2.6,23.0,False,none,0.0,False,none
2025-03-06,Jaipur,0.0,24.0,False,none,0.0,False,none
2025-03-06,Jodhpur,0.0,28.5,False,none,0.0,False,none
2025-03-06,Bikaner,0.0,25.2,False,none,0.0,False,none
2025-03-06,Udaipur,0.0,30.0,False,none,0.0,False,none
2025-03-06,Kota,0.0,30.9,False,none,0.0,False,none
2025-03-06,Barmer,0.0,25.7,False,none,0.0,False,none
2025-03-06,Khordha,1.9,32.0,False,none,0.0,False,none
2025-03-06,Cuttack,4.3,30.3,False,none,0.0,False,none
2025-03-06,Puri,3.8,26.9,False,none,0.0,False,none
2025-03-06,Balasore,7.5,32.1,False,none,0.0,False,none
2025-03-06,Mayurbhanj,11.4,30.9,False,none,0.0,False,none
2025-03-06,Ganjam,3.2,29.0,False,none,0.0,False,none
2025-03-06,Kamrup,3.3,27.6,False,none,0.0,False,none
2025-03-06,Dibrugarh,16.2,27.4,False,none,0.0,False,none
2025-03-06,Cachar,3.9,25.5,False,none,0.0,False,none
2025-03-06,Jorhat,0.5,26.9,False,none,0.0,False,none
2025-03-06,Nagaon,1.9,25.2,False,none,0.0,False,none
2025-03-06,Sonitpur,8.2,28.7,False,none,0.0,False,none
2025-03-07,Vellore,2.6,34.2,True,seasonal_flu,0.56,False,none
2025-03-07,Krishnagiri,2.6,28.4,False,none,0.0,False,none
2025-03-07,Tiruvannamalai,2.7,25.5,False,none,0.0,False,none
2025-03-07,Salem,3.3,32.1,False,none,0.0,False,none
2025-03-07,Madurai,7.7,27.4,False,none,0.0,False,none
2025-03-07,Coimbatore,4.3,29.8,False,none,0.0,False,none
2025-03-07,Pune,0.8,26.1,False,none,0.0,False,none
2025-03-07,Nagpur,1.0,26.8,False,none,0.0,False,none
2025-03-07,Nashik,0.3,25.2,False,none,0.0,False,none
2025-03-07,Chhatrapati Sambhajinagar,2.8,27.6,False,none,0.0,False,none
2025-03-07,Thane,1.3,29.8,False,none,0.0,False,none
2025-03-07,Amravati,3.2,25.1,False,none,0.0,False,none
2025-03-07,Jaipur,0.3,23.4,False,none,0.0,False,none
2025-03-07,Jodhpur,0.1,24.7,False,none,0.0,False,none
2025-03-07,Bikaner,0.0,27.3,False,none,0.0,False,none
2025-03-07,Udaipur,0.2,26.2,False,none,0.0,False,none
2025-03-07,Kota,0.1,31.6,False,none,0.0,False,none
2025-03-07,Barmer,0.0,23.6,False,none,0.0,False,none
2025-03-07,Khordha,2.5,25.0,False,none,0.0,False,none
2025-03-07,Cuttack,13.2,31.7,False,none,0.0,False,none
2025-03-07,Puri,23.1,28.5,False,none,0.0,False,none
2025-03-07,Balasore,5.8,25.9,False,none,0.0,False,none
2025-03-07,Mayurbhanj,0.1,26.8,False,none,0.0,False,none
2025-03-07,Ganjam,5.7,28.7,False,none,0.0,False,none
2025-03-07,Kamrup,3.3,20.9,False,none,0.0,False,none
2025-03-07,Dibrugarh,5.0,25.2,False,none,0.0,False,none
2025-03-07,Cachar,3.3,25.0,False,none,0.0,False,none
2025-03-07,Jorhat,2.3,26.6,False,none,0.0,False,none
2025-03-07,Nagaon,2.0,26.0,False,none,0.0,False,none
2025-03-07,Sonitpur,2.7,23.9,False,none,0.0,False,none
2025-03-08,Vellore,5.9,36.6,True,seasonal_flu,0.56,False,none
2025-03-08,Krishnagiri,8.3,31.6,False,none,0.0,False,none
2025-03-08,Tiruvannamalai,5.3,28.6,False,none,0.0,False,none
2025-03-08,Salem,0.2,29.2,False,none,0.0,False,none
2025-03-08,Madurai,2.7,30.4,False,none,0.0,False,none
2025-03-08,Coimbatore,3.3,32.2,False,none,0.0,False,none
2025-03-08,Pune,2.8,27.6,False,none,0.0,False,none
2025-03-08,Nagpur,2.9,32.2,False,none,0.0,False,none
2025-03-08,Nashik,0.3,28.1,False,none,0.0,False,none
2025-03-08,Chhatrapati Sambhajinagar,0.8,27.8,False,none,0.0,False,none
2025-03-08,Thane,0.3,28.4,False,none,0.0,False,none
2025-03-08,Amravati,0.7,30.4,False,none,0.0,False,none
2025-03-08,Jaipur,0.1,23.1,False,none,0.0,False,none
2025-03-08,Jodhpur,0.0,27.3,False,none,0.0,False,none
2025-03-08,Bikaner,0.8,31.0,False,none,0.0,False,none
2025-03-08,Udaipur,0.1,24.8,False,none,0.0,False,none
2025-03-08,Kota,1.3,27.8,False,none,0.0,False,none
2025-03-08,Barmer,0.0,24.6,False,none,0.0,False,none
2025-03-08,Khordha,6.6,26.8,False,none,0.0,False,none
2025-03-08,Cuttack,2.3,26.2,False,none,0.0,False,none
2025-03-08,Puri,0.4,32.3,False,none,0.0,False,none
2025-03-08,Balasore,4.9,27.6,False,none,0.0,False,none
2025-03-08,Mayurbhanj,7.1,28.2,False,none,0.0,False,none
2025-03-08,Ganjam,13.2,28.3,False,none,0.0,False,none
2025-03-08,Kamrup,8.0,28.1,False,none,0.0,False,none
2025-03-08,Dibrugarh,15.7,26.4,False,none,0.0,False,none
2025-03-08,Cachar,13.9,22.9,False,none,0.0,False,none
2025-03-08,Jorhat,13.2,25.8,False,none,0.0,False,none
2025-03-08,Nagaon,2.6,24.4,False,none,0.0,False,none
2025-03-08,Sonitpur,6.8,24.0,False,none,0.0,False,none
2025-03-09,Vellore,0.2,26.6,True,seasonal_flu,0.56,False,none
2025-03-09,Krishnagiri,3.9,34.8,False,none,0.0,False,none
2025-03-09,Tiruvannamalai,1.4,36.2,False,none,0.0,False,none
2025-03-09,Salem,1.7,27.0,False,none,0.0,False,none
2025-03-09,Madurai,1.4,29.8,False,none,0.0,False,none
2025-03-09,Coimbatore,5.1,31.4,False,none,0.0,False,none
2025-03-09,Pune,1.7,26.3,False,none,0.0,False,none
2025-03-09,Nagpur,0.0,25.5,False,none,0.0,False,none
2025-03-09,Nashik,1.8,31.9,False,none,0.0,False,none
2025-03-09,Chhatrapati Sambhajinagar,2.9,26.6,False,none,0.0,False,none
2025-03-09,Thane,0.2,28.8,False,none,0.0,False,none
2025-03-09,Amravati,2.0,29.3,False,none,0.0,False,none
2025-03-09,Jaipur,0.0,20.2,False,none,0.0,False,none
2025-03-09,Jodhpur,0.0,32.8,False,none,0.0,False,none
2025-03-09,Bikaner,0.0,29.1,False,none,0.0,False,none
2025-03-09,Udaipur,0.0,28.0,False,none,0.0,False,none
2025-03-09,Kota,0.2,26.3,False,none,0.0,False,none
2025-03-09,Barmer,1.2,23.6,False,none,0.0,False,none
2025-03-09,Khordha,4.4,31.9,False,none,0.0,False,none
2025-03-09,Cuttack,1.7,29.3,False,none,0.0,False,none
2025-03-09,Puri,1.3,31.3,False,none,0.0,False,none
2025-03-09,Balasore,3.7,28.8,False,none,0.0,False,none
2025-03-09,Mayurbhanj,1.6,31.0,False,none,0.0,False,none
2025-03-09,Ganjam,0.2,28.0,False,none,0.0,False,none
2025-03-09,Kamrup,6.4,27.7,False,none,0.0,False,none
2025-03-09,Dibrugarh,3.8,25.9,False,none,0.0,False,none
2025-03-09,Cachar,6.0,24.8,False,none,0.0,False,none
2025-03-09,Jorhat,9.8,29.7,False,none,0.0,False,none
2025-03-09,Nagaon,4.3,23.2,False,none,0.0,False,none
2025-03-09,Sonitpur,19.2,24.7,False,none,0.0,False,none
2025-03-10,Vellore,1.4,33.8,True,seasonal_flu,0.56,False,none
2025-03-10,Krishnagiri,2.3,31.2,False,none,0.0,False,none
2025-03-10,Tiruvannamalai,2.2,28.1,False,none,0.0,False,none
2025-03-10,Salem,0.3,32.7,False,none,0.0,False,none
2025-03-10,Madurai,1.3,26.3,False,none,0.0,False,none
2025-03-10,Coimbatore,7.3,35.3,False,none,0.0,False,none
2025-03-10,Pune,4.4,27.5,False,none,0.0,False,none
2025-03-10,Nagpur,1.3,30.5,False,none,0.0,False,none
2025-03-10,Nashik,0.8,32.5,False,none,0.0,False,none
2025-03-10,Chhatrapati Sambhajinagar,2.1,30.4,False,none,0.0,False,none
2025-03-10,Thane,0.3,29.8,False,none,0.0,False,none
2025-03-10,Amravati,0.7,28.2,False,none,0.0,False,none
2025-03-10,Jaipur,0.1,29.7,False,none,0.0,False,none
2025-03-10,Jodhpur,0.0,23.9,False,none,0.0,False,none
2025-03-10,Bikaner,0.0,26.5,False,none,0.0,False,none
2025-03-10,Udaipur,0.0,28.2,False,none,0.0,False,none
2025-03-10,Kota,0.0,29.2,False,none,0.0,False,none
2025-03-10,Barmer,0.0,21.9,False,none,0.0,False,none
2025-03-10,Khordha,1.9,27.3,False,none,0.0,False,none
2025-03-10,Cuttack,2.2,25.6,False,none,0.0,False,none
2025-03-10,Puri,1.1,28.4,False,none,0.0,False,none
2025-03-10,Balasore,7.2,24.2,False,none,0.0,False,none
2025-03-10,Mayurbhanj,1.6,30.5,False,none,0.0,False,none
2025-03-10,Ganjam,0.7,31.3,False,none,0.0,False,none
2025-03-10,Kamrup,1.5,24.8,False,none,0.0,False,none
2025-03-10,Dibrugarh,3.7,24.5,False,none,0.0,False,none
2025-03-10,Cachar,7.9,26.5,False,none,0.0,False,none
2025-03-10,Jorhat,10.8,24.8,False,none,0.0,False,none
2025-03-10,Nagaon,11.3,25.8,False,none,0.0,False,none
2025-03-10,Sonitpur,4.3,29.0,False,none,0.0,False,none
2025-03-11,Vellore,1.1,33.9,True,seasonal_flu,0.56,False,none
2025-03-11,Krishnagiri,0.2,30.1,False,none,0.0,False,none
2025-03-11,Tiruvannamalai,2.6,31.6,False,none,0.0,False,none
2025-03-11,Salem,2.9,29.3,False,none,0.0,False,none
2025-03-11,Madurai,0.2,31.0,False,none,0.0,False,none
2025-03-11,Coimbatore,3.2,32.5,False,none,0.0,False,none
2025-03-11,Pune,0.4,21.5,False,none,0.0,False,none
2025-03-11,Nagpur,1.6,23.4,False,none,0.0,False,none
2025-03-11,Nashik,1.2,25.6,False,none,0.0,False,none
2025-03-11,Chhatrapati Sambhajinagar,2.1,31.1,False,none,0.0,False,none
2025-03-11,Thane,2.4,28.2,False,none,0.0,False,none
2025-03-11,Amravati,4.1,25.2,False,none,0.0,False,none
2025-03-11,Jaipur,0.0,30.3,False,none,0.0,False,none
2025-03-11,Jodhpur,0.0,25.0,False,none,0.0,False,none
2025-03-11,Bikaner,0.0,26.4,False,none,0.0,False,none
2025-03-11,Udaipur,0.0,22.3,False,none,0.0,False,none
2025-03-11,Kota,0.0,27.8,False,none,0.0,False,none
2025-03-11,Barmer,0.2,28.2,False,none,0.0,False,none
2025-03-11,Khordha,7.5,29.4,False,none,0.0,False,none
2025-03-11,Cuttack,5.3,27.9,False,none,0.0,False,none
2025-03-11,Puri,0.1,27.8,False,none,0.0,False,none
2025-03-11,Balasore,0.9,28.0,False,none,0.0,False,none
2025-03-11,Mayurbhanj,5.4,24.6,False,none,0.0,False,none
2025-03-11,Ganjam,14.7,28.8,False,none,0.0,False,none
2025-03-11,Kamrup,9.0,26.4,False,none,0.0,False,none
2025-03-11,Dibrugarh,3.7,25.7,False,none,0.0,False,none
2025-03-11,Cachar,25.3,26.3,False,none,0.0,False,none
2025-03-11,Jorhat,2.8,23.4,False,none,0.0,False,none
2025-03-11,Nagaon,3.4,28.0,False,none,0.0,False,none
2025-03-11,Sonitpur,28.2,27.7,False,none,0.0,False,none
2025-03-12,Vellore,0.1,31.2,True,seasonal_flu,0.56,False,none
2025-03-12,Krishnagiri,3.3,28.1,False,none,0.0,False,none
2025-03-12,Tiruvannamalai,3.8,27.9,False,none,0.0,False,none
2025-03-12,Salem,4.7,33.1,False,none,0.0,False,none
2025-03-12,Madurai,1.8,28.6,False,none,0.0,False,none
2025-03-12,Coimbatore,5.8,31.4,False,none,0.0,False,none
2025-03-12,Pune,1.2,32.1,False,none,0.0,False,none
2025-03-12,Nagpur,5.2,32.0,False,none,0.0,False,none
2025-03-12,Nashik,3.7,30.5,False,none,0.0,False,none
2025-03-12,Chhatrapati Sambhajinagar,1.5,28.7,False,none,0.0,False,none
2025-03-12,Thane,0.1,25.4,False,none,0.0,False,none
2025-03-12,Amravati,4.7,23.5,False,none,0.0,False,none
2025-03-12,Jaipur,0.1,29.5,False,none,0.0,False,none
2025-03-12,Jodhpur,0.0,22.2,False,none,0.0,False,none
2025-03-12,Bikaner,0.0,23.0,False,none,0.0,False,none
2025-03-12,Udaipur,0.0,33.9,False,none,0.0,False,none
2025-03-12,Kota,0.0,30.3,False,none,0.0,False,none
2025-03-12,Barmer,0.0,25.4,False,none,0.0,False,none
2025-03-12,Khordha,4.1,30.8,False,none,0.0,False,none
2025-03-12,Cuttack,0.1,29.9,False,none,0.0,False,none
2025-03-12,Puri,5.7,31.4,False,none,0.0,False,none
2025-03-12,Balasore,2.8,29.0,False,none,0.0,False,none
2025-03-12,Mayurbhanj,1.5,26.6,False,none,0.0,False,none
2025-03-12,Ganjam,5.6,29.2,False,none,0.0,False,none
2025-03-12,Kamrup,16.5,25.9,False,none,0.0,False,none
2025-03-12,Dibrugarh,23.9,24.8,False,none,0.0,False,none
2025-03-12,Cachar,12.4,20.6,False,none,0.0,False,none
2025-03-12,Jorhat,5.5,24.4,False,none,0.0,False,none
2025-03-12,Nagaon,13.9,21.7,False,none,0.0,False,none
2025-03-12,Sonitpur,3.4,23.8,False,none,0.0,False,none
2025-03-13,Vellore,1.8,30.9,False,none,0.0,False,none
2025-03-13,Krishnagiri,2.8,34.0,False,none,0.0,False,none
2025-03-13,Tiruvannamalai,1.9,27.8,False,none,0.0,False,none
2025-03-13,Salem,1.3,28.9,False,none,0.0,False,none
2025-03-13,Madurai,3.3,29.4,False,none,0.0,False,none
2025-03-13,Coimbatore,3.1,34.3,False,none,0.0,False,none
2025-03-13,Pune,0.3,27.4,False,none,0.0,False,none
2025-03-13,Nagpur,1.2,30.8,False,none,0.0,False,none
2025-03-13,Nashik,0.9,30.9,False,none,0.0,False,none
2025-03-13,Chhatrapati Sambhajinagar,1.1,31.8,False,none,0.0,False,none
2025-03-13,Thane,0.1,31.3,False,none,0.0,False,none
2025-03-13,Amravati,3.0,27.8,False,none,0.0,False,none
2025-03-13,Jaipur,0.0,25.9,False,none,0.0,False,none
2025-03-13,Jodhpur,0.0,28.7,False,none,0.0,False,none
2025-03-13,Bikaner,0.0,28.8,False,none,0.0,False,none
2025-03-13,Udaipur,0.2,29.6,False,none,0.0,False,none
2025-03-13,Kota,0.0,25.9,False,none,0.0,False,none
2025-03-13,Barmer,0.1,26.8,False,none,0.0,False,none
2025-03-13,Khordha,3.6,32.2,False,none,0.0,False,none
2025-03-13,Cuttack,0.7,26.1,False,none,0.0,False,none
2025-03-13,Puri,0.9,31.8,False,none,0.0,False,none
2025-03-13,Balasore,5.8,28.2,False,none,0.0,False,none
2025-03-13,Mayurbhanj,0.6,29.6,False,none,0.0,False,none
2025-03-13,Ganjam,0.3,34.9,False,none,0.0,False,none
2025-03-13,Kamrup,4.4,27.9,False,none,0.0,False,none
2025-03-13,Dibrugarh,13.3,24.1,False,none,0.0,False,none
2025-03-13,Cachar,5.5,25.8,False,none,0.0,False,none
2025-03-13,Jorhat,1.2,23.9,False,none,0.0,False,none
2025-03-13,Nagaon,0.7,27.0,False,none,0.0,False,none
2025-03-13,Sonitpur,1.9,22.4,False,none,0.0,False,none
2025-03-14,Vellore,1.3,29.9,False,none,0.0,False,none
2025-03-14,Krishnagiri,5.4,28.4,False,none,0.0,False,none
2025-03-14,Tiruvannamalai,0.6,29.8,False,none,0.0,False,none
2025-03-14,Salem,1.4,27.1,False,none,0.0,False,none
2025-03-14,Madurai,2.5,28.1,False,none,0.0,False,none
2025-03-14,Coimbatore,1.0,34.3,False,none,0.0,False,none
2025-03-14,Pune,1.2,28.1,False,none,0.0,False,none
2025-03-14,Nagpur,0.3,31.4,False,none,0.0,False,none
2025-03-14,Nashik,0.0,26.3,False,none,0.0,False,none
2025-03-14,Chhatrapati Sambhajinagar,2.9,24.8,False,none,0.0,False,none
2025-03-14,Thane,0.9,26.8,False,none,0.0,False,none
2025-03-14,Amravati,1.1,28.3,False,none,0.0,False,none
2025-03-14,Jaipur,0.1,25.4,False,none,0.0,False,none
2025-03-14,Jodhpur,0.4,29.0,False,none,0.0,False,none
2025-03-14,Bikaner,0.0,25.2,False,none,0.0,False,none
2025-03-14,Udaipur,0.0,23.7,False,none,0.0,False,none
2025-03-14,Kota,0.5,25.0,False,none,0.0,False,none
2025-03-14,Barmer,0.0,26.1,False,none,0.0,False,none
2025-03-14,Khordha,2.2,24.7,False,none,0.0,False,none
2025-03-14,Cuttack,0.5,28.2,False,none,0.0,False,none
2025-03-14,Puri,1.9,32.8,False,none,0.0,False,none
2025-03-14,Balasore,0.4,23.6,False,none,0.0,False,none
2025-03-14,Mayurbhanj,7.5,30.1,False,none,0.0,False,none
2025-03-14,Ganjam,2.2,32.2,False,none,0.0,False,none
2025-03-14,Kamrup,17.0,22.6,False,none,0.0,False,none
2025-03-14,Dibrugarh,18.7,27.1,False,none,0.0,False,none
2025-03-14,Cachar,2.7,24.4,False,none,0.0,False,none
2025-03-14,Jorhat,20.8,25.5,False,none,0.0,False,none
2025-03-14,Nagaon,16.5,23.3,False,none,0.0,False,none
2025-03-14,Sonitpur,2.8,26.5,False,none,0.0,False,none
2025-03-15,Vellore,1.6,29.8,False,none,0.0,False,none
2025-03-15,Krishnagiri,0.1,31.9,False,none,0.0,False,none
2025-03-15,Tiruvannamalai,2.0,31.4,False,none,0.0,False,none
2025-03-15,Salem,10.2,32.9,False,none,0.0,False,none
2025-03-15,Madurai,5.6,26.4,False,none,0.0,False,none
2025-03-15,Coimbatore,0.0,30.3,False,none,0.0,False,none
2025-03-15,Pune,8.5,30.8,False,none,0.0,False,none
2025-03-15,Nagpur,2.2,24.7,False,none,0.0,False,none
2025-03-15,Nashik,3.3,27.8,False,none,0.0,False,none
2025-03-15,Chhatrapati Sambhajinagar,0.9,30.9,False,none,0.0,False,none
2025-03-15,Thane,1.1,29.1,False,none,0.0,False,none
2025-03-15,Amravati,1.9,33.7,False,none,0.0,False,none
2025-03-15,Jaipur,1.2,24.3,False,none,0.0,False,none
2025-03-15,Jodhpur,0.0,27.3,False,none,0.0,False,none
2025-03-15,Bikaner,1.2,31.2,False,none,0.0,False,none
2025-03-15,Udaipur,0.0,25.4,False,none,0.0,False,none
2025-03-15,Kota,0.5,24.8,False,none,0.0,False,none
2025-03-15,Barmer,0.0,24.2,False,none,0.0,False,none
2025-03-15,Khordha,0.1,29.8,False,none,0.0,False,none
2025-03-15,Cuttack,5.7,29.8,False,none,0.0,False,none
2025-03-15,Puri,7.3,31.1,False,none,0.0,False,none
2025-03-15,Balasore,3.5,28.2,False,none,0.0,False,none
2025-03-15,Mayurbhanj,3.8,30.4,False,none,0.0,False,none
2025-03-15,Ganjam,0.1,30.8,False,none,0.0,False,none
2025-03-15,Kamrup,1.0,28.0,False,none,0.0,False,none
2025-03-15,Dibrugarh,15.1,24.7,False,none,0.0,False,none
2025-03-15,Cachar,19.5,25.6,False,none,0.0,False,none
2025-03-15,Jorhat,0.8,24.0,False,none,0.0,False,none
2025-03-15,Nagaon,0.3,26.9,False,none,0.0,False,none
2025-03-15,Sonitpur,3.6,23.9,False,none,0.0,False,none
2025-03-16,Vellore,5.0,31.6,False,none,0.0,False,none
2025-03-16,Krishnagiri,0.3,32.0,False,none,0.0,False,none
2025-03-16,Tiruvannamalai,4.1,28.6,False,none,0.0,False,none
2025-03-16,Salem,2.1,27.5,False,none,0.0,False,none
2025-03-16,Madurai,3.3,31.4,False,none,0.0,False,none
2025-03-16,Coimbatore,0.0,30.2,False,none,0.0,False,none
2025-03-16,Pune,5.7,32.1,False,none,0.0,False,none
2025-03-16,Nagpur,0.8,25.6,False,none,0.0,False,none
2025-03-16,Nashik,3.3,27.3,False,none,0.0,False,none
2025-03-16,Chhatrapati Sambhajinagar,0.1,28.4,False,none,0.0,False,none
2025-03-16,Thane,0.2,31.4,False,none,0.0,False,none
2025-03-16,Amravati,4.3,29.4,False,none,0.0,False,none
2025-03-16,Jaipur,0.1,32.3,False,none,0.0,False,none
2025-03-16,Jodhpur,0.2,30.2,False,none,0.0,False,none
2025-03-16,Bikaner,0.1,30.8,False,none,0.0,False,none
2025-03-16,Udaipur,0.0,29.2,False,none,0.0,False,none
2025-03-16,Kota,0.0,28.8,False,none,0.0,False,none
2025-03-16,Barmer,0.0,29.4,False,none,0.0,False,none
2025-03-16,Khordha,2.6,26.1,False,none,0.0,False,none
2025-03-16,Cuttack,2.5,34.1,False,none,0.0,False,none
2025-03-16,Puri,13.1,30.2,False,none,0.0,False,none
2025-03-16,Balasore,7.5,31.7,False,none,0.0,False,none
2025-03-16,Mayurbhanj,2.3,27.8,False,none,0.0,False,none
2025-03-16,Ganjam,1.0,30.3,False,none,0.0,False,none
2025-03-16,Kamrup,2.2,26.4,False,none,0.0,False,none
2025-03-16,Dibrugarh,2.4,22.3,False,none,0.0,False,none
2025-03-16,Cachar,2.3,24.4,False,none,0.0,False,none
2025-03-16,Jorhat,8.8,25.5,False,none,0.0,False,none
2025-03-16,Nagaon,4.7,22.8,False,none,0.0,False,none
2025-03-16,Sonitpur,10.0,24.0,False,none,0.0,False,none
2025-03-17,Vellore,6.7,29.8,False,none,0.0,False,none
2025-03-17,Krishnagiri,0.6,25.8,False,none,0.0,False,none
2025-03-17,Tiruvannamalai,2.4,25.2,False,none,0.0,False,none
2025-03-17,Salem,4.6,28.9,False,none,0.0,False,none
2025-03-17,Madurai,4.4,29.9,False,none,0.0,False,none
2025-03-17,Coimbatore,0.3,32.9,False,none,0.0,False,none
2025-03-17,Pune,0.4,30.0,False,none,0.0,False,none
2025-03-17,Nagpur,0.0,25.7,False,none,0.0,False,none
2025-03-17,Nashik,0.7,30.6,False,none,0.0,False,none
2025-03-17,Chhatrapati Sambhajinagar,0.6,33.5,False,none,0.0,False,none
2025-03-17,Thane,0.5,28.9,False,none,0.0,False,none
2025-03-17,Amravati,3.1,34.0,False,none,0.0,False,none
2025-03-17,Jaipur,0.0,27.4,False,none,0.0,False,none
2025-03-17,Jodhpur,0.0,30.9,False,none,0.0,False,none
2025-03-17,Bikaner,0.1,28.1,False,none,0.0,False,none
2025-03-17,Udaipur,0.0,26.9,False,none,0.0,False,none
2025-03-17,Kota,0.0,24.1,False,none,0.0,False,none
2025-03-17,Barmer,0.0,25.5,False,none,0.0,False,none
2025-03-17,Khordha,1.0,22.9,False,none,0.0,False,none
2025-03-17,Cuttack,1.3,28.9,False,none,0.0,False,none
2025-03-17,Puri,1.0,31.2,False,none,0.0,False,none
2025-03-17,Balasore,8.5,28.3,False,none,0.0,False,none
2025-03-17,Mayurbhanj,15.7,26.5,False,none,0.0,False,none
2025-03-17,Ganjam,2.7,31.9,False,none,0.0,False,none
2025-03-17,Kamrup,1.8,25.0,False,none,0.0,False,none
2025-03-17,Dibrugarh,7.5,25.3,False,none,0.0,False,none
2025-03-17,Cachar,10.3,19.0,False,none,0.0,False,none
2025-03-17,Jorhat,2.3,27.7,False,none,0.0,False,none
2025-03-17,Nagaon,1.4,24.8,False,none,0.0,False,none
2025-03-17,Sonitpur,27.1,24.4,False,none,0.0,False,none
2025-03-18,Vellore,2.3,33.8,False,none,0.0,False,none
2025-03-18,Krishnagiri,10.3,33.3,False,none,0.0,False,none
2025-03-18,Tiruvannamalai,4.4,29.9,False,none,0.0,False,none
2025-03-18,Salem,3.3,29.3,False,none,0.0,False,none
2025-03-18,Madurai,5.2,31.1,False,none,0.0,False,none
2025-03-18,Coimbatore,1.4,29.9,False,none,0.0,False,none
2025-03-18,Pune,3.5,32.3,False,none,0.0,False,none
2025-03-18,Nagpur,1.4,26.5,False,none,0.0,False,none
2025-03-18,Nashik,0.0,30.9,False,none,0.0,False,none
2025-03-18,Chhatrapati Sambhajinagar,1.0,25.8,False,none,0.0,False,none
2025-03-18,Thane,0.4,27.6,False,none,0.0,False,none
2025-03-18,Amravati,0.5,24.0,False,none,0.0,False,none
2025-03-18,Jaipur,1.2,28.2,False,none,0.0,False,none
2025-03-18,Jodhpur,0.0,26.7,False,none,0.0,False,none
2025-03-18,Bikaner,0.0,29.2,False,none,0.0,False,none
2025-03-18,Udaipur,0.0,25.1,False,none,0.0,False,none
2025-03-18,Kota,0.0,29.9,False,none,0.0,False,none
2025-03-18,Barmer,0.0,31.3,False,none,0.0,False,none
2025-03-18,Khordha,16.3,31.5,False,none,0.0,False,none
2025-03-18,Cuttack,0.8,29.9,False,none,0.0,False,none
2025-03-18,Puri,0.2,30.8,False,none,0.0,False,none
2025-03-18,Balasore,0.2,28.9,False,none,0.0,False,none
2025-03-18,Mayurbhanj,7.2,30.9,False,none,0.0,False,none
2025-03-18,Ganjam,2.2,33.2,False,none,0.0,False,none
2025-03-18,Kamrup,9.3,25.1,False,none,0.0,False,none
2025-03-18,Dibrugarh,24.8,26.3,False,none,0.0,False,none
2025-03-18,Cachar,2.1,27.8,False,none,0.0,False,none
2025-03-18,Jorhat,1.8,28.5,False,none,0.0,False,none
2025-03-18,Nagaon,14.7,26.5,False,none,0.0,False,none
2025-03-18,Sonitpur,11.1,25.9,False,none,0.0,False,none
2025-03-19,Vellore,3.6,29.1,False,none,0.0,False,none
2025-03-19,Krishnagiri,3.1,32.9,False,none,0.0,False,none
2025-03-19,Tiruvannamalai,5.9,28.6,False,none,0.0,False,none
2025-03-19,Salem,3.9,32.0,False,none,0.0,False,none
2025-03-19,Madurai,1.2,33.8,False,none,0.0,False,none
2025-03-19,Coimbatore,0.3,28.6,False,none,0.0,False,none
2025-03-19,Pune,2.9,28.1,False,none,0.0,False,none
2025-03-19,Nagpur,0.3,32.6,False,none,0.0,False,none
2025-03-19,Nashik,0.0,29.8,False,none,0.0,False,none
2025-03-19,Chhatrapati Sambhajinagar,0.9,27.0,False,none,0.0,False,none
2025-03-19,Thane,1.9,26.0,False,none,0.0,False,none
2025-03-19,Amravati,0.1,28.9,False,none,0.0,False,none
2025-03-19,Jaipur,0.1,24.7,False,none,0.0,False,none
2025-03-19,Jodhpur,0.0,27.2,False,none,0.0,False,none
2025-03-19,Bikaner,0.0,30.5,False,none,0.0,False,none
2025-03-19,Udaipur,0.0,19.8,False,none,0.0,False,none
2025-03-19,Kota,0.1,30.6,False,none,0.0,False,none
2025-03-19,Barmer,0.0,28.6,False,none,0.0,False,none
2025-03-19,Khordha,8.0,26.4,False,none,0.0,False,none
2025-03-19,Cuttack,5.1,27.0,False,none,0.0,False,none
2025-03-19,Puri,3.5,25.9,False,none,0.0,False,none
2025-03-19,Balasore,3.1,29.2,False,none,0.0,False,none
2025-03-19,Mayurbhanj,2.9,28.5,False,none,0.0,False,none
2025-03-19,Ganjam,4.6,28.9,False,none,0.0,False,none
2025-03-19,Kamrup,10.3,24.9,False,none,0.0,False,none
2025-03-19,Dibrugarh,5.6,21.9,False,none,0.0,False,none
2025-03-19,Cachar,13.1,27.9,False,none,0.0,False,none
2025-03-19,Jorhat,15.0,27.0,False,none,0.0,False,none
2025-03-19,Nagaon,3.7,23.3,False,none,0.0,False,none
2025-03-19,Sonitpur,9.2,28.9,False,none,0.0,False,none
2025-03-20,Vellore,0.8,28.5,False,none,0.0,False,none
2025-03-20,Krishnagiri,3.9,31.8,False,none,0.0,False,none
2025-03-20,Tiruvannamalai,0.6,34.0,False,none,0.0,False,none
2025-03-20,Salem,4.2,33.3,False,none,0.0,False,none
2025-03-20,Madurai,1.7,29.4,False,none,0.0,False,none
2025-03-20,Coimbatore,8.8,35.7,False,none,0.0,False,none
2025-03-20,Pune,1.1,30.1,False,none,0.0,False,none
2025-03-20,Nagpur,2.8,34.0,False,none,0.0,False,none
2025-03-20,Nashik,0.4,28.2,False,none,0.0,False,none
2025-03-20,Chhatrapati Sambhajinagar,0.0,30.6,False,none,0.0,False,none
2025-03-20,Thane,0.4,31.1,False,none,0.0,False,none
2025-03-20,Amravati,0.0,27.1,False,none,0.0,False,none
2025-03-20,Jaipur,0.1,34.7,False,none,0.0,False,none
2025-03-20,Jodhpur,0.4,28.4,False,none,0.0,False,none
2025-03-20,Bikaner,0.0,27.8,False,none,0.0,False,none
2025-03-20,Udaipur,1.7,30.8,False,none,0.0,False,none
2025-03-20,Kota,0.0,29.4,False,none,0.0,False,none
2025-03-20,Barmer,0.3,18.2,False,none,0.0,False,none
2025-03-20,Khordha,6.1,27.1,False,none,0.0,False,none
2025-03-20,Cuttack,15.2,30.9,False,none,0.0,False,none
2025-03-20,Puri,18.9,27.5,False,none,0.0,False,none
2025-03-20,Balasore,3.4,25.3,False,none,0.0,False,none
2025-03-20,Mayurbhanj,1.5,28.5,False,none,0.0,False,none
2025-03-20,Ganjam,5.7,27.0,False,none,0.0,False,none
2025-03-20,Kamrup,8.7,22.0,False,none,0.0,False,none
2025-03-20,Dibrugarh,9.5,25.5,False,none,0.0,False,none
2025-03-20,Cachar,4.8,26.9,False,none,0.0,False,none
2025-03-20,Jorhat,2.6,24.7,False,none,0.0,False,none
2025-03-20,Nagaon,3.9,25.1,False,none,0.0,False,none
2025-03-20,Sonitpur,5.4,25.9,False,none,0.0,False,none
2025-03-21,Vellore,3.8,28.7,False,none,0.0,False,none
2025-03-21,Krishnagiri,1.0,32.3,False,none,0.0,False,none
2025-03-21,Tiruvannamalai,0.8,28.1,False,none,0.0,False,none
2025-03-21,Salem,3.3,29.5,False,none,0.0,False,none
2025-03-21,Madurai,5.2,27.8,False,none,0.0,False,none
2025-03-21,Coimbatore,1.0,34.5,False,none,0.0,False,none
2025-03-21,Pune,0.7,30.0,False,none,0.0,False,none
2025-03-21,Nagpur,0.1,29.1,False,none,0.0,False,none
2025-03-21,Nashik,4.6,26.9,False,none,0.0,False,none
2025-03-21,Chhatrapati Sambhajinagar,1.2,25.8,False,none,0.0,False,none
2025-03-21,Thane,0.3,27.9,False,none,0.0,False,none
2025-03-21,Amravati,2.4,26.0,False,none,0.0,False,none
2025-03-21,Jaipur,0.0,29.8,False,none,0.0,False,none
2025-03-21,Jodhpur,0.2,29.4,False,none,0.0,False,none
2025-03-21,Bikaner,0.9,23.6,False,none,0.0,False,none
2025-03-21,Udaipur,0.0,26.5,False,none,0.0,False,none
2025-03-21,Kota,0.0,30.4,False,none,0.0,False,none
2025-03-21,Barmer,0.0,25.2,False,none,0.0,False,none
2025-03-21,Khordha,1.0,30.9,False,none,0.0,False,none
2025-03-21,Cuttack,2.0,30.6,False,none,0.0,False,none
2025-03-21,Puri,0.7,24.9,False,none,0.0,False,none
2025-03-21,Balasore,2.6,31.4,False,none,0.0,False,none
2025-03-21,Mayurbhanj,8.1,30.2,False,none,0.0,False,none
2025-03-21,Ganjam,5.7,29.0,False,none,0.0,False,none
2025-03-21,Kamrup,15.3,22.0,False,none,0.0,False,none
2025-03-21,Dibrugarh,4.8,29.1,False,none,0.0,False,none
2025-03-21,Cachar,0.3,25.4,False,none,0.0,False,none
2025-03-21,Jorhat,3.9,23.1,False,none,0.0,False,none
2025-03-21,Nagaon,7.0,23.9,False,none,0.0,False,none
2025-03-21,Sonitpur,7.9,23.3,False,none,0.0,False,none
2025-03-22,Vellore,2.4,30.3,False,none,0.0,False,none
2025-03-22,Krishnagiri,6.6,30.4,False,none,0.0,False,none
2025-03-22,Tiruvannamalai,2.9,22.4,False,none,0.0,False,none
2025-03-22,Salem,4.0,28.1,False,none,0.0,False,none
2025-03-22,Madurai,2.2,28.5,False,none,0.0,False,none
2025-03-22,Coimbatore,0.8,29.5,False,none,0.0,False,none
2025-03-22,Pune,1.7,32.3,False,none,0.0,False,none
2025-03-22,Nagpur,0.2,30.0,False,none,0.0,False,none
2025-03-22,Nashik,0.0,26.9,False,none,0.0,False,none
2025-03-22,Chhatrapati Sambhajinagar,0.7,34.3,False,none,0.0,False,none
2025-03-22,Thane,2.6,30.3,False,none,0.0,False,none
2025-03-22,Amravati,0.3,31.6,False,none,0.0,False,none
2025-03-22,Jaipur,0.0,31.3,False,none,0.0,False,none
2025-03-22,Jodhpur,0.9,24.3,False,none,0.0,False,none
2025-03-22,Bikaner,0.0,24.3,False,none,0.0,False,none
2025-03-22,Udaipur,0.0,25.1,False,none,0.0,False,none
2025-03-22,Kota,0.0,27.1,False,none,0.0,False,none
2025-03-22,Barmer,0.0,22.7,False,none,0.0,False,none
2025-03-22,Khordha,4.3,30.3,False,none,0.0,False,none
2025-03-22,Cuttack,0.8,31.0,False,none,0.0,False,none
2025-03-22,Puri,2.6,32.0,False,none,0.0,False,none
2025-03-22,Balasore,1.4,28.6,False,none,0.0,False,none
2025-03-22,Mayurbhanj,6.7,28.6,False,none,0.0,False,none
2025-03-22,Ganjam,5.5,31.1,False,none,0.0,False,none
2025-03-22,Kamrup,4.2,21.9,False,none,0.0,False,none
2025-03-22,Dibrugarh,1.2,28.2,False,none,0.0,False,none
2025-03-22,Cachar,14.4,26.3,False,none,0.0,False,none
2025-03-22,Jorhat,6.2,26.7,False,none,0.0,False,none
2025-03-22,Nagaon,4.7,24.0,False,none,0.0,False,none
2025-03-22,Sonitpur,10.5,26.3,False,none,0.0,False,none
2025-03-23,Vellore,0.3,34.2,False,none,0.0,False,none
2025-03-23,Krishnagiri,0.6,32.5,False,none,0.0,False,none
2025-03-23,Tiruvannamalai,2.4,28.5,False,none,0.0,False,none
2025-03-23,Salem,0.2,29.4,True,seasonal_flu,0.52,False,none
2025-03-23,Madurai,4.3,33.7,False,none,0.0,False,none
2025-03-23,Coimbatore,3.5,32.0,False,none,0.0,False,none
2025-03-23,Pune,0.2,26.8,False,none,0.0,False,none
2025-03-23,Nagpur,5.5,24.4,False,none,0.0,False,none
2025-03-23,Nashik,1.9,25.2,False,none,0.0,False,none
2025-03-23,Chhatrapati Sambhajinagar,1.1,30.9,False,none,0.0,False,none
2025-03-23,Thane,3.0,30.5,False,none,0.0,False,none
2025-03-23,Amravati,0.3,24.2,False,none,0.0,False,none
2025-03-23,Jaipur,0.0,25.7,False,none,0.0,False,none
2025-03-23,Jodhpur,0.0,29.8,False,none,0.0,False,none
2025-03-23,Bikaner,0.6,27.0,False,none,0.0,False,none
2025-03-23,Udaipur,0.4,32.1,False,none,0.0,False,none
2025-03-23,Kota,0.4,23.3,False,none,0.0,False,none
2025-03-23,Barmer,0.1,30.9,False,none,0.0,False,none
2025-03-23,Khordha,4.5,29.0,False,none,0.0,False,none
2025-03-23,Cuttack,3.8,28.2,False,none,0.0,False,none
2025-03-23,Puri,4.7,31.1,False,none,0.0,False,none
2025-03-23,Balasore,6.3,27.6,False,none,0.0,False,none
2025-03-23,Mayurbhanj,9.3,27.1,False,none,0.0,False,none
2025-03-23,Ganjam,4.0,27.4,False,none,0.0,False,none
2025-03-23,Kamrup,17.5,26.2,False,none,0.0,False,none
2025-03-23,Dibrugarh,4.9,24.7,False,none,0.0,False,none
2025-03-23,Cachar,3.5,21.7,False,none,0.0,False,none
2025-03-23,Jorhat,10.5,26.2,False,none,0.0,False,none
2025-03-23,Nagaon,5.5,29.9,False,none,0.0,False,none
2025-03-23,Sonitpur,6.6,27.7,False,none,0.0,False,none
2025-03-24,Vellore,10.0,32.9,False,none,0.0,False,none
2025-03-24,Krishnagiri,8.6,30.7,True,seasonal_flu,0.58,False,none
2025-03-24,Tiruvannamalai,2.5,29.4,False,none,0.0,False,none
2025-03-24,Salem,0.4,29.4,True,seasonal_flu,0.52,False,none
2025-03-24,Madurai,1.9,35.9,False,none,0.0,False,none
2025-03-24,Coimbatore,2.0,29.0,False,none,0.0,False,none
2025-03-24,Pune,3.8,33.2,False,none,0.0,False,none
2025-03-24,Nagpur,2.5,31.7,False,none,0.0,False,none
2025-03-24,Nashik,0.3,26.9,False,none,0.0,False,none
2025-03-24,Chhatrapati Sambhajinagar,1.1,24.0,False,none,0.0,False,none
2025-03-24,Thane,3.4,26.1,False,none,0.0,False,none
2025-03-24,Amravati,2.8,28.3,False,none,0.0,False,none
2025-03-24,Jaipur,0.0,29.4,False,none,0.0,False,none
2025-03-24,Jodhpur,1.5,28.0,False,none,0.0,False,none
2025-03-24,Bikaner,0.3,27.4,False,none,0.0,False,none
2025-03-24,Udaipur,0.0,26.4,False,none,0.0,False,none
2025-03-24,Kota,0.0,25.2,False,none,0.0,False,none
2025-03-24,Barmer,0.4,26.6,False,none,0.0,False,none
2025-03-24,Khordha,5.7,30.0,False,none,0.0,False,none
2025-03-24,Cuttack,3.9,30.6,False,none,0.0,False,none
2025-03-24,Puri,2.2,31.2,False,none,0.0,False,none
2025-03-24,Balasore,1.2,31.0,False,none,0.0,False,none
2025-03-24,Mayurbhanj,6.6,27.7,False,none,0.0,False,none
2025-03-24,Ganjam,6.0,26.6,False,none,0.0,False,none
2025-03-24,Kamrup,1.4,25.2,False,none,0.0,False,none
2025-03-24,Dibrugarh,12.0,22.4,False,none,0.0,False,none
2025-03-24,Cachar,0.9,28.4,False,none,0.0,False,none
2025-03-24,Jorhat,13.8,23.1,False,none,0.0,False,none
2025-03-24,Nagaon,3.8,26.7,False,none,0.0,False,none
2025-03-24,Sonitpur,3.5,23.4,False,none,0.0,False,none
2025-03-25,Vellore,0.3,34.8,False,none,0.0,False,none
2025-03-25,Krishnagiri,4.2,28.5,True,seasonal_flu,0.58,False,none
2025-03-25,Tiruvannamalai,1.5,34.1,False,none,0.0,False,none
2025-03-25,Salem,1.3,29.7,True,seasonal_flu,0.52,False,none
2025-03-25,Madurai,4.6,35.6,False,none,0.0,False,none
2025-03-25,Coimbatore,3.8,26.7,False,none,0.0,False,none
2025-03-25,Pune,0.6,31.8,False,none,0.0,False,none
2025-03-25,Nagpur,1.6,27.9,False,none,0.0,False,none
2025-03-25,Nashik,0.1,29.7,False,none,0.0,False,none
2025-03-25,Chhatrapati Sambhajinagar,0.8,25.5,False,none,0.0,False,none
2025-03-25,Thane,0.7,24.8,False,none,0.0,False,none
2025-03-25,Amravati,0.7,31.2,False,none,0.0,False,none
2025-03-25,Jaipur,0.0,33.8,False,none,0.0,False,none
2025-03-25,Jodhpur,0.0,29.4,False,none,0.0,False,none
2025-03-25,Bikaner,0.0,21.7,False,none,0.0,False,none
2025-03-25,Udaipur,0.0,26.9,False,none,0.0,False,none
2025-03-25,Kota,0.0,26.3,False,none,0.0,False,none
2025-03-25,Barmer,0.0,27.0,False,none,0.0,False,none
2025-03-25,Khordha,5.1,29.2,False,none,0.0,False,none
2025-03-25,Cuttack,10.2,29.2,False,none,0.0,False,none
2025-03-25,Puri,17.3,29.8,False,none,0.0,False,none
2025-03-25,Balasore,0.6,33.5,False,none,0.0,False,none
2025-03-25,Mayurbhanj,1.2,28.7,False,none,0.0,False,none
2025-03-25,Ganjam,4.5,28.1,False,none,0.0,False,none
2025-03-25,Kamrup,0.4,24.7,False,none,0.0,False,none
2025-03-25,Dibrugarh,6.3,22.3,False,none,0.0,False,none
2025-03-25,Cachar,4.5,27.8,False,none,0.0,False,none
2025-03-25,Jorhat,1.5,23.0,False,none,0.0,False,none
2025-03-25,Nagaon,7.1,24.0,False,none,0.0,False,none
2025-03-25,Sonitpur,12.0,23.9,False,none,0.0,False,none
2025-03-26,Vellore,2.3,31.4,False,none,0.0,False,none
2025-03-26,Krishnagiri,7.5,28.5,True,seasonal_flu,0.58,False,none
2025-03-26,Tiruvannamalai,2.7,30.2,False,none,0.0,False,none
2025-03-26,Salem,0.3,31.9,True,seasonal_flu,0.52,False,none
2025-03-26,Madurai,0.0,28.8,False,none,0.0,False,none
2025-03-26,Coimbatore,0.2,28.0,False,none,0.0,False,none
2025-03-26,Pune,1.2,27.1,False,none,0.0,False,none
2025-03-26,Nagpur,0.8,25.8,False,none,0.0,False,none
2025-03-26,Nashik,0.2,25.6,False,none,0.0,False,none
2025-03-26,Chhatrapati Sambhajinagar,0.5,32.5,False,none,0.0,False,none
2025-03-26,Thane,1.7,27.4,False,none,0.0,False,none
2025-03-26,Amravati,0.9,26.6,False,none,0.0,False,none
2025-03-26,Jaipur,1.4,30.2,False,none,0.0,False,none
2025-03-26,Jodhpur,0.0,28.5,False,none,0.0,False,none
2025-03-26,Bikaner,0.0,28.5,False,none,0.0,False,none
2025-03-26,Udaipur,0.3,24.5,False,none,0.0,False,none
2025-03-26,Kota,0.0,30.5,False,none,0.0,False,none
2025-03-26,Barmer,0.0,30.9,False,none,0.0,False,none
2025-03-26,Khordha,9.3,34.6,False,none,0.0,False,none
2025-03-26,Cuttack,6.8,28.9,False,none,0.0,False,none
2025-03-26,Puri,8.5,28.3,False,none,0.0,False,none
2025-03-26,Balasore,0.1,24.1,False,none,0.0,False,none
2025-03-26,Mayurbhanj,5.5,32.7,False,none,0.0,False,none
2025-03-26,Ganjam,5.0,33.0,False,none,0.0,False,none
2025-03-26,Kamrup,6.6,23.2,False,none,0.0,False,none
2025-03-26,Dibrugarh,0.3,27.6,False,none,0.0,False,none
2025-03-26,Cachar,5.7,24.5,False,none,0.0,False,none
2025-03-26,Jorhat,4.5,27.4,False,none,0.0,False,none
2025-03-26,Nagaon,16.6,26.3,False,none,0.0,False,none
2025-03-26,Sonitpur,11.8,29.4,False,none,0.0,False,none
2025-03-27,Vellore,2.4,27.5,False,none,0.0,False,none
2025-03-27,Krishnagiri,5.2,30.9,True,seasonal_flu,0.58,False,none
2025-03-27,Tiruvannamalai,0.1,33.0,False,none,0.0,False,none
2025-03-27,Salem,1.4,28.3,True,seasonal_flu,0.52,False,none
2025-03-27,Madurai,2.9,27.1,False,none,0.0,False,none
2025-03-27,Coimbatore,0.2,29.9,False,none,0.0,False,none
2025-03-27,Pune,2.7,27.4,False,none,0.0,False,none
2025-03-27,Nagpur,3.4,29.0,False,none,0.0,False,none
2025-03-27,Nashik,6.2,25.7,False,none,0.0,False,none
2025-03-27,Chhatrapati Sambhajinagar,1.9,30.9,False,none,0.0,False,none
2025-03-27,Thane,1.0,29.9,False,none,0.0,False,none
2025-03-27,Amravati,1.8,30.6,False,none,0.0,False,none
2025-03-27,Jaipur,0.0,26.1,False,none,0.0,False,none
2025-03-27,Jodhpur,0.1,27.0,False,none,0.0,False,none
2025-03-27,Bikaner,1.0,29.6,False,none,0.0,False,none
2025-03-27,Udaipur,0.4,24.2,False,none,0.0,False,none
2025-03-27,Kota,0.3,31.3,False,none,0.0,False,none
2025-03-27,Barmer,0.2,28.9,False,none,0.0,False,none
2025-03-27,Khordha,2.8,29.8,False,none,0.0,False,none
2025-03-27,Cuttack,11.2,27.7,False,none,0.0,False,none
2025-03-27,Puri,2.9,29.6,False,none,0.0,False,none
2025-03-27,Balasore,16.0,28.8,False,none,0.0,False,none
2025-03-27,Mayurbhanj,0.5,25.2,False,none,0.0,False,none
2025-03-27,Ganjam,17.4,29.8,False,none,0.0,False,none
2025-03-27,Kamrup,3.0,23.7,False,none,0.0,False,none
2025-03-27,Dibrugarh,30.5,25.7,False,none,0.0,False,none
2025-03-27,Cachar,7.3,28.5,False,none,0.0,False,none
2025-03-27,Jorhat,4.4,24.8,False,none,0.0,False,none
2025-03-27,Nagaon,3.5,26.5,False,none,0.0,False,none
2025-03-27,Sonitpur,10.8,23.7,False,none,0.0,False,none
2025-03-28,Vellore,1.3,27.5,False,none,0.0,False,none
2025-03-28,Krishnagiri,1.1,32.1,True,seasonal_flu,0.58,False,none
2025-03-28,Tiruvannamalai,0.1,27.9,False,none,0.0,False,none
2025-03-28,Salem,3.9,29.7,True,seasonal_flu,0.52,False,none
2025-03-28,Madurai,0.7,29.3,False,none,0.0,False,none
2025-03-28,Coimbatore,2.6,32.7,False,none,0.0,False,none
2025-03-28,Pune,0.6,32.5,False,none,0.0,False,none
2025-03-28,Nagpur,1.6,29.5,False,none,0.0,False,none
2025-03-28,Nashik,0.6,27.8,False,none,0.0,False,none
2025-03-28,Chhatrapati Sambhajinagar,1.0,26.9,False,none,0.0,False,none
2025-03-28,Thane,4.6,30.5,False,none,0.0,False,none
2025-03-28,Amravati,0.0,36.6,False,none,0.0,False,none
2025-03-28,Jaipur,0.0,24.0,False,none,0.0,False,none
2025-03-28,Jodhpur,0.2,32.7,False,none,0.0,False,none
2025-03-28,Bikaner,0.0,29.9,False,none,0.0,False,none
2025-03-28,Udaipur,3.0,22.9,False,none,0.0,False,none
2025-03-28,Kota,0.3,24.0,False,none,0.0,False,none
2025-03-28,Barmer,0.0,26.6,False,none,0.0,False,none
2025-03-28,Khordha,0.7,28.0,False,none,0.0,False,none
2025-03-28,Cuttack,4.1,28.5,False,none,0.0,False,none
2025-03-28,Puri,10.0,30.3,False,none,0.0,False,none
2025-03-28,Balasore,24.0,29.6,False,none,0.0,False,none
2025-03-28,Mayurbhanj,5.1,27.0,False,none,0.0,False,none
2025-03-28,Ganjam,4.0,28.8,False,none,0.0,False,none
2025-03-28,Kamrup,12.0,24.6,False,none,0.0,False,none
2025-03-28,Dibrugarh,3.5,28.2,False,none,0.0,False,none
2025-03-28,Cachar,2.7,29.8,False,none,0.0,False,none
2025-03-28,Jorhat,14.2,25.1,False,none,0.0,False,none
2025-03-28,Nagaon,12.3,29.1,False,none,0.0,False,none
2025-03-28,Sonitpur,5.6,25.6,False,none,0.0,False,none
2025-03-29,Vellore,13.6,28.8,False,none,0.0,False,none
2025-03-29,Krishnagiri,2.1,29.4,True,seasonal_flu,0.58,False,none
2025-03-29,Tiruvannamalai,2.8,30.7,False,none,0.0,False,none
2025-03-29,Salem,6.1,28.7,True,seasonal_flu,0.52,False,none
2025-03-29,Madurai,0.3,23.1,False,none,0.0,False,none
2025-03-29,Coimbatore,0.1,33.0,False,none,0.0,False,none
2025-03-29,Pune,5.2,28.2,False,none,0.0,False,none
2025-03-29,Nagpur,3.1,31.3,False,none,0.0,False,none
2025-03-29,Nashik,1.0,30.6,False,none,0.0,False,none
2025-03-29,Chhatrapati Sambhajinagar,0.2,29.8,False,none,0.0,False,none
2025-03-29,Thane,2.7,28.6,False,none,0.0,False,none
2025-03-29,Amravati,2.1,22.7,False,none,0.0,False,none
2025-03-29,Jaipur,0.1,33.8,False,none,0.0,False,none
2025-03-29,Jodhpur,0.8,29.3,False,none,0.0,False,none
2025-03-29,Bikaner,0.0,32.3,False,none,0.0,False,none
2025-03-29,Udaipur,0.2,32.4,False,none,0.0,False,none
2025-03-29,Kota,0.0,30.5,False,none,0.0,False,none
2025-03-29,Barmer,0.0,28.8,False,none,0.0,False,none
2025-03-29,Khordha,6.4,28.6,False,none,0.0,False,none
2025-03-29,Cuttack,1.4,24.2,False,none,0.0,False,none
2025-03-29,Puri,8.2,24.9,False,none,0.0,False,none
2025-03-29,Balasore,10.1,31.0,False,none,0.0,False,none
2025-03-29,Mayurbhanj,5.7,32.1,False,none,0.0,False,none
2025-03-29,Ganjam,3.9,26.1,False,none,0.0,False,none
2025-03-29,Kamrup,5.1,23.2,False,none,0.0,False,none
2025-03-29,Dibrugarh,15.3,25.2,False,none,0.0,False,none
2025-03-29,Cachar,7.9,25.6,False,none,0.0,False,none
2025-03-29,Jorhat,5.9,26.4,False,none,0.0,False,none
2025-03-29,Nagaon,2.4,27.5,False,none,0.0,False,none
2025-03-29,Sonitpur,11.1,26.0,False,none,0.0,False,none
2025-03-30,Vellore,1.6,30.7,False,none,0.0,True,general_immunization
2025-03-30,Krishnagiri,2.2,27.8,True,seasonal_flu,0.58,True,tetanus_drive
2025-03-30,Tiruvannamalai,0.4,32.3,False,none,0.0,True,general_immunization
2025-03-30,Salem,0.2,32.4,True,seasonal_flu,0.52,True,measles_drive
2025-03-30,Madurai,4.4,31.0,False,none,0.0,True,measles_drive
2025-03-30,Coimbatore,11.4,34.6,False,none,0.0,True,measles_drive
2025-03-30,Pune,0.9,34.0,False,none,0.0,True,general_immunization
2025-03-30,Nagpur,1.5,32.7,False,none,0.0,True,tetanus_drive
2025-03-30,Nashik,6.5,28.9,False,none,0.0,True,tetanus_drive
2025-03-30,Chhatrapati Sambhajinagar,2.4,27.4,False,none,0.0,True,tetanus_drive
2025-03-30,Thane,1.3,24.5,False,none,0.0,True,tetanus_drive
2025-03-30,Amravati,1.7,28.6,False,none,0.0,True,tetanus_drive
2025-03-30,Jaipur,0.0,25.7,False,none,0.0,True,general_immunization
2025-03-30,Jodhpur,0.5,29.2,False,none,0.0,True,general_immunization
2025-03-30,Bikaner,0.0,26.3,False,none,0.0,True,general_immunization
2025-03-30,Udaipur,0.0,24.5,False,none,0.0,True,measles_drive
2025-03-30,Kota,0.0,29.5,False,none,0.0,True,measles_drive
2025-03-30,Barmer,0.0,27.1,False,none,0.0,True,measles_drive
2025-03-30,Khordha,1.1,26.7,False,none,0.0,True,general_immunization
2025-03-30,Cuttack,2.9,30.5,False,none,0.0,True,general_immunization
2025-03-30,Puri,0.5,28.9,False,none,0.0,True,tetanus_drive
2025-03-30,Balasore,5.8,29.1,False,none,0.0,True,measles_drive
2025-03-30,Mayurbhanj,5.4,27.2,False,none,0.0,True,measles_drive
2025-03-30,Ganjam,12.0,27.2,False,none,0.0,True,general_immunization
2025-03-30,Kamrup,5.9,28.2,False,none,0.0,True,tetanus_drive
2025-03-30,Dibrugarh,3.9,28.9,False,none,0.0,True,measles_drive
2025-03-30,Cachar,5.8,23.0,False,none,0.0,True,measles_drive
2025-03-30,Jorhat,4.8,26.6,False,none,0.0,True,measles_drive
2025-03-30,Nagaon,8.2,26.8,False,none,0.0,True,measles_drive
2025-03-30,Sonitpur,8.9,24.0,False,none,0.0,True,tetanus_drive
2025-03-31,Vellore,5.9,29.2,False,none,0.0,True,tetanus_drive
2025-03-31,Krishnagiri,0.6,29.1,True,seasonal_flu,0.58,True,tetanus_drive
2025-03-31,Tiruvannamalai,1.1,26.8,False,none,0.0,True,tetanus_drive
2025-03-31,Salem,3.2,28.2,True,seasonal_flu,0.52,True,measles_drive
2025-03-31,Madurai,3.8,31.8,False,none,0.0,True,general_immunization
2025-03-31,Coimbatore,5.0,28.5,False,none,0.0,True,tetanus_drive
2025-03-31,Pune,0.4,27.1,False,none,0.0,True,tetanus_drive
2025-03-31,Nagpur,0.2,29.3,False,none,0.0,True,general_immunization
2025-03-31,Nashik,1.3,26.7,False,none,0.0,True,tetanus_drive
2025-03-31,Chhatrapati Sambhajinagar,1.7,24.2,False,none,0.0,True,tetanus_drive
2025-03-31,Thane,0.0,34.2,False,none,0.0,True,general_immunization
2025-03-31,Amravati,0.4,21.5,False,none,0.0,True,general_immunization
2025-03-31,Jaipur,0.0,23.3,False,none,0.0,True,measles_drive
2025-03-31,Jodhpur,0.0,30.6,False,none,0.0,True,measles_drive
2025-03-31,Bikaner,0.0,28.7,False,none,0.0,True,measles_drive
2025-03-31,Udaipur,0.0,31.9,False,none,0.0,True,general_immunization
2025-03-31,Kota,0.0,29.1,False,none,0.0,True,general_immunization
2025-03-31,Barmer,0.0,25.4,False,none,0.0,True,tetanus_drive
2025-03-31,Khordha,4.6,31.4,False,none,0.0,True,measles_drive
2025-03-31,Cuttack,6.2,24.0,False,none,0.0,True,tetanus_drive
2025-03-31,Puri,2.3,31.7,False,none,0.0,True,general_immunization
2025-03-31,Balasore,1.0,28.8,False,none,0.0,True,tetanus_drive
2025-03-31,Mayurbhanj,5.3,26.8,False,none,0.0,True,general_immunization
2025-03-31,Ganjam,1.0,30.4,False,none,0.0,True,tetanus_drive
2025-03-31,Kamrup,1.9,26.0,False,none,0.0,True,tetanus_drive
2025-03-31,Dibrugarh,22.4,26.2,False,none,0.0,True,measles_drive
2025-03-31,Cachar,13.7,27.4,False,none,0.0,True,measles_drive
2025-03-31,Jorhat,10.1,25.1,False,none,0.0,True,tetanus_drive
2025-03-31,Nagaon,0.3,24.9,False,none,0.0,True,measles_drive
2025-03-31,Sonitpur,6.5,27.3,False,none,0.0,True,general_immunization
2025-04-01,Vellore,2.2,35.3,False,none,0.0,True,tetanus_drive
2025-04-01,Krishnagiri,4.6,32.3,True,seasonal_flu,0.58,True,measles_drive
2025-04-01,Tiruvannamalai,3.1,38.5,True,seasonal_flu,0.59,True,tetanus_drive
2025-04-01,Salem,0.7,41.8,True,seasonal_flu,0.52,True,measles_drive
2025-04-01,Madurai,4.6,41.4,False,none,0.0,True,general_immunization
2025-04-01,Coimbatore,3.7,37.6,False,none,0.0,True,measles_drive
2025-04-01,Pune,0.6,42.4,False,none,0.0,True,tetanus_drive
2025-04-01,Nagpur,0.6,43.7,False,none,0.0,True,tetanus_drive
2025-04-01,Nashik,2.5,40.2,False,none,0.0,True,general_immunization
2025-04-01,Chhatrapati Sambhajinagar,2.6,45.1,False,none,0.0,True,tetanus_drive
2025-04-01,Thane,0.9,44.6,False,none,0.0,True,general_immunization
2025-04-01,Amravati,0.4,40.6,False,none,0.0,True,tetanus_drive
2025-04-01,Jaipur,0.0,23.9,False,none,0.0,True,measles_drive
2025-04-01,Jodhpur,2.4,29.5,False,none,0.0,True,general_immunization
2025-04-01,Bikaner,0.0,29.2,False,none,0.0,True,tetanus_drive
2025-04-01,Udaipur,0.0,24.3,False,none,0.0,True,general_immunization
2025-04-01,Kota,0.0,22.8,False,none,0.0,True,general_immunization
2025-04-01,Barmer,0.0,25.3,False,none,0.0,True,general_immunization
2025-04-01,Khordha,3.5,36.7,False,none,0.0,True,measles_drive
2025-04-01,Cuttack,4.8,42.6,False,none,0.0,True,measles_drive
2025-04-01,Puri,16.7,40.7,False,none,0.0,True,tetanus_drive
2025-04-01,Balasore,4.4,39.6,False,none,0.0,True,general_immunization
2025-04-01,Mayurbhanj,4.1,39.2,False,none,0.0,True,general_immunization
2025-04-01,Ganjam,2.4,41.3,False,none,0.0,True,tetanus_drive
2025-04-01,Kamrup,13.5,22.8,False,none,0.0,True,general_immunization
2025-04-01,Dibrugarh,4.6,23.3,False,none,0.0,True,general_immunization
2025-04-01,Cachar,9.5,27.2,False,none,0.0,True,general_immunization
2025-04-01,Jorhat,2.6,24.4,False,none,0.0,True,general_immunization
2025-04-01,Nagaon,1.7,27.4,False,none,0.0,True,general_immunization
2025-04-01,Sonitpur,1.4,23.3,False,none,0.0,True,general_immunization
2025-04-02,Vellore,0.6,40.3,False,none,0.0,True,measles_drive
2025-04-02,Krishnagiri,3.9,39.6,True,seasonal_flu,0.58,True,tetanus_drive
2025-04-02,Tiruvannamalai,13.6,37.0,True,seasonal_flu,0.59,True,general_immunization
2025-04-02,Salem,5.4,41.9,True,seasonal_flu,0.52,True,general_immunization
2025-04-02,Madurai,4.6,34.2,False,none,0.0,True,measles_drive
2025-04-02,Coimbatore,2.6,35.1,False,none,0.0,True,tetanus_drive
2025-04-02,Pune,7.6,42.6,False,none,0.0,True,measles_drive
2025-04-02,Nagpur,0.6,42.7,False,none,0.0,True,general_immunization
2025-04-02,Nashik,0.2,45.7,False,none,0.0,True,general_immunization
2025-04-02,Chhatrapati Sambhajinagar,1.5,40.2,False,none,0.0,True,measles_drive
2025-04-02,Thane,2.7,43.2,False,none,0.0,True,tetanus_drive
2025-04-02,Amravati,0.8,38.7,False,none,0.0,True,measles_drive
2025-04-02,Jaipur,0.0,23.7,False,none,0.0,True,tetanus_drive
2025-04-02,Jodhpur,0.3,27.5,False,none,0.0,True,tetanus_drive
2025-04-02,Bikaner,0.0,29.8,False,none,0.0,True,tetanus_drive
2025-04-02,Udaipur,0.1,28.5,False,none,0.0,True,general_immunization
2025-04-02,Kota,0.3,25.8,False,none,0.0,True,measles_drive
2025-04-02,Barmer,0.0,30.8,False,none,0.0,True,tetanus_drive
2025-04-02,Khordha,13.4,41.6,False,none,0.0,True,general_immunization
2025-04-02,Cuttack,2.8,37.8,False,none,0.0,True,general_immunization
2025-04-02,Puri,11.4,36.7,False,none,0.0,True,general_immunization
2025-04-02,Balasore,0.8,38.8,False,none,0.0,True,tetanus_drive
2025-04-02,Mayurbhanj,3.9,39.4,False,none,0.0,True,general_immunization
2025-04-02,Ganjam,0.6,39.7,False,none,0.0,True,general_immunization
2025-04-02,Kamrup,2.6,20.7,False,none,0.0,True,general_immunization
2025-04-02,Dibrugarh,2.4,25.4,False,none,0.0,True,tetanus_drive
2025-04-02,Cachar,10.0,26.1,False,none,0.0,True,measles_drive
2025-04-02,Jorhat,15.0,26.5,False,none,0.0,True,measles_drive
2025-04-02,Nagaon,13.0,26.9,False,none,0.0,True,general_immunization
2025-04-02,Sonitpur,7.8,26.0,False,none,0.0,True,measles_drive
2025-04-03,Vellore,0.3,39.9,False,none,0.0,True,measles_drive
2025-04-03,Krishnagiri,3.8,40.3,True,seasonal_flu,0.58,True,measles_drive
2025-04-03,Tiruvannamalai,3.9,42.5,True,seasonal_flu,0.59,True,tetanus_drive
2025-04-03,Salem,2.7,38.4,True,seasonal_flu,0.52,True,tetanus_drive
2025-04-03,Madurai,1.3,37.8,False,none,0.0,True,tetanus_drive
2025-04-03,Coimbatore,5.4,38.7,False,none,0.0,True,general_immunization
2025-04-03,Pune,1.8,42.8,False,none,0.0,True,general_immunization
2025-04-03,Nagpur,1.4,45.5,False,none,0.0,True,general_immunization
2025-04-03,Nashik,2.2,43.6,False,none,0.0,True,measles_drive
2025-04-03,Chhatrapati Sambhajinagar,3.8,42.3,False,none,0.0,True,general_immunization
2025-04-03,Thane,2.6,43.7,False,none,0.0,True,tetanus_drive
2025-04-03,Amravati,0.2,37.8,False,none,0.0,True,measles_drive
2025-04-03,Jaipur,0.2,26.9,False,none,0.0,True,measles_drive
2025-04-03,Jodhpur,0.0,23.4,False,none,0.0,True,tetanus_drive
2025-04-03,Bikaner,0.0,24.3,False,none,0.0,True,measles_drive
2025-04-03,Udaipur,0.0,23.5,False,none,0.0,True,measles_drive
2025-04-03,Kota,0.2,22.0,False,none,0.0,True,general_immunization
2025-04-03,Barmer,0.0,31.2,False,none,0.0,True,tetanus_drive
2025-04-03,Khordha,4.1,39.5,False,none,0.0,True,measles_drive
2025-04-03,Cuttack,1.3,36.4,False,none,0.0,True,general_immunization
2025-04-03,Puri,3.1,42.0,False,none,0.0,True,general_immunization
2025-04-03,Balasore,8.3,37.4,False,none,0.0,True,tetanus_drive
2025-04-03,Mayurbhanj,1.9,40.5,False,none,0.0,True,measles_drive
2025-04-03,Ganjam,3.3,37.9,False,none,0.0,True,tetanus_drive
2025-04-03,Kamrup,1.8,24.5,False,none,0.0,True,tetanus_drive
2025-04-03,Dibrugarh,7.7,26.7,False,none,0.0,True,general_immunization
2025-04-03,Cachar,6.2,20.3,False,none,0.0,True,measles_drive
2025-04-03,Jorhat,7.1,26.0,False,none,0.0,True,general_immunization
2025-04-03,Nagaon,0.4,24.0,False,none,0.0,True,general_immunization
2025-04-03,Sonitpur,9.2,23.9,False,none,0.0,True,measles_drive
2025-04-04,Vellore,4.2,40.4,False,none,0.0,False,none
2025-04-04,Krishnagiri,1.0,42.4,True,seasonal_flu,0.58,False,none
2025-04-04,Tiruvannamalai,4.4,38.9,True,seasonal_flu,0.59,False,none
2025-04-04,Salem,3.2,37.7,False,none,0.0,False,none
2025-04-04,Madurai,7.0,38.3,False,none,0.0,False,none
2025-04-04,Coimbatore,0.1,40.3,False,none,0.0,False,none
2025-04-04,Pune,1.7,48.1,False,none,0.0,False,none
2025-04-04,Nagpur,0.9,43.9,False,none,0.0,False,none
2025-04-04,Nashik,0.0,43.6,False,none,0.0,False,none
2025-04-04,Chhatrapati Sambhajinagar,2.5,45.7,False,none,0.0,False,none
2025-04-04,Thane,0.1,41.7,False,none,0.0,False,none
2025-04-04,Amravati,1.7,39.8,False,none,0.0,False,none
2025-04-04,Jaipur,0.0,29.1,False,none,0.0,False,none
2025-04-04,Jodhpur,0.4,26.7,False,none,0.0,False,none
2025-04-04,Bikaner,0.7,20.8,False,none,0.0,False,none
2025-04-04,Udaipur,0.0,26.4,False,none,0.0,False,none
2025-04-04,Kota,0.0,30.2,False,none,0.0,False,none
2025-04-04,Barmer,0.0,29.1,False,none,0.0,False,none
2025-04-04,Khordha,4.3,39.5,False,none,0.0,False,none
2025-04-04,Cuttack,6.2,41.1,False,none,0.0,False,none
2025-04-04,Puri,10.2,36.8,False,none,0.0,False,none
2025-04-04,Balasore,6.1,37.5,False,none,0.0,False,none
2025-04-04,Mayurbhanj,6.9,41.4,False,none,0.0,False,none
2025-04-04,Ganjam,3.5,37.0,False,none,0.0,False,none
2025-04-04,Kamrup,1.3,28.5,False,none,0.0,False,none
2025-04-04,Dibrugarh,1.2,26.4,False,none,0.0,False,none
2025-04-04,Cachar,13.7,24.1,False,none,0.0,False,none
2025-04-04,Jorhat,6.4,23.9,False,none,0.0,False,none
2025-04-04,Nagaon,4.7,25.9,False,none,0.0,False,none
2025-04-04,Sonitpur,12.0,26.1,False,none,0.0,False,none
2025-04-05,Vellore,1.3,38.4,False,none,0.0,False,none
2025-04-05,Krishnagiri,4.2,36.9,True,seasonal_flu,0.58,False,none
2025-04-05,Tiruvannamalai,5.4,37.7,True,seasonal_flu,0.59,False,none
2025-04-05,Salem,4.3,37.1,False,none,0.0,False,none
2025-04-05,Madurai,3.6,40.7,False,none,0.0,False,none
2025-04-05,Coimbatore,0.7,39.4,False,none,0.0,False,none
2025-04-05,Pune,0.7,42.0,False,none,0.0,False,none
2025-04-05,Nagpur,1.5,44.5,False,none,0.0,False,none
2025-04-05,Nashik,3.1,40.5,False,none,0.0,False,none
2025-04-05,Chhatrapati Sambhajinagar,2.2,44.1,False,none,0.0,False,none
2025-04-05,Thane,0.6,38.2,False,none,0.0,False,none
2025-04-05,Amravati,3.8,36.8,False,none,0.0,False,none
2025-04-05,Jaipur,0.0,33.5,False,none,0.0,False,none
2025-04-05,Jodhpur,0.0,31.9,False,none,0.0,False,none
2025-04-05,Bikaner,0.0,20.9,False,none,0.0,False,none
2025-04-05,Udaipur,0.0,23.8,False,none,0.0,False,none
2025-04-05,Kota,0.0,22.5,False,none,0.0,False,none
2025-04-05,Barmer,0.4,27.4,False,none,0.0,False,none
2025-04-05,Khordha,3.7,39.2,False,none,0.0,False,none
2025-04-05,Cuttack,0.4,39.2,False,none,0.0,False,none
2025-04-05,Puri,3.7,39.1,False,none,0.0,False,none
2025-04-05,Balasore,3.6,38.1,False,none,0.0,False,none
2025-04-05,Mayurbhanj,3.0,38.0,False,none,0.0,False,none
2025-04-05,Ganjam,14.1,34.4,False,none,0.0,False,none
2025-04-05,Kamrup,6.3,24.5,False,none,0.0,False,none
2025-04-05,Dibrugarh,5.4,29.2,False,none,0.0,False,none
2025-04-05,Cachar,12.8,27.0,False,none,0.0,False,none
2025-04-05,Jorhat,2.0,24.8,False,none,0.0,False,none
2025-04-05,Nagaon,3.6,24.2,False,none,0.0,False,none
2025-04-05,Sonitpur,16.8,21.3,False,none,0.0,False,none
2025-04-06,Vellore,1.4,38.4,False,none,0.0,False,none
2025-04-06,Krishnagiri,0.9,41.3,True,seasonal_flu,0.58,False,none
2025-04-06,Tiruvannamalai,2.1,39.5,True,seasonal_flu,0.59,False,none
2025-04-06,Salem,12.6,42.0,False,none,0.0,False,none
2025-04-06,Madurai,4.5,36.9,False,none,0.0,False,none
2025-04-06,Coimbatore,7.2,37.6,False,none,0.0,False,none
2025-04-06,Pune,0.6,48.0,False,none,0.0,False,none
2025-04-06,Nagpur,3.4,42.3,False,none,0.0,False,none
2025-04-06,Nashik,1.1,40.3,False,none,0.0,False,none
2025-04-06,Chhatrapati Sambhajinagar,3.5,40.4,False,none,0.0,False,none
2025-04-06,Thane,0.6,36.8,False,none,0.0,False,none
2025-04-06,Amravati,0.1,46.2,False,none,0.0,False,none
2025-04-06,Jaipur,0.1,30.2,False,none,0.0,False,none
2025-04-06,Jodhpur,1.3,22.5,False,none,0.0,False,none
2025-04-06,Bikaner,0.0,25.7,False,none,0.0,False,none
2025-04-06,Udaipur,0.5,34.2,False,none,0.0,False,none
2025-04-06,Kota,0.0,30.1,False,none,0.0,False,none
2025-04-06,Barmer,0.4,20.4,False,none,0.0,False,none
2025-04-06,Khordha,4.3,38.9,False,none,0.0,False,none
2025-04-06,Cuttack,0.7,39.1,False,none,0.0,False,none
2025-04-06,Puri,5.6,41.3,False,none,0.0,False,none
2025-04-06,Balasore,0.3,38.9,False,none,0.0,False,none
2025-04-06,Mayurbhanj,4.7,37.1,False,none,0.0,False,none
2025-04-06,Ganjam,11.8,39.1,False,none,0.0,False,none
2025-04-06,Kamrup,7.9,24.3,False,none,0.0,False,none
2025-04-06,Dibrugarh,7.4,25.2,False,none,0.0,False,none
2025-04-06,Cachar,4.5,25.6,False,none,0.0,False,none
2025-04-06,Jorhat,2.0,26.8,False,none,0.0,False,none
2025-04-06,Nagaon,13.0,27.0,False,none,0.0,False,none
2025-04-06,Sonitpur,6.4,25.8,False,none,0.0,False,none
2025-04-07,Vellore,1.1,34.3,False,none,0.0,False,none
2025-04-07,Krishnagiri,0.9,39.3,True,seasonal_flu,0.58,False,none
2025-04-07,Tiruvannamalai,2.1,39.1,True,seasonal_flu,0.59,False,none
2025-04-07,Salem,4.5,39.0,False,none,0.0,False,none
2025-04-07,Madurai,3.0,35.2,True,seasonal_flu,0.66,False,none
2025-04-07,Coimbatore,2.0,39.4,False,none,0.0,False,none
2025-04-07,Pune,3.3,40.4,False,none,0.0,False,none
2025-04-07,Nagpur,3.3,44.7,False,none,0.0,False,none
2025-04-07,Nashik,0.1,42.4,False,none,0.0,False,none
2025-04-07,Chhatrapati Sambhajinagar,0.2,40.3,False,none,0.0,False,none
2025-04-07,Thane,1.3,41.8,False,none,0.0,False,none
2025-04-07,Amravati,0.0,39.8,False,none,0.0,False,none
2025-04-07,Jaipur,0.0,27.6,False,none,0.0,False,none
2025-04-07,Jodhpur,0.0,28.9,False,none,0.0,False,none
2025-04-07,Bikaner,0.2,28.9,False,none,0.0,False,none
2025-04-07,Udaipur,0.0,25.0,False,none,0.0,False,none
2025-04-07,Kota,0.0,30.3,False,none,0.0,False,none
2025-04-07,Barmer,0.0,30.1,False,none,0.0,False,none
2025-04-07,Khordha,6.0,36.0,False,none,0.0,False,none
2025-04-07,Cuttack,23.9,38.1,False,none,0.0,False,none
2025-04-07,Puri,2.1,39.9,False,none,0.0,False,none
2025-04-07,Balasore,3.6,39.0,False,none,0.0,False,none
2025-04-07,Mayurbhanj,6.2,39.8,False,none,0.0,False,none
2025-04-07,Ganjam,0.8,40.9,False,none,0.0,False,none
2025-04-07,Kamrup,15.4,26.0,False,none,0.0,False,none
2025-04-07,Dibrugarh,4.2,27.0,False,none,0.0,False,none
2025-04-07,Cachar,3.0,23.9,False,none,0.0,False,none
2025-04-07,Jorhat,2.7,24.5,False,none,0.0,False,none
2025-04-07,Nagaon,1.5,25.8,False,none,0.0,False,none
2025-04-07,Sonitpur,0.4,25.7,False,none,0.0,False,none
2025-04-08,Vellore,3.4,40.4,False,none,0.0,False,none
2025-04-08,Krishnagiri,0.5,36.5,True,seasonal_flu,0.58,False,none
2025-04-08,Tiruvannamalai,0.5,40.4,True,seasonal_flu,0.59,False,none
2025-04-08,Salem,0.1,33.9,False,none,0.0,False,none
2025-04-08,Madurai,13.0,37.9,True,seasonal_flu,0.66,False,none
2025-04-08,Coimbatore,0.9,37.5,False,none,0.0,False,none
2025-04-08,Pune,2.3,44.2,False,none,0.0,False,none
2025-04-08,Nagpur,1.2,39.4,False,none,0.0,False,none
2025-04-08,Nashik,1.2,46.8,False,none,0.0,False,none
2025-04-08,Chhatrapati Sambhajinagar,0.4,40.0,False,none,0.0,False,none
2025-04-08,Thane,0.6,43.6,False,none,0.0,False,none
2025-04-08,Amravati,0.5,44.6,False,none,0.0,False,none
2025-04-08,Jaipur,0.8,29.5,False,none,0.0,False,none
2025-04-08,Jodhpur,0.1,29.5,False,none,0.0,False,none
2025-04-08,Bikaner,1.0,28.2,False,none,0.0,False,none
2025-04-08,Udaipur,0.0,30.6,False,none,0.0,False,none
2025-04-08,Kota,1.6,25.3,False,none,0.0,False,none
2025-04-08,Barmer,0.5,23.6,False,none,0.0,False,none
2025-04-08,Khordha,13.1,36.7,False,none,0.0,False,none
2025-04-08,Cuttack,3.3,37.6,False,none,0.0,False,none
2025-04-08,Puri,1.7,41.0,False,none,0.0,False,none
2025-04-08,Balasore,3.2,37.9,False,none,0.0,False,none
2025-04-08,Mayurbhanj,4.6,36.5,False,none,0.0,False,none
2025-04-08,Ganjam,1.5,42.0,False,none,0.0,False,none
2025-04-08,Kamrup,1.2,25.6,False,none,0.0,False,none
2025-04-08,Dibrugarh,2.3,22.1,False,none,0.0,False,none
2025-04-08,Cachar,6.3,23.3,False,none,0.0,False,none
2025-04-08,Jorhat,3.8,28.6,False,none,0.0,False,none
2025-04-08,Nagaon,16.5,27.0,False,none,0.0,False,none
2025-04-08,Sonitpur,2.9,25.0,False,none,0.0,False,none
2025-04-09,Vellore,2.4,40.9,False,none,0.0,False,none
2025-04-09,Krishnagiri,4.0,35.9,True,seasonal_flu,0.58,False,none
2025-04-09,Tiruvannamalai,0.2,40.5,True,seasonal_flu,0.59,False,none
2025-04-09,Salem,3.6,40.4,False,none,0.0,False,none
2025-04-09,Madurai,1.4,41.5,True,seasonal_flu,0.66,False,none
2025-04-09,Coimbatore,2.1,38.8,False,none,0.0,False,none
2025-04-09,Pune,1.0,42.6,False,none,0.0,False,none
2025-04-09,Nagpur,5.1,41.2,False,none,0.0,False,none
2025-04-09,Nashik,0.7,40.1,False,none,0.0,False,none
2025-04-09,Chhatrapati Sambhajinagar,1.1,42.6,False,none,0.0,False,none
2025-04-09,Thane,0.5,43.9,False,none,0.0,False,none
2025-04-09,Amravati,1.0,44.0,False,none,0.0,False,none
2025-04-09,Jaipur,0.1,27.4,False,none,0.0,False,none
2025-04-09,Jodhpur,0.0,24.4,False,none,0.0,False,none
2025-04-09,Bikaner,0.0,28.7,False,none,0.0,False,none
2025-04-09,Udaipur,0.0,24.9,False,none,0.0,False,none
2025-04-09,Kota,0.0,30.1,False,none,0.0,False,none
2025-04-09,Barmer,0.0,27.3,False,none,0.0,False,none
2025-04-09,Khordha,3.3,34.4,False,none,0.0,False,none
2025-04-09,Cuttack,2.8,39.1,False,none,0.0,False,none
2025-04-09,Puri,1.0,37.9,False,none,0.0,False,none
2025-04-09,Balasore,2.7,36.4,False,none,0.0,False,none
2025-04-09,Mayurbhanj,3.4,37.8,False,none,0.0,False,none
2025-04-09,Ganjam,6.5,37.9,False,none,0.0,False,none
2025-04-09,Kamrup,4.8,25.1,False,none,0.0,False,none
2025-04-09,Dibrugarh,0.5,21.9,False,none,0.0,False,none
2025-04-09,Cachar,11.9,25.9,False,none,0.0,False,none
2025-04-09,Jorhat,0.6,24.1,False,none,0.0,False,none
2025-04-09,Nagaon,4.9,27.6,False,none,0.0,False,none
2025-04-09,Sonitpur,2.7,20.5,False,none,0.0,False,none
2025-04-10,Vellore,10.4,37.0,False,none,0.0,False,none
2025-04-10,Krishnagiri,0.6,35.5,True,seasonal_flu,0.58,False,none
2025-04-10,Tiruvannamalai,2.4,39.8,True,seasonal_flu,0.59,False,none
2025-04-10,Salem,2.4,38.3,False,none,0.0,False,none
2025-04-10,Madurai,1.9,36.5,True,seasonal_flu,0.66,False,none
2025-04-10,Coimbatore,1.2,36.2,False,none,0.0,False,none
2025-04-10,Pune,0.0,39.9,False,none,0.0,False,none
2025-04-10,Nagpur,1.4,43.4,False,none,0.0,False,none
2025-04-10,Nashik,1.1,39.4,False,none,0.0,False,none
2025-04-10,Chhatrapati Sambhajinagar,3.2,43.0,False,none,0.0,False,none
2025-04-10,Thane,1.9,39.7,False,none,0.0,False,none
2025-04-10,Amravati,0.4,37.9,False,none,0.0,False,none
2025-04-10,Jaipur,0.1,31.8,False,none,0.0,False,none
2025-04-10,Jodhpur,0.0,26.1,False,none,0.0,False,none
2025-04-10,Bikaner,0.0,28.2,False,none,0.0,False,none
2025-04-10,Udaipur,0.0,26.3,False,none,0.0,False,none
2025-04-10,Kota,0.1,27.0,False,none,0.0,False,none
2025-04-10,Barmer,0.0,25.4,False,none,0.0,False,none
2025-04-10,Khordha,4.2,41.5,False,none,0.0,False,none
2025-04-10,Cuttack,3.6,39.9,False,none,0.0,False,none
2025-04-10,Puri,3.9,37.5,False,none,0.0,False,none
2025-04-10,Balasore,3.0,40.0,False,none,0.0,False,none
2025-04-10,Mayurbhanj,0.7,42.5,False,none,0.0,False,none
2025-04-10,Ganjam,3.7,37.9,False,none,0.0,False,none
2025-04-10,Kamrup,8.5,27.6,False,none,0.0,False,none
2025-04-10,Dibrugarh,5.0,25.2,False,none,0.0,False,none
2025-04-10,Cachar,5.4,31.2,False,none,0.0,False,none
2025-04-10,Jorhat,6.5,24.1,False,none,0.0,False,none
2025-04-10,Nagaon,10.8,26.6,False,none,0.0,False,none
2025-04-10,Sonitpur,2.6,25.8,False,none,0.0,False,none
2025-04-11,Vellore,0.0,39.2,False,none,0.0,False,none
2025-04-11,Krishnagiri,5.2,38.0,False,none,0.0,False,none
2025-04-11,Tiruvannamalai,3.5,41.5,True,seasonal_flu,0.59,False,none
2025-04-11,Salem,2.0,41.7,False,none,0.0,False,none
2025-04-11,Madurai,4.4,34.8,True,seasonal_flu,0.66,False,none
2025-04-11,Coimbatore,3.0,37.5,False,none,0.0,False,none
2025-04-11,Pune,0.6,43.2,False,none,0.0,False,none
2025-04-11,Nagpur,0.3,42.2,False,none,0.0,False,none
2025-04-11,Nashik,0.4,43.8,False,none,0.0,False,none
2025-04-11,Chhatrapati Sambhajinagar,1.5,37.1,False,none,0.0,False,none
2025-04-11,Thane,0.6,42.8,False,none,0.0,False,none
2025-04-11,Amravati,1.3,42.7,False,none,0.0,False,none
2025-04-11,Jaipur,1.8,25.4,False,none,0.0,False,none
2025-04-11,Jodhpur,0.0,33.2,False,none,0.0,False,none
2025-04-11,Bikaner,0.4,30.2,False,none,0.0,False,none
2025-04-11,Udaipur,0.0,21.5,False,none,0.0,False,none
2025-04-11,Kota,0.0,34.9,False,none,0.0,False,none
2025-04-11,Barmer,0.0,26.2,False,none,0.0,False,none
2025-04-11,Khordha,1.7,39.6,False,none,0.0,False,none
2025-04-11,Cuttack,3.3,45.8,False,none,0.0,False,none
2025-04-11,Puri,12.2,44.9,False,none,0.0,False,none
2025-04-11,Balasore,5.2,38.2,False,none,0.0,False,none
2025-04-11,Mayurbhanj,9.2,40.4,False,none,0.0,False,none
2025-04-11,Ganjam,5.4,39.7,False,none,0.0,False,none
2025-04-11,Kamrup,4.0,28.6,False,none,0.0,False,none
2025-04-11,Dibrugarh,21.6,25.2,False,none,0.0,False,none
2025-04-11,Cachar,11.8,24.6,False,none,0.0,False,none
2025-04-11,Jorhat,12.8,28.1,False,none,0.0,False,none
2025-04-11,Nagaon,22.9,24.6,False,none,0.0,False,none
2025-04-11,Sonitpur,10.3,21.1,False,none,0.0,False,none
2025-04-12,Vellore,5.0,40.5,False,none,0.0,False,none
2025-04-12,Krishnagiri,4.8,34.9,False,none,0.0,False,none
2025-04-12,Tiruvannamalai,1.6,37.7,True,seasonal_flu,0.59,False,none
2025-04-12,Salem,3.1,39.9,False,none,0.0,False,none
2025-04-12,Madurai,1.2,36.9,True,seasonal_flu,0.66,False,none
2025-04-12,Coimbatore,8.1,41.5,False,none,0.0,False,none
2025-04-12,Pune,1.5,42.1,False,none,0.0,False,none
2025-04-12,Nagpur,1.8,45.2,False,none,0.0,False,none
2025-04-12,Nashik,0.3,43.6,False,none,0.0,False,none
2025-04-12,Chhatrapati Sambhajinagar,0.3,40.0,False,none,0.0,False,none
2025-04-12,Thane,0.8,41.5,False,none,0.0,False,none
2025-04-12,Amravati,1.4,44.1,False,none,0.0,False,none
2025-04-12,Jaipur,0.0,25.7,False,none,0.0,False,none
2025-04-12,Jodhpur,0.0,23.9,False,none,0.0,False,none
2025-04-12,Bikaner,0.0,27.0,False,none,0.0,False,none
2025-04-12,Udaipur,0.0,26.8,False,none,0.0,False,none
2025-04-12,Kota,0.0,22.4,False,none,0.0,False,none
2025-04-12,Barmer,0.5,28.6,False,none,0.0,False,none
2025-04-12,Khordha,9.3,37.3,False,none,0.0,False,none
2025-04-12,Cuttack,1.1,35.6,False,none,0.0,False,none
2025-04-12,Puri,23.3,36.7,False,none,0.0,False,none
2025-04-12,Balasore,4.5,40.6,False,none,0.0,False,none
2025-04-12,Mayurbhanj,21.6,43.2,False,none,0.0,False,none
2025-04-12,Ganjam,1.7,36.0,False,none,0.0,False,none
2025-04-12,Kamrup,4.0,27.4,False,none,0.0,False,none
2025-04-12,Dibrugarh,5.3,28.4,False,none,0.0,False,none
2025-04-12,Cachar,4.6,25.4,False,none,0.0,False,none
2025-04-12,Jorhat,5.3,24.2,False,none,0.0,False,none
2025-04-12,Nagaon,7.4,22.5,False,none,0.0,False,none
2025-04-12,Sonitpur,17.7,28.6,False,none,0.0,False,none
2025-04-13,Vellore,2.4,38.9,False,none,0.0,False,none
2025-04-13,Krishnagiri,2.7,36.5,False,none,0.0,False,none
2025-04-13,Tiruvannamalai,3.4,37.6,True,seasonal_flu,0.59,False,none
2025-04-13,Salem,0.0,35.7,False,none,0.0,False,none
2025-04-13,Madurai,1.5,36.8,True,seasonal_flu,0.66,False,none
2025-04-13,Coimbatore,1.1,35.9,False,none,0.0,False,none
2025-04-13,Pune,1.2,44.5,False,none,0.0,False,none
2025-04-13,Nagpur,2.8,39.3,False,none,0.0,False,none
2025-04-13,Nashik,0.6,44.2,False,none,0.0,False,none
2025-04-13,Chhatrapati Sambhajinagar,3.4,45.1,False,none,0.0,False,none
2025-04-13,Thane,0.1,41.7,False,none,0.0,False,none
2025-04-13,Amravati,0.5,40.5,False,none,0.0,False,none
2025-04-13,Jaipur,0.6,27.8,False,none,0.0,False,none
2025-04-13,Jodhpur,0.0,26.0,False,none,0.0,False,none
2025-04-13,Bikaner,0.1,24.5,False,none,0.0,False,none
2025-04-13,Udaipur,0.0,27.5,False,none,0.0,False,none
2025-04-13,Kota,0.1,25.4,False,none,0.0,False,none
2025-04-13,Barmer,0.0,29.4,False,none,0.0,False,none
2025-04-13,Khordha,2.9,35.2,False,none,0.0,False,none
2025-04-13,Cuttack,2.3,39.8,False,none,0.0,False,none
2025-04-13,Puri,1.6,38.3,False,none,0.0,False,none
2025-04-13,Balasore,0.1,40.7,False,none,0.0,False,none
2025-04-13,Mayurbhanj,5.6,40.3,False,none,0.0,False,none
2025-04-13,Ganjam,1.1,35.9,False,none,0.0,False,none
2025-04-13,Kamrup,16.2,23.7,False,none,0.0,False,none
2025-04-13,Dibrugarh,19.6,28.0,False,none,0.0,False,none
2025-04-13,Cachar,8.6,26.9,False,none,0.0,False,none
2025-04-13,Jorhat,1.9,24.2,False,none,0.0,False,none
2025-04-13,Nagaon,4.8,28.0,False,none,0.0,False,none
2025-04-13,Sonitpur,2.3,21.8,False,none,0.0,False,none
2025-04-14,Vellore,0.3,36.1,False,none,0.0,False,none
2025-04-14,Krishnagiri,0.7,38.4,False,none,0.0,False,none
2025-04-14,Tiruvannamalai,0.2,44.2,True,seasonal_flu,0.59,False,none
2025-04-14,Salem,2.4,38.5,False,none,0.0,False,none
2025-04-14,Madurai,10.1,36.8,True,seasonal_flu,0.66,False,none
2025-04-14,Coimbatore,1.1,40.9,False,none,0.0,False,none
2025-04-14,Pune,0.7,44.4,False,none,0.0,False,none
2025-04-14,Nagpur,0.9,44.3,False,none,0.0,False,none
2025-04-14,Nashik,4.4,44.9,False,none,0.0,False,none
2025-04-14,Chhatrapati Sambhajinagar,0.7,46.1,False,none,0.0,False,none
2025-04-14,Thane,3.4,46.2,False,none,0.0,False,none
2025-04-14,Amravati,0.2,44.1,False,none,0.0,False,none
2025-04-14,Jaipur,0.1,33.4,False,none,0.0,False,none
2025-04-14,Jodhpur,0.0,23.4,False,none,0.0,False,none
2025-04-14,Bikaner,0.1,28.4,False,none,0.0,False,none
2025-04-14,Udaipur,0.0,26.8,False,none,0.0,False,none
2025-04-14,Kota,0.0,26.2,False,none,0.0,False,none
2025-04-14,Barmer,0.0,28.2,False,none,0.0,False,none
2025-04-14,Khordha,4.4,38.9,False,none,0.0,False,none
2025-04-14,Cuttack,3.7,34.7,False,none,0.0,False,none
2025-04-14,Puri,6.1,40.3,False,none,0.0,False,none
2025-04-14,Balasore,2.5,40.9,False,none,0.0,False,none
2025-04-14,Mayurbhanj,8.2,36.5,False,none,0.0,False,none
2025-04-14,Ganjam,1.8,37.9,False,none,0.0,False,none
2025-04-14,Kamrup,3.5,25.6,False,none,0.0,False,none
2025-04-14,Dibrugarh,2.2,27.2,False,none,0.0,False,none
2025-04-14,Cachar,7.1,19.8,False,none,0.0,False,none
2025-04-14,Jorhat,12.6,23.1,False,none,0.0,False,none
2025-04-14,Nagaon,16.3,21.9,False,none,0.0,False,none
2025-04-14,Sonitpur,12.9,24.9,False,none,0.0,False,none
2025-04-15,Vellore,3.1,41.0,False,none,0.0,False,none
2025-04-15,Krishnagiri,1.5,39.3,False,none,0.0,False,none
2025-04-15,Tiruvannamalai,2.6,40.6,True,seasonal_flu,0.59,False,none
2025-04-15,Salem,11.8,37.8,False,none,0.0,False,none
2025-04-15,Madurai,2.2,38.1,True,seasonal_flu,0.66,False,none
2025-04-15,Coimbatore,1.7,43.9,False,none,0.0,False,none
2025-04-15,Pune,1.5,39.7,False,none,0.0,False,none
2025-04-15,Nagpur,3.6,43.4,False,none,0.0,False,none
2025-04-15,Nashik,0.5,39.4,False,none,0.0,False,none
2025-04-15,Chhatrapati Sambhajinagar,2.2,42.5,False,none,0.0,False,none
2025-04-15,Thane,3.7,43.2,False,none,0.0,False,none
2025-04-15,Amravati,1.2,46.0,False,none,0.0,False,none
2025-04-15,Jaipur,0.0,30.6,False,none,0.0,False,none
2025-04-15,Jodhpur,0.1,22.7,False,none,0.0,False,none
2025-04-15,Bikaner,0.0,23.2,False,none,0.0,False,none
2025-04-15,Udaipur,0.0,23.5,False,none,0.0,False,none
2025-04-15,Kota,0.8,29.7,False,none,0.0,False,none
2025-04-15,Barmer,0.0,24.2,False,none,0.0,False,none
2025-04-15,Khordha,6.7,41.1,False,none,0.0,False,none
2025-04-15,Cuttack,8.9,40.6,False,none,0.0,False,none
2025-04-15,Puri,15.3,41.2,False,none,0.0,False,none
2025-04-15,Balasore,1.9,43.8,False,none,0.0,False,none
2025-04-15,Mayurbhanj,4.0,38.7,False,none,0.0,False,none
2025-04-15,Ganjam,4.2,37.6,False,none,0.0,False,none
2025-04-15,Kamrup,7.2,25.1,False,none,0.0,False,none
2025-04-15,Dibrugarh,7.5,26.8,False,none,0.0,False,none
2025-04-15,Cachar,3.3,27.7,False,none,0.0,False,none
2025-04-15,Jorhat,0.7,24.2,False,none,0.0,False,none
2025-04-15,Nagaon,0.4,24.7,False,none,0.0,False,none
2025-04-15,Sonitpur,10.7,21.8,False,none,0.0,False,none
2025-04-16,Vellore,4.8,41.4,False,none,0.0,False,none
2025-04-16,Krishnagiri,3.9,39.2,False,none,0.0,False,none
2025-04-16,Tiruvannamalai,0.1,35.2,True,seasonal_flu,0.59,False,none
2025-04-16,Salem,1.7,36.9,False,none,0.0,False,none
2025-04-16,Madurai,0.4,42.6,True,seasonal_flu,0.66,False,none
2025-04-16,Coimbatore,0.2,36.0,False,none,0.0,False,none
2025-04-16,Pune,8.2,40.7,False,none,0.0,False,none
2025-04-16,Nagpur,0.9,42.8,False,none,0.0,False,none
2025-04-16,Nashik,1.8,38.6,False,none,0.0,False,none
2025-04-16,Chhatrapati Sambhajinagar,6.1,40.8,False,none,0.0,False,none
2025-04-16,Thane,0.8,44.2,False,none,0.0,False,none
2025-04-16,Amravati,3.6,41.6,False,none,0.0,False,none
2025-04-16,Jaipur,0.4,30.6,False,none,0.0,False,none
2025-04-16,Jodhpur,0.0,19.9,False,none,0.0,False,none
2025-04-16,Bikaner,0.1,27.5,False,none,0.0,False,none
2025-04-16,Udaipur,0.0,32.0,False,none,0.0,False,none
2025-04-16,Kota,0.0,26.2,False,none,0.0,False,none
2025-04-16,Barmer,0.0,24.7,False,none,0.0,False,none
2025-04-16,Khordha,1.0,43.2,False,none,0.0,False,none
2025-04-16,Cuttack,1.3,37.6,False,none,0.0,False,none
2025-04-16,Puri,6.8,38.7,False,none,0.0,False,none
2025-04-16,Balasore,1.8,40.8,False,none,0.0,False,none
2025-04-16,Mayurbhanj,2.7,38.6,False,none,0.0,False,none
2025-04-16,Ganjam,2.2,39.4,False,none,0.0,False,none
2025-04-16,Kamrup,7.3,26.4,False,none,0.0,False,none
2025-04-16,Dibrugarh,12.5,25.6,False,none,0.0,False,none
2025-04-16,Cachar,12.3,27.6,False,none,0.0,False,none
2025-04-16,Jorhat,4.4,27.0,False,none,0.0,False,none
2025-04-16,Nagaon,7.2,25.4,False,none,0.0,False,none
2025-04-16,Sonitpur,11.0,23.5,False,none,0.0,False,none
2025-04-17,Vellore,0.2,41.4,False,none,0.0,False,none
2025-04-17,Krishnagiri,7.0,35.5,False,none,0.0,False,none
2025-04-17,Tiruvannamalai,0.1,39.9,True,seasonal_flu,0.59,False,none
2025-04-17,Salem,3.9,37.8,False,none,0.0,False,none
2025-04-17,Madurai,0.3,41.2,True,seasonal_flu,0.66,False,none
2025-04-17,Coimbatore,3.1,36.6,False,none,0.0,False,none
2025-04-17,Pune,1.0,40.8,False,none,0.0,False,none
2025-04-17,Nagpur,1.1,44.6,False,none,0.0,False,none
2025-04-17,Nashik,3.3,41.9,False,none,0.0,False,none
2025-04-17,Chhatrapati Sambhajinagar,0.1,41.3,False,none,0.0,False,none
2025-04-17,Thane,1.1,44.2,False,none,0.0,False,none
2025-04-17,Amravati,0.0,41.4,False,none,0.0,False,none
2025-04-17,Jaipur,0.0,26.2,False,none,0.0,False,none
2025-04-17,Jodhpur,0.4,36.0,False,none,0.0,False,none
2025-04-17,Bikaner,0.4,24.0,False,none,0.0,False,none
2025-04-17,Udaipur,0.0,25.6,False,none,0.0,False,none
2025-04-17,Kota,1.2,22.8,False,none,0.0,False,none
2025-04-17,Barmer,0.1,35.3,False,none,0.0,False,none
2025-04-17,Khordha,14.8,37.2,False,none,0.0,False,none
2025-04-17,Cuttack,2.2,38.8,False,none,0.0,False,none
2025-04-17,Puri,0.0,40.5,False,none,0.0,False,none
2025-04-17,Balasore,0.3,42.3,False,none,0.0,False,none
2025-04-17,Mayurbhanj,1.9,39.4,False,none,0.0,False,none
2025-04-17,Ganjam,2.3,40.1,False,none,0.0,False,none
2025-04-17,Kamrup,1.7,26.3,False,none,0.0,False,none
2025-04-17,Dibrugarh,3.9,26.9,False,none,0.0,False,none
2025-04-17,Cachar,13.8,29.1,False,none,0.0,False,none
2025-04-17,Jorhat,10.6,25.0,False,none,0.0,False,none
2025-04-17,Nagaon,10.2,25.8,False,none,0.0,False,none
2025-04-17,Sonitpur,11.8,25.0,False,none,0.0,False,none
2025-04-18,Vellore,1.3,39.7,False,none,0.0,False,none
2025-04-18,Krishnagiri,0.2,38.7,False,none,0.0,False,none
2025-04-18,Tiruvannamalai,0.1,33.9,False,none,0.0,False,none
2025-04-18,Salem,2.6,38.9,False,none,0.0,False,none
2025-04-18,Madurai,3.9,36.6,True,seasonal_flu,0.66,False,none
2025-04-18,Coimbatore,1.2,34.9,False,none,0.0,False,none
2025-04-18,Pune,3.3,43.4,False,none,0.0,False,none
2025-04-18,Nagpur,0.5,42.5,False,none,0.0,False,none
2025-04-18,Nashik,1.5,43.7,False,none,0.0,False,none
2025-04-18,Chhatrapati Sambhajinagar,1.2,43.0,False,none,0.0,False,none
2025-04-18,Thane,1.4,43.6,False,none,0.0,False,none
2025-04-18,Amravati,1.2,41.8,False,none,0.0,False,none
2025-04-18,Jaipur,0.0,28.3,False,none,0.0,False,none
2025-04-18,Jodhpur,0.1,24.7,False,none,0.0,False,none
2025-04-18,Bikaner,0.0,26.2,False,none,0.0,False,none
2025-04-18,Udaipur,0.4,25.3,False,none,0.0,False,none
2025-04-18,Kota,2.4,21.2,False,none,0.0,False,none
2025-04-18,Barmer,0.0,28.5,False,none,0.0,False,none
2025-04-18,Khordha,13.7,38.8,False,none,0.0,False,none
2025-04-18,Cuttack,3.3,39.4,False,none,0.0,False,none
2025-04-18,Puri,2.5,41.4,False,none,0.0,False,none
2025-04-18,Balasore,0.8,41.4,False,none,0.0,False,none
2025-04-18,Mayurbhanj,1.4,36.4,False,none,0.0,False,none
2025-04-18,Ganjam,5.3,34.9,False,none,0.0,False,none
2025-04-18,Kamrup,4.3,25.3,False,none,0.0,False,none
2025-04-18,Dibrugarh,1.3,25.5,False,none,0.0,False,none
2025-04-18,Cachar,0.3,25.5,False,none,0.0,False,none
2025-04-18,Jorhat,5.7,23.7,False,none,0.0,False,none
2025-04-18,Nagaon,0.7,25.6,False,none,0.0,False,none
2025-04-18,Sonitpur,0.6,24.1,False,none,0.0,False,none
2025-04-19,Vellore,1.9,39.7,False,none,0.0,False,none
2025-04-19,Krishnagiri,1.7,40.9,False,none,0.0,False,none
2025-04-19,Tiruvannamalai,7.1,38.1,False,none,0.0,False,none
2025-04-19,Salem,0.5,38.7,False,none,0.0,False,none
2025-04-19,Madurai,0.3,36.9,True,seasonal_flu,0.66,False,none
2025-04-19,Coimbatore,2.1,33.9,False,none,0.0,False,none
2025-04-19,Pune,0.8,35.2,False,none,0.0,False,none
2025-04-19,Nagpur,2.4,43.2,False,none,0.0,False,none
2025-04-19,Nashik,0.2,41.3,False,none,0.0,False,none
2025-04-19,Chhatrapati Sambhajinagar,3.2,44.6,False,none,0.0,False,none
2025-04-19,Thane,0.4,40.2,False,none,0.0,False,none
2025-04-19,Amravati,0.0,40.0,False,none,0.0,False,none
2025-04-19,Jaipur,0.0,24.9,False,none,0.0,False,none
2025-04-19,Jodhpur,0.1,18.7,False,none,0.0,False,none
2025-04-19,Bikaner,0.1,28.3,False,none,0.0,False,none
2025-04-19,Udaipur,0.1,32.3,False,none,0.0,False,none
2025-04-19,Kota,0.0,21.7,False,none,0.0,False,none
2025-04-19,Barmer,0.0,32.7,False,none,0.0,False,none
2025-04-19,Khordha,8.7,36.4,False,none,0.0,False,none
2025-04-19,Cuttack,2.4,35.9,False,none,0.0,False,none
2025-04-19,Puri,3.5,37.8,False,none,0.0,False,none
2025-04-19,Balasore,5.3,41.5,False,none,0.0,False,none
2025-04-19,Mayurbhanj,5.0,40.3,False,none,0.0,False,none
2025-04-19,Ganjam,4.6,39.5,False,none,0.0,False,none
2025-04-19,Kamrup,7.1,24.3,False,none,0.0,False,none
2025-04-19,Dibrugarh,4.5,26.9,False,none,0.0,False,none
2025-04-19,Cachar,6.9,22.9,False,none,0.0,False,none
2025-04-19,Jorhat,1.0,24.0,False,none,0.0,False,none
2025-04-19,Nagaon,9.1,26.9,False,none,0.0,False,none
2025-04-19,Sonitpur,18.8,23.1,False,none,0.0,False,none
2025-04-20,Vellore,0.3,37.2,False,none,0.0,False,none
2025-04-20,Krishnagiri,1.3,37.6,False,none,0.0,False,none
2025-04-20,Tiruvannamalai,8.3,38.8,False,none,0.0,False,none
2025-04-20,Salem,2.3,38.1,False,none,0.0,False,none
2025-04-20,Madurai,3.0,37.8,True,seasonal_flu,0.66,False,none
2025-04-20,Coimbatore,0.5,37.8,False,none,0.0,False,none
2025-04-20,Pune,1.8,41.5,False,none,0.0,False,none
2025-04-20,Nagpur,0.9,44.1,False,none,0.0,False,none
2025-04-20,Nashik,0.4,40.8,False,none,0.0,False,none
2025-04-20,Chhatrapati Sambhajinagar,3.7,44.7,False,none,0.0,False,none
2025-04-20,Thane,0.5,43.5,False,none,0.0,False,none
2025-04-20,Amravati,0.7,44.8,False,none,0.0,False,none
2025-04-20,Jaipur,0.0,24.0,False,none,0.0,False,none
2025-04-20,Jodhpur,0.0,28.5,False,none,0.0,False,none
2025-04-20,Bikaner,0.1,25.6,False,none,0.0,False,none
2025-04-20,Udaipur,0.0,25.4,False,none,0.0,False,none
2025-04-20,Kota,0.0,29.7,False,none,0.0,False,none
2025-04-20,Barmer,0.1,30.2,False,none,0.0,False,none
2025-04-20,Khordha,0.1,40.2,False,none,0.0,False,none
2025-04-20,Cuttack,6.1,41.7,False,none,0.0,False,none
2025-04-20,Puri,4.2,36.9,False,none,0.0,False,none
2025-04-20,Balasore,7.8,36.7,False,none,0.0,False,none
2025-04-20,Mayurbhanj,3.3,36.3,False,none,0.0,False,none
2025-04-20,Ganjam,4.1,39.4,False,none,0.0,False,none
2025-04-20,Kamrup,8.8,26.3,False,none,0.0,False,none
2025-04-20,Dibrugarh,14.6,23.4,False,none,0.0,False,none
2025-04-20,Cachar,5.8,26.7,False,none,0.0,False,none
2025-04-20,Jorhat,10.1,26.1,False,none,0.0,False,none
2025-04-20,Nagaon,9.9,25.3,False,none,0.0,False,none
2025-04-20,Sonitpur,1.8,22.8,False,none,0.0,False,none
2025-04-21,Vellore,5.2,42.7,False,none,0.0,False,none
2025-04-21,Krishnagiri,5.8,37.9,False,none,0.0,False,none
2025-04-21,Tiruvannamalai,0.8,40.6,False,none,0.0,False,none
2025-04-21,Salem,4.1,43.9,False,none,0.0,False,none
2025-04-21,Madurai,3.6,37.1,True,seasonal_flu,0.66,False,none
2025-04-21,Coimbatore,0.7,40.9,False,none,0.0,False,none
2025-04-21,Pune,2.9,39.3,False,none,0.0,False,none
2025-04-21,Nagpur,0.1,38.5,False,none,0.0,False,none
2025-04-21,Nashik,2.1,39.6,False,none,0.0,False,none
2025-04-21,Chhatrapati Sambhajinagar,0.4,46.0,False,none,0.0,False,none
2025-04-21,Thane,0.8,39.8,False,none,0.0,False,none
2025-04-21,Amravati,7.4,45.4,False,none,0.0,False,none
2025-04-21,Jaipur,0.0,27.2,False,none,0.0,False,none
2025-04-21,Jodhpur,0.0,30.2,False,none,0.0,False,none
2025-04-21,Bikaner,0.0,19.9,False,none,0.0,False,none
2025-04-21,Udaipur,0.1,27.9,False,none,0.0,False,none
2025-04-21,Kota,0.8,31.2,False,none,0.0,False,none
2025-04-21,Barmer,0.0,27.1,False,none,0.0,False,none
2025-04-21,Khordha,2.5,42.5,False,none,0.0,False,none
2025-04-21,Cuttack,4.5,41.2,False,none,0.0,False,none
2025-04-21,Puri,2.7,39.4,False,none,0.0,False,none
2025-04-21,Balasore,3.4,40.5,False,none,0.0,False,none
2025-04-21,Mayurbhanj,0.4,39.8,False,none,0.0,False,none
2025-04-21,Ganjam,1.5,32.4,False,none,0.0,False,none
2025-04-21,Kamrup,7.5,20.8,False,none,0.0,False,none
2025-04-21,Dibrugarh,18.8,25.5,False,none,0.0,False,none
2025-04-21,Cachar,1.8,25.9,False,none,0.0,False,none
2025-04-21,Jorhat,17.4,22.4,False,none,0.0,False,none
2025-04-21,Nagaon,9.3,23.8,False,none,0.0,False,none
2025-04-21,Sonitpur,3.3,25.7,False,none,0.0,False,none
2025-04-22,Vellore,0.4,43.7,False,none,0.0,False,none
2025-04-22,Krishnagiri,0.5,38.4,False,none,0.0,False,none
2025-04-22,Tiruvannamalai,2.1,40.6,False,none,0.0,False,none
2025-04-22,Salem,16.3,38.3,False,none,0.0,False,none
2025-04-22,Madurai,3.2,39.5,True,seasonal_flu,0.66,False,none
2025-04-22,Coimbatore,6.3,40.9,False,none,0.0,False,none
2025-04-22,Pune,0.8,42.3,False,none,0.0,False,none
2025-04-22,Nagpur,10.3,44.0,False,none,0.0,False,none
2025-04-22,Nashik,3.0,43.7,False,none,0.0,False,none
2025-04-22,Chhatrapati Sambhajinagar,3.9,37.8,False,none,0.0,False,none
2025-04-22,Thane,0.9,43.6,False,none,0.0,False,none
2025-04-22,Amravati,0.4,42.7,False,none,0.0,False,none
2025-04-22,Jaipur,0.0,32.0,False,none,0.0,False,none
2025-04-22,Jodhpur,0.0,26.4,False,none,0.0,False,none
2025-04-22,Bikaner,0.1,28.4,False,none,0.0,False,none
2025-04-22,Udaipur,0.0,33.4,False,none,0.0,False,none
2025-04-22,Kota,0.0,26.1,False,none,0.0,False,none
2025-04-22,Barmer,0.0,30.1,False,none,0.0,False,none
2025-04-22,Khordha,2.3,37.0,False,none,0.0,False,none
2025-04-22,Cuttack,4.0,40.2,False,none,0.0,False,none
2025-04-22,Puri,2.1,34.9,False,none,0.0,False,none
2025-04-22,Balasore,3.6,41.4,False,none,0.0,False,none
2025-04-22,Mayurbhanj,3.6,35.2,False,none,0.0,False,none
2025-04-22,Ganjam,6.0,40.5,False,none,0.0,False,none
2025-04-22,Kamrup,6.5,23.6,False,none,0.0,False,none
2025-04-22,Dibrugarh,8.3,22.9,False,none,0.0,False,none
2025-04-22,Cachar,6.7,22.3,False,none,0.0,False,none
2025-04-22,Jorhat,3.9,26.9,False,none,0.0,False,none
2025-04-22,Nagaon,2.7,26.0,False,none,0.0,False,none
2025-04-22,Sonitpur,12.9,26.1,False,none,0.0,False,none
2025-04-23,Vellore,5.6,41.9,False,none,0.0,False,none
2025-04-23,Krishnagiri,0.2,41.9,False,none,0.0,False,none
2025-04-23,Tiruvannamalai,5.7,38.4,False,none,0.0,False,none
2025-04-23,Salem,5.4,37.4,False,none,0.0,False,none
2025-04-23,Madurai,0.1,37.4,True,seasonal_flu,0.66,False,none
2025-04-23,Coimbatore,13.6,41.6,False,none,0.0,False,none
2025-04-23,Pune,0.1,40.0,False,none,0.0,False,none
2025-04-23,Nagpur,1.5,41.5,False,none,0.0,False,none
2025-04-23,Nashik,0.1,38.0,False,none,0.0,False,none
2025-04-23,Chhatrapati Sambhajinagar,0.1,42.5,False,none,0.0,False,none
2025-04-23,Thane,0.2,38.7,False,none,0.0,False,none
2025-04-23,Amravati,0.6,43.6,False,none,0.0,False,none
2025-04-23,Jaipur,0.9,27.6,False,none,0.0,False,none
2025-04-23,Jodhpur,0.3,30.0,False,none,0.0,False,none
2025-04-23,Bikaner,0.0,31.9,False,none,0.0,False,none
2025-04-23,Udaipur,0.1,23.6,False,none,0.0,False,none
2025-04-23,Kota,0.0,26.1,False,none,0.0,False,none
2025-04-23,Barmer,0.0,26.9,False,none,0.0,False,none
2025-04-23,Khordha,3.9,38.1,False,none,0.0,False,none
2025-04-23,Cuttack,7.8,37.9,False,none,0.0,False,none
2025-04-23,Puri,0.8,39.8,False,none,0.0,False,none
2025-04-23,Balasore,2.9,37.5,False,none,0.0,False,none
2025-04-23,Mayurbhanj,4.2,39.7,False,none,0.0,False,none
2025-04-23,Ganjam,0.7,41.2,False,none,0.0,False,none
2025-04-23,Kamrup,15.1,25.9,False,none,0.0,False,none
2025-04-23,Dibrugarh,7.3,25.5,False,none,0.0,False,none
2025-04-23,Cachar,0.4,26.3,False,none,0.0,False,none
2025-04-23,Jorhat,0.4,27.0,False,none,0.0,False,none
2025-04-23,Nagaon,2.4,24.6,False,none,0.0,False,none
2025-04-23,Sonitpur,2.7,23.3,False,none,0.0,False,none
2025-04-24,Vellore,0.5,34.8,False,none,0.0,False,none
2025-04-24,Krishnagiri,0.5,37.2,False,none,0.0,False,none
2025-04-24,Tiruvannamalai,1.2,34.9,False,none,0.0,False,none
2025-04-24,Salem,4.7,44.9,False,none,0.0,False,none
2025-04-24,Madurai,2.5,40.7,True,seasonal_flu,0.66,False,none
2025-04-24,Coimbatore,1.5,36.7,False,none,0.0,False,none
2025-04-24,Pune,4.0,39.4,False,none,0.0,False,none
2025-04-24,Nagpur,3.4,43.5,False,none,0.0,False,none
2025-04-24,Nashik,2.4,42.5,False,none,0.0,False,none
2025-04-24,Chhatrapati Sambhajinagar,2.1,42.9,False,none,0.0,False,none
2025-04-24,Thane,0.2,40.3,False,none,0.0,False,none
2025-04-24,Amravati,1.2,43.6,False,none,0.0,False,none
2025-04-24,Jaipur,0.0,27.3,False,none,0.0,False,none
2025-04-24,Jodhpur,0.0,28.8,False,none,0.0,False,none
2025-04-24,Bikaner,0.0,31.5,False,none,0.0,False,none
2025-04-24,Udaipur,0.0,25.3,False,none,0.0,False,none
2025-04-24,Kota,0.3,27.3,False,none,0.0,False,none
2025-04-24,Barmer,0.6,18.8,False,none,0.0,False,none
2025-04-24,Khordha,2.6,41.0,False,none,0.0,False,none
2025-04-24,Cuttack,8.3,35.6,False,none,0.0,False,none
2025-04-24,Puri,10.1,38.8,False,none,0.0,False,none
2025-04-24,Balasore,3.0,38.5,False,none,0.0,False,none
2025-04-24,Mayurbhanj,2.0,39.3,False,none,0.0,False,none
2025-04-24,Ganjam,1.0,36.2,False,none,0.0,False,none
2025-04-24,Kamrup,1.8,26.3,False,none,0.0,False,none
2025-04-24,Dibrugarh,4.9,24.5,False,none,0.0,False,none
2025-04-24,Cachar,3.9,23.5,False,none,0.0,False,none
2025-04-24,Jorhat,3.3,27.4,False,none,0.0,False,none
2025-04-24,Nagaon,0.9,23.7,False,none,0.0,False,none
2025-04-24,Sonitpur,13.8,26.7,False,none,0.0,False,none
2025-04-25,Vellore,3.3,43.6,False,none,0.0,False,none
2025-04-25,Krishnagiri,1.2,38.4,False,none,0.0,False,none
2025-04-25,Tiruvannamalai,1.2,39.8,False,none,0.0,False,none
2025-04-25,Salem,1.1,38.7,False,none,0.0,False,none
2025-04-25,Madurai,0.9,38.0,True,seasonal_flu,0.66,False,none
2025-04-25,Coimbatore,9.6,38.9,True,seasonal_flu,0.63,False,none
2025-04-25,Pune,2.2,37.9,False,none,0.0,False,none
2025-04-25,Nagpur,0.2,45.1,False,none,0.0,False,none
2025-04-25,Nashik,1.1,42.9,False,none,0.0,False,none
2025-04-25,Chhatrapati Sambhajinagar,1.2,42.0,False,none,0.0,False,none
2025-04-25,Thane,0.4,41.9,False,none,0.0,False,none
2025-04-25,Amravati,0.1,39.8,False,none,0.0,False,none
2025-04-25,Jaipur,0.9,28.1,False,none,0.0,False,none
2025-04-25,Jodhpur,0.0,20.7,False,none,0.0,False,none
2025-04-25,Bikaner,0.0,22.7,False,none,0.0,False,none
2025-04-25,Udaipur,0.4,33.2,False,none,0.0,False,none
2025-04-25,Kota,0.0,21.5,False,none,0.0,False,none
2025-04-25,Barmer,0.0,27.5,False,none,0.0,False,none
2025-04-25,Khordha,6.1,33.9,False,none,0.0,False,none
2025-04-25,Cuttack,5.8,35.3,False,none,0.0,False,none
2025-04-25,Puri,4.4,35.9,False,none,0.0,False,none
2025-04-25,Balasore,8.9,36.3,False,none,0.0,False,none
2025-04-25,Mayurbhanj,4.0,40.7,False,none,0.0,False,none
2025-04-25,Ganjam,2.4,38.1,False,none,0.0,False,none
2025-04-25,Kamrup,7.4,25.7,False,none,0.0,False,none
2025-04-25,Dibrugarh,20.5,24.1,False,none,0.0,False,none
2025-04-25,Cachar,1.1,26.0,False,none,0.0,False,none
2025-04-25,Jorhat,3.4,28.6,False,none,0.0,False,none
2025-04-25,Nagaon,13.3,25.8,False,none,0.0,False,none
2025-04-25,Sonitpur,3.7,25.6,False,none,0.0,False,none
2025-04-26,Vellore,1.2,35.6,False,none,0.0,False,none
2025-04-26,Krishnagiri,1.9,35.9,False,none,0.0,False,none
2025-04-26,Tiruvannamalai,6.7,39.5,False,none,0.0,False,none
2025-04-26,Salem,2.5,38.6,False,none,0.0,False,none
2025-04-26,Madurai,1.9,38.0,True,seasonal_flu,0.66,False,none
2025-04-26,Coimbatore,3.6,37.5,True,seasonal_flu,0.63,False,none
2025-04-26,Pune,1.6,42.1,False,none,0.0,False,none
2025-04-26,Nagpur,0.4,39.9,False,none,0.0,False,none
2025-04-26,Nashik,0.9,37.0,False,none,0.0,False,none
2025-04-26,Chhatrapati Sambhajinagar,1.1,40.7,False,none,0.0,False,none
2025-04-26,Thane,2.0,39.1,False,none,0.0,False,none
2025-04-26,Amravati,0.6,39.6,False,none,0.0,False,none
2025-04-26,Jaipur,0.8,20.9,False,none,0.0,False,none
2025-04-26,Jodhpur,0.0,32.4,False,none,0.0,False,none
2025-04-26,Bikaner,0.2,27.9,False,none,0.0,False,none
2025-04-26,Udaipur,0.0,28.8,False,none,0.0,False,none
2025-04-26,Kota,0.0,29.9,False,none,0.0,False,none
2025-04-26,Barmer,0.2,28.3,False,none,0.0,False,none
2025-04-26,Khordha,1.5,43.1,False,none,0.0,False,none
2025-04-26,Cuttack,2.5,43.4,False,none,0.0,False,none
2025-04-26,Puri,5.4,35.0,False,none,0.0,False,none
2025-04-26,Balasore,4.0,39.1,False,none,0.0,False,none
2025-04-26,Mayurbhanj,8.1,37.2,False,none,0.0,False,none
2025-04-26,Ganjam,1.7,40.2,False,none,0.0,False,none
2025-04-26,Kamrup,4.0,26.4,False,none,0.0,False,none
2025-04-26,Dibrugarh,10.3,22.1,False,none,0.0,False,none
2025-04-26,Cachar,7.0,25.6,False,none,0.0,False,none
2025-04-26,Jorhat,1.6,21.7,False,none,0.0,False,none
2025-04-26,Nagaon,6.1,22.8,False,none,0.0,False,none
2025-04-26,Sonitpur,5.9,22.4,False,none,0.0,False,none
2025-04-27,Vellore,6.1,35.3,False,none,0.0,False,none
2025-04-27,Krishnagiri,2.5,40.5,False,none,0.0,False,none
2025-04-27,Tiruvannamalai,0.5,33.4,False,none,0.0,False,none
2025-04-27,Salem,0.4,41.6,False,none,0.0,False,none
2025-04-27,Madurai,0.8,41.8,False,none,0.0,False,none
2025-04-27,Coimbatore,0.8,37.2,True,seasonal_flu,0.63,False,none
2025-04-27,Pune,5.0,42.9,False,none,0.0,False,none
2025-04-27,Nagpur,3.8,38.4,False,none,0.0,False,none
2025-04-27,Nashik,0.4,39.0,False,none,0.0,False,none
2025-04-27,Chhatrapati Sambhajinagar,2.2,43.8,False,none,0.0,False,none
2025-04-27,Thane,0.4,45.0,False,none,0.0,False,none
2025-04-27,Amravati,0.1,46.1,False,none,0.0,False,none
2025-04-27,Jaipur,1.6,25.7,False,none,0.0,False,none
2025-04-27,Jodhpur,0.0,25.4,False,none,0.0,False,none
2025-04-27,Bikaner,0.0,21.4,False,none,0.0,False,none
2025-04-27,Udaipur,0.0,25.0,False,none,0.0,False,none
2025-04-27,Kota,0.0,23.0,False,none,0.0,False,none
2025-04-27,Barmer,0.3,27.2,False,none,0.0,False,none
2025-04-27,Khordha,9.7,40.1,False,none,0.0,False,none
2025-04-27,Cuttack,4.1,38.4,False,none,0.0,False,none
2025-04-27,Puri,0.6,37.4,False,none,0.0,False,none
2025-04-27,Balasore,2.1,37.4,False,none,0.0,False,none
2025-04-27,Mayurbhanj,0.7,34.5,False,none,0.0,False,none
2025-04-27,Ganjam,6.7,41.6,False,none,0.0,False,none
2025-04-27,Kamrup,12.1,27.5,False,none,0.0,False,none
2025-04-27,Dibrugarh,9.3,22.2,False,none,0.0,False,none
2025-04-27,Cachar,14.6,26.5,False,none,0.0,False,none
2025-04-27,Jorhat,2.7,24.6,False,none,0.0,False,none
2025-04-27,Nagaon,3.3,26.3,False,none,0.0,False,none
2025-04-27,Sonitpur,5.9,24.9,False,none,0.0,False,none
2025-04-28,Vellore,2.1,36.7,False,none,0.0,False,none
2025-04-28,Krishnagiri,4.4,34.0,False,none,0.0,False,none
2025-04-28,Tiruvannamalai,0.6,40.0,False,none,0.0,False,none
2025-04-28,Salem,6.0,35.8,False,none,0.0,False,none
2025-04-28,Madurai,1.2,38.2,False,none,0.0,False,none
2025-04-28,Coimbatore,3.9,35.9,True,seasonal_flu,0.63,False,none
2025-04-28,Pune,0.6,41.9,False,none,0.0,False,none
2025-04-28,Nagpur,0.3,40.7,False,none,0.0,False,none
2025-04-28,Nashik,1.1,48.3,False,none,0.0,False,none
2025-04-28,Chhatrapati Sambhajinagar,1.1,44.2,False,none,0.0,False,none
2025-04-28,Thane,2.7,43.4,False,none,0.0,False,none
2025-04-28,Amravati,0.6,48.3,False,none,0.0,False,none
2025-04-28,Jaipur,0.0,24.5,False,none,0.0,False,none
2025-04-28,Jodhpur,0.8,28.4,False,none,0.0,False,none
2025-04-28,Bikaner,0.1,25.8,False,none,0.0,False,none
2025-04-28,Udaipur,0.0,34.1,False,none,0.0,False,none
2025-04-28,Kota,0.0,32.4,False,none,0.0,False,none
2025-04-28,Barmer,0.9,34.6,False,none,0.0,False,none
2025-04-28,Khordha,7.0,40.6,False,none,0.0,False,none
2025-04-28,Cuttack,0.6,43.0,False,none,0.0,False,none
2025-04-28,Puri,0.1,43.2,False,none,0.0,False,none
2025-04-28,Balasore,5.6,39.6,False,none,0.0,False,none
2025-04-28,Mayurbhanj,3.9,36.5,False,none,0.0,False,none
2025-04-28,Ganjam,0.5,43.9,False,none,0.0,False,none
2025-04-28,Kamrup,1.5,24.0,False,none,0.0,False,none
2025-04-28,Dibrugarh,7.5,30.7,False,none,0.0,False,none
2025-04-28,Cachar,4.0,21.7,False,none,0.0,False,none
2025-04-28,Jorhat,5.3,26.1,False,none,0.0,False,none
2025-04-28,Nagaon,4.0,25.2,False,none,0.0,False,none
2025-04-28,Sonitpur,16.6,24.9,False,none,0.0,False,none
2025-04-29,Vellore,0.4,40.0,False,none,0.0,True,tetanus_drive
2025-04-29,Krishnagiri,1.3,37.5,False,none,0.0,True,tetanus_drive
2025-04-29,Tiruvannamalai,5.3,36.5,False,none,0.0,True,general_immunization
2025-04-29,Salem,0.8,42.8,False,none,0.0,True,measles_drive
2025-04-29,Madurai,2.5,36.9,False,none,0.0,True,tetanus_drive
2025-04-29,Coimbatore,1.3,40.4,True,seasonal_flu,0.63,True,general_immunization
2025-04-29,Pune,1.4,38.6,False,none,0.0,True,measles_drive
2025-04-29,Nagpur,0.0,47.6,False,none,0.0,True,general_immunization
2025-04-29,Nashik,1.8,47.2,False,none,0.0,True,measles_drive
2025-04-29,Chhatrapati Sambhajinagar,2.0,41.1,False,none,0.0,True,tetanus_drive
2025-04-29,Thane,2.7,39.2,False,none,0.0,True,tetanus_drive
2025-04-29,Amravati,0.6,39.8,False,none,0.0,True,measles_drive
2025-04-29,Jaipur,0.0,27.0,False,none,0.0,True,tetanus_drive
2025-04-29,Jodhpur,0.0,27.7,False,none,0.0,True,tetanus_drive
2025-04-29,Bikaner,0.0,21.1,False,none,0.0,True,tetanus_drive
2025-04-29,Udaipur,0.3,26.3,False,none,0.0,True,general_immunization
2025-04-29,Kota,0.0,23.8,False,none,0.0,True,general_immunization
2025-04-29,Barmer,0.0,28.9,False,none,0.0,True,general_immunization
2025-04-29,Khordha,0.0,41.5,False,none,0.0,True,measles_drive
2025-04-29,Cuttack,2.9,40.2,False,none,0.0,True,measles_drive
2025-04-29,Puri,0.7,37.5,False,none,0.0,True,measles_drive
2025-04-29,Balasore,4.2,34.8,False,none,0.0,True,general_immunization
2025-04-29,Mayurbhanj,3.5,42.0,False,none,0.0,True,measles_drive
2025-04-29,Ganjam,8.7,38.0,False,none,0.0,True,general_immunization
2025-04-29,Kamrup,9.9,23.4,False,none,0.0,True,general_immunization
2025-04-29,Dibrugarh,8.4,26.1,False,none,0.0,True,tetanus_drive
2025-04-29,Cachar,3.2,27.3,False,none,0.0,True,general_immunization
2025-04-29,Jorhat,5.1,24.9,False,none,0.0,True,tetanus_drive
2025-04-29,Nagaon,2.7,27.1,False,none,0.0,True,general_immunization
2025-04-29,Sonitpur,0.5,26.2,False,none,0.0,True,general_immunization
2025-04-30,Vellore,4.7,33.7,False,none,0.0,True,measles_drive
2025-04-30,Krishnagiri,0.6,36.7,False,none,0.0,True,general_immunization
2025-04-30,Tiruvannamalai,2.4,36.4,False,none,0.0,True,tetanus_drive
2025-04-30,Salem,0.8,38.0,False,none,0.0,True,tetanus_drive
2025-04-30,Madurai,2.7,40.3,False,none,0.0,True,tetanus_drive
2025-04-30,Coimbatore,6.6,35.7,True,seasonal_flu,0.63,True,tetanus_drive
2025-04-30,Pune,0.5,37.4,False,none,0.0,True,measles_drive
2025-04-30,Nagpur,1.4,44.3,False,none,0.0,True,tetanus_drive
2025-04-30,Nashik,3.1,39.5,False,none,0.0,True,tetanus_drive
2025-04-30,Chhatrapati Sambhajinagar,1.4,41.9,False,none,0.0,True,tetanus_drive
2025-04-30,Thane,2.5,42.5,False,none,0.0,True,general_immunization
2025-04-30,Amravati,1.1,36.6,False,none,0.0,True,general_immunization
2025-04-30,Jaipur,1.4,25.9,False,none,0.0,True,measles_drive
2025-04-30,Jodhpur,0.8,29.3,False,none,0.0,True,measles_drive
2025-04-30,Bikaner,0.3,28.2,False,none,0.0,True,general_immunization
2025-04-30,Udaipur,0.1,32.4,False,none,0.0,True,tetanus_drive
2025-04-30,Kota,0.2,28.7,False,none,0.0,True,general_immunization
2025-04-30,Barmer,0.0,32.6,False,none,0.0,True,tetanus_drive
2025-04-30,Khordha,4.0,38.6,False,none,0.0,True,measles_drive
2025-04-30,Cuttack,1.9,38.5,False,none,0.0,True,measles_drive
2025-04-30,Puri,6.7,37.9,False,none,0.0,True,tetanus_drive
2025-04-30,Balasore,2.1,33.8,False,none,0.0,True,general_immunization
2025-04-30,Mayurbhanj,0.4,41.3,False,none,0.0,True,tetanus_drive
2025-04-30,Ganjam,0.8,42.6,False,none,0.0,True,measles_drive
2025-04-30,Kamrup,2.5,25.1,False,none,0.0,True,measles_drive
2025-04-30,Dibrugarh,4.7,24.3,False,none,0.0,True,general_immunization
2025-04-30,Cachar,2.4,26.4,False,none,0.0,True,measles_drive
2025-04-30,Jorhat,14.5,26.6,False,none,0.0,True,measles_drive
2025-04-30,Nagaon,0.1,25.0,False,none,0.0,True,measles_drive
2025-04-30,Sonitpur,4.2,23.5,False,none,0.0,True,measles_drive
2025-05-01,Vellore,2.1,35.0,False,none,0.0,True,measles_drive
2025-05-01,Krishnagiri,2.9,38.3,False,none,0.0,True,tetanus_drive
2025-05-01,Tiruvannamalai,1.4,37.1,False,none,0.0,True,general_immunization
2025-05-01,Salem,0.5,41.0,False,none,0.0,True,tetanus_drive
2025-05-01,Madurai,1.2,35.5,False,none,0.0,True,tetanus_drive
2025-05-01,Coimbatore,4.6,44.1,True,seasonal_flu,0.63,True,measles_drive
2025-05-01,Pune,3.0,47.7,False,none,0.0,True,measles_drive
2025-05-01,Nagpur,1.9,39.2,False,none,0.0,True,general_immunization
2025-05-01,Nashik,0.1,42.7,False,none,0.0,True,tetanus_drive
2025-05-01,Chhatrapati Sambhajinagar,1.7,42.7,False,none,0.0,True,general_immunization
2025-05-01,Thane,2.5,41.4,False,none,0.0,True,measles_drive
2025-05-01,Amravati,0.5,40.1,False,none,0.0,True,tetanus_drive
2025-05-01,Jaipur,0.0,46.5,False,none,0.0,True,measles_drive
2025-05-01,Jodhpur,0.6,40.0,False,none,0.0,True,measles_drive
2025-05-01,Bikaner,0.0,42.7,False,none,0.0,True,measles_drive
2025-05-01,Udaipur,0.0,43.4,False,none,0.0,True,tetanus_drive
2025-05-01,Kota,0.3,44.6,False,none,0.0,True,measles_drive
2025-05-01,Barmer,0.0,45.3,False,none,0.0,True,general_immunization
2025-05-01,Khordha,7.7,37.5,False,none,0.0,True,tetanus_drive
2025-05-01,Cuttack,5.5,40.0,False,none,0.0,True,measles_drive
2025-05-01,Puri,4.3,40.6,False,none,0.0,True,measles_drive
2025-05-01,Balasore,1.4,38.5,False,none,0.0,True,measles_drive
2025-05-01,Mayurbhanj,1.1,33.9,False,none,0.0,True,measles_drive
2025-05-01,Ganjam,3.4,41.5,False,none,0.0,True,measles_drive
2025-05-01,Kamrup,93.9,31.8,False,none,0.0,True,tetanus_drive
2025-05-01,Dibrugarh,76.5,26.3,False,none,0.0,True,tetanus_drive
2025-05-01,Cachar,201.5,27.8,False,none,0.0,True,tetanus_drive
2025-05-01,Jorhat,128.6,23.6,False,none,0.0,True,tetanus_drive
2025-05-01,Nagaon,92.3,25.5,False,none,0.0,True,general_immunization
2025-05-01,Sonitpur,111.3,25.5,False,none,0.0,True,tetanus_drive
2025-05-02,Vellore,1.5,36.4,False,none,0.0,True,tetanus_drive
2025-05-02,Krishnagiri,5.6,40.5,False,none,0.0,True,general_immunization
2025-05-02,Tiruvannamalai,0.2,38.6,False,none,0.0,True,measles_drive
2025-05-02,Salem,2.9,36.3,False,none,0.0,True,general_immunization
2025-05-02,Madurai,5.1,42.1,False,none,0.0,True,general_immunization
2025-05-02,Coimbatore,0.8,38.7,True,seasonal_flu,0.63,True,measles_drive
2025-05-02,Pune,1.4,35.9,False,none,0.0,True,general_immunization
2025-05-02,Nagpur,0.3,43.3,False,none,0.0,True,measles_drive
2025-05-02,Nashik,2.5,39.6,False,none,0.0,True,tetanus_drive
2025-05-02,Chhatrapati Sambhajinagar,2.4,41.3,False,none,0.0,True,tetanus_drive
2025-05-02,Thane,2.4,36.8,False,none,0.0,True,tetanus_drive
2025-05-02,Amravati,5.9,40.1,False,none,0.0,True,tetanus_drive
2025-05-02,Jaipur,0.0,38.6,False,none,0.0,True,measles_drive
2025-05-02,Jodhpur,0.0,50.9,False,none,0.0,True,measles_drive
2025-05-02,Bikaner,0.3,41.2,False,none,0.0,True,measles_drive
2025-05-02,Udaipur,0.0,44.8,False,none,0.0,True,general_immunization
2025-05-02,Kota,0.0,38.9,False,none,0.0,True,general_immunization
2025-05-02,Barmer,0.0,45.4,False,none,0.0,True,tetanus_drive
2025-05-02,Khordha,1.6,36.7,False,none,0.0,True,tetanus_drive
2025-05-02,Cuttack,4.2,39.0,False,none,0.0,True,tetanus_drive
2025-05-02,Puri,0.2,37.1,False,none,0.0,True,general_immunization
2025-05-02,Balasore,9.3,37.5,False,none,0.0,True,measles_drive
2025-05-02,Mayurbhanj,3.8,37.3,False,none,0.0,True,measles_drive
2025-05-02,Ganjam,6.3,39.3,False,none,0.0,True,tetanus_drive
2025-05-02,Kamrup,87.6,25.5,False,none,0.0,True,measles_drive
2025-05-02,Dibrugarh,211.4,24.2,False,none,0.0,True,general_immunization
2025-05-02,Cachar,70.7,25.0,False,none,0.0,True,measles_drive
2025-05-02,Jorhat,114.4,25.0,False,none,0.0,True,measles_drive
2025-05-02,Nagaon,72.7,27.7,False,none,0.0,True,general_immunization
2025-05-02,Sonitpur,135.7,24.6,False,none,0.0,True,tetanus_drive
2025-05-03,Vellore,0.8,38.2,False,none,0.0,True,general_immunization
2025-05-03,Krishnagiri,4.0,36.2,False,none,0.0,True,measles_drive
2025-05-03,Tiruvannamalai,4.9,40.5,False,none,0.0,True,measles_drive
2025-05-03,Salem,0.1,41.9,False,none,0.0,True,measles_drive
2025-05-03,Madurai,0.5,38.8,False,none,0.0,True,tetanus_drive
2025-05-03,Coimbatore,6.5,38.4,True,seasonal_flu,0.63,True,tetanus_drive
2025-05-03,Pune,0.3,38.8,False,none,0.0,True,tetanus_drive
2025-05-03,Nagpur,7.8,42.6,False,none,0.0,True,general_immunization
2025-05-03,Nashik,0.4,42.5,False,none,0.0,True,general_immunization
2025-05-03,Chhatrapati Sambhajinagar,0.0,38.1,False,none,0.0,True,tetanus_drive
2025-05-03,Thane,1.6,45.4,False,none,0.0,True,measles_drive
2025-05-03,Amravati,1.8,45.8,False,none,0.0,True,general_immunization
2025-05-03,Jaipur,0.0,45.0,False,none,0.0,True,general_immunization
2025-05-03,Jodhpur,0.0,35.6,False,none,0.0,True,measles_drive
2025-05-03,Bikaner,0.0,43.1,False,none,0.0,True,tetanus_drive
2025-05-03,Udaipur,0.0,45.9,False,none,0.0,True,tetanus_drive
2025-05-03,Kota,0.0,44.9,False,none,0.0,True,measles_drive
2025-05-03,Barmer,0.0,48.3,False,none,0.0,True,general_immunization
2025-05-03,Khordha,15.6,38.4,False,none,0.0,True,tetanus_drive
2025-05-03,Cuttack,1.5,40.9,False,none,0.0,True,general_immunization
2025-05-03,Puri,0.6,39.3,False,none,0.0,True,general_immunization
2025-05-03,Balasore,2.5,41.0,False,none,0.0,True,tetanus_drive
2025-05-03,Mayurbhanj,2.3,41.2,False,none,0.0,True,general_immunization
2025-05-03,Ganjam,11.8,39.0,False,none,0.0,True,tetanus_drive
2025-05-03,Kamrup,89.1,28.8,False,none,0.0,True,tetanus_drive
2025-05-03,Dibrugarh,85.7,25.9,False,none,0.0,True,general_immunization
2025-05-03,Cachar,56.7,25.7,False,none,0.0,True,general_immunization
2025-05-03,Jorhat,44.2,24.9,False,none,0.0,True,measles_drive
2025-05-03,Nagaon,61.5,24.3,False,none,0.0,True,general_immunization
2025-05-03,Sonitpur,54.9,26.9,False,none,0.0,True,tetanus_drive
2025-05-04,Vellore,2.7,38.1,False,none,0.0,False,none
2025-05-04,Krishnagiri,3.3,38.8,False,none,0.0,False,none
2025-05-04,Tiruvannamalai,2.5,40.8,False,none,0.0,False,none
2025-05-04,Salem,6.6,38.9,False,none,0.0,False,none
2025-05-04,Madurai,1.6,37.2,False,none,0.0,False,none
2025-05-04,Coimbatore,7.2,36.1,True,seasonal_flu,0.63,False,none
2025-05-04,Pune,0.1,39.4,False,none,0.0,False,none
2025-05-04,Nagpur,1.1,40.6,False,none,0.0,False,none
2025-05-04,Nashik,1.5,42.5,False,none,0.0,False,none
2025-05-04,Chhatrapati Sambhajinagar,0.9,41.3,False,none,0.0,False,none
2025-05-04,Thane,2.4,40.7,False,none,0.0,False,none
2025-05-04,Amravati,3.0,36.8,False,none,0.0,False,none
2025-05-04,Jaipur,0.1,43.7,False,none,0.0,False,none
2025-05-04,Jodhpur,0.0,41.3,False,none,0.0,False,none
2025-05-04,Bikaner,0.0,50.3,False,none,0.0,False,none
2025-05-04,Udaipur,0.0,43.5,False,none,0.0,False,none
2025-05-04,Kota,0.0,40.5,False,none,0.0,False,none
2025-05-04,Barmer,0.0,48.2,False,none,0.0,False,none
2025-05-04,Khordha,11.6,41.5,False,none,0.0,False,none
2025-05-04,Cuttack,2.3,38.8,False,none,0.0,False,none
2025-05-04,Puri,3.6,38.9,False,none,0.0,False,none
2025-05-04,Balasore,5.9,42.3,False,none,0.0,False,none
2025-05-04,Mayurbhanj,1.7,38.9,False,none,0.0,False,none
2025-05-04,Ganjam,1.7,41.8,False,none,0.0,False,none
2025-05-04,Kamrup,50.6,27.9,False,none,0.0,False,none
2025-05-04,Dibrugarh,155.6,26.0,False,none,0.0,False,none
2025-05-04,Cachar,95.5,24.6,False,none,0.0,False,none
2025-05-04,Jorhat,16.7,26.6,False,none,0.0,False,none
2025-05-04,Nagaon,166.9,26.5,False,none,0.0,False,none
2025-05-04,Sonitpur,147.5,25.8,False,none,0.0,False,none
2025-05-05,Vellore,1.2,38.5,False,none,0.0,False,none
2025-05-05,Krishnagiri,0.4,39.3,False,none,0.0,False,none
2025-05-05,Tiruvannamalai,0.5,37.8,False,none,0.0,False,none
2025-05-05,Salem,6.0,40.1,False,none,0.0,False,none
2025-05-05,Madurai,0.5,34.9,False,none,0.0,False,none
2025-05-05,Coimbatore,1.5,38.9,True,seasonal_flu,0.63,False,none
2025-05-05,Pune,0.6,39.7,False,none,0.0,False,none
2025-05-05,Nagpur,0.2,42.7,False,none,0.0,False,none
2025-05-05,Nashik,0.1,38.4,False,none,0.0,False,none
2025-05-05,Chhatrapati Sambhajinagar,1.8,40.7,False,none,0.0,False,none
2025-05-05,Thane,1.3,42.8,False,none,0.0,False,none
2025-05-05,Amravati,0.2,42.7,False,none,0.0,False,none
2025-05-05,Jaipur,0.0,47.6,False,none,0.0,False,none
2025-05-05,Jodhpur,0.0,47.4,False,none,0.0,False,none
2025-05-05,Bikaner,1.1,49.2,False,none,0.0,False,none
2025-05-05,Udaipur,0.0,43.6,False,none,0.0,False,none
2025-05-05,Kota,0.0,43.9,False,none,0.0,False,none
2025-05-05,Barmer,0.1,51.0,False,none,0.0,False,none
2025-05-05,Khordha,0.4,39.4,False,none,0.0,False,none
2025-05-05,Cuttack,6.6,37.1,False,none,0.0,False,none
2025-05-05,Puri,4.4,37.8,False,none,0.0,False,none
2025-05-05,Balasore,0.7,37.6,False,none,0.0,False,none
2025-05-05,Mayurbhanj,0.1,42.7,False,none,0.0,False,none
2025-05-05,Ganjam,9.9,40.5,False,none,0.0,False,none
2025-05-05,Kamrup,154.3,25.8,False,none,0.0,False,none
2025-05-05,Dibrugarh,309.5,25.7,False,none,0.0,False,none
2025-05-05,Cachar,194.1,27.8,False,none,0.0,False,none
2025-05-05,Jorhat,147.6,25.1,False,none,0.0,False,none
2025-05-05,Nagaon,170.4,27.6,False,none,0.0,False,none
2025-05-05,Sonitpur,191.5,24.8,False,none,0.0,False,none
2025-05-06,Vellore,5.2,41.3,False,none,0.0,False,none
2025-05-06,Krishnagiri,5.6,35.4,False,none,0.0,False,none
2025-05-06,Tiruvannamalai,1.0,37.3,False,none,0.0,False,none
2025-05-06,Salem,2.0,40.1,False,none,0.0,False,none
2025-05-06,Madurai,4.6,40.6,False,none,0.0,False,none
2025-05-06,Coimbatore,1.4,41.6,True,seasonal_flu,0.63,False,none
2025-05-06,Pune,4.1,43.5,False,none,0.0,False,none
2025-05-06,Nagpur,5.1,37.8,False,none,0.0,False,none
2025-05-06,Nashik,0.2,42.2,False,none,0.0,False,none
2025-05-06,Chhatrapati Sambhajinagar,0.4,43.3,False,none,0.0,False,none
2025-05-06,Thane,1.3,39.7,False,none,0.0,False,none
2025-05-06,Amravati,0.3,45.3,False,none,0.0,False,none
2025-05-06,Jaipur,0.0,43.1,False,none,0.0,False,none
2025-05-06,Jodhpur,0.0,43.6,False,none,0.0,False,none
2025-05-06,Bikaner,0.0,41.6,False,none,0.0,False,none
2025-05-06,Udaipur,0.1,48.5,False,none,0.0,False,none
2025-05-06,Kota,0.1,44.3,False,none,0.0,False,none
2025-05-06,Barmer,0.0,50.2,False,none,0.0,False,none
2025-05-06,Khordha,14.5,39.5,False,none,0.0,False,none
2025-05-06,Cuttack,4.3,41.9,False,none,0.0,False,none
2025-05-06,Puri,6.5,36.9,False,none,0.0,False,none
2025-05-06,Balasore,1.9,37.9,False,none,0.0,False,none
2025-05-06,Mayurbhanj,6.2,41.0,False,none,0.0,False,none
2025-05-06,Ganjam,2.8,38.5,False,none,0.0,False,none
2025-05-06,Kamrup,120.3,26.6,False,none,0.0,False,none
2025-05-06,Dibrugarh,60.7,26.5,False,none,0.0,False,none
2025-05-06,Cachar,161.1,23.6,False,none,0.0,False,none
2025-05-06,Jorhat,28.1,25.3,False,none,0.0,False,none
2025-05-06,Nagaon,118.0,29.2,False,none,0.0,False,none
2025-05-06,Sonitpur,138.9,24.5,False,none,0.0,False,none
2025-05-07,Vellore,1.9,40.3,False,none,0.0,False,none
2025-05-07,Krishnagiri,5.5,38.3,False,none,0.0,False,none
2025-05-07,Tiruvannamalai,0.9,37.9,False,none,0.0,False,none
2025-05-07,Salem,10.0,39.7,False,none,0.0,False,none
2025-05-07,Madurai,9.8,39.5,False,none,0.0,False,none
2025-05-07,Coimbatore,0.7,38.9,True,seasonal_flu,0.63,False,none
2025-05-07,Pune,0.5,46.9,False,none,0.0,False,none
2025-05-07,Nagpur,1.2,41.7,False,none,0.0,False,none
2025-05-07,Nashik,0.9,37.1,False,none,0.0,False,none
2025-05-07,Chhatrapati Sambhajinagar,0.4,42.7,False,none,0.0,False,none
2025-05-07,Thane,0.3,42.8,False,none,0.0,False,none
2025-05-07,Amravati,2.9,37.7,False,none,0.0,False,none
2025-05-07,Jaipur,0.0,45.1,False,none,0.0,False,none
2025-05-07,Jodhpur,0.7,45.5,False,none,0.0,False,none
2025-05-07,Bikaner,0.0,46.3,False,none,0.0,False,none
2025-05-07,Udaipur,0.1,45.5,False,none,0.0,False,none
2025-05-07,Kota,0.2,48.7,False,none,0.0,False,none
2025-05-07,Barmer,0.0,46.5,False,none,0.0,False,none
2025-05-07,Khordha,6.6,40.2,False,none,0.0,False,none
2025-05-07,Cuttack,2.9,41.6,False,none,0.0,False,none
2025-05-07,Puri,5.3,41.3,False,none,0.0,False,none
2025-05-07,Balasore,3.7,44.7,False,none,0.0,False,none
2025-05-07,Mayurbhanj,1.6,35.9,False,none,0.0,False,none
2025-05-07,Ganjam,2.7,37.3,False,none,0.0,False,none
2025-05-07,Kamrup,34.0,22.7,False,none,0.0,False,none
2025-05-07,Dibrugarh,117.4,25.9,False,none,0.0,False,none
2025-05-07,Cachar,189.4,25.0,False,none,0.0,False,none
2025-05-07,Jorhat,48.9,23.8,False,none,0.0,False,none
2025-05-07,Nagaon,95.9,25.6,False,none,0.0,False,none
2025-05-07,Sonitpur,106.8,25.0,False,none,0.0,False,none
2025-05-08,Vellore,3.9,40.1,False,none,0.0,False,none
2025-05-08,Krishnagiri,0.5,39.0,False,none,0.0,False,none
2025-05-08,Tiruvannamalai,0.8,35.5,False,none,0.0,False,none
2025-05-08,Salem,0.2,36.1,False,none,0.0,False,none
2025-05-08,Madurai,8.1,41.6,False,none,0.0,False,none
2025-05-08,Coimbatore,12.8,40.9,True,seasonal_flu,0.63,False,none
2025-05-08,Pune,2.5,37.2,False,none,0.0,False,none
2025-05-08,Nagpur,2.0,43.1,False,none,0.0,False,none
2025-05-08,Nashik,0.1,41.0,False,none,0.0,False,none
2025-05-08,Chhatrapati Sambhajinagar,0.5,39.0,False,none,0.0,False,none
2025-05-08,Thane,2.3,39.5,False,none,0.0,False,none
2025-05-08,Amravati,0.7,43.8,False,none,0.0,False,none
2025-05-08,Jaipur,0.0,40.8,False,none,0.0,False,none
2025-05-08,Jodhpur,0.0,47.2,False,none,0.0,False,none
2025-05-08,Bikaner,0.0,42.0,False,none,0.0,False,none
2025-05-08,Udaipur,0.2,46.3,False,none,0.0,False,none
2025-05-08,Kota,0.3,44.3,False,none,0.0,False,none
2025-05-08,Barmer,0.0,41.9,True,heatstroke_dehydration,0.79,False,none
2025-05-08,Khordha,1.5,38.8,False,none,0.0,False,none
2025-05-08,Cuttack,2.3,38.1,False,none,0.0,False,none
2025-05-08,Puri,2.8,42.9,False,none,0.0,False,none
2025-05-08,Balasore,2.8,38.1,False,none,0.0,False,none
2025-05-08,Mayurbhanj,1.7,38.6,False,none,0.0,False,none
2025-05-08,Ganjam,1.0,38.9,False,none,0.0,False,none
2025-05-08,Kamrup,111.2,22.0,False,none,0.0,False,none
2025-05-08,Dibrugarh,85.3,25.4,False,none,0.0,False,none
2025-05-08,Cachar,89.9,25.9,False,none,0.0,False,none
2025-05-08,Jorhat,62.2,27.5,False,none,0.0,False,none
2025-05-08,Nagaon,68.1,30.4,False,none,0.0,False,none
2025-05-08,Sonitpur,80.6,25.7,False,none,0.0,False,none
2025-05-09,Vellore,2.5,42.5,False,none,0.0,False,none
2025-05-09,Krishnagiri,3.3,47.4,False,none,0.0,False,none
2025-05-09,Tiruvannamalai,2.1,38.6,False,none,0.0,False,none
2025-05-09,Salem,2.1,37.4,False,none,0.0,False,none
2025-05-09,Madurai,0.0,42.4,False,none,0.0,False,none
2025-05-09,Coimbatore,2.8,38.0,True,seasonal_flu,0.63,False,none
2025-05-09,Pune,1.6,45.7,False,none,0.0,False,none
2025-05-09,Nagpur,2.5,45.2,False,none,0.0,False,none
2025-05-09,Nashik,3.3,41.3,False,none,0.0,False,none
2025-05-09,Chhatrapati Sambhajinagar,0.2,48.1,False,none,0.0,False,none
2025-05-09,Thane,2.9,44.0,False,none,0.0,False,none
2025-05-09,Amravati,0.2,39.4,False,none,0.0,False,none
2025-05-09,Jaipur,0.0,41.3,False,none,0.0,False,none
2025-05-09,Jodhpur,0.0,44.1,False,none,0.0,False,none
2025-05-09,Bikaner,1.3,43.6,False,none,0.0,False,none
2025-05-09,Udaipur,0.1,49.1,False,none,0.0,False,none
2025-05-09,Kota,0.0,44.6,False,none,0.0,False,none
2025-05-09,Barmer,0.0,49.3,True,heatstroke_dehydration,0.79,False,none
2025-05-09,Khordha,8.8,41.8,False,none,0.0,False,none
2025-05-09,Cuttack,0.6,36.1,False,none,0.0,False,none
2025-05-09,Puri,4.3,39.8,False,none,0.0,False,none
2025-05-09,Balasore,12.0,34.7,False,none,0.0,False,none
2025-05-09,Mayurbhanj,1.0,36.5,False,none,0.0,False,none
2025-05-09,Ganjam,0.7,35.9,False,none,0.0,False,none
2025-05-09,Kamrup,73.5,29.2,False,none,0.0,False,none
2025-05-09,Dibrugarh,53.8,21.7,False,none,0.0,False,none
2025-05-09,Cachar,140.3,25.2,False,none,0.0,False,none
2025-05-09,Jorhat,91.1,28.3,False,none,0.0,False,none
2025-05-09,Nagaon,38.1,25.8,False,none,0.0,False,none
2025-05-09,Sonitpur,113.0,27.2,False,none,0.0,False,none
2025-05-10,Vellore,8.6,39.7,False,none,0.0,False,none
2025-05-10,Krishnagiri,14.9,37.3,False,none,0.0,False,none
2025-05-10,Tiruvannamalai,6.1,42.0,False,none,0.0,False,none
2025-05-10,Salem,2.2,40.6,False,none,0.0,False,none
2025-05-10,Madurai,1.6,36.3,False,none,0.0,False,none
2025-05-10,Coimbatore,3.0,34.1,True,seasonal_flu,0.63,False,none
2025-05-10,Pune,0.7,45.0,False,none,0.0,False,none
2025-05-10,Nagpur,0.4,42.0,False,none,0.0,False,none
2025-05-10,Nashik,0.4,38.7,False,none,0.0,False,none
2025-05-10,Chhatrapati Sambhajinagar,4.0,45.3,False,none,0.0,False,none
2025-05-10,Thane,0.2,41.8,False,none,0.0,False,none
2025-05-10,Amravati,0.7,44.0,False,none,0.0,False,none
2025-05-10,Jaipur,0.2,49.8,False,none,0.0,False,none
2025-05-10,Jodhpur,0.0,41.9,False,none,0.0,False,none
2025-05-10,Bikaner,0.2,40.8,False,none,0.0,False,none
2025-05-10,Udaipur,0.0,47.8,False,none,0.0,False,none
2025-05-10,Kota,0.0,48.6,False,none,0.0,False,none
2025-05-10,Barmer,0.0,50.6,True,heatstroke_dehydration,0.79,False,none
2025-05-10,Khordha,4.7,39.0,False,none,0.0,False,none
2025-05-10,Cuttack,17.6,40.0,False,none,0.0,False,none
2025-05-10,Puri,18.9,39.2,False,none,0.0,False,none
2025-05-10,Balasore,6.8,38.3,False,none,0.0,False,none
2025-05-10,Mayurbhanj,1.4,39.7,False,none,0.0,False,none
2025-05-10,Ganjam,3.3,38.6,False,none,0.0,False,none
2025-05-10,Kamrup,102.7,26.9,False,none,0.0,False,none
2025-05-10,Dibrugarh,153.7,25.3,False,none,0.0,False,none
2025-05-10,Cachar,41.1,22.5,False,none,0.0,False,none
2025-05-10,Jorhat,68.8,21.1,False,none,0.0,False,none
2025-05-10,Nagaon,51.3,24.2,False,none,0.0,False,none
2025-05-10,Sonitpur,79.4,25.5,False,none,0.0,False,none
2025-05-11,Vellore,1.9,34.2,False,none,0.0,False,none
2025-05-11,Krishnagiri,0.6,39.1,False,none,0.0,False,none
2025-05-11,Tiruvannamalai,3.6,40.1,False,none,0.0,False,none
2025-05-11,Salem,0.7,36.8,False,none,0.0,False,none
2025-05-11,Madurai,2.8,38.7,False,none,0.0,False,none
2025-05-11,Coimbatore,17.2,44.1,True,seasonal_flu,0.63,False,none
2025-05-11,Pune,0.6,40.6,False,none,0.0,False,none
2025-05-11,Nagpur,0.2,39.2,False,none,0.0,False,none
2025-05-11,Nashik,1.6,43.9,False,none,0.0,False,none
2025-05-11,Chhatrapati Sambhajinagar,2.6,43.1,False,none,0.0,False,none
2025-05-11,Thane,0.5,40.5,False,none,0.0,False,none
2025-05-11,Amravati,0.3,38.7,False,none,0.0,False,none
2025-05-11,Jaipur,0.3,45.7,False,none,0.0,False,none
2025-05-11,Jodhpur,0.0,46.9,False,none,0.0,False,none
2025-05-11,Bikaner,0.0,46.5,False,none,0.0,False,none
2025-05-11,Udaipur,0.0,46.0,False,none,0.0,False,none
2025-05-11,Kota,0.0,46.1,True,heatstroke_dehydration,0.98,False,none
2025-05-11,Barmer,0.0,44.7,True,heatstroke_dehydration,0.79,False,none
2025-05-11,Khordha,3.4,38.3,False,none,0.0,False,none
2025-05-11,Cuttack,1.1,39.3,False,none,0.0,False,none
2025-05-11,Puri,4.5,36.5,False,none,0.0,False,none
2025-05-11,Balasore,1.2,37.9,False,none,0.0,False,none
2025-05-11,Mayurbhanj,8.9,35.9,False,none,0.0,False,none
2025-05-11,Ganjam,2.9,42.3,False,none,0.0,False,none
2025-05-11,Kamrup,85.4,22.4,False,none,0.0,False,none
2025-05-11,Dibrugarh,60.6,24.5,False,none,0.0,False,none
2025-05-11,Cachar,78.7,25.0,False,none,0.0,False,none
2025-05-11,Jorhat,78.0,22.5,False,none,0.0,False,none
2025-05-11,Nagaon,53.4,23.0,False,none,0.0,False,none
2025-05-11,Sonitpur,98.5,25.5,False,none,0.0,False,none
2025-05-12,Vellore,3.2,41.5,False,none,0.0,False,none
2025-05-12,Krishnagiri,3.7,39.9,False,none,0.0,False,none
2025-05-12,Tiruvannamalai,0.0,40.4,False,none,0.0,False,none
2025-05-12,Salem,2.3,37.5,False,none,0.0,False,none
2025-05-12,Madurai,0.3,36.1,False,none,0.0,False,none
2025-05-12,Coimbatore,6.2,36.0,True,seasonal_flu,0.63,False,none
2025-05-12,Pune,1.2,40.4,False,none,0.0,False,none
2025-05-12,Nagpur,0.1,41.5,False,none,0.0,False,none
2025-05-12,Nashik,0.4,41.7,False,none,0.0,False,none
2025-05-12,Chhatrapati Sambhajinagar,3.1,39.8,False,none,0.0,False,none
2025-05-12,Thane,0.5,45.2,False,none,0.0,False,none
2025-05-12,Amravati,0.4,43.6,False,none,0.0,False,none
2025-05-12,Jaipur,0.0,45.4,False,none,0.0,False,none
2025-05-12,Jodhpur,0.1,47.9,False,none,0.0,False,none
2025-05-12,Bikaner,0.0,45.8,False,none,0.0,False,none
2025-05-12,Udaipur,0.0,46.5,False,none,0.0,False,none
2025-05-12,Kota,0.0,42.8,True,heatstroke_dehydration,0.98,False,none
2025-05-12,Barmer,0.0,47.3,True,heatstroke_dehydration,0.79,False,none
2025-05-12,Khordha,7.4,39.7,False,none,0.0,False,none
2025-05-12,Cuttack,0.0,35.6,False,none,0.0,False,none
2025-05-12,Puri,9.0,38.9,False,none,0.0,False,none
2025-05-12,Balasore,0.1,40.6,False,none,0.0,False,none
2025-05-12,Mayurbhanj,1.3,35.0,False,none,0.0,False,none
2025-05-12,Ganjam,0.9,35.9,False,none,0.0,False,none
2025-05-12,Kamrup,76.8,21.8,False,none,0.0,False,none
2025-05-12,Dibrugarh,96.1,28.3,False,none,0.0,False,none
2025-05-12,Cachar,96.4,25.1,False,none,0.0,False,none
2025-05-12,Jorhat,40.0,23.7,False,none,0.0,False,none
2025-05-12,Nagaon,54.9,26.1,False,none,0.0,False,none
2025-05-12,Sonitpur,183.0,25.2,False,none,0.0,False,none
2025-05-13,Vellore,0.9,37.7,False,none,0.0,False,none
2025-05-13,Krishnagiri,15.1,37.1,False,none,0.0,False,none
2025-05-13,Tiruvannamalai,3.2,38.8,False,none,0.0,False,none
2025-05-13,Salem,3.0,40.4,False,none,0.0,False,none
2025-05-13,Madurai,1.7,38.7,False,none,0.0,False,none
2025-05-13,Coimbatore,5.2,41.9,True,seasonal_flu,0.63,False,none
2025-05-13,Pune,11.0,35.8,False,none,0.0,False,none
2025-05-13,Nagpur,0.3,43.3,False,none,0.0,False,none
2025-05-13,Nashik,0.1,43.0,False,none,0.0,False,none
2025-05-13,Chhatrapati Sambhajinagar,0.4,42.3,False,none,0.0,False,none
2025-05-13,Thane,1.5,42.0,False,none,0.0,False,none
2025-05-13,Amravati,1.3,38.3,False,none,0.0,False,none
2025-05-13,Jaipur,0.0,46.8,False,none,0.0,False,none
2025-05-13,Jodhpur,0.1,44.2,False,none,0.0,False,none
2025-05-13,Bikaner,0.0,44.9,False,none,0.0,False,none
2025-05-13,Udaipur,0.1,43.0,False,none,0.0,False,none
2025-05-13,Kota,0.2,42.2,True,heatstroke_dehydration,0.98,False,none
2025-05-13,Barmer,0.0,42.4,True,heatstroke_dehydration,0.79,False,none
2025-05-13,Khordha,0.3,42.2,False,none,0.0,False,none
2025-05-13,Cuttack,0.4,39.4,False,none,0.0,False,none
2025-05-13,Puri,8.9,39.6,False,none,0.0,False,none
2025-05-13,Balasore,16.3,36.7,False,none,0.0,False,none
2025-05-13,Mayurbhanj,6.9,39.6,False,none,0.0,False,none
2025-05-13,Ganjam,8.7,35.7,False,none,0.0,False,none
2025-05-13,Kamrup,85.5,23.2,False,none,0.0,False,none
2025-05-13,Dibrugarh,64.3,22.7,False,none,0.0,False,none
2025-05-13,Cachar,69.1,22.8,False,none,0.0,False,none
2025-05-13,Jorhat,135.7,22.6,False,none,0.0,False,none
2025-05-13,Nagaon,143.1,21.1,False,none,0.0,False,none
2025-05-13,Sonitpur,124.3,26.8,False,none,0.0,False,none
2025-05-14,Vellore,0.2,35.9,False,none,0.0,False,none
2025-05-14,Krishnagiri,0.7,45.2,False,none,0.0,False,none
2025-05-14,Tiruvannamalai,0.0,35.7,False,none,0.0,False,none
2025-05-14,Salem,2.0,36.3,False,none,0.0,False,none
2025-05-14,Madurai,4.3,40.0,False,none,0.0,False,none
2025-05-14,Coimbatore,0.8,38.3,False,none,0.0,False,none
2025-05-14,Pune,0.3,42.9,False,none,0.0,False,none
2025-05-14,Nagpur,1.8,44.0,False,none,0.0,False,none
2025-05-14,Nashik,1.8,41.3,False,none,0.0,False,none
2025-05-14,Chhatrapati Sambhajinagar,4.7,42.9,False,none,0.0,False,none
2025-05-14,Thane,0.9,42.8,False,none,0.0,False,none
2025-05-14,Amravati,2.5,40.6,False,none,0.0,False,none
2025-05-14,Jaipur,0.4,46.8,False,none,0.0,False,none
2025-05-14,Jodhpur,0.0,45.5,False,none,0.0,False,none
2025-05-14,Bikaner,0.1,51.7,False,none,0.0,False,none
2025-05-14,Udaipur,0.0,47.1,False,none,0.0,False,none
2025-05-14,Kota,0.0,37.3,True,heatstroke_dehydration,0.98,False,none
2025-05-14,Barmer,0.7,49.4,True,heatstroke_dehydration,0.79,False,none
2025-05-14,Khordha,7.3,40.1,False,none,0.0,False,none
2025-05-14,Cuttack,0.5,40.8,False,none,0.0,False,none
2025-05-14,Puri,1.2,40.5,False,none,0.0,False,none
2025-05-14,Balasore,3.8,36.5,False,none,0.0,False,none
2025-05-14,Mayurbhanj,0.1,44.6,False,none,0.0,False,none
2025-05-14,Ganjam,1.4,40.5,False,none,0.0,False,none
2025-05-14,Kamrup,71.9,21.5,False,none,0.0,False,none
2025-05-14,Dibrugarh,100.8,26.3,False,none,0.0,False,none
2025-05-14,Cachar,104.2,28.8,False,none,0.0,False,none
2025-05-14,Jorhat,55.1,25.1,False,none,0.0,False,none
2025-05-14,Nagaon,118.2,25.6,False,none,0.0,False,none
2025-05-14,Sonitpur,72.8,29.7,False,none,0.0,False,none
2025-05-15,Vellore,4.7,40.0,False,none,0.0,False,none
2025-05-15,Krishnagiri,0.3,40.7,False,none,0.0,False,none
2025-05-15,Tiruvannamalai,1.3,38.2,False,none,0.0,False,none
2025-05-15,Salem,3.1,37.5,False,none,0.0,False,none
2025-05-15,Madurai,2.2,39.6,False,none,0.0,False,none
2025-05-15,Coimbatore,2.4,43.0,False,none,0.0,False,none
2025-05-15,Pune,1.0,39.3,False,none,0.0,False,none
2025-05-15,Nagpur,3.2,41.6,False,none,0.0,False,none
2025-05-15,Nashik,2.5,39.0,False,none,0.0,False,none
2025-05-15,Chhatrapati Sambhajinagar,0.3,49.1,False,none,0.0,False,none
2025-05-15,Thane,1.2,48.2,False,none,0.0,False,none
2025-05-15,Amravati,3.1,39.2,False,none,0.0,False,none
2025-05-15,Jaipur,0.2,46.3,False,none,0.0,False,none
2025-05-15,Jodhpur,0.0,41.8,False,none,0.0,False,none
2025-05-15,Bikaner,0.0,40.4,False,none,0.0,False,none
2025-05-15,Udaipur,0.3,43.6,False,none,0.0,False,none
2025-05-15,Kota,0.9,46.7,True,heatstroke_dehydration,0.98,False,none
2025-05-15,Barmer,0.2,51.3,True,heatstroke_dehydration,0.79,False,none
2025-05-15,Khordha,8.9,38.8,False,none,0.0,False,none
2025-05-15,Cuttack,6.7,41.3,False,none,0.0,False,none
2025-05-15,Puri,0.4,41.3,False,none,0.0,False,none
2025-05-15,Balasore,11.4,33.8,False,none,0.0,False,none
2025-05-15,Mayurbhanj,1.6,39.0,False,none,0.0,False,none
2025-05-15,Ganjam,5.0,40.3,False,none,0.0,False,none
2025-05-15,Kamrup,56.9,23.6,False,none,0.0,False,none
2025-05-15,Dibrugarh,109.4,25.9,False,none,0.0,False,none
2025-05-15,Cachar,42.9,25.2,False,none,0.0,False,none
2025-05-15,Jorhat,163.4,22.2,False,none,0.0,False,none
2025-05-15,Nagaon,82.0,25.7,False,none,0.0,False,none
2025-05-15,Sonitpur,227.8,24.1,False,none,0.0,False,none
2025-05-16,Vellore,0.2,40.0,False,none,0.0,False,none
2025-05-16,Krishnagiri,1.3,34.2,False,none,0.0,False,none
2025-05-16,Tiruvannamalai,3.9,39.3,False,none,0.0,False,none
2025-05-16,Salem,0.0,40.8,False,none,0.0,False,none
2025-05-16,Madurai,2.4,35.6,False,none,0.0,False,none
2025-05-16,Coimbatore,4.5,38.8,False,none,0.0,False,none
2025-05-16,Pune,0.3,38.6,False,none,0.0,False,none
2025-05-16,Nagpur,0.2,39.3,False,none,0.0,False,none
2025-05-16,Nashik,1.0,37.3,False,none,0.0,False,none
2025-05-16,Chhatrapati Sambhajinagar,0.9,40.6,False,none,0.0,False,none
2025-05-16,Thane,0.1,41.5,False,none,0.0,False,none
2025-05-16,Amravati,0.2,42.3,False,none,0.0,False,none
2025-05-16,Jaipur,0.2,52.5,False,none,0.0,False,none
2025-05-16,Jodhpur,0.0,46.6,False,none,0.0,False,none
2025-05-16,Bikaner,0.0,49.4,False,none,0.0,False,none
2025-05-16,Udaipur,0.1,45.4,False,none,0.0,False,none
2025-05-16,Kota,0.1,45.3,True,heatstroke_dehydration,0.98,False,none
2025-05-16,Barmer,0.2,45.2,True,heatstroke_dehydration,0.79,False,none
2025-05-16,Khordha,4.3,42.9,False,none,0.0,False,none
2025-05-16,Cuttack,4.2,39.0,False,none,0.0,False,none
2025-05-16,Puri,1.6,41.0,False,none,0.0,False,none
2025-05-16,Balasore,1.0,38.6,False,none,0.0,False,none
2025-05-16,Mayurbhanj,2.3,38.2,False,none,0.0,False,none
2025-05-16,Ganjam,0.2,36.4,False,none,0.0,False,none
2025-05-16,Kamrup,73.6,28.7,False,none,0.0,False,none
2025-05-16,Dibrugarh,40.5,25.6,False,none,0.0,False,none
2025-05-16,Cachar,152.1,20.5,False,none,0.0,False,none
2025-05-16,Jorhat,40.5,27.7,False,none,0.0,False,none
2025-05-16,Nagaon,58.1,29.4,False,none,0.0,False,none
2025-05-16,Sonitpur,127.5,25.6,False,none,0.0,False,none
2025-05-17,Vellore,0.4,37.2,False,none,0.0,False,none
2025-05-17,Krishnagiri,1.4,40.0,False,none,0.0,False,none
2025-05-17,Tiruvannamalai,1.7,36.0,False,none,0.0,False,none
2025-05-17,Salem,4.8,34.2,False,none,0.0,False,none
2025-05-17,Madurai,0.8,37.5,False,none,0.0,False,none
2025-05-17,Coimbatore,2.1,38.4,False,none,0.0,False,none
2025-05-17,Pune,0.1,40.4,False,none,0.0,False,none
2025-05-17,Nagpur,0.6,41.3,False,none,0.0,False,none
2025-05-17,Nashik,0.8,44.6,False,none,0.0,False,none
2025-05-17,Chhatrapati Sambhajinagar,2.1,38.0,False,none,0.0,False,none
2025-05-17,Thane,7.9,41.3,False,none,0.0,False,none
2025-05-17,Amravati,1.4,40.7,False,none,0.0,False,none
2025-05-17,Jaipur,0.2,44.3,False,none,0.0,False,none
2025-05-17,Jodhpur,0.0,46.4,False,none,0.0,False,none
2025-05-17,Bikaner,0.0,45.0,False,none,0.0,False,none
2025-05-17,Udaipur,1.0,44.5,False,none,0.0,False,none
2025-05-17,Kota,0.0,45.0,True,heatstroke_dehydration,0.98,False,none
2025-05-17,Barmer,0.0,42.8,True,heatstroke_dehydration,0.79,False,none
2025-05-17,Khordha,1.2,41.0,False,none,0.0,False,none
2025-05-17,Cuttack,1.4,40.5,False,none,0.0,False,none
2025-05-17,Puri,5.3,37.8,False,none,0.0,False,none
2025-05-17,Balasore,3.5,40.3,False,none,0.0,False,none
2025-05-17,Mayurbhanj,4.3,41.1,False,none,0.0,False,none
2025-05-17,Ganjam,10.1,38.4,False,none,0.0,False,none
2025-05-17,Kamrup,81.8,26.1,False,none,0.0,False,none
2025-05-17,Dibrugarh,95.1,24.9,False,none,0.0,False,none
2025-05-17,Cachar,128.1,23.0,False,none,0.0,False,none
2025-05-17,Jorhat,49.6,22.2,False,none,0.0,False,none
2025-05-17,Nagaon,76.4,25.3,False,none,0.0,False,none
2025-05-17,Sonitpur,80.9,25.6,False,none,0.0,False,none
2025-05-18,Vellore,6.9,43.2,False,none,0.0,False,none
2025-05-18,Krishnagiri,1.9,38.4,False,none,0.0,False,none
2025-05-18,Tiruvannamalai,1.1,38.7,False,none,0.0,False,none
2025-05-18,Salem,8.0,35.3,False,none,0.0,False,none
2025-05-18,Madurai,6.6,37.9,False,none,0.0,False,none
2025-05-18,Coimbatore,1.7,37.9,False,none,0.0,False,none
2025-05-18,Pune,1.9,42.9,False,none,0.0,False,none
2025-05-18,Nagpur,1.6,43.6,False,none,0.0,False,none
2025-05-18,Nashik,0.2,39.9,False,none,0.0,False,none
2025-05-18,Chhatrapati Sambhajinagar,1.2,40.5,False,none,0.0,False,none
2025-05-18,Thane,0.7,41.5,False,none,0.0,False,none
2025-05-18,Amravati,2.0,42.1,False,none,0.0,False,none
2025-05-18,Jaipur,0.2,48.1,False,none,0.0,False,none
2025-05-18,Jodhpur,0.0,44.8,False,none,0.0,False,none
2025-05-18,Bikaner,0.1,45.9,False,none,0.0,False,none
2025-05-18,Udaipur,0.0,38.0,False,none,0.0,False,none
2025-05-18,Kota,0.0,43.8,True,heatstroke_dehydration,0.98,False,none
2025-05-18,Barmer,0.0,46.0,True,heatstroke_dehydration,0.79,False,none
2025-05-18,Khordha,8.0,37.6,False,none,0.0,False,none
2025-05-18,Cuttack,2.2,36.1,False,none,0.0,False,none
2025-05-18,Puri,17.6,38.2,False,none,0.0,False,none
2025-05-18,Balasore,2.8,35.9,False,none,0.0,False,none
2025-05-18,Mayurbhanj,1.2,34.8,False,none,0.0,False,none
2025-05-18,Ganjam,1.3,38.7,False,none,0.0,False,none
2025-05-18,Kamrup,22.6,28.8,False,none,0.0,False,none
2025-05-18,Dibrugarh,98.6,28.5,False,none,0.0,False,none
2025-05-18,Cachar,25.4,25.0,False,none,0.0,False,none
2025-05-18,Jorhat,80.5,25.2,False,none,0.0,False,none
2025-05-18,Nagaon,88.1,24.0,False,none,0.0,False,none
2025-05-18,Sonitpur,83.1,30.5,False,none,0.0,False,none
2025-05-19,Vellore,1.3,39.5,False,none,0.0,False,none
2025-05-19,Krishnagiri,0.2,37.6,False,none,0.0,False,none
2025-05-19,Tiruvannamalai,4.9,39.1,False,none,0.0,False,none
2025-05-19,Salem,1.9,36.5,False,none,0.0,False,none
2025-05-19,Madurai,19.6,39.7,False,none,0.0,False,none
2025-05-19,Coimbatore,1.6,38.2,False,none,0.0,False,none
2025-05-19,Pune,1.8,42.6,False,none,0.0,False,none
2025-05-19,Nagpur,0.3,41.0,False,none,0.0,False,none
2025-05-19,Nashik,2.6,44.5,False,none,0.0,False,none
2025-05-19,Chhatrapati Sambhajinagar,1.0,49.7,False,none,0.0,False,none
2025-05-19,Thane,11.3,38.4,False,none,0.0,False,none
2025-05-19,Amravati,0.3,40.4,False,none,0.0,False,none
2025-05-19,Jaipur,1.6,45.7,False,none,0.0,False,none
2025-05-19,Jodhpur,0.0,52.4,False,none,0.0,False,none
2025-05-19,Bikaner,0.0,48.0,False,none,0.0,False,none
2025-05-19,Udaipur,0.2,46.5,True,heatstroke_dehydration,0.86,False,none
2025-05-19,Kota,0.0,45.5,True,heatstroke_dehydration,0.98,False,none
2025-05-19,Barmer,0.0,39.6,True,heatstroke_dehydration,0.79,False,none
2025-05-19,Khordha,2.1,38.8,False,none,0.0,False,none
2025-05-19,Cuttack,2.4,38.6,False,none,0.0,False,none
2025-05-19,Puri,1.0,35.7,False,none,0.0,False,none
2025-05-19,Balasore,1.2,38.6,False,none,0.0,False,none
2025-05-19,Mayurbhanj,1.2,41.9,False,none,0.0,False,none
2025-05-19,Ganjam,8.1,35.1,False,none,0.0,False,none
2025-05-19,Kamrup,272.7,26.7,False,none,0.0,False,none
2025-05-19,Dibrugarh,102.8,27.0,False,none,0.0,False,none
2025-05-19,Cachar,100.8,24.6,False,none,0.0,False,none
2025-05-19,Jorhat,181.2,26.0,False,none,0.0,False,none
2025-05-19,Nagaon,63.3,29.1,False,none,0.0,False,none
2025-05-19,Sonitpur,95.2,24.4,False,none,0.0,False,none
2025-05-20,Vellore,0.4,37.6,False,none,0.0,False,none
2025-05-20,Krishnagiri,3.1,38.1,False,none,0.0,False,none
2025-05-20,Tiruvannamalai,1.7,35.8,False,none,0.0,False,none
2025-05-20,Salem,1.7,37.8,False,none,0.0,False,none
2025-05-20,Madurai,1.5,35.2,False,none,0.0,False,none
2025-05-20,Coimbatore,0.3,37.2,False,none,0.0,False,none
2025-05-20,Pune,0.4,41.5,False,none,0.0,False,none
2025-05-20,Nagpur,1.1,40.1,False,none,0.0,False,none
2025-05-20,Nashik,3.3,43.0,False,none,0.0,False,none
2025-05-20,Chhatrapati Sambhajinagar,3.6,45.4,False,none,0.0,False,none
2025-05-20,Thane,0.6,45.7,False,none,0.0,False,none
2025-05-20,Amravati,2.7,42.8,False,none,0.0,False,none
2025-05-20,Jaipur,0.4,42.6,False,none,0.0,False,none
2025-05-20,Jodhpur,0.0,43.0,False,none,0.0,False,none
2025-05-20,Bikaner,0.0,43.2,False,none,0.0,False,none
2025-05-20,Udaipur,0.0,40.9,True,heatstroke_dehydration,0.86,False,none
2025-05-20,Kota,0.2,49.5,True,heatstroke_dehydration,0.98,False,none
2025-05-20,Barmer,0.0,39.6,True,heatstroke_dehydration,0.79,False,none
2025-05-20,Khordha,8.8,36.5,False,none,0.0,False,none
2025-05-20,Cuttack,0.4,36.7,False,none,0.0,False,none
2025-05-20,Puri,5.6,39.0,False,none,0.0,False,none
2025-05-20,Balasore,2.6,35.1,False,none,0.0,False,none
2025-05-20,Mayurbhanj,5.8,44.9,False,none,0.0,False,none
2025-05-20,Ganjam,4.2,39.0,False,none,0.0,False,none
2025-05-20,Kamrup,157.9,28.3,False,none,0.0,False,none
2025-05-20,Dibrugarh,124.6,25.5,False,none,0.0,False,none
2025-05-20,Cachar,73.1,25.0,False,none,0.0,False,none
2025-05-20,Jorhat,51.5,26.7,False,none,0.0,False,none
2025-05-20,Nagaon,77.2,26.3,False,none,0.0,False,none
2025-05-20,Sonitpur,124.3,23.7,False,none,0.0,False,none
2025-05-21,Vellore,0.8,38.2,False,none,0.0,False,none
2025-05-21,Krishnagiri,3.6,41.8,False,none,0.0,False,none
2025-05-21,Tiruvannamalai,1.1,37.0,False,none,0.0,False,none
2025-05-21,Salem,1.4,40.5,False,none,0.0,False,none
2025-05-21,Madurai,1.5,39.4,False,none,0.0,False,none
2025-05-21,Coimbatore,0.4,37.8,False,none,0.0,False,none
2025-05-21,Pune,1.2,37.0,False,none,0.0,False,none
2025-05-21,Nagpur,2.6,44.3,False,none,0.0,False,none
2025-05-21,Nashik,0.2,46.9,False,none,0.0,False,none
2025-05-21,Chhatrapati Sambhajinagar,1.2,44.8,False,none,0.0,False,none
2025-05-21,Thane,1.4,38.9,False,none,0.0,False,none
2025-05-21,Amravati,4.3,38.5,False,none,0.0,False,none
2025-05-21,Jaipur,0.1,47.4,False,none,0.0,False,none
2025-05-21,Jodhpur,0.3,43.5,False,none,0.0,False,none
2025-05-21,Bikaner,0.0,46.0,False,none,0.0,False,none
2025-05-21,Udaipur,0.6,52.5,True,heatstroke_dehydration,0.86,False,none
2025-05-21,Kota,0.1,49.4,True,heatstroke_dehydration,0.98,False,none
2025-05-21,Barmer,0.0,43.3,True,heatstroke_dehydration,0.79,False,none
2025-05-21,Khordha,0.6,39.1,False,none,0.0,False,none
2025-05-21,Cuttack,15.4,38.1,False,none,0.0,False,none
2025-05-21,Puri,2.4,41.5,False,none,0.0,False,none
2025-05-21,Balasore,3.1,38.1,False,none,0.0,False,none
2025-05-21,Mayurbhanj,3.3,41.0,False,none,0.0,False,none
2025-05-21,Ganjam,1.4,40.3,False,none,0.0,False,none
2025-05-21,Kamrup,84.5,28.4,False,none,0.0,False,none
2025-05-21,Dibrugarh,47.1,28.1,False,none,0.0,False,none
2025-05-21,Cachar,37.3,24.6,False,none,0.0,False,none
2025-05-21,Jorhat,56.4,26.8,False,none,0.0,False,none
2025-05-21,Nagaon,118.5,27.5,False,none,0.0,False,none
2025-05-21,Sonitpur,176.6,25.0,False,none,0.0,False,none
2025-05-22,Vellore,0.0,33.7,False,none,0.0,False,none
2025-05-22,Krishnagiri,0.2,39.5,False,none,0.0,False,none
2025-05-22,Tiruvannamalai,0.7,35.8,False,none,0.0,False,none
2025-05-22,Salem,1.7,41.3,False,none,0.0,False,none
2025-05-22,Madurai,2.4,39.5,False,none,0.0,False,none
2025-05-22,Coimbatore,0.6,40.2,False,none,0.0,False,none
2025-05-22,Pune,1.4,41.4,False,none,0.0,False,none
2025-05-22,Nagpur,0.6,39.6,False,none,0.0,False,none
2025-05-22,Nashik,0.6,40.0,False,none,0.0,False,none
2025-05-22,Chhatrapati Sambhajinagar,6.0,40.0,False,none,0.0,False,none
2025-05-22,Thane,0.1,44.9,False,none,0.0,False,none
2025-05-22,Amravati,0.7,44.2,False,none,0.0,False,none
2025-05-22,Jaipur,0.0,43.2,False,none,0.0,False,none
2025-05-22,Jodhpur,0.0,42.8,False,none,0.0,False,none
2025-05-22,Bikaner,0.0,48.9,True,heatstroke_dehydration,0.79,False,none
2025-05-22,Udaipur,0.0,42.0,True,heatstroke_dehydration,0.86,False,none
2025-05-22,Kota,3.3,43.1,True,heatstroke_dehydration,0.98,False,none
2025-05-22,Barmer,0.0,46.6,True,heatstroke_dehydration,0.79,False,none
2025-05-22,Khordha,2.6,34.0,False,none,0.0,False,none
2025-05-22,Cuttack,4.6,43.6,False,none,0.0,False,none
2025-05-22,Puri,1.2,40.0,False,none,0.0,False,none
2025-05-22,Balasore,0.6,36.5,False,none,0.0,False,none
2025-05-22,Mayurbhanj,8.1,37.9,False,none,0.0,False,none
2025-05-22,Ganjam,5.6,39.8,False,none,0.0,False,none
2025-05-22,Kamrup,94.4,27.2,False,none,0.0,False,none
2025-05-22,Dibrugarh,56.9,28.7,False,none,0.0,False,none
2025-05-22,Cachar,88.7,24.3,False,none,0.0,False,none
2025-05-22,Jorhat,72.5,25.2,False,none,0.0,False,none
2025-05-22,Nagaon,70.1,26.4,False,none,0.0,False,none
2025-05-22,Sonitpur,47.2,24.8,False,none,0.0,False,none
2025-05-23,Vellore,1.6,40.8,False,none,0.0,False,none
2025-05-23,Krishnagiri,1.6,39.1,False,none,0.0,False,none
2025-05-23,Tiruvannamalai,0.3,41.7,False,none,0.0,False,none
2025-05-23,Salem,9.3,38.8,False,none,0.0,False,none
2025-05-23,Madurai,1.5,38.8,False,none,0.0,False,none
2025-05-23,Coimbatore,1.8,36.1,False,none,0.0,False,none
2025-05-23,Pune,0.7,43.8,False,none,0.0,False,none
2025-05-23,Nagpur,0.7,45.2,False,none,0.0,False,none
2025-05-23,Nashik,0.5,40.3,False,none,0.0,False,none
2025-05-23,Chhatrapati Sambhajinagar,1.3,40.7,False,none,0.0,False,none
2025-05-23,Thane,0.7,41.5,False,none,0.0,False,none
2025-05-23,Amravati,1.3,36.2,False,none,0.0,False,none
2025-05-23,Jaipur,0.0,44.5,False,none,0.0,False,none
2025-05-23,Jodhpur,0.9,43.8,False,none,0.0,False,none
2025-05-23,Bikaner,0.0,44.6,True,heatstroke_dehydration,0.79,False,none
2025-05-23,Udaipur,0.3,47.7,True,heatstroke_dehydration,0.86,False,none
2025-05-23,Kota,0.0,38.1,True,heatstroke_dehydration,0.98,False,none
2025-05-23,Barmer,0.5,47.0,True,heatstroke_dehydration,0.79,False,none
2025-05-23,Khordha,6.9,39.4,False,none,0.0,False,none
2025-05-23,Cuttack,0.7,35.3,False,none,0.0,False,none
2025-05-23,Puri,8.0,40.0,False,none,0.0,False,none
2025-05-23,Balasore,2.3,38.4,False,none,0.0,False,none
2025-05-23,Mayurbhanj,11.7,40.3,False,none,0.0,False,none
2025-05-23,Ganjam,6.2,37.2,False,none,0.0,False,none
2025-05-23,Kamrup,103.4,26.1,False,none,0.0,False,none
2025-05-23,Dibrugarh,45.4,25.9,False,none,0.0,False,none
2025-05-23,Cachar,42.5,24.1,False,none,0.0,False,none
2025-05-23,Jorhat,79.2,24.0,False,none,0.0,False,none
2025-05-23,Nagaon,142.6,25.1,False,none,0.0,False,none
2025-05-23,Sonitpur,61.7,24.2,False,none,0.0,False,none
2025-05-24,Vellore,1.8,41.3,False,none,0.0,False,none
2025-05-24,Krishnagiri,3.0,39.3,False,none,0.0,False,none
2025-05-24,Tiruvannamalai,1.2,44.3,False,none,0.0,False,none
2025-05-24,Salem,3.3,37.8,False,none,0.0,False,none
2025-05-24,Madurai,1.2,39.1,False,none,0.0,False,none
2025-05-24,Coimbatore,3.3,40.4,False,none,0.0,False,none
2025-05-24,Pune,1.7,44.0,False,none,0.0,False,none
2025-05-24,Nagpur,1.6,42.6,False,none,0.0,False,none
2025-05-24,Nashik,0.5,43.1,False,none,0.0,False,none
2025-05-24,Chhatrapati Sambhajinagar,1.9,44.2,False,none,0.0,False,none
2025-05-24,Thane,5.5,40.1,False,none,0.0,False,none
2025-05-24,Amravati,2.1,40.6,False,none,0.0,False,none
2025-05-24,Jaipur,0.1,44.5,False,none,0.0,False,none
2025-05-24,Jodhpur,0.1,39.8,False,none,0.0,False,none
2025-05-24,Bikaner,0.0,42.4,True,heatstroke_dehydration,0.79,False,none
2025-05-24,Udaipur,0.0,48.3,True,heatstroke_dehydration,0.86,False,none
2025-05-24,Kota,0.0,45.6,True,heatstroke_dehydration,0.98,False,none
2025-05-24,Barmer,0.1,49.8,True,heatstroke_dehydration,0.79,False,none
2025-05-24,Khordha,0.2,34.0,False,none,0.0,False,none
2025-05-24,Cuttack,3.6,38.7,False,none,0.0,False,none
2025-05-24,Puri,2.8,40.8,False,none,0.0,False,none
2025-05-24,Balasore,0.9,36.1,False,none,0.0,False,none
2025-05-24,Mayurbhanj,6.5,40.3,False,none,0.0,False,none
2025-05-24,Ganjam,4.0,38.4,False,none,0.0,False,none
2025-05-24,Kamrup,41.3,24.9,False,none,0.0,False,none
2025-05-24,Dibrugarh,98.4,23.7,False,none,0.0,False,none
2025-05-24,Cachar,84.7,25.2,False,none,0.0,False,none
2025-05-24,Jorhat,180.5,23.9,False,none,0.0,False,none
2025-05-24,Nagaon,83.8,24.8,False,none,0.0,False,none
2025-05-24,Sonitpur,132.0,24.8,False,none,0.0,False,none
2025-05-25,Vellore,2.5,37.7,False,none,0.0,False,none
2025-05-25,Krishnagiri,0.8,33.7,False,none,0.0,False,none
2025-05-25,Tiruvannamalai,0.6,42.8,False,none,0.0,False,none
2025-05-25,Salem,0.8,38.4,False,none,0.0,False,none
2025-05-25,Madurai,7.2,39.0,False,none,0.0,False,none
2025-05-25,Coimbatore,4.5,35.4,False,none,0.0,False,none
2025-05-25,Pune,0.3,39.9,False,none,0.0,False,none
2025-05-25,Nagpur,3.2,41.9,False,none,0.0,False,none
2025-05-25,Nashik,0.1,38.8,False,none,0.0,False,none
2025-05-25,Chhatrapati Sambhajinagar,0.8,41.4,False,none,0.0,False,none
2025-05-25,Thane,2.0,38.5,False,none,0.0,False,none
2025-05-25,Amravati,2.7,41.3,False,none,0.0,False,none
2025-05-25,Jaipur,0.0,49.5,False,none,0.0,False,none
2025-05-25,Jodhpur,0.3,47.1,False,none,0.0,False,none
2025-05-25,Bikaner,1.6,45.6,True,heatstroke_dehydration,0.79,False,none
2025-05-25,Udaipur,0.0,44.6,True,heatstroke_dehydration,0.86,False,none
2025-05-25,Kota,0.5,44.3,True,heatstroke_dehydration,0.98,False,none
2025-05-25,Barmer,0.1,43.1,True,heatstroke_dehydration,0.79,False,none
2025-05-25,Khordha,2.1,40.2,False,none,0.0,False,none
2025-05-25,Cuttack,4.2,40.8,False,none,0.0,False,none
2025-05-25,Puri,6.9,42.0,False,none,0.0,False,none
2025-05-25,Balasore,4.7,37.6,False,none,0.0,False,none
2025-05-25,Mayurbhanj,2.5,39.9,False,none,0.0,False,none
2025-05-25,Ganjam,6.5,38.0,False,none,0.0,False,none
2025-05-25,Kamrup,102.5,23.2,False,none,0.0,False,none
2025-05-25,Dibrugarh,47.7,25.7,False,none,0.0,False,none
2025-05-25,Cachar,83.1,26.2,False,none,0.0,False,none
2025-05-25,Jorhat,22.4,24.0,False,none,0.0,False,none
2025-05-25,Nagaon,94.9,26.9,False,none,0.0,False,none
2025-05-25,Sonitpur,64.8,27.0,False,none,0.0,False,none
2025-05-26,Vellore,0.5,38.6,False,none,0.0,False,none
2025-05-26,Krishnagiri,0.4,40.9,False,none,0.0,False,none
2025-05-26,Tiruvannamalai,0.1,37.2,False,none,0.0,False,none
2025-05-26,Salem,0.8,42.7,False,none,0.0,False,none
2025-05-26,Madurai,1.1,37.0,False,none,0.0,False,none
2025-05-26,Coimbatore,1.8,36.8,False,none,0.0,False,none
2025-05-26,Pune,2.2,41.3,False,none,0.0,False,none
2025-05-26,Nagpur,2.9,42.0,False,none,0.0,False,none
2025-05-26,Nashik,1.0,40.0,False,none,0.0,False,none
2025-05-26,Chhatrapati Sambhajinagar,0.3,38.7,False,none,0.0,False,none
2025-05-26,Thane,0.4,46.2,False,none,0.0,False,none
2025-05-26,Amravati,0.2,40.4,False,none,0.0,False,none
2025-05-26,Jaipur,1.1,46.4,False,none,0.0,False,none
2025-05-26,Jodhpur,0.0,47.5,False,none,0.0,False,none
2025-05-26,Bikaner,0.0,37.9,True,heatstroke_dehydration,0.79,False,none
2025-05-26,Udaipur,0.0,49.1,True,heatstroke_dehydration,0.86,False,none
2025-05-26,Kota,0.5,45.2,True,heatstroke_dehydration,0.98,False,none
2025-05-26,Barmer,1.2,44.6,True,heatstroke_dehydration,0.79,False,none
2025-05-26,Khordha,1.6,41.8,False,none,0.0,False,none
2025-05-26,Cuttack,10.7,34.5,False,none,0.0,False,none
2025-05-26,Puri,4.8,39.9,False,none,0.0,False,none
2025-05-26,Balasore,13.5,37.8,False,none,0.0,False,none
2025-05-26,Mayurbhanj,7.3,39.0,False,none,0.0,False,none
2025-05-26,Ganjam,2.8,40.8,False,none,0.0,False,none
2025-05-26,Kamrup,33.0,25.7,False,none,0.0,False,none
2025-05-26,Dibrugarh,127.4,25.5,False,none,0.0,False,none
2025-05-26,Cachar,92.9,22.5,False,none,0.0,False,none
2025-05-26,Jorhat,139.5,28.8,False,none,0.0,False,none
2025-05-26,Nagaon,53.4,20.4,False,none,0.0,False,none
2025-05-26,Sonitpur,107.7,27.0,False,none,0.0,False,none
2025-05-27,Vellore,0.7,41.4,False,none,0.0,False,none
2025-05-27,Krishnagiri,4.0,29.6,False,none,0.0,False,none
2025-05-27,Tiruvannamalai,2.0,36.8,False,none,0.0,False,none
2025-05-27,Salem,8.9,40.7,False,none,0.0,False,none
2025-05-27,Madurai,4.2,37.9,False,none,0.0,False,none
2025-05-27,Coimbatore,1.8,36.8,False,none,0.0,False,none
2025-05-27,Pune,1.4,43.8,False,none,0.0,False,none
2025-05-27,Nagpur,1.3,44.0,False,none,0.0,False,none
2025-05-27,Nashik,1.9,45.5,False,none,0.0,False,none
2025-05-27,Chhatrapati Sambhajinagar,5.8,43.0,False,none,0.0,False,none
2025-05-27,Thane,0.2,39.9,False,none,0.0,False,none
2025-05-27,Amravati,0.3,39.2,False,none,0.0,False,none
2025-05-27,Jaipur,0.3,43.6,True,heatstroke_dehydration,0.92,False,none
2025-05-27,Jodhpur,0.0,50.8,False,none,0.0,False,none
2025-05-27,Bikaner,0.0,46.1,True,heatstroke_dehydration,0.79,False,none
2025-05-27,Udaipur,0.2,47.1,True,heatstroke_dehydration,0.86,False,none
2025-05-27,Kota,0.0,50.7,True,heatstroke_dehydration,0.98,False,none
2025-05-27,Barmer,0.0,39.9,True,heatstroke_dehydration,0.79,False,none
2025-05-27,Khordha,4.8,38.2,False,none,0.0,False,none
2025-05-27,Cuttack,6.8,41.4,False,none,0.0,False,none
2025-05-27,Puri,1.9,39.2,False,none,0.0,False,none
2025-05-27,Balasore,9.1,42.8,False,none,0.0,False,none
2025-05-27,Mayurbhanj,0.6,39.2,False,none,0.0,False,none
2025-05-27,Ganjam,2.6,39.1,False,none,0.0,False,none
2025-05-27,Kamrup,35.3,28.1,False,none,0.0,False,none
2025-05-27,Dibrugarh,58.8,26.8,False,none,0.0,False,none
2025-05-27,Cachar,141.2,26.7,False,none,0.0,False,none
2025-05-27,Jorhat,91.1,24.6,False,none,0.0,False,none
2025-05-27,Nagaon,226.6,25.9,False,none,0.0,False,none
2025-05-27,Sonitpur,316.9,26.1,False,none,0.0,False,none
2025-05-28,Vellore,0.3,34.3,False,none,0.0,False,none
2025-05-28,Krishnagiri,10.7,34.2,False,none,0.0,False,none
2025-05-28,Tiruvannamalai,2.2,36.4,False,none,0.0,False,none
2025-05-28,Salem,0.2,38.2,False,none,0.0,False,none
2025-05-28,Madurai,0.6,41.4,False,none,0.0,False,none
2025-05-28,Coimbatore,0.5,41.0,False,none,0.0,False,none
2025-05-28,Pune,0.7,36.7,False,none,0.0,False,none
2025-05-28,Nagpur,2.0,46.4,False,none,0.0,False,none
2025-05-28,Nashik,0.2,40.0,False,none,0.0,False,none
2025-05-28,Chhatrapati Sambhajinagar,0.1,46.4,False,none,0.0,False,none
2025-05-28,Thane,0.1,43.5,False,none,0.0,False,none
2025-05-28,Amravati,1.9,43.1,False,none,0.0,False,none
2025-05-28,Jaipur,0.0,41.7,True,heatstroke_dehydration,0.92,False,none
2025-05-28,Jodhpur,0.9,48.1,True,heatstroke_dehydration,0.98,False,none
2025-05-28,Bikaner,0.1,44.3,True,heatstroke_dehydration,0.79,False,none
2025-05-28,Udaipur,0.1,41.0,True,heatstroke_dehydration,0.86,False,none
2025-05-28,Kota,0.0,46.0,True,heatstroke_dehydration,0.98,False,none
2025-05-28,Barmer,1.4,43.4,True,heatstroke_dehydration,0.79,False,none
2025-05-28,Khordha,5.5,39.4,False,none,0.0,False,none
2025-05-28,Cuttack,2.7,40.8,False,none,0.0,False,none
2025-05-28,Puri,2.9,40.7,False,none,0.0,False,none
2025-05-28,Balasore,6.5,41.6,False,none,0.0,False,none
2025-05-28,Mayurbhanj,9.6,37.1,False,none,0.0,False,none
2025-05-28,Ganjam,1.7,39.7,False,none,0.0,False,none
2025-05-28,Kamrup,199.2,26.4,False,none,0.0,False,none
2025-05-28,Dibrugarh,70.5,23.5,False,none,0.0,False,none
2025-05-28,Cachar,64.9,25.3,False,none,0.0,False,none
2025-05-28,Jorhat,79.3,28.6,False,none,0.0,False,none
2025-05-28,Nagaon,140.9,23.3,False,none,0.0,False,none
2025-05-28,Sonitpur,161.8,28.1,False,none,0.0,False,none
2025-05-29,Vellore,8.4,37.7,False,none,0.0,True,general_immunization
2025-05-29,Krishnagiri,8.4,38.9,False,none,0.0,True,measles_drive
2025-05-29,Tiruvannamalai,0.6,41.2,False,none,0.0,True,general_immunization
2025-05-29,Salem,1.2,39.5,False,none,0.0,True,tetanus_drive
2025-05-29,Madurai,1.7,40.5,False,none,0.0,True,general_immunization
2025-05-29,Coimbatore,0.0,38.2,False,none,0.0,True,general_immunization
2025-05-29,Pune,1.7,47.4,False,none,0.0,True,tetanus_drive
2025-05-29,Nagpur,1.1,42.1,False,none,0.0,True,general_immunization
2025-05-29,Nashik,0.3,40.7,False,none,0.0,True,tetanus_drive
2025-05-29,Chhatrapati Sambhajinagar,0.8,40.5,False,none,0.0,True,measles_drive
2025-05-29,Thane,0.0,42.2,False,none,0.0,True,tetanus_drive
2025-05-29,Amravati,0.3,40.4,False,none,0.0,True,general_immunization
2025-05-29,Jaipur,1.1,45.7,True,heatstroke_dehydration,0.92,True,measles_drive
2025-05-29,Jodhpur,0.0,39.1,True,heatstroke_dehydration,0.98,True,tetanus_drive
2025-05-29,Bikaner,0.3,41.1,True,heatstroke_dehydration,0.79,True,measles_drive
2025-05-29,Udaipur,1.9,45.7,True,heatstroke_dehydration,0.86,True,measles_drive
2025-05-29,Kota,0.0,46.5,True,heatstroke_dehydration,0.98,True,tetanus_drive
2025-05-29,Barmer,0.0,44.2,True,heatstroke_dehydration,0.79,True,tetanus_drive
2025-05-29,Khordha,3.1,40.4,False,none,0.0,True,measles_drive
2025-05-29,Cuttack,5.4,44.9,False,none,0.0,True,measles_drive
2025-05-29,Puri,4.9,38.5,False,none,0.0,True,general_immunization
2025-05-29,Balasore,0.6,38.7,False,none,0.0,True,general_immunization
2025-05-29,Mayurbhanj,1.9,39.8,False,none,0.0,True,general_immunization
2025-05-29,Ganjam,5.5,41.0,False,none,0.0,True,tetanus_drive
2025-05-29,Kamrup,50.9,28.7,False,none,0.0,True,general_immunization
2025-05-29,Dibrugarh,107.5,24.8,False,none,0.0,True,general_immunization
2025-05-29,Cachar,35.2,26.2,False,none,0.0,True,tetanus_drive
2025-05-29,Jorhat,117.0,24.2,False,none,0.0,True,tetanus_drive
2025-05-29,Nagaon,48.2,23.8,False,none,0.0,True,measles_drive
2025-05-29,Sonitpur,94.7,24.2,False,none,0.0,True,general_immunization
2025-05-30,Vellore,2.7,36.0,False,none,0.0,True,general_immunization
2025-05-30,Krishnagiri,1.2,33.9,False,none,0.0,True,measles_drive
2025-05-30,Tiruvannamalai,3.0,37.1,False,none,0.0,True,measles_drive
2025-05-30,Salem,4.6,39.6,False,none,0.0,True,tetanus_drive
2025-05-30,Madurai,2.4,40.1,False,none,0.0,True,tetanus_drive
2025-05-30,Coimbatore,4.5,42.3,False,none,0.0,True,tetanus_drive
2025-05-30,Pune,0.4,40.7,False,none,0.0,True,measles_drive
2025-05-30,Nagpur,0.0,41.0,False,none,0.0,True,measles_drive
2025-05-30,Nashik,2.3,41.6,False,none,0.0,True,general_immunization
2025-05-30,Chhatrapati Sambhajinagar,0.6,40.1,False,none,0.0,True,general_immunization
2025-05-30,Thane,0.5,41.0,False,none,0.0,True,measles_drive
2025-05-30,Amravati,3.1,43.8,False,none,0.0,True,measles_drive
2025-05-30,Jaipur,0.0,50.1,True,heatstroke_dehydration,0.92,True,general_immunization
2025-05-30,Jodhpur,0.2,41.9,True,heatstroke_dehydration,0.98,True,measles_drive
2025-05-30,Bikaner,0.0,45.4,True,heatstroke_dehydration,0.79,True,general_immunization
2025-05-30,Udaipur,0.0,46.5,True,heatstroke_dehydration,0.86,True,measles_drive
2025-05-30,Kota,0.0,45.2,True,heatstroke_dehydration,0.98,True,measles_drive
2025-05-30,Barmer,0.0,41.8,True,heatstroke_dehydration,0.79,True,measles_drive
2025-05-30,Khordha,5.4,40.9,False,none,0.0,True,general_immunization
2025-05-30,Cuttack,1.1,42.1,False,none,0.0,True,measles_drive
2025-05-30,Puri,6.3,33.7,False,none,0.0,True,measles_drive
2025-05-30,Balasore,4.4,40.0,False,none,0.0,True,tetanus_drive
2025-05-30,Mayurbhanj,2.5,41.4,False,none,0.0,True,measles_drive
2025-05-30,Ganjam,2.8,38.8,False,none,0.0,True,measles_drive
2025-05-30,Kamrup,70.1,26.3,False,none,0.0,True,measles_drive
2025-05-30,Dibrugarh,164.3,22.1,False,none,0.0,True,tetanus_drive
2025-05-30,Cachar,93.0,24.3,False,none,0.0,True,general_immunization
2025-05-30,Jorhat,39.7,26.2,False,none,0.0,True,general_immunization
2025-05-30,Nagaon,85.0,25.3,False,none,0.0,True,tetanus_drive
2025-05-30,Sonitpur,82.2,26.7,False,none,0.0,True,tetanus_drive
2025-05-31,Vellore,6.2,38.8,False,none,0.0,True,measles_drive
2025-05-31,Krishnagiri,3.0,32.6,False,none,0.0,True,general_immunization
2025-05-31,Tiruvannamalai,1.5,39.4,False,none,0.0,True,tetanus_drive
2025-05-31,Salem,0.8,37.0,False,none,0.0,True,measles_drive
2025-05-31,Madurai,2.8,33.9,False,none,0.0,True,general_immunization
2025-05-31,Coimbatore,0.8,38.4,False,none,0.0,True,tetanus_drive
2025-05-31,Pune,2.3,42.8,False,none,0.0,True,measles_drive
2025-05-31,Nagpur,0.3,42.9,False,none,0.0,True,measles_drive
2025-05-31,Nashik,0.0,42.7,False,none,0.0,True,general_immunization
2025-05-31,Chhatrapati Sambhajinagar,2.5,44.8,False,none,0.0,True,measles_drive
2025-05-31,Thane,0.1,43.1,False,none,0.0,True,measles_drive
2025-05-31,Amravati,5.5,41.3,False,none,0.0,True,general_immunization
2025-05-31,Jaipur,0.0,46.0,True,heatstroke_dehydration,0.92,True,tetanus_drive
2025-05-31,Jodhpur,0.0,47.5,True,heatstroke_dehydration,0.98,True,general_immunization
2025-05-31,Bikaner,0.1,41.3,True,heatstroke_dehydration,0.79,True,general_immunization
2025-05-31,Udaipur,0.3,50.2,True,heatstroke_dehydration,0.86,True,general_immunization
2025-05-31,Kota,0.0,46.8,True,heatstroke_dehydration,0.98,True,general_immunization
2025-05-31,Barmer,0.0,42.5,True,heatstroke_dehydration,0.79,True,measles_drive
2025-05-31,Khordha,4.1,40.7,False,none,0.0,True,tetanus_drive
2025-05-31,Cuttack,7.2,41.2,False,none,0.0,True,measles_drive
2025-05-31,Puri,1.3,39.3,False,none,0.0,True,general_immunization
2025-05-31,Balasore,1.0,39.2,False,none,0.0,True,tetanus_drive
2025-05-31,Mayurbhanj,4.4,40.9,False,none,0.0,True,tetanus_drive
2025-05-31,Ganjam,1.7,38.5,False,none,0.0,True,tetanus_drive
2025-05-31,Kamrup,44.7,24.4,False,none,0.0,True,general_immunization
2025-05-31,Dibrugarh,137.1,25.4,False,none,0.0,True,measles_drive
2025-05-31,Cachar,131.1,22.4,False,none,0.0,True,tetanus_drive
2025-05-31,Jorhat,92.5,27.7,False,none,0.0,True,measles_drive
2025-05-31,Nagaon,37.3,24.2,False,none,0.0,True,tetanus_drive
2025-05-31,Sonitpur,81.0,26.4,False,none,0.0,True,tetanus_drive
2025-06-01,Vellore,0.3,40.3,False,none,0.0,True,tetanus_drive
2025-06-01,Krishnagiri,1.1,44.1,False,none,0.0,True,general_immunization
2025-06-01,Tiruvannamalai,1.4,39.8,False,none,0.0,True,measles_drive
2025-06-01,Salem,2.3,42.5,False,none,0.0,True,general_immunization
2025-06-01,Madurai,2.3,43.7,False,none,0.0,True,measles_drive
2025-06-01,Coimbatore,2.9,40.9,False,none,0.0,True,general_immunization
2025-06-01,Pune,40.8,27.4,False,none,0.0,True,measles_drive
2025-06-01,Nagpur,63.2,23.4,False,none,0.0,True,general_immunization
2025-06-01,Nashik,76.0,32.0,False,none,0.0,True,tetanus_drive
2025-06-01,Chhatrapati Sambhajinagar,26.6,30.7,False,none,0.0,True,measles_drive
2025-06-01,Thane,65.8,27.4,False,none,0.0,True,tetanus_drive
2025-06-01,Amravati,14.5,31.4,False,none,0.0,True,tetanus_drive
2025-06-01,Jaipur,0.0,47.9,True,heatstroke_dehydration,0.92,True,tetanus_drive
2025-06-01,Jodhpur,0.0,45.5,True,heatstroke_dehydration,0.98,True,measles_drive
2025-06-01,Bikaner,0.1,42.9,True,heatstroke_dehydration,0.79,True,general_immunization
2025-06-01,Udaipur,0.0,37.9,True,heatstroke_dehydration,0.86,True,measles_drive
2025-06-01,Kota,0.0,40.7,True,heatstroke_dehydration,0.98,True,measles_drive
2025-06-01,Barmer,0.0,47.1,False,none,0.0,True,measles_drive
2025-06-01,Khordha,60.9,27.1,False,none,0.0,True,measles_drive
2025-06-01,Cuttack,53.1,29.1,False,none,0.0,True,measles_drive
2025-06-01,Puri,124.4,26.2,False,none,0.0,True,general_immunization
2025-06-01,Balasore,26.7,31.7,False,none,0.0,True,measles_drive
2025-06-01,Mayurbhanj,51.8,31.2,False,none,0.0,True,tetanus_drive
2025-06-01,Ganjam,66.3,33.1,False,none,0.0,True,general_immunization
2025-06-01,Kamrup,54.9,33.7,False,none,0.0,True,measles_drive
2025-06-01,Dibrugarh,22.4,33.5,False,none,0.0,True,tetanus_drive
2025-06-01,Cachar,134.1,34.3,False,none,0.0,True,measles_drive
2025-06-01,Jorhat,52.4,33.0,False,none,0.0,True,measles_drive
2025-06-01,Nagaon,157.3,31.4,False,none,0.0,True,general_immunization
2025-06-01,Sonitpur,48.5,34.2,False,none,0.0,True,general_immunization
2025-06-02,Vellore,2.0,38.9,False,none,0.0,True,general_immunization
2025-06-02,Krishnagiri,2.7,39.0,False,none,0.0,True,tetanus_drive
2025-06-02,Tiruvannamalai,2.4,39.0,False,none,0.0,True,general_immunization
2025-06-02,Salem,1.5,35.3,False,none,0.0,True,measles_drive
2025-06-02,Madurai,5.5,37.4,False,none,0.0,True,general_immunization
2025-06-02,Coimbatore,0.0,37.0,False,none,0.0,True,general_immunization
2025-06-02,Pune,34.5,26.8,False,none,0.0,True,measles_drive
2025-06-02,Nagpur,43.6,28.3,False,none,0.0,True,measles_drive
2025-06-02,Nashik,65.8,28.7,False,none,0.0,True,measles_drive
2025-06-02,Chhatrapati Sambhajinagar,33.3,28.0,False,none,0.0,True,general_immunization
2025-06-02,Thane,40.7,29.4,False,none,0.0,True,tetanus_drive
2025-06-02,Amravati,65.1,28.0,False,none,0.0,True,general_immunization
2025-06-02,Jaipur,0.0,41.6,True,heatstroke_dehydration,0.92,True,tetanus_drive
2025-06-02,Jodhpur,0.0,41.5,True,heatstroke_dehydration,0.98,True,measles_drive
2025-06-02,Bikaner,0.0,45.3,True,heatstroke_dehydration,0.79,True,tetanus_drive
2025-06-02,Udaipur,0.1,39.8,True,heatstroke_dehydration,0.86,True,tetanus_drive
2025-06-02,Kota,0.8,40.7,True,heatstroke_dehydration,0.98,True,tetanus_drive
2025-06-02,Barmer,0.3,47.0,False,none,0.0,True,measles_drive
2025-06-02,Khordha,40.0,31.6,False,none,0.0,True,tetanus_drive
2025-06-02,Cuttack,47.6,30.7,False,none,0.0,True,tetanus_drive
2025-06-02,Puri,49.9,30.5,False,none,0.0,True,general_immunization
2025-06-02,Balasore,143.8,29.4,False,none,0.0,True,general_immunization
2025-06-02,Mayurbhanj,33.5,23.7,False,none,0.0,True,measles_drive
2025-06-02,Ganjam,82.0,30.6,False,none,0.0,True,tetanus_drive
2025-06-02,Kamrup,58.8,32.5,False,none,0.0,True,general_immunization
2025-06-02,Dibrugarh,122.7,34.9,False,none,0.0,True,tetanus_drive
2025-06-02,Cachar,102.1,33.4,False,none,0.0,True,general_immunization
2025-06-02,Jorhat,19.7,34.6,False,none,0.0,True,tetanus_drive
2025-06-02,Nagaon,149.3,29.8,False,none,0.0,True,general_immunization
2025-06-02,Sonitpur,107.8,34.4,False,none,0.0,True,measles_drive
2025-06-03,Vellore,7.9,36.5,False,none,0.0,False,none
2025-06-03,Krishnagiri,0.0,38.3,False,none,0.0,False,none
2025-06-03,Tiruvannamalai,0.3,40.3,False,none,0.0,False,none
2025-06-03,Salem,3.4,38.1,False,none,0.0,False,none
2025-06-03,Madurai,3.5,40.8,False,none,0.0,False,none
2025-06-03,Coimbatore,11.6,40.2,False,none,0.0,False,none
2025-06-03,Pune,29.8,23.8,False,none,0.0,False,none
2025-06-03,Nagpur,29.6,34.3,False,none,0.0,False,none
2025-06-03,Nashik,24.0,23.8,False,none,0.0,False,none
2025-06-03,Chhatrapati Sambhajinagar,62.8,24.8,False,none,0.0,False,none
2025-06-03,Thane,30.8,30.7,False,none,0.0,False,none
2025-06-03,Amravati,29.8,30.4,False,none,0.0,False,none
2025-06-03,Jaipur,0.0,44.5,True,heatstroke_dehydration,0.92,False,none
2025-06-03,Jodhpur,0.0,46.8,True,heatstroke_dehydration,0.98,False,none
2025-06-03,Bikaner,0.0,41.0,True,heatstroke_dehydration,0.79,False,none
2025-06-03,Udaipur,1.7,42.1,True,heatstroke_dehydration,0.86,False,none
2025-06-03,Kota,0.0,43.8,True,heatstroke_dehydration,0.98,False,none
2025-06-03,Barmer,2.4,41.5,False,none,0.0,False,none
2025-06-03,Khordha,53.9,29.1,False,none,0.0,False,none
2025-06-03,Cuttack,130.7,31.2,False,none,0.0,False,none
2025-06-03,Puri,59.2,29.0,False,none,0.0,False,none
2025-06-03,Balasore,97.8,30.6,False,none,0.0,False,none
2025-06-03,Mayurbhanj,26.9,29.0,False,none,0.0,False,none
2025-06-03,Ganjam,36.9,24.4,False,none,0.0,False,none
2025-06-03,Kamrup,21.5,31.8,False,none,0.0,False,none
2025-06-03,Dibrugarh,91.7,34.9,False,none,0.0,False,none
2025-06-03,Cachar,56.2,36.7,False,none,0.0,False,none
2025-06-03,Jorhat,74.1,32.5,False,none,0.0,False,none
2025-06-03,Nagaon,93.7,35.9,False,none,0.0,False,none
2025-06-03,Sonitpur,119.8,35.2,False,none,0.0,False,none
2025-06-04,Vellore,1.3,39.7,False,none,0.0,False,none
2025-06-04,Krishnagiri,1.3,33.2,False,none,0.0,False,none
2025-06-04,Tiruvannamalai,6.0,40.4,False,none,0.0,False,none
2025-06-04,Salem,1.2,39.5,False,none,0.0,False,none
2025-06-04,Madurai,0.1,36.0,False,none,0.0,False,none
2025-06-04,Coimbatore,1.4,37.0,False,none,0.0,False,none
2025-06-04,Pune,71.3,28.6,False,none,0.0,False,none
2025-06-04,Nagpur,51.1,28.4,False,none,0.0,False,none
2025-06-04,Nashik,84.8,32.9,False,none,0.0,False,none
2025-06-04,Chhatrapati Sambhajinagar,80.0,31.8,False,none,0.0,False,none
2025-06-04,Thane,67.6,25.4,False,none,0.0,False,none
2025-06-04,Amravati,41.1,29.9,False,none,0.0,False,none
2025-06-04,Jaipur,2.1,48.1,True,heatstroke_dehydration,0.92,False,none
2025-06-04,Jodhpur,0.0,42.4,True,heatstroke_dehydration,0.98,False,none
2025-06-04,Bikaner,0.0,40.5,True,heatstroke_dehydration,0.79,False,none
2025-06-04,Udaipur,0.0,46.2,True,heatstroke_dehydration,0.86,False,none
2025-06-04,Kota,0.0,39.0,False,none,0.0,False,none
2025-06-04,Barmer,0.2,44.5,False,none,0.0,False,none
2025-06-04,Khordha,49.3,27.9,False,none,0.0,False,none
2025-06-04,Cuttack,137.3,29.8,False,none,0.0,False,none
2025-06-04,Puri,35.6,26.3,False,none,0.0,False,none
2025-06-04,Balasore,94.2,31.2,False,none,0.0,False,none
2025-06-04,Mayurbhanj,43.0,27.7,False,none,0.0,False,none
2025-06-04,Ganjam,68.2,28.2,False,none,0.0,False,none
2025-06-04,Kamrup,56.2,33.0,False,none,0.0,False,none
2025-06-04,Dibrugarh,119.2,37.2,False,none,0.0,False,none
2025-06-04,Cachar,135.6,36.7,False,none,0.0,False,none
2025-06-04,Jorhat,113.5,31.7,False,none,0.0,False,none
2025-06-04,Nagaon,91.9,35.2,False,none,0.0,False,none
2025-06-04,Sonitpur,183.0,36.0,False,none,0.0,False,none
2025-06-05,Vellore,0.2,40.5,False,none,0.0,False,none
2025-06-05,Krishnagiri,1.6,37.5,False,none,0.0,False,none
2025-06-05,Tiruvannamalai,1.6,38.0,False,none,0.0,False,none
2025-06-05,Salem,2.9,37.1,False,none,0.0,False,none
2025-06-05,Madurai,3.1,36.2,False,none,0.0,False,none
2025-06-05,Coimbatore,2.6,39.3,False,none,0.0,False,none
2025-06-05,Pune,53.7,33.0,False,none,0.0,False,none
2025-06-05,Nagpur,67.0,29.9,False,none,0.0,False,none
2025-06-05,Nashik,66.3,30.2,False,none,0.0,False,none
2025-06-05,Chhatrapati Sambhajinagar,33.8,28.0,False,none,0.0,False,none
2025-06-05,Thane,47.0,31.8,False,none,0.0,False,none
2025-06-05,Amravati,36.2,31.3,False,none,0.0,False,none
2025-06-05,Jaipur,0.0,41.4,True,heatstroke_dehydration,0.92,False,none
2025-06-05,Jodhpur,0.0,44.0,True,heatstroke_dehydration,0.98,False,none
2025-06-05,Bikaner,0.0,47.4,True,heatstroke_dehydration,0.79,False,none
2025-06-05,Udaipur,0.0,43.8,True,heatstroke_dehydration,0.86,False,none
2025-06-05,Kota,0.0,47.2,False,none,0.0,False,none
2025-06-05,Barmer,0.0,45.3,False,none,0.0,False,none
2025-06-05,Khordha,64.1,30.1,False,none,0.0,False,none
2025-06-05,Cuttack,84.1,30.9,False,none,0.0,False,none
2025-06-05,Puri,52.2,31.0,False,none,0.0,False,none
2025-06-05,Balasore,56.4,34.1,False,none,0.0,False,none
2025-06-05,Mayurbhanj,50.9,30.1,False,none,0.0,False,none
2025-06-05,Ganjam,21.1,33.1,False,none,0.0,False,none
2025-06-05,Kamrup,129.7,33.6,False,none,0.0,False,none
2025-06-05,Dibrugarh,158.4,33.9,False,none,0.0,False,none
2025-06-05,Cachar,76.8,30.9,False,none,0.0,False,none
2025-06-05,Jorhat,104.5,33.5,False,none,0.0,False,none
2025-06-05,Nagaon,104.1,33.3,False,none,0.0,False,none
2025-06-05,Sonitpur,135.3,33.2,False,none,0.0,False,none
2025-06-06,Vellore,0.8,34.9,False,none,0.0,False,none
2025-06-06,Krishnagiri,3.3,42.2,False,none,0.0,False,none
2025-06-06,Tiruvannamalai,1.1,38.5,False,none,0.0,False,none
2025-06-06,Salem,2.1,38.9,False,none,0.0,False,none
2025-06-06,Madurai,2.2,38.3,False,none,0.0,False,none
2025-06-06,Coimbatore,0.6,37.5,False,none,0.0,False,none
2025-06-06,Pune,37.2,22.7,False,none,0.0,False,none
2025-06-06,Nagpur,51.9,29.8,False,none,0.0,False,none
2025-06-06,Nashik,30.3,29.9,False,none,0.0,False,none
2025-06-06,Chhatrapati Sambhajinagar,81.7,31.9,False,none,0.0,False,none
2025-06-06,Thane,85.7,34.2,False,none,0.0,False,none
2025-06-06,Amravati,63.5,28.7,False,none,0.0,False,none
2025-06-06,Jaipur,0.1,46.7,True,heatstroke_dehydration,0.92,False,none
2025-06-06,Jodhpur,1.0,45.4,True,heatstroke_dehydration,0.98,False,none
2025-06-06,Bikaner,0.0,45.7,True,heatstroke_dehydration,0.79,False,none
2025-06-06,Udaipur,0.0,41.9,True,heatstroke_dehydration,0.86,False,none
2025-06-06,Kota,0.4,47.2,False,none,0.0,False,none
2025-06-06,Barmer,0.1,43.2,False,none,0.0,False,none
2025-06-06,Khordha,88.5,32.7,False,none,0.0,False,none
2025-06-06,Cuttack,67.9,29.5,False,none,0.0,False,none
2025-06-06,Puri,146.2,28.9,False,none,0.0,False,none
2025-06-06,Balasore,158.8,27.9,False,none,0.0,False,none
2025-06-06,Mayurbhanj,99.2,28.8,False,none,0.0,False,none
2025-06-06,Ganjam,25.4,29.0,False,none,0.0,False,none
2025-06-06,Kamrup,69.4,31.2,False,none,0.0,False,none
2025-06-06,Dibrugarh,72.7,32.5,False,none,0.0,False,none
2025-06-06,Cachar,115.2,33.8,False,none,0.0,False,none
2025-06-06,Jorhat,47.5,33.5,False,none,0.0,False,none
2025-06-06,Nagaon,65.2,34.0,False,none,0.0,False,none
2025-06-06,Sonitpur,90.7,37.3,False,none,0.0,False,none
2025-06-07,Vellore,1.0,37.1,False,none,0.0,False,none
2025-06-07,Krishnagiri,7.3,42.0,False,none,0.0,False,none
2025-06-07,Tiruvannamalai,0.9,38.0,False,none,0.0,False,none
2025-06-07,Salem,3.5,37.5,False,none,0.0,False,none
2025-06-07,Madurai,1.6,38.3,False,none,0.0,False,none
2025-06-07,Coimbatore,2.4,37.7,False,none,0.0,False,none
2025-06-07,Pune,33.8,26.4,False,none,0.0,False,none
2025-06-07,Nagpur,9.3,27.8,False,none,0.0,False,none
2025-06-07,Nashik,35.4,29.8,False,none,0.0,False,none
2025-06-07,Chhatrapati Sambhajinagar,22.2,28.4,False,none,0.0,False,none
2025-06-07,Thane,85.9,26.8,False,none,0.0,False,none
2025-06-07,Amravati,13.8,30.4,False,none,0.0,False,none
2025-06-07,Jaipur,0.0,44.3,True,heatstroke_dehydration,0.92,False,none
2025-06-07,Jodhpur,0.3,45.8,True,heatstroke_dehydration,0.98,False,none
2025-06-07,Bikaner,0.0,43.4,True,heatstroke_dehydration,0.79,False,none
2025-06-07,Udaipur,0.0,40.8,True,heatstroke_dehydration,0.86,False,none
2025-06-07,Kota,0.0,42.6,False,none,0.0,False,none
2025-06-07,Barmer,0.2,47.6,False,none,0.0,False,none
2025-06-07,Khordha,78.6,29.0,False,none,0.0,False,none
2025-06-07,Cuttack,20.5,28.0,False,none,0.0,False,none
2025-06-07,Puri,41.6,26.7,False,none,0.0,False,none
2025-06-07,Balasore,18.1,27.5,False,none,0.0,False,none
2025-06-07,Mayurbhanj,139.8,32.8,False,none,0.0,False,none
2025-06-07,Ganjam,42.3,28.5,False,none,0.0,False,none
2025-06-07,Kamrup,48.9,37.2,False,none,0.0,False,none
2025-06-07,Dibrugarh,13.5,37.2,False,none,0.0,False,none
2025-06-07,Cachar,150.9,36.9,False,none,0.0,False,none
2025-06-07,Jorhat,97.9,30.5,False,none,0.0,False,none
2025-06-07,Nagaon,53.7,32.9,False,none,0.0,False,none
2025-06-07,Sonitpur,50.2,34.8,False,none,0.0,False,none
2025-06-08,Vellore,0.1,33.4,False,none,0.0,False,none
2025-06-08,Krishnagiri,12.6,39.6,False,none,0.0,False,none
2025-06-08,Tiruvannamalai,0.2,41.2,False,none,0.0,False,none
2025-06-08,Salem,0.2,34.1,False,none,0.0,False,none
2025-06-08,Madurai,2.9,39.4,False,none,0.0,False,none
2025-06-08,Coimbatore,2.7,37.2,False,none,0.0,False,none
2025-06-08,Pune,66.5,28.4,False,none,0.0,False,none
2025-06-08,Nagpur,96.6,29.6,False,none,0.0,False,none
2025-06-08,Nashik,28.4,25.3,False,none,0.0,False,none
2025-06-08,Chhatrapati Sambhajinagar,15.0,30.6,False,none,0.0,False,none
2025-06-08,Thane,121.9,30.4,False,none,0.0,False,none
2025-06-08,Amravati,57.9,22.8,False,none,0.0,False,none
2025-06-08,Jaipur,0.6,51.3,True,heatstroke_dehydration,0.92,False,none
2025-06-08,Jodhpur,0.1,42.7,True,heatstroke_dehydration,0.98,False,none
2025-06-08,Bikaner,0.0,44.3,True,heatstroke_dehydration,0.79,False,none
2025-06-08,Udaipur,0.0,39.8,True,heatstroke_dehydration,0.86,False,none
2025-06-08,Kota,0.0,43.0,False,none,0.0,False,none
2025-06-08,Barmer,0.0,47.2,False,none,0.0,False,none
2025-06-08,Khordha,42.8,27.6,False,none,0.0,False,none
2025-06-08,Cuttack,69.3,30.9,False,none,0.0,False,none
2025-06-08,Puri,182.3,25.0,False,none,0.0,False,none
2025-06-08,Balasore,164.1,28.4,False,none,0.0,False,none
2025-06-08,Mayurbhanj,33.6,28.0,False,none,0.0,False,none
2025-06-08,Ganjam,26.7,27.8,False,none,0.0,False,none
2025-06-08,Kamrup,269.9,29.5,False,none,0.0,False,none
2025-06-08,Dibrugarh,139.3,34.1,False,none,0.0,False,none
2025-06-08,Cachar,69.5,36.8,False,none,0.0,False,none
2025-06-08,Jorhat,74.6,34.7,False,none,0.0,False,none
2025-06-08,Nagaon,100.2,36.9,False,none,0.0,False,none
2025-06-08,Sonitpur,81.8,30.3,False,none,0.0,False,none
2025-06-09,Vellore,0.5,40.1,False,none,0.0,False,none
2025-06-09,Krishnagiri,4.1,37.6,False,none,0.0,False,none
2025-06-09,Tiruvannamalai,1.2,39.7,False,none,0.0,False,none
2025-06-09,Salem,2.7,40.1,False,none,0.0,False,none
2025-06-09,Madurai,1.4,37.4,False,none,0.0,False,none
2025-06-09,Coimbatore,2.6,44.6,False,none,0.0,False,none
2025-06-09,Pune,23.4,28.4,False,none,0.0,False,none
2025-06-09,Nagpur,23.4,26.2,False,none,0.0,False,none
2025-06-09,Nashik,50.0,27.8,False,none,0.0,False,none
2025-06-09,Chhatrapati Sambhajinagar,59.7,30.5,False,none,0.0,False,none
2025-06-09,Thane,42.3,31.8,False,none,0.0,False,none
2025-06-09,Amravati,28.0,30.4,False,none,0.0,False,none
2025-06-09,Jaipur,0.2,46.4,True,heatstroke_dehydration,0.92,False,none
2025-06-09,Jodhpur,0.0,50.5,True,heatstroke_dehydration,0.98,False,none
2025-06-09,Bikaner,0.0,40.7,True,heatstroke_dehydration,0.79,False,none
2025-06-09,Udaipur,0.0,39.7,True,heatstroke_dehydration,0.86,False,none
2025-06-09,Kota,0.0,43.8,False,none,0.0,False,none
2025-06-09,Barmer,0.0,43.7,False,none,0.0,False,none
2025-06-09,Khordha,73.0,32.7,False,none,0.0,False,none
2025-06-09,Cuttack,95.4,31.1,False,none,0.0,False,none
2025-06-09,Puri,28.8,27.9,False,none,0.0,False,none
2025-06-09,Balasore,25.8,24.5,False,none,0.0,False,none
2025-06-09,Mayurbhanj,55.5,28.6,False,none,0.0,False,none
2025-06-09,Ganjam,105.8,27.6,False,none,0.0,False,none
2025-06-09,Kamrup,95.1,33.0,False,none,0.0,False,none
2025-06-09,Dibrugarh,165.2,34.2,False,none,0.0,False,none
2025-06-09,Cachar,76.5,29.4,False,none,0.0,False,none
2025-06-09,Jorhat,58.7,27.8,False,none,0.0,False,none
2025-06-09,Nagaon,120.8,32.4,False,none,0.0,False,none
2025-06-09,Sonitpur,59.8,36.0,False,none,0.0,False,none
2025-06-10,Vellore,0.4,40.4,False,none,0.0,False,none
2025-06-10,Krishnagiri,0.8,41.2,False,none,0.0,False,none
2025-06-10,Tiruvannamalai,6.7,39.1,False,none,0.0,False,none
2025-06-10,Salem,5.3,41.1,False,none,0.0,False,none
2025-06-10,Madurai,0.8,32.5,False,none,0.0,False,none
2025-06-10,Coimbatore,2.2,38.4,False,none,0.0,False,none
2025-06-10,Pune,64.2,26.0,False,none,0.0,False,none
2025-06-10,Nagpur,108.1,25.8,False,none,0.0,False,none
2025-06-10,Nashik,73.7,27.6,False,none,0.0,False,none
2025-06-10,Chhatrapati Sambhajinagar,12.9,26.2,False,none,0.0,False,none
2025-06-10,Thane,41.0,27.2,False,none,0.0,False,none
2025-06-10,Amravati,66.0,24.2,False,none,0.0,False,none
2025-06-10,Jaipur,0.0,45.2,True,heatstroke_dehydration,0.92,False,none
2025-06-10,Jodhpur,0.0,47.2,True,heatstroke_dehydration,0.98,False,none
2025-06-10,Bikaner,0.0,41.3,True,heatstroke_dehydration,0.79,False,none
2025-06-10,Udaipur,0.2,46.0,True,heatstroke_dehydration,0.86,False,none
2025-06-10,Kota,1.7,47.9,False,none,0.0,False,none
2025-06-10,Barmer,1.2,46.3,False,none,0.0,False,none
2025-06-10,Khordha,72.8,29.3,False,none,0.0,False,none
2025-06-10,Cuttack,112.0,26.3,False,none,0.0,False,none
2025-06-10,Puri,57.3,30.8,False,none,0.0,False,none
2025-06-10,Balasore,121.4,27.8,False,none,0.0,False,none
2025-06-10,Mayurbhanj,44.4,31.4,False,none,0.0,False,none
2025-06-10,Ganjam,85.6,28.4,False,none,0.0,False,none
2025-06-10,Kamrup,60.9,30.7,False,none,0.0,False,none
2025-06-10,Dibrugarh,72.9,33.5,False,none,0.0,False,none
2025-06-10,Cachar,122.2,31.0,False,none,0.0,False,none
2025-06-10,Jorhat,152.5,34.0,False,none,0.0,False,none
2025-06-10,Nagaon,86.5,31.8,False,none,0.0,False,none
2025-06-10,Sonitpur,75.4,35.0,False,none,0.0,False,none
2025-06-11,Vellore,2.5,39.7,False,none,0.0,False,none
2025-06-11,Krishnagiri,1.0,38.9,False,none,0.0,False,none
2025-06-11,Tiruvannamalai,4.8,40.1,False,none,0.0,False,none
2025-06-11,Salem,0.0,41.2,False,none,0.0,False,none
2025-06-11,Madurai,1.2,38.1,False,none,0.0,False,none
2025-06-11,Coimbatore,3.9,36.1,False,none,0.0,False,none
2025-06-11,Pune,54.9,29.4,False,none,0.0,False,none
2025-06-11,Nagpur,29.6,34.1,False,none,0.0,False,none
2025-06-11,Nashik,53.8,28.4,False,none,0.0,False,none
2025-06-11,Chhatrapati Sambhajinagar,70.6,31.5,False,none,0.0,False,none
2025-06-11,Thane,34.8,29.3,False,none,0.0,False,none
2025-06-11,Amravati,33.6,32.4,False,none,0.0,False,none
2025-06-11,Jaipur,0.0,46.4,True,heatstroke_dehydration,0.92,False,none
2025-06-11,Jodhpur,0.0,42.3,True,heatstroke_dehydration,0.98,False,none
2025-06-11,Bikaner,0.1,45.8,True,heatstroke_dehydration,0.79,False,none
2025-06-11,Udaipur,0.8,42.7,False,none,0.0,False,none
2025-06-11,Kota,0.1,49.7,False,none,0.0,False,none
2025-06-11,Barmer,0.0,44.3,False,none,0.0,False,none
2025-06-11,Khordha,30.9,32.4,False,none,0.0,False,none
2025-06-11,Cuttack,43.7,23.8,False,none,0.0,False,none
2025-06-11,Puri,153.9,34.5,False,none,0.0,False,none
2025-06-11,Balasore,51.0,29.5,False,none,0.0,False,none
2025-06-11,Mayurbhanj,113.1,25.9,False,none,0.0,False,none
2025-06-11,Ganjam,127.8,27.5,True,gastroenteritis,0.73,False,none
2025-06-11,Kamrup,135.9,30.8,False,none,0.0,False,none
2025-06-11,Dibrugarh,155.3,36.7,False,none,0.0,False,none
2025-06-11,Cachar,139.3,36.1,False,none,0.0,False,none
2025-06-11,Jorhat,76.5,34.1,False,none,0.0,False,none
2025-06-11,Nagaon,69.6,34.8,False,none,0.0,False,none
2025-06-11,Sonitpur,38.0,32.6,False,none,0.0,False,none
2025-06-12,Vellore,0.8,37.9,False,none,0.0,False,none
2025-06-12,Krishnagiri,0.6,40.5,False,none,0.0,False,none
2025-06-12,Tiruvannamalai,4.5,40.3,False,none,0.0,False,none
2025-06-12,Salem,10.4,38.5,False,none,0.0,False,none
2025-06-12,Madurai,1.6,41.1,False,none,0.0,False,none
2025-06-12,Coimbatore,7.4,34.7,False,none,0.0,False,none
2025-06-12,Pune,68.2,28.8,False,none,0.0,False,none
2025-06-12,Nagpur,36.2,30.2,False,none,0.0,False,none
2025-06-12,Nashik,49.7,30.6,False,none,0.0,False,none
2025-06-12,Chhatrapati Sambhajinagar,38.8,27.8,False,none,0.0,False,none
2025-06-12,Thane,28.5,30.6,False,none,0.0,False,none
2025-06-12,Amravati,70.7,29.7,False,none,0.0,False,none
2025-06-12,Jaipur,0.0,48.3,True,heatstroke_dehydration,0.92,False,none
2025-06-12,Jodhpur,0.6,45.2,True,heatstroke_dehydration,0.98,False,none
2025-06-12,Bikaner,0.0,43.0,True,heatstroke_dehydration,0.79,False,none
2025-06-12,Udaipur,0.0,51.8,False,none,0.0,False,none
2025-06-12,Kota,0.5,51.5,False,none,0.0,False,none
2025-06-12,Barmer,0.4,44.4,False,none,0.0,False,none
2025-06-12,Khordha,27.7,32.3,False,none,0.0,False,none
2025-06-12,Cuttack,59.9,29.1,False,none,0.0,False,none
2025-06-12,Puri,106.2,28.7,False,none,0.0,False,none
2025-06-12,Balasore,41.9,29.0,False,none,0.0,False,none
2025-06-12,Mayurbhanj,50.1,30.4,False,none,0.0,False,none
2025-06-12,Ganjam,82.9,25.4,True,gastroenteritis,0.73,False,none
2025-06-12,Kamrup,81.7,31.5,False,none,0.0,False,none
2025-06-12,Dibrugarh,39.0,31.9,False,none,0.0,False,none
2025-06-12,Cachar,144.9,33.3,False,none,0.0,False,none
2025-06-12,Jorhat,112.6,30.9,False,none,0.0,False,none
2025-06-12,Nagaon,109.7,34.1,False,none,0.0,False,none
2025-06-12,Sonitpur,97.9,32.1,False,none,0.0,False,none
2025-06-13,Vellore,0.2,38.5,False,none,0.0,False,none
2025-06-13,Krishnagiri,2.7,32.9,False,none,0.0,False,none
2025-06-13,Tiruvannamalai,2.5,39.0,False,none,0.0,False,none
2025-06-13,Salem,0.2,38.2,False,none,0.0,False,none
2025-06-13,Madurai,0.2,39.2,False,none,0.0,False,none
2025-06-13,Coimbatore,0.6,42.4,False,none,0.0,False,none
2025-06-13,Pune,29.9,30.6,False,none,0.0,False,none
2025-06-13,Nagpur,39.8,27.1,False,none,0.0,False,none
2025-06-13,Nashik,54.5,24.2,False,none,0.0,False,none
2025-06-13,Chhatrapati Sambhajinagar,36.3,28.8,False,none,0.0,False,none
2025-06-13,Thane,29.5,28.8,False,none,0.0,False,none
2025-06-13,Amravati,37.2,30.7,False,none,0.0,False,none
2025-06-13,Jaipur,0.0,46.7,True,heatstroke_dehydration,0.92,False,none
2025-06-13,Jodhpur,0.0,44.1,True,heatstroke_dehydration,0.98,False,none
2025-06-13,Bikaner,0.0,44.9,False,none,0.0,False,none
2025-06-13,Udaipur,0.0,47.1,False,none,0.0,False,none
2025-06-13,Kota,0.0,45.9,False,none,0.0,False,none
2025-06-13,Barmer,0.0,45.8,False,none,0.0,False,none
2025-06-13,Khordha,76.4,25.1,False,none,0.0,False,none
2025-06-13,Cuttack,79.9,28.7,False,none,0.0,False,none
2025-06-13,Puri,62.8,32.6,False,none,0.0,False,none
2025-06-13,Balasore,116.8,30.2,False,none,0.0,False,none
2025-06-13,Mayurbhanj,60.7,24.8,False,none,0.0,False,none
2025-06-13,Ganjam,32.9,27.7,True,gastroenteritis,0.73,False,none
2025-06-13,Kamrup,148.5,37.4,False,none,0.0,False,none
2025-06-13,Dibrugarh,150.1,36.2,False,none,0.0,False,none
2025-06-13,Cachar,132.6,36.9,False,none,0.0,False,none
2025-06-13,Jorhat,88.5,31.8,False,none,0.0,False,none
2025-06-13,Nagaon,127.3,34.0,False,none,0.0,False,none
2025-06-13,Sonitpur,91.6,33.1,False,none,0.0,False,none
2025-06-14,Vellore,2.4,37.3,False,none,0.0,False,none
2025-06-14,Krishnagiri,1.3,36.0,False,none,0.0,False,none
2025-06-14,Tiruvannamalai,5.0,43.1,False,none,0.0,False,none
2025-06-14,Salem,1.7,34.0,False,none,0.0,False,none
2025-06-14,Madurai,3.7,40.3,False,none,0.0,False,none
2025-06-14,Coimbatore,3.2,34.7,False,none,0.0,False,none
2025-06-14,Pune,26.8,29.1,False,none,0.0,False,none
2025-06-14,Nagpur,90.9,28.8,False,none,0.0,False,none
2025-06-14,Nashik,55.6,23.9,False,none,0.0,False,none
2025-06-14,Chhatrapati Sambhajinagar,45.2,26.8,False,none,0.0,False,none
2025-06-14,Thane,21.4,24.8,False,none,0.0,False,none
2025-06-14,Amravati,51.3,30.8,False,none,0.0,False,none
2025-06-14,Jaipur,0.4,47.9,True,heatstroke_dehydration,0.92,False,none
2025-06-14,Jodhpur,0.0,46.0,True,heatstroke_dehydration,0.98,False,none
2025-06-14,Bikaner,0.0,45.4,False,none,0.0,False,none
2025-06-14,Udaipur,0.2,46.8,False,none,0.0,False,none
2025-06-14,Kota,0.0,47.5,False,none,0.0,False,none
2025-06-14,Barmer,0.3,44.0,False,none,0.0,False,none
2025-06-14,Khordha,67.8,30.3,False,none,0.0,False,none
2025-06-14,Cuttack,62.4,28.4,True,gastroenteritis,0.78,False,none
2025-06-14,Puri,47.8,26.4,False,none,0.0,False,none
2025-06-14,Balasore,27.1,26.8,False,none,0.0,False,none
2025-06-14,Mayurbhanj,70.0,29.2,False,none,0.0,False,none
2025-06-14,Ganjam,39.3,29.6,True,gastroenteritis,0.73,False,none
2025-06-14,Kamrup,148.5,35.8,False,none,0.0,False,none
2025-06-14,Dibrugarh,35.0,35.8,False,none,0.0,False,none
2025-06-14,Cachar,89.3,36.0,False,none,0.0,False,none
2025-06-14,Jorhat,66.0,34.6,False,none,0.0,False,none
2025-06-14,Nagaon,35.7,32.0,False,none,0.0,False,none
2025-06-14,Sonitpur,116.1,33.0,False,none,0.0,False,none
2025-06-15,Vellore,0.3,40.9,False,none,0.0,False,none
2025-06-15,Krishnagiri,5.4,40.4,False,none,0.0,False,none
2025-06-15,Tiruvannamalai,7.3,41.2,False,none,0.0,False,none
2025-06-15,Salem,2.0,37.0,False,none,0.0,False,none
2025-06-15,Madurai,2.3,37.9,False,none,0.0,False,none
2025-06-15,Coimbatore,0.0,35.3,False,none,0.0,False,none
2025-06-15,Pune,37.1,25.3,False,none,0.0,False,none
2025-06-15,Nagpur,88.2,36.0,False,none,0.0,False,none
2025-06-15,Nashik,56.0,24.9,False,none,0.0,False,none
2025-06-15,Chhatrapati Sambhajinagar,91.2,26.5,False,none,0.0,False,none
2025-06-15,Thane,33.1,27.3,False,none,0.0,False,none
2025-06-15,Amravati,34.1,35.8,False,none,0.0,False,none
2025-06-15,Jaipur,0.0,47.4,True,heatstroke_dehydration,0.92,False,none
2025-06-15,Jodhpur,0.0,43.1,True,heatstroke_dehydration,0.98,False,none
2025-06-15,Bikaner,0.0,42.1,False,none,0.0,False,none
2025-06-15,Udaipur,0.0,43.7,False,none,0.0,False,none
2025-06-15,Kota,0.0,41.8,False,none,0.0,False,none
2025-06-15,Barmer,0.3,42.5,False,none,0.0,False,none
2025-06-15,Khordha,87.7,31.7,False,none,0.0,False,none
2025-06-15,Cuttack,97.9,26.8,True,gastroenteritis,0.78,False,none
2025-06-15,Puri,61.3,29.2,False,none,0.0,False,none
2025-06-15,Balasore,41.8,29.2,False,none,0.0,False,none
2025-06-15,Mayurbhanj,98.2,33.1,False,none,0.0,False,none
2025-06-15,Ganjam,58.0,24.1,True,gastroenteritis,0.73,False,none
2025-06-15,Kamrup,81.8,34.1,False,none,0.0,False,none
2025-06-15,Dibrugarh,179.5,33.5,False,none,0.0,False,none
2025-06-15,Cachar,166.5,34.8,False,none,0.0,False,none
2025-06-15,Jorhat,109.3,32.9,False,none,0.0,False,none
2025-06-15,Nagaon,86.5,32.2,False,none,0.0,False,none
2025-06-15,Sonitpur,129.4,40.3,False,none,0.0,False,none
2025-06-16,Vellore,3.4,40.0,False,none,0.0,False,none
2025-06-16,Krishnagiri,4.3,40.6,False,none,0.0,False,none
2025-06-16,Tiruvannamalai,0.8,39.7,False,none,0.0,False,none
2025-06-16,Salem,2.5,39.4,False,none,0.0,False,none
2025-06-16,Madurai,1.7,38.2,False,none,0.0,False,none
2025-06-16,Coimbatore,9.6,40.4,False,none,0.0,False,none
2025-06-16,Pune,72.2,31.9,False,none,0.0,False,none
2025-06-16,Nagpur,4.3,27.7,False,none,0.0,False,none
2025-06-16,Nashik,88.8,25.6,False,none,0.0,False,none
2025-06-16,Chhatrapati Sambhajinagar,94.5,27.1,False,none,0.0,False,none
2025-06-16,Thane,53.8,30.3,False,none,0.0,False,none
2025-06-16,Amravati,108.4,26.4,False,none,0.0,False,none
2025-06-16,Jaipur,0.3,42.6,True,heatstroke_dehydration,0.92,False,none
2025-06-16,Jodhpur,1.2,42.0,True,heatstroke_dehydration,0.98,False,none
2025-06-16,Bikaner,0.0,50.6,False,none,0.0,False,none
2025-06-16,Udaipur,0.0,43.0,False,none,0.0,False,none
2025-06-16,Kota,0.0,47.5,False,none,0.0,False,none
2025-06-16,Barmer,0.8,45.6,False,none,0.0,False,none
2025-06-16,Khordha,59.4,32.0,False,none,0.0,False,none
2025-06-16,Cuttack,126.9,31.8,True,gastroenteritis,0.78,False,none
2025-06-16,Puri,59.7,29.2,False,none,0.0,False,none
2025-06-16,Balasore,22.2,30.9,False,none,0.0,False,none
2025-06-16,Mayurbhanj,68.4,27.2,True,gastroenteritis,0.82,False,none
2025-06-16,Ganjam,33.5,28.6,True,gastroenteritis,0.73,False,none
2025-06-16,Kamrup,124.1,34.1,False,none,0.0,False,none
2025-06-16,Dibrugarh,170.3,38.0,False,none,0.0,False,none
2025-06-16,Cachar,50.9,32.3,False,none,0.0,False,none
2025-06-16,Jorhat,103.7,35.1,False,none,0.0,False,none
2025-06-16,Nagaon,105.3,34.2,False,none,0.0,False,none
2025-06-16,Sonitpur,71.3,34.3,False,none,0.0,False,none
2025-06-17,Vellore,11.0,35.5,False,none,0.0,False,none
2025-06-17,Krishnagiri,3.0,41.7,False,none,0.0,False,none
2025-06-17,Tiruvannamalai,0.7,38.0,False,none,0.0,False,none
2025-06-17,Salem,1.6,39.9,False,none,0.0,False,none
2025-06-17,Madurai,7.6,46.9,False,none,0.0,False,none
2025-06-17,Coimbatore,1.0,37.1,False,none,0.0,False,none
2025-06-17,Pune,17.2,28.6,False,none,0.0,False,none
2025-06-17,Nagpur,54.9,29.7,False,none,0.0,False,none
2025-06-17,Nashik,44.6,29.7,False,none,0.0,False,none
2025-06-17,Chhatrapati Sambhajinagar,31.2,31.5,False,none,0.0,False,none
2025-06-17,Thane,86.2,32.2,False,none,0.0,False,none
2025-06-17,Amravati,66.8,26.3,False,none,0.0,False,none
2025-06-17,Jaipur,0.4,43.0,True,heatstroke_dehydration,0.92,False,none
2025-06-17,Jodhpur,0.0,46.5,False,none,0.0,False,none
2025-06-17,Bikaner,0.0,45.8,False,none,0.0,False,none
2025-06-17,Udaipur,0.2,42.3,False,none,0.0,False,none
2025-06-17,Kota,0.3,39.3,False,none,0.0,False,none
2025-06-17,Barmer,0.0,47.2,False,none,0.0,False,none
2025-06-17,Khordha,18.1,31.1,False,none,0.0,False,none
2025-06-17,Cuttack,58.3,26.6,True,gastroenteritis,0.78,False,none
2025-06-17,Puri,50.1,31.8,False,none,0.0,False,none
2025-06-17,Balasore,26.0,30.8,False,none,0.0,False,none
2025-06-17,Mayurbhanj,106.5,30.2,True,gastroenteritis,0.82,False,none
2025-06-17,Ganjam,79.3,31.0,True,gastroenteritis,0.73,False,none
2025-06-17,Kamrup,97.2,29.6,False,none,0.0,False,none
2025-06-17,Dibrugarh,103.8,33.9,False,none,0.0,False,none
2025-06-17,Cachar,47.9,38.0,False,none,0.0,False,none
2025-06-17,Jorhat,125.5,35.3,False,none,0.0,False,none
2025-06-17,Nagaon,69.6,33.1,True,gastroenteritis,0.96,False,none
2025-06-17,Sonitpur,124.0,32.4,False,none,0.0,False,none
2025-06-18,Vellore,5.0,42.2,False,none,0.0,False,none
2025-06-18,Krishnagiri,0.0,42.7,False,none,0.0,False,none
2025-06-18,Tiruvannamalai,2.3,42.0,False,none,0.0,False,none
2025-06-18,Salem,3.0,39.8,False,none,0.0,False,none
2025-06-18,Madurai,1.2,36.2,False,none,0.0,False,none
2025-06-18,Coimbatore,1.8,37.7,False,none,0.0,False,none
2025-06-18,Pune,8.3,28.3,False,none,0.0,False,none
2025-06-18,Nagpur,84.2,34.0,False,none,0.0,False,none
2025-06-18,Nashik,39.5,32.6,False,none,0.0,False,none
2025-06-18,Chhatrapati Sambhajinagar,8.8,27.3,False,none,0.0,False,none
2025-06-18,Thane,34.1,28.8,False,none,0.0,False,none
2025-06-18,Amravati,29.4,24.5,False,none,0.0,False,none
2025-06-18,Jaipur,0.1,42.6,False,none,0.0,False,none
2025-06-18,Jodhpur,0.1,44.8,False,none,0.0,False,none
2025-06-18,Bikaner,0.0,45.1,False,none,0.0,False,none
2025-06-18,Udaipur,0.0,41.8,False,none,0.0,False,none
2025-06-18,Kota,1.1,45.3,False,none,0.0,False,none
2025-06-18,Barmer,0.5,45.2,False,none,0.0,False,none
2025-06-18,Khordha,102.3,29.7,False,none,0.0,False,none
2025-06-18,Cuttack,78.5,29.1,True,gastroenteritis,0.78,False,none
2025-06-18,Puri,49.9,28.1,False,none,0.0,False,none
2025-06-18,Balasore,92.9,32.5,False,none,0.0,False,none
2025-06-18,Mayurbhanj,41.6,30.1,True,gastroenteritis,0.82,False,none
2025-06-18,Ganjam,43.3,28.2,True,gastroenteritis,0.73,False,none
2025-06-18,Kamrup,273.0,38.4,False,none,0.0,False,none
2025-06-18,Dibrugarh,91.7,37.2,False,none,0.0,False,none
2025-06-18,Cachar,150.3,31.4,False,none,0.0,False,none
2025-06-18,Jorhat,93.7,32.6,False,none,0.0,False,none
2025-06-18,Nagaon,195.6,33.8,True,gastroenteritis,0.96,False,none
2025-06-18,Sonitpur,217.4,32.0,False,none,0.0,False,none
2025-06-19,Vellore,1.2,37.3,False,none,0.0,False,none
2025-06-19,Krishnagiri,1.5,43.2,False,none,0.0,False,none
2025-06-19,Tiruvannamalai,1.8,36.8,False,none,0.0,False,none
2025-06-19,Salem,4.8,35.7,False,none,0.0,False,none
2025-06-19,Madurai,1.0,39.8,False,none,0.0,False,none
2025-06-19,Coimbatore,0.2,38.9,False,none,0.0,False,none
2025-06-19,Pune,24.8,28.3,False,none,0.0,False,none
2025-06-19,Nagpur,103.2,31.2,False,none,0.0,False,none
2025-06-19,Nashik,23.2,25.6,False,none,0.0,False,none
2025-06-19,Chhatrapati Sambhajinagar,44.8,28.2,False,none,0.0,False,none
2025-06-19,Thane,45.0,23.5,False,none,0.0,False,none
2025-06-19,Amravati,50.9,29.5,False,none,0.0,False,none
2025-06-19,Jaipur,0.0,47.4,False,none,0.0,False,none
2025-06-19,Jodhpur,0.1,45.2,False,none,0.0,False,none
2025-06-19,Bikaner,0.0,34.3,False,none,0.0,False,none
2025-06-19,Udaipur,0.1,41.6,False,none,0.0,False,none
2025-06-19,Kota,0.0,46.0,False,none,0.0,False,none
2025-06-19,Barmer,0.0,42.7,False,none,0.0,False,none
2025-06-19,Khordha,84.6,29.8,False,none,0.0,False,none
2025-06-19,Cuttack,70.8,32.2,True,gastroenteritis,0.78,False,none
2025-06-19,Puri,65.0,26.9,False,none,0.0,False,none
2025-06-19,Balasore,24.9,28.5,False,none,0.0,False,none
2025-06-19,Mayurbhanj,80.3,31.2,True,gastroenteritis,0.82,False,none
2025-06-19,Ganjam,99.2,29.4,True,gastroenteritis,0.73,False,none
2025-06-19,Kamrup,101.8,33.4,False,none,0.0,False,none
2025-06-19,Dibrugarh,101.0,33.9,False,none,0.0,False,none
2025-06-19,Cachar,131.1,31.0,False,none,0.0,False,none
2025-06-19,Jorhat,98.4,33.8,False,none,0.0,False,none
2025-06-19,Nagaon,52.0,34.2,True,gastroenteritis,0.96,False,none
2025-06-19,Sonitpur,98.5,35.4,False,none,0.0,False,none
2025-06-20,Vellore,8.8,37.7,False,none,0.0,False,none
2025-06-20,Krishnagiri,8.1,38.8,False,none,0.0,False,none
2025-06-20,Tiruvannamalai,3.1,37.3,False,none,0.0,False,none
2025-06-20,Salem,1.0,38.3,False,none,0.0,False,none
2025-06-20,Madurai,1.2,34.7,False,none,0.0,False,none
2025-06-20,Coimbatore,7.7,33.4,False,none,0.0,False,none
2025-06-20,Pune,15.9,28.9,False,none,0.0,False,none
2025-06-20,Nagpur,37.0,30.2,False,none,0.0,False,none
2025-06-20,Nashik,41.8,29.8,False,none,0.0,False,none
2025-06-20,Chhatrapati Sambhajinagar,48.6,27.4,False,none,0.0,False,none
2025-06-20,Thane,41.2,28.4,False,none,0.0,False,none
2025-06-20,Amravati,58.1,33.4,False,none,0.0,False,none
2025-06-20,Jaipur,0.0,45.5,False,none,0.0,False,none
2025-06-20,Jodhpur,0.6,46.1,False,none,0.0,False,none
2025-06-20,Bikaner,0.0,42.5,False,none,0.0,False,none
2025-06-20,Udaipur,0.0,48.0,False,none,0.0,False,none
2025-06-20,Kota,0.3,43.4,False,none,0.0,False,none
2025-06-20,Barmer,0.0,42.4,False,none,0.0,False,none
2025-06-20,Khordha,59.4,32.8,False,none,0.0,False,none
2025-06-20,Cuttack,143.1,32.2,True,gastroenteritis,0.78,False,none
2025-06-20,Puri,9.2,27.4,False,none,0.0,False,none
2025-06-20,Balasore,47.8,28.1,False,none,0.0,False,none
2025-06-20,Mayurbhanj,88.1,33.6,True,gastroenteritis,0.82,False,none
2025-06-20,Ganjam,33.6,28.6,True,gastroenteritis,0.73,False,none
2025-06-20,Kamrup,154.8,34.7,False,none,0.0,False,none
2025-06-20,Dibrugarh,94.4,32.6,False,none,0.0,False,none
2025-06-20,Cachar,120.5,34.3,False,none,0.0,False,none
2025-06-20,Jorhat,146.0,37.0,False,none,0.0,False,none
2025-06-20,Nagaon,89.9,33.6,True,gastroenteritis,0.96,False,none
2025-06-20,Sonitpur,42.5,36.5,False,none,0.0,False,none
2025-06-21,Vellore,4.6,40.7,False,none,0.0,False,none
2025-06-21,Krishnagiri,0.3,33.9,False,none,0.0,False,none
2025-06-21,Tiruvannamalai,0.4,41.5,False,none,0.0,False,none
2025-06-21,Salem,0.7,37.1,False,none,0.0,False,none
2025-06-21,Madurai,1.1,39.6,False,none,0.0,False,none
2025-06-21,Coimbatore,1.0,38.4,False,none,0.0,False,none
2025-06-21,Pune,28.3,30.4,False,none,0.0,False,none
2025-06-21,Nagpur,98.7,30.4,False,none,0.0,False,none
2025-06-21,Nashik,28.7,26.3,False,none,0.0,False,none
2025-06-21,Chhatrapati Sambhajinagar,48.5,26.5,False,none,0.0,False,none
2025-06-21,Thane,63.9,31.6,False,none,0.0,False,none
2025-06-21,Amravati,130.8,28.5,False,none,0.0,False,none
2025-06-21,Jaipur,0.0,52.7,False,none,0.0,False,none
2025-06-21,Jodhpur,0.0,47.0,False,none,0.0,False,none
2025-06-21,Bikaner,0.0,43.8,False,none,0.0,False,none
2025-06-21,Udaipur,0.0,49.4,False,none,0.0,False,none
2025-06-21,Kota,0.0,42.2,False,none,0.0,False,none
2025-06-21,Barmer,0.4,45.0,False,none,0.0,False,none
2025-06-21,Khordha,42.4,25.5,False,none,0.0,False,none
2025-06-21,Cuttack,85.5,27.9,True,gastroenteritis,0.78,False,none
2025-06-21,Puri,82.6,31.2,False,none,0.0,False,none
2025-06-21,Balasore,63.7,35.3,False,none,0.0,False,none
2025-06-21,Mayurbhanj,48.2,26.4,True,gastroenteritis,0.82,False,none
2025-06-21,Ganjam,41.1,29.8,True,gastroenteritis,0.73,False,none
2025-06-21,Kamrup,151.2,35.8,False,none,0.0,False,none
2025-06-21,Dibrugarh,67.0,31.4,False,none,0.0,False,none
2025-06-21,Cachar,156.4,33.4,False,none,0.0,False,none
2025-06-21,Jorhat,81.3,33.3,False,none,0.0,False,none
2025-06-21,Nagaon,35.1,33.0,True,gastroenteritis,0.96,False,none
2025-06-21,Sonitpur,82.5,31.9,False,none,0.0,False,none
2025-06-22,Vellore,3.1,41.9,False,none,0.0,False,none
2025-06-22,Krishnagiri,0.8,36.3,False,none,0.0,False,none
2025-06-22,Tiruvannamalai,4.8,35.7,False,none,0.0,False,none
2025-06-22,Salem,0.7,35.1,False,none,0.0,False,none
2025-06-22,Madurai,1.0,39.2,False,none,0.0,False,none
2025-06-22,Coimbatore,0.8,39.5,False,none,0.0,False,none
2025-06-22,Pune,128.4,26.5,False,none,0.0,False,none
2025-06-22,Nagpur,52.2,31.5,False,none,0.0,False,none
2025-06-22,Nashik,24.2,29.6,False,none,0.0,False,none
2025-06-22,Chhatrapati Sambhajinagar,17.9,24.6,False,none,0.0,False,none
2025-06-22,Thane,28.5,26.5,False,none,0.0,False,none
2025-06-22,Amravati,47.8,33.1,False,none,0.0,False,none
2025-06-22,Jaipur,0.0,44.8,False,none,0.0,False,none
2025-06-22,Jodhpur,0.0,49.5,False,none,0.0,False,none
2025-06-22,Bikaner,0.1,42.9,False,none,0.0,False,none
2025-06-22,Udaipur,0.0,43.4,False,none,0.0,False,none
2025-06-22,Kota,0.0,44.9,False,none,0.0,False,none
2025-06-22,Barmer,0.0,45.0,False,none,0.0,False,none
2025-06-22,Khordha,122.3,30.0,False,none,0.0,False,none
2025-06-22,Cuttack,20.8,26.8,True,gastroenteritis,0.78,False,none
2025-06-22,Puri,68.1,33.1,True,gastroenteritis,0.75,False,none
2025-06-22,Balasore,56.3,27.6,True,gastroenteritis,0.8,False,none
2025-06-22,Mayurbhanj,59.7,29.8,True,gastroenteritis,0.82,False,none
2025-06-22,Ganjam,57.9,25.8,True,gastroenteritis,0.73,False,none
2025-06-22,Kamrup,137.2,27.9,False,none,0.0,False,none
2025-06-22,Dibrugarh,237.9,33.3,False,none,0.0,False,none
2025-06-22,Cachar,136.7,30.0,False,none,0.0,False,none
2025-06-22,Jorhat,73.4,35.7,False,none,0.0,False,none
2025-06-22,Nagaon,90.1,32.9,True,gastroenteritis,0.96,False,none
2025-06-22,Sonitpur,68.6,31.9,False,none,0.0,False,none
2025-06-23,Vellore,0.6,34.2,False,none,0.0,False,none
2025-06-23,Krishnagiri,11.5,39.5,False,none,0.0,False,none
2025-06-23,Tiruvannamalai,0.0,36.2,False,none,0.0,False,none
2025-06-23,Salem,1.6,36.1,False,none,0.0,False,none
2025-06-23,Madurai,2.1,34.7,False,none,0.0,False,none
2025-06-23,Coimbatore,2.8,43.1,False,none,0.0,False,none
2025-06-23,Pune,80.9,29.4,False,none,0.0,False,none
2025-06-23,Nagpur,58.1,28.9,False,none,0.0,False,none
2025-06-23,Nashik,111.3,29.9,False,none,0.0,False,none
2025-06-23,Chhatrapati Sambhajinagar,52.1,25.2,False,none,0.0,False,none
2025-06-23,Thane,56.9,32.0,False,none,0.0,False,none
2025-06-23,Amravati,62.5,27.5,False,none,0.0,False,none
2025-06-23,Jaipur,0.2,41.9,False,none,0.0,False,none
2025-06-23,Jodhpur,0.5,48.8,False,none,0.0,False,none
2025-06-23,Bikaner,0.1,44.7,False,none,0.0,False,none
2025-06-23,Udaipur,0.0,37.8,False,none,0.0,False,none
2025-06-23,Kota,0.0,44.0,False,none,0.0,False,none
2025-06-23,Barmer,0.0,48.5,False,none,0.0,False,none
2025-06-23,Khordha,19.2,30.2,False,none,0.0,False,none
2025-06-23,Cuttack,79.9,28.8,True,gastroenteritis,0.78,False,none
2025-06-23,Puri,68.1,25.4,True,gastroenteritis,0.75,False,none
2025-06-23,Balasore,24.1,33.0,True,gastroenteritis,0.8,False,none
2025-06-23,Mayurbhanj,25.3,26.5,True,gastroenteritis,0.82,False,none
2025-06-23,Ganjam,26.3,29.8,True,gastroenteritis,0.73,False,none
2025-06-23,Kamrup,91.4,30.8,False,none,0.0,False,none
2025-06-23,Dibrugarh,83.9,33.4,False,none,0.0,False,none
2025-06-23,Cachar,194.9,30.8,False,none,0.0,False,none
2025-06-23,Jorhat,106.3,31.1,False,none,0.0,False,none
2025-06-23,Nagaon,135.6,36.0,True,gastroenteritis,0.96,False,none
2025-06-23,Sonitpur,144.4,36.9,False,none,0.0,False,none
2025-06-24,Vellore,1.3,42.5,False,none,0.0,False,none
2025-06-24,Krishnagiri,8.3,37.5,False,none,0.0,False,none
2025-06-24,Tiruvannamalai,1.3,38.5,False,none,0.0,False,none
2025-06-24,Salem,0.4,41.7,False,none,0.0,False,none
2025-06-24,Madurai,0.1,34.5,False,none,0.0,False,none
2025-06-24,Coimbatore,6.1,34.6,False,none,0.0,False,none
2025-06-24,Pune,68.3,23.9,False,none,0.0,False,none
2025-06-24,Nagpur,37.1,28.3,False,none,0.0,False,none
2025-06-24,Nashik,37.6,28.6,False,none,0.0,False,none
2025-06-24,Chhatrapati Sambhajinagar,11.0,27.9,False,none,0.0,False,none
2025-06-24,Thane,43.7,25.7,False,none,0.0,False,none
2025-06-24,Amravati,18.9,28.6,False,none,0.0,False,none
2025-06-24,Jaipur,0.1,46.7,False,none,0.0,False,none
2025-06-24,Jodhpur,0.3,44.0,False,none,0.0,False,none
2025-06-24,Bikaner,0.0,50.0,False,none,0.0,False,none
2025-06-24,Udaipur,0.5,51.2,False,none,0.0,False,none
2025-06-24,Kota,0.0,46.4,False,none,0.0,False,none
2025-06-24,Barmer,0.0,43.2,False,none,0.0,False,none
2025-06-24,Khordha,39.8,28.9,False,none,0.0,False,none
2025-06-24,Cuttack,19.5,25.1,True,gastroenteritis,0.78,False,none
2025-06-24,Puri,71.2,26.1,True,gastroenteritis,0.75,False,none
2025-06-24,Balasore,88.7,30.4,True,gastroenteritis,0.8,False,none
2025-06-24,Mayurbhanj,43.0,30.4,True,gastroenteritis,0.82,False,none
2025-06-24,Ganjam,172.6,25.3,True,gastroenteritis,0.73,False,none
2025-06-24,Kamrup,65.6,33.9,False,none,0.0,False,none
2025-06-24,Dibrugarh,107.5,34.3,False,none,0.0,False,none
2025-06-24,Cachar,60.3,33.9,False,none,0.0,False,none
2025-06-24,Jorhat,149.4,33.3,False,none,0.0,False,none
2025-06-24,Nagaon,116.4,34.3,True,gastroenteritis,0.96,False,none
2025-06-24,Sonitpur,148.9,33.7,False,none,0.0,False,none
2025-06-25,Vellore,0.8,40.2,False,none,0.0,False,none
2025-06-25,Krishnagiri,0.0,36.6,False,none,0.0,False,none
2025-06-25,Tiruvannamalai,7.4,38.6,False,none,0.0,False,none
2025-06-25,Salem,2.8,38.3,False,none,0.0,False,none
2025-06-25,Madurai,2.6,41.4,False,none,0.0,False,none
2025-06-25,Coimbatore,3.2,38.3,False,none,0.0,False,none
2025-06-25,Pune,34.1,29.2,False,none,0.0,False,none
2025-06-25,Nagpur,40.7,34.4,False,none,0.0,False,none
2025-06-25,Nashik,30.9,25.3,False,none,0.0,False,none
2025-06-25,Chhatrapati Sambhajinagar,59.0,31.1,False,none,0.0,False,none
2025-06-25,Thane,21.9,28.9,False,none,0.0,False,none
2025-06-25,Amravati,43.2,31.8,False,none,0.0,False,none
2025-06-25,Jaipur,0.0,45.6,False,none,0.0,False,none
2025-06-25,Jodhpur,0.1,38.4,False,none,0.0,False,none
2025-06-25,Bikaner,0.0,41.7,False,none,0.0,False,none
2025-06-25,Udaipur,0.0,40.4,False,none,0.0,False,none
2025-06-25,Kota,0.0,45.2,False,none,0.0,False,none
2025-06-25,Barmer,0.1,45.1,False,none,0.0,False,none
2025-06-25,Khordha,80.7,29.0,False,none,0.0,False,none
2025-06-25,Cuttack,25.4,25.4,True,gastroenteritis,0.78,False,none
2025-06-25,Puri,104.3,31.7,True,gastroenteritis,0.75,False,none
2025-06-25,Balasore,15.5,31.0,True,gastroenteritis,0.8,False,none
2025-06-25,Mayurbhanj,54.9,31.0,True,gastroenteritis,0.82,False,none
2025-06-25,Ganjam,95.4,32.0,True,gastroenteritis,0.73,False,none
2025-06-25,Kamrup,114.3,35.7,False,none,0.0,False,none
2025-06-25,Dibrugarh,123.4,34.0,False,none,0.0,False,none
2025-06-25,Cachar,61.1,35.6,False,none,0.0,False,none
2025-06-25,Jorhat,201.2,34.4,False,none,0.0,False,none
2025-06-25,Nagaon,107.8,34.7,True,gastroenteritis,0.96,False,none
2025-06-25,Sonitpur,61.6,35.8,False,none,0.0,False,none
2025-06-26,Vellore,1.4,39.0,False,none,0.0,False,none
2025-06-26,Krishnagiri,1.4,37.4,False,none,0.0,False,none
2025-06-26,Tiruvannamalai,1.1,39.4,False,none,0.0,False,none
2025-06-26,Salem,2.8,40.1,False,none,0.0,False,none
2025-06-26,Madurai,9.5,38.2,False,none,0.0,False,none
2025-06-26,Coimbatore,2.1,42.9,False,none,0.0,False,none
2025-06-26,Pune,51.1,30.2,False,none,0.0,False,none
2025-06-26,Nagpur,25.8,30.4,False,none,0.0,False,none
2025-06-26,Nashik,30.7,30.5,False,none,0.0,False,none
2025-06-26,Chhatrapati Sambhajinagar,18.1,30.4,False,none,0.0,False,none
2025-06-26,Thane,31.6,29.1,False,none,0.0,False,none
2025-06-26,Amravati,39.5,26.8,False,none,0.0,False,none
2025-06-26,Jaipur,1.0,40.6,False,none,0.0,False,none
2025-06-26,Jodhpur,0.0,48.4,False,none,0.0,False,none
2025-06-26,Bikaner,0.0,41.3,False,none,0.0,False,none
2025-06-26,Udaipur,0.0,51.2,False,none,0.0,False,none
2025-06-26,Kota,0.0,43.6,False,none,0.0,False,none
2025-06-26,Barmer,0.1,42.7,False,none,0.0,False,none
2025-06-26,Khordha,68.4,28.8,False,none,0.0,False,none
2025-06-26,Cuttack,26.4,27.9,True,gastroenteritis,0.78,False,none
2025-06-26,Puri,71.9,30.4,True,gastroenteritis,0.75,False,none
2025-06-26,Balasore,32.1,30.1,True,gastroenteritis,0.8,False,none
2025-06-26,Mayurbhanj,59.5,30.1,True,gastroenteritis,0.82,False,none
2025-06-26,Ganjam,49.5,28.7,True,gastroenteritis,0.73,False,none
2025-06-26,Kamrup,84.7,32.4,False,none,0.0,False,none
2025-06-26,Dibrugarh,223.8,34.2,False,none,0.0,False,none
2025-06-26,Cachar,86.0,34.3,False,none,0.0,False,none
2025-06-26,Jorhat,72.7,33.9,False,none,0.0,False,none
2025-06-26,Nagaon,172.8,34.0,True,gastroenteritis,0.96,False,none
2025-06-26,Sonitpur,73.7,35.8,False,none,0.0,False,none
2025-06-27,Vellore,3.9,33.9,False,none,0.0,False,none
2025-06-27,Krishnagiri,3.6,39.9,False,none,0.0,False,none
2025-06-27,Tiruvannamalai,0.5,34.6,False,none,0.0,False,none
2025-06-27,Salem,0.4,40.2,False,none,0.0,False,none
2025-06-27,Madurai,4.4,41.0,False,none,0.0,False,none
2025-06-27,Coimbatore,0.5,37.6,False,none,0.0,False,none
2025-06-27,Pune,70.2,26.1,False,none,0.0,False,none
2025-06-27,Nagpur,29.4,28.1,False,none,0.0,False,none
2025-06-27,Nashik,52.8,29.3,False,none,0.0,False,none
2025-06-27,Chhatrapati Sambhajinagar,68.3,32.5,False,none,0.0,False,none
2025-06-27,Thane,45.7,25.6,False,none,0.0,False,none
2025-06-27,Amravati,71.1,27.9,False,none,0.0,False,none
2025-06-27,Jaipur,0.0,45.9,False,none,0.0,False,none
2025-06-27,Jodhpur,0.1,41.6,False,none,0.0,False,none
2025-06-27,Bikaner,0.0,45.9,False,none,0.0,False,none
2025-06-27,Udaipur,0.0,44.3,False,none,0.0,False,none
2025-06-27,Kota,0.0,44.7,False,none,0.0,False,none
2025-06-27,Barmer,0.6,40.5,False,none,0.0,False,none
2025-06-27,Khordha,28.4,34.0,False,none,0.0,False,none
2025-06-27,Cuttack,79.1,28.0,True,gastroenteritis,0.78,False,none
2025-06-27,Puri,43.3,27.5,True,gastroenteritis,0.75,False,none
2025-06-27,Balasore,162.8,28.9,True,gastroenteritis,0.8,False,none
2025-06-27,Mayurbhanj,42.1,30.8,True,gastroenteritis,0.82,False,none
2025-06-27,Ganjam,48.0,29.8,True,gastroenteritis,0.73,False,none
2025-06-27,Kamrup,53.7,32.2,False,none,0.0,False,none
2025-06-27,Dibrugarh,107.6,32.8,False,none,0.0,False,none
2025-06-27,Cachar,92.2,33.2,False,none,0.0,False,none
2025-06-27,Jorhat,25.2,32.9,False,none,0.0,False,none
2025-06-27,Nagaon,47.0,35.8,True,gastroenteritis,0.96,False,none
2025-06-27,Sonitpur,36.5,34.1,False,none,0.0,False,none
2025-06-28,Vellore,0.3,42.4,False,none,0.0,True,tetanus_drive
2025-06-28,Krishnagiri,0.6,39.8,False,none,0.0,True,general_immunization
2025-06-28,Tiruvannamalai,0.7,42.2,False,none,0.0,True,tetanus_drive
2025-06-28,Salem,0.7,42.7,False,none,0.0,True,tetanus_drive
2025-06-28,Madurai,3.1,40.0,False,none,0.0,True,general_immunization
2025-06-28,Coimbatore,0.9,40.0,False,none,0.0,True,general_immunization
2025-06-28,Pune,86.1,31.7,False,none,0.0,True,tetanus_drive
2025-06-28,Nagpur,24.3,30.2,False,none,0.0,True,measles_drive
2025-06-28,Nashik,42.1,23.3,False,none,0.0,True,general_immunization
2025-06-28,Chhatrapati Sambhajinagar,30.7,29.2,False,none,0.0,True,measles_drive
2025-06-28,Thane,64.2,32.2,False,none,0.0,True,measles_drive
2025-06-28,Amravati,30.3,27.3,False,none,0.0,True,general_immunization
2025-06-28,Jaipur,0.5,45.0,False,none,0.0,True,measles_drive
2025-06-28,Jodhpur,0.6,41.2,False,none,0.0,True,measles_drive
2025-06-28,Bikaner,0.5,47.4,False,none,0.0,True,tetanus_drive
2025-06-28,Udaipur,0.3,46.7,False,none,0.0,True,tetanus_drive
2025-06-28,Kota,0.0,39.8,False,none,0.0,True,general_immunization
2025-06-28,Barmer,0.0,47.5,False,none,0.0,True,general_immunization
2025-06-28,Khordha,36.7,27.9,False,none,0.0,True,tetanus_drive
2025-06-28,Cuttack,95.0,26.9,True,gastroenteritis,0.78,True,general_immunization
2025-06-28,Puri,51.8,32.0,True,gastroenteritis,0.75,True,tetanus_drive
2025-06-28,Balasore,77.0,28.0,True,gastroenteritis,0.8,True,general_immunization
2025-06-28,Mayurbhanj,113.5,28.2,True,gastroenteritis,0.82,True,measles_drive
2025-06-28,Ganjam,101.6,30.0,False,none,0.0,True,tetanus_drive
2025-06-28,Kamrup,96.2,35.8,False,none,0.0,True,tetanus_drive
2025-06-28,Dibrugarh,59.1,33.3,False,none,0.0,True,tetanus_drive
2025-06-28,Cachar,150.4,34.9,False,none,0.0,True,measles_drive
2025-06-28,Jorhat,133.0,36.6,False,none,0.0,True,general_immunization
2025-06-28,Nagaon,71.0,34.6,True,gastroenteritis,0.96,True,general_immunization
2025-06-28,Sonitpur,79.2,28.0,False,none,0.0,True,measles_drive
2025-06-29,Vellore,1.4,36.2,False,none,0.0,True,measles_drive
2025-06-29,Krishnagiri,1.3,34.6,False,none,0.0,True,measles_drive
2025-06-29,Tiruvannamalai,0.4,34.4,False,none,0.0,True,tetanus_drive
2025-06-29,Salem,2.5,41.6,False,none,0.0,True,measles_drive
2025-06-29,Madurai,2.9,37.9,False,none,0.0,True,tetanus_drive
2025-06-29,Coimbatore,0.4,38.5,False,none,0.0,True,general_immunization
2025-06-29,Pune,44.8,28.7,False,none,0.0,True,tetanus_drive
2025-06-29,Nagpur,97.3,28.3,False,none,0.0,True,measles_drive
2025-06-29,Nashik,59.0,28.0,False,none,0.0,True,general_immunization
2025-06-29,Chhatrapati Sambhajinagar,29.8,25.7,False,none,0.0,True,general_immunization
2025-06-29,Thane,64.3,34.8,False,none,0.0,True,general_immunization
2025-06-29,Amravati,22.6,23.6,False,none,0.0,True,tetanus_drive
2025-06-29,Jaipur,0.0,44.0,False,none,0.0,True,tetanus_drive
2025-06-29,Jodhpur,0.1,45.6,False,none,0.0,True,measles_drive
2025-06-29,Bikaner,0.3,43.6,False,none,0.0,True,tetanus_drive
2025-06-29,Udaipur,1.0,47.9,False,none,0.0,True,measles_drive
2025-06-29,Kota,0.0,40.9,False,none,0.0,True,measles_drive
2025-06-29,Barmer,0.1,49.4,False,none,0.0,True,tetanus_drive
2025-06-29,Khordha,35.7,29.4,False,none,0.0,True,general_immunization
2025-06-29,Cuttack,56.0,27.9,True,gastroenteritis,0.78,True,tetanus_drive
2025-06-29,Puri,28.3,33.3,True,gastroenteritis,0.75,True,measles_drive
2025-06-29,Balasore,95.7,28.8,True,gastroenteritis,0.8,True,general_immunization
2025-06-29,Mayurbhanj,48.0,25.0,True,gastroenteritis,0.82,True,measles_drive
2025-06-29,Ganjam,47.0,27.7,False,none,0.0,True,tetanus_drive
2025-06-29,Kamrup,121.7,27.9,False,none,0.0,True,tetanus_drive
2025-06-29,Dibrugarh,57.5,33.8,False,none,0.0,True,measles_drive
2025-06-29,Cachar,108.9,36.9,False,none,0.0,True,tetanus_drive
2025-06-29,Jorhat,105.8,34.2,False,none,0.0,True,general_immunization
2025-06-29,Nagaon,53.2,29.7,True,gastroenteritis,0.96,True,general_immunization
2025-06-29,Sonitpur,44.4,32.2,False,none,0.0,True,general_immunization
2025-06-30,Vellore,0.4,37.3,False,none,0.0,True,general_immunization
2025-06-30,Krishnagiri,2.1,39.4,False,none,0.0,True,tetanus_drive
2025-06-30,Tiruvannamalai,2.0,42.1,False,none,0.0,True,measles_drive
2025-06-30,Salem,2.7,34.4,False,none,0.0,True,measles_drive
2025-06-30,Madurai,3.1,37.2,False,none,0.0,True,general_immunization
2025-06-30,Coimbatore,0.2,40.7,False,none,0.0,True,general_immunization
2025-06-30,Pune,91.8,21.8,False,none,0.0,True,general_immunization
2025-06-30,Nagpur,52.3,29.0,False,none,0.0,True,tetanus_drive
2025-06-30,Nashik,14.4,31.7,False,none,0.0,True,general_immunization
2025-06-30,Chhatrapati Sambhajinagar,40.1,31.4,False,none,0.0,True,measles_drive
2025-06-30,Thane,44.0,28.8,False,none,0.0,True,measles_drive
2025-06-30,Amravati,27.0,23.1,False,none,0.0,True,general_immunization
2025-06-30,Jaipur,0.0,42.2,False,none,0.0,True,measles_drive
2025-06-30,Jodhpur,0.0,47.3,False,none,0.0,True,general_immunization
2025-06-30,Bikaner,0.0,45.1,False,none,0.0,True,general_immunization
2025-06-30,Udaipur,0.2,43.9,False,none,0.0,True,general_immunization
2025-06-30,Kota,1.0,40.0,False,none,0.0,True,measles_drive
2025-06-30,Barmer,0.2,44.0,False,none,0.0,True,general_immunization
2025-06-30,Khordha,27.2,27.4,False,none,0.0,True,measles_drive
2025-06-30,Cuttack,61.3,29.6,False,none,0.0,True,tetanus_drive
2025-06-30,Puri,34.5,30.2,True,gastroenteritis,0.75,True,measles_drive
2025-06-30,Balasore,81.3,29.4,True,gastroenteritis,0.8,True,general_immunization
2025-06-30,Mayurbhanj,51.8,29.5,True,gastroenteritis,0.82,True,tetanus_drive
2025-06-30,Ganjam,56.6,28.3,False,none,0.0,True,measles_drive
2025-06-30,Kamrup,113.4,33.9,False,none,0.0,True,general_immunization
2025-06-30,Dibrugarh,134.3,36.7,False,none,0.0,True,measles_drive
2025-06-30,Cachar,85.1,32.9,False,none,0.0,True,general_immunization
2025-06-30,Jorhat,145.5,33.9,False,none,0.0,True,general_immunization
2025-06-30,Nagaon,59.3,34.7,True,gastroenteritis,0.96,True,general_immunization
2025-06-30,Sonitpur,78.4,35.0,False,none,0.0,True,tetanus_drive
2025-07-01,Vellore,1.1,22.8,False,none,0.0,True,measles_drive
2025-07-01,Krishnagiri,0.7,31.1,False,none,0.0,True,measles_drive
2025-07-01,Tiruvannamalai,5.5,27.9,False,none,0.0,True,measles_drive
2025-07-01,Salem,3.2,28.0,False,none,0.0,True,general_immunization
2025-07-01,Madurai,7.4,29.9,False,none,0.0,True,tetanus_drive
2025-07-01,Coimbatore,0.4,27.7,False,none,0.0,True,measles_drive
2025-07-01,Pune,59.0,31.3,False,none,0.0,True,tetanus_drive
2025-07-01,Nagpur,65.3,23.8,False,none,0.0,True,general_immunization
2025-07-01,Nashik,25.6,26.0,False,none,0.0,True,tetanus_drive
2025-07-01,Chhatrapati Sambhajinagar,54.8,29.8,False,none,0.0,True,general_immunization
2025-07-01,Thane,32.4,26.1,False,none,0.0,True,general_immunization
2025-07-01,Amravati,58.5,30.7,False,none,0.0,True,general_immunization
2025-07-01,Jaipur,12.9,35.1,False,none,0.0,True,general_immunization
2025-07-01,Jodhpur,21.5,25.9,False,none,0.0,True,measles_drive
2025-07-01,Bikaner,16.3,30.5,False,none,0.0,True,general_immunization
2025-07-01,Udaipur,0.4,28.0,False,none,0.0,True,general_immunization
2025-07-01,Kota,6.6,26.0,False,none,0.0,True,general_immunization
2025-07-01,Barmer,7.4,27.2,False,none,0.0,True,general_immunization
2025-07-01,Khordha,18.9,27.3,True,gastroenteritis,0.82,True,measles_drive
2025-07-01,Cuttack,22.6,29.8,False,none,0.0,True,tetanus_drive
2025-07-01,Puri,16.0,29.5,True,gastroenteritis,0.75,True,tetanus_drive
2025-07-01,Balasore,57.2,31.5,True,gastroenteritis,0.8,True,general_immunization
2025-07-01,Mayurbhanj,157.6,29.8,True,gastroenteritis,0.82,True,general_immunization
2025-07-01,Ganjam,98.9,30.5,False,none,0.0,True,measles_drive
2025-07-01,Kamrup,101.9,31.2,False,none,0.0,True,tetanus_drive
2025-07-01,Dibrugarh,163.9,35.1,False,none,0.0,True,tetanus_drive
2025-07-01,Cachar,54.4,34.7,False,none,0.0,True,tetanus_drive
2025-07-01,Jorhat,54.8,33.0,False,none,0.0,True,general_immunization
2025-07-01,Nagaon,101.1,32.8,True,gastroenteritis,0.96,True,general_immunization
2025-07-01,Sonitpur,78.9,32.0,False,none,0.0,True,tetanus_drive
2025-07-02,Vellore,1.6,28.9,False,none,0.0,True,measles_drive
2025-07-02,Krishnagiri,2.4,30.2,False,none,0.0,True,tetanus_drive
2025-07-02,Tiruvannamalai,6.5,36.0,False,none,0.0,True,general_immunization
2025-07-02,Salem,0.1,32.3,False,none,0.0,True,general_immunization
2025-07-02,Madurai,1.7,35.4,False,none,0.0,True,measles_drive
2025-07-02,Coimbatore,0.3,29.2,False,none,0.0,True,tetanus_drive
2025-07-02,Pune,45.7,27.5,False,none,0.0,True,measles_drive
2025-07-02,Nagpur,63.2,25.5,False,none,0.0,True,general_immunization
2025-07-02,Nashik,48.5,27.5,False,none,0.0,True,general_immunization
2025-07-02,Chhatrapati Sambhajinagar,62.2,28.6,False,none,0.0,True,measles_drive
2025-07-02,Thane,26.7,29.2,False,none,0.0,True,measles_drive
2025-07-02,Amravati,60.0,23.3,False,none,0.0,True,measles_drive
2025-07-02,Jaipur,14.9,21.5,False,none,0.0,True,tetanus_drive
2025-07-02,Jodhpur,10.5,30.7,False,none,0.0,True,measles_drive
2025-07-02,Bikaner,5.7,29.1,False,none,0.0,True,measles_drive
2025-07-02,Udaipur,2.3,24.4,False,none,0.0,True,measles_drive
2025-07-02,Kota,2.2,27.7,False,none,0.0,True,tetanus_drive
2025-07-02,Barmer,3.1,27.1,False,none,0.0,True,tetanus_drive
2025-07-02,Khordha,78.6,29.4,True,gastroenteritis,0.82,True,tetanus_drive
2025-07-02,Cuttack,40.4,30.9,False,none,0.0,True,general_immunization
2025-07-02,Puri,34.2,25.4,True,gastroenteritis,0.75,True,tetanus_drive
2025-07-02,Balasore,15.3,24.8,True,gastroenteritis,0.8,True,measles_drive
2025-07-02,Mayurbhanj,44.0,28.2,True,gastroenteritis,0.82,True,general_immunization
2025-07-02,Ganjam,143.9,28.4,False,none,0.0,True,measles_drive
2025-07-02,Kamrup,101.5,36.9,False,none,0.0,True,general_immunization
2025-07-02,Dibrugarh,35.1,35.3,False,none,0.0,True,measles_drive
2025-07-02,Cachar,183.9,36.2,False,none,0.0,True,tetanus_drive
2025-07-02,Jorhat,92.5,33.8,False,none,0.0,True,measles_drive
2025-07-02,Nagaon,137.0,33.4,True,gastroenteritis,0.96,True,measles_drive
2025-07-02,Sonitpur,150.8,32.6,False,none,0.0,True,general_immunization
2025-07-03,Vellore,1.0,32.0,False,none,0.0,False,none
2025-07-03,Krishnagiri,5.5,27.8,False,none,0.0,False,none
2025-07-03,Tiruvannamalai,5.9,32.2,False,none,0.0,False,none
2025-07-03,Salem,0.8,26.9,False,none,0.0,False,none
2025-07-03,Madurai,2.9,31.9,False,none,0.0,False,none
2025-07-03,Coimbatore,4.4,32.7,False,none,0.0,False,none
2025-07-03,Pune,82.6,24.1,False,none,0.0,False,none
2025-07-03,Nagpur,92.4,29.5,False,none,0.0,False,none
2025-07-03,Nashik,56.1,24.3,False,none,0.0,False,none
2025-07-03,Chhatrapati Sambhajinagar,29.1,32.2,False,none,0.0,False,none
2025-07-03,Thane,23.0,27.9,False,none,0.0,False,none
2025-07-03,Amravati,119.8,29.6,False,none,0.0,False,none
2025-07-03,Jaipur,24.3,32.3,False,none,0.0,False,none
2025-07-03,Jodhpur,24.5,25.2,False,none,0.0,False,none
2025-07-03,Bikaner,5.2,32.5,False,none,0.0,False,none
2025-07-03,Udaipur,8.8,27.7,False,none,0.0,False,none
2025-07-03,Kota,41.1,26.5,False,none,0.0,False,none
2025-07-03,Barmer,6.2,29.0,False,none,0.0,False,none
2025-07-03,Khordha,65.6,28.6,True,gastroenteritis,0.82,False,none
2025-07-03,Cuttack,26.3,27.6,False,none,0.0,False,none
2025-07-03,Puri,55.3,25.3,True,gastroenteritis,0.75,False,none
2025-07-03,Balasore,71.9,30.0,True,gastroenteritis,0.8,False,none
2025-07-03,Mayurbhanj,149.9,30.6,False,none,0.0,False,none
2025-07-03,Ganjam,51.0,29.8,False,none,0.0,False,none
2025-07-03,Kamrup,97.5,34.3,False,none,0.0,False,none
2025-07-03,Dibrugarh,229.1,34.3,True,gastroenteritis,0.92,False,none
2025-07-03,Cachar,51.4,39.1,False,none,0.0,False,none
2025-07-03,Jorhat,88.6,34.0,False,none,0.0,False,none
2025-07-03,Nagaon,185.8,32.4,True,gastroenteritis,0.96,False,none
2025-07-03,Sonitpur,108.6,33.4,False,none,0.0,False,none
2025-07-04,Vellore,0.2,31.5,False,none,0.0,False,none
2025-07-04,Krishnagiri,5.4,30.3,False,none,0.0,False,none
2025-07-04,Tiruvannamalai,11.0,29.0,False,none,0.0,False,none
2025-07-04,Salem,8.8,33.9,False,none,0.0,False,none
2025-07-04,Madurai,1.7,28.3,False,none,0.0,False,none
2025-07-04,Coimbatore,5.0,24.9,False,none,0.0,False,none
2025-07-04,Pune,37.0,30.4,False,none,0.0,False,none
2025-07-04,Nagpur,36.8,32.6,False,none,0.0,False,none
2025-07-04,Nashik,7.6,24.6,False,none,0.0,False,none
2025-07-04,Chhatrapati Sambhajinagar,42.3,30.7,False,none,0.0,False,none
2025-07-04,Thane,23.6,31.9,False,none,0.0,False,none
2025-07-04,Amravati,15.4,31.8,False,none,0.0,False,none
2025-07-04,Jaipur,4.1,22.8,False,none,0.0,False,none
2025-07-04,Jodhpur,4.6,24.0,False,none,0.0,False,none
2025-07-04,Bikaner,8.3,22.6,False,none,0.0,False,none
2025-07-04,Udaipur,16.6,25.4,False,none,0.0,False,none
2025-07-04,Kota,5.1,25.3,False,none,0.0,False,none
2025-07-04,Barmer,6.8,22.9,False,none,0.0,False,none
2025-07-04,Khordha,96.4,23.1,True,gastroenteritis,0.82,False,none
2025-07-04,Cuttack,69.9,26.7,False,none,0.0,False,none
2025-07-04,Puri,79.6,27.2,True,gastroenteritis,0.75,False,none
2025-07-04,Balasore,95.1,27.9,True,gastroenteritis,0.8,False,none
2025-07-04,Mayurbhanj,24.9,34.0,False,none,0.0,False,none
2025-07-04,Ganjam,23.0,33.3,False,none,0.0,False,none
2025-07-04,Kamrup,84.9,34.0,False,none,0.0,False,none
2025-07-04,Dibrugarh,110.2,34.3,True,gastroenteritis,0.92,False,none
2025-07-04,Cachar,187.4,30.4,False,none,0.0,False,none
2025-07-04,Jorhat,39.3,37.4,False,none,0.0,False,none
2025-07-04,Nagaon,98.3,33.3,True,gastroenteritis,0.96,False,none
2025-07-04,Sonitpur,111.2,35.3,False,none,0.0,False,none
2025-07-05,Vellore,0.7,31.8,False,none,0.0,False,none
2025-07-05,Krishnagiri,5.0,26.0,False,none,0.0,False,none
2025-07-05,Tiruvannamalai,0.2,28.3,False,none,0.0,False,none
2025-07-05,Salem,0.6,26.6,False,none,0.0,False,none
2025-07-05,Madurai,2.4,25.0,False,none,0.0,False,none
2025-07-05,Coimbatore,2.2,29.4,False,none,0.0,False,none
2025-07-05,Pune,16.1,25.0,False,none,0.0,False,none
2025-07-05,Nagpur,6.5,33.1,False,none,0.0,False,none
2025-07-05,Nashik,40.5,26.9,False,none,0.0,False,none
2025-07-05,Chhatrapati Sambhajinagar,10.9,26.2,False,none,0.0,False,none
2025-07-05,Thane,38.5,33.5,False,none,0.0,False,none
2025-07-05,Amravati,29.6,28.2,False,none,0.0,False,none
2025-07-05,Jaipur,8.4,27.5,False,none,0.0,False,none
2025-07-05,Jodhpur,4.8,24.6,False,none,0.0,False,none
2025-07-05,Bikaner,2.4,24.4,False,none,0.0,False,none
2025-07-05,Udaipur,5.2,24.6,False,none,0.0,False,none
2025-07-05,Kota,7.3,30.9,False,none,0.0,False,none
2025-07-05,Barmer,20.0,23.8,False,none,0.0,False,none
2025-07-05,Khordha,204.5,36.0,True,gastroenteritis,0.82,False,none
2025-07-05,Cuttack,108.6,28.2,False,none,0.0,False,none
2025-07-05,Puri,72.3,30.4,False,none,0.0,False,none
2025-07-05,Balasore,30.1,29.4,True,gastroenteritis,0.8,False,none
2025-07-05,Mayurbhanj,38.7,25.4,False,none,0.0,False,none
2025-07-05,Ganjam,78.9,23.6,False,none,0.0,False,none
2025-07-05,Kamrup,108.7,37.3,False,none,0.0,False,none
2025-07-05,Dibrugarh,118.6,34.5,True,gastroenteritis,0.92,False,none
2025-07-05,Cachar,73.6,36.4,False,none,0.0,False,none
2025-07-05,Jorhat,60.4,33.0,False,none,0.0,False,none
2025-07-05,Nagaon,127.4,30.9,True,gastroenteritis,0.96,False,none
2025-07-05,Sonitpur,135.8,34.7,False,none,0.0,False,none
2025-07-06,Vellore,1.3,29.0,False,none,0.0,False,none
2025-07-06,Krishnagiri,6.8,25.8,False,none,0.0,False,none
2025-07-06,Tiruvannamalai,2.4,35.9,False,none,0.0,False,none
2025-07-06,Salem,0.8,27.2,False,none,0.0,False,none
2025-07-06,Madurai,14.0,32.3,False,none,0.0,False,none
2025-07-06,Coimbatore,1.1,28.2,False,none,0.0,False,none
2025-07-06,Pune,27.7,27.6,False,none,0.0,False,none
2025-07-06,Nagpur,28.7,27.3,False,none,0.0,False,none
2025-07-06,Nashik,43.4,23.8,False,none,0.0,False,none
2025-07-06,Chhatrapati Sambhajinagar,44.5,26.3,False,none,0.0,False,none
2025-07-06,Thane,53.9,28.7,False,none,0.0,False,none
2025-07-06,Amravati,43.3,32.2,False,none,0.0,False,none
2025-07-06,Jaipur,0.1,27.7,False,none,0.0,False,none
2025-07-06,Jodhpur,4.1,27.4,False,none,0.0,False,none
2025-07-06,Bikaner,2.3,31.3,False,none,0.0,False,none
2025-07-06,Udaipur,6.6,22.2,False,none,0.0,False,none
2025-07-06,Kota,7.7,28.1,False,none,0.0,False,none
2025-07-06,Barmer,5.2,29.8,False,none,0.0,False,none
2025-07-06,Khordha,70.9,26.9,True,gastroenteritis,0.82,False,none
2025-07-06,Cuttack,121.3,31.7,False,none,0.0,False,none
2025-07-06,Puri,78.6,26.3,False,none,0.0,False,none
2025-07-06,Balasore,17.9,31.5,True,gastroenteritis,0.8,False,none
2025-07-06,Mayurbhanj,71.5,30.4,False,none,0.0,False,none
2025-07-06,Ganjam,85.3,33.1,False,none,0.0,False,none
2025-07-06,Kamrup,56.9,38.5,False,none,0.0,False,none
2025-07-06,Dibrugarh,147.5,33.2,True,gastroenteritis,0.92,False,none
2025-07-06,Cachar,84.6,39.4,False,none,0.0,False,none
2025-07-06,Jorhat,110.5,32.7,False,none,0.0,False,none
2025-07-06,Nagaon,165.1,31.9,False,none,0.0,False,none
2025-07-06,Sonitpur,73.3,30.0,False,none,0.0,False,none
2025-07-07,Vellore,1.3,33.0,False,none,0.0,False,none
2025-07-07,Krishnagiri,0.5,29.6,False,none,0.0,False,none
2025-07-07,Tiruvannamalai,2.1,29.9,False,none,0.0,False,none
2025-07-07,Salem,6.8,29.7,False,none,0.0,False,none
2025-07-07,Madurai,0.6,32.5,False,none,0.0,False,none
2025-07-07,Coimbatore,4.2,27.1,False,none,0.0,False,none
2025-07-07,Pune,24.6,26.0,False,none,0.0,False,none
2025-07-07,Nagpur,41.9,21.4,False,none,0.0,False,none
2025-07-07,Nashik,15.5,28.4,False,none,0.0,False,none
2025-07-07,Chhatrapati Sambhajinagar,88.4,31.5,False,none,0.0,False,none
2025-07-07,Thane,9.9,26.9,False,none,0.0,False,none
2025-07-07,Amravati,23.2,30.0,False,none,0.0,False,none
2025-07-07,Jaipur,3.9,32.8,False,none,0.0,False,none
2025-07-07,Jodhpur,4.1,27.3,False,none,0.0,False,none
2025-07-07,Bikaner,3.3,24.1,False,none,0.0,False,none
2025-07-07,Udaipur,10.9,31.7,False,none,0.0,False,none
2025-07-07,Kota,2.7,27.9,False,none,0.0,False,none
2025-07-07,Barmer,0.2,27.2,False,none,0.0,False,none
2025-07-07,Khordha,77.8,30.4,True,gastroenteritis,0.82,False,none
2025-07-07,Cuttack,88.6,32.2,False,none,0.0,False,none
2025-07-07,Puri,23.9,27.0,False,none,0.0,False,none
2025-07-07,Balasore,116.5,28.9,True,gastroenteritis,0.8,False,none
2025-07-07,Mayurbhanj,104.5,29.0,False,none,0.0,False,none
2025-07-07,Ganjam,57.8,30.9,False,none,0.0,False,none
2025-07-07,Kamrup,143.7,35.3,False,none,0.0,False,none
2025-07-07,Dibrugarh,53.5,33.1,True,gastroenteritis,0.92,False,none
2025-07-07,Cachar,86.5,31.0,False,none,0.0,False,none
2025-07-07,Jorhat,57.3,37.8,False,none,0.0,False,none
2025-07-07,Nagaon,134.4,31.3,False,none,0.0,False,none
2025-07-07,Sonitpur,82.2,35.7,False,none,0.0,False,none
2025-07-08,Vellore,2.6,24.0,False,none,0.0,False,none
2025-07-08,Krishnagiri,1.4,28.6,False,none,0.0,False,none
2025-07-08,Tiruvannamalai,5.3,31.2,False,none,0.0,False,none
2025-07-08,Salem,1.8,30.5,False,none,0.0,False,none
2025-07-08,Madurai,1.0,30.9,False,none,0.0,False,none
2025-07-08,Coimbatore,5.5,28.0,False,none,0.0,False,none
2025-07-08,Pune,47.4,28.1,False,none,0.0,False,none
2025-07-08,Nagpur,53.5,25.8,False,none,0.0,False,none
2025-07-08,Nashik,40.6,27.5,False,none,0.0,False,none
2025-07-08,Chhatrapati Sambhajinagar,11.5,29.7,False,none,0.0,False,none
2025-07-08,Thane,25.3,26.2,False,none,0.0,False,none
2025-07-08,Amravati,43.2,31.2,False,none,0.0,False,none
2025-07-08,Jaipur,11.2,25.2,False,none,0.0,False,none
2025-07-08,Jodhpur,2.8,23.4,False,none,0.0,False,none
2025-07-08,Bikaner,2.8,24.9,False,none,0.0,False,none
2025-07-08,Udaipur,38.0,23.6,False,none,0.0,False,none
2025-07-08,Kota,0.2,29.7,False,none,0.0,False,none
2025-07-08,Barmer,18.5,23.2,False,none,0.0,False,none
2025-07-08,Khordha,66.6,26.8,True,gastroenteritis,0.82,False,none
2025-07-08,Cuttack,86.4,33.7,False,none,0.0,False,none
2025-07-08,Puri,62.1,27.7,False,none,0.0,False,none
2025-07-08,Balasore,114.3,29.3,True,gastroenteritis,0.8,False,none
2025-07-08,Mayurbhanj,118.2,28.0,False,none,0.0,False,none
2025-07-08,Ganjam,28.4,25.4,False,none,0.0,False,none
2025-07-08,Kamrup,71.9,36.5,False,none,0.0,False,none
2025-07-08,Dibrugarh,92.0,30.5,True,gastroenteritis,0.92,False,none
2025-07-08,Cachar,96.9,33.9,False,none,0.0,False,none
2025-07-08,Jorhat,97.7,33.4,False,none,0.0,False,none
2025-07-08,Nagaon,92.5,35.8,False,none,0.0,False,none
2025-07-08,Sonitpur,128.5,36.1,False,none,0.0,False,none
2025-07-09,Vellore,2.4,30.4,False,none,0.0,False,none
2025-07-09,Krishnagiri,1.2,30.0,False,none,0.0,False,none
2025-07-09,Tiruvannamalai,0.3,28.2,False,none,0.0,False,none
2025-07-09,Salem,2.3,31.7,False,none,0.0,False,none
2025-07-09,Madurai,0.3,31.4,False,none,0.0,False,none
2025-07-09,Coimbatore,3.8,30.4,False,none,0.0,False,none
2025-07-09,Pune,29.0,23.4,False,none,0.0,False,none
2025-07-09,Nagpur,21.8,32.4,False,none,0.0,False,none
2025-07-09,Nashik,46.4,30.4,False,none,0.0,False,none
2025-07-09,Chhatrapati Sambhajinagar,66.6,26.3,False,none,0.0,False,none
2025-07-09,Thane,11.2,34.0,False,none,0.0,False,none
2025-07-09,Amravati,27.8,28.7,False,none,0.0,False,none
2025-07-09,Jaipur,4.6,22.7,False,none,0.0,False,none
2025-07-09,Jodhpur,11.7,24.1,False,none,0.0,False,none
2025-07-09,Bikaner,0.8,24.8,False,none,0.0,False,none
2025-07-09,Udaipur,21.4,36.3,False,none,0.0,False,none
2025-07-09,Kota,10.8,23.5,False,none,0.0,False,none
2025-07-09,Barmer,4.3,25.8,False,none,0.0,False,none
2025-07-09,Khordha,56.4,32.1,True,gastroenteritis,0.82,False,none
2025-07-09,Cuttack,147.9,23.4,False,none,0.0,False,none
2025-07-09,Puri,24.6,26.9,False,none,0.0,False,none
2025-07-09,Balasore,105.0,28.9,True,gastroenteritis,0.8,False,none
2025-07-09,Mayurbhanj,105.3,31.6,False,none,0.0,False,none
2025-07-09,Ganjam,66.5,26.9,False,none,0.0,False,none
2025-07-09,Kamrup,67.1,34.2,False,none,0.0,False,none
2025-07-09,Dibrugarh,85.5,33.6,True,gastroenteritis,0.92,False,none
2025-07-09,Cachar,72.2,30.6,False,none,0.0,False,none
2025-07-09,Jorhat,138.2,34.7,False,none,0.0,False,none
2025-07-09,Nagaon,39.6,33.5,False,none,0.0,False,none
2025-07-09,Sonitpur,150.0,32.0,False,none,0.0,False,none
2025-07-10,Vellore,0.5,30.6,False,none,0.0,False,none
2025-07-10,Krishnagiri,4.7,32.3,False,none,0.0,False,none
2025-07-10,Tiruvannamalai,0.3,27.2,False,none,0.0,False,none
2025-07-10,Salem,5.2,22.7,False,none,0.0,False,none
2025-07-10,Madurai,6.7,30.7,False,none,0.0,False,none
2025-07-10,Coimbatore,0.0,33.2,False,none,0.0,False,none
2025-07-10,Pune,86.4,26.5,False,none,0.0,False,none
2025-07-10,Nagpur,25.8,28.8,False,none,0.0,False,none
2025-07-10,Nashik,26.6,28.6,False,none,0.0,False,none
2025-07-10,Chhatrapati Sambhajinagar,11.5,32.1,False,none,0.0,False,none
2025-07-10,Thane,57.8,26.8,False,none,0.0,False,none
2025-07-10,Amravati,107.5,36.9,False,none,0.0,False,none
2025-07-10,Jaipur,7.8,23.5,False,none,0.0,False,none
2025-07-10,Jodhpur,2.8,23.9,False,none,0.0,False,none
2025-07-10,Bikaner,17.6,27.4,False,none,0.0,False,none
2025-07-10,Udaipur,14.7,24.9,False,none,0.0,False,none
2025-07-10,Kota,14.6,21.9,False,none,0.0,False,none
2025-07-10,Barmer,7.4,26.5,False,none,0.0,False,none
2025-07-10,Khordha,59.5,29.4,True,gastroenteritis,0.82,False,none
2025-07-10,Cuttack,111.2,27.8,False,none,0.0,False,none
2025-07-10,Puri,40.4,27.4,False,none,0.0,False,none
2025-07-10,Balasore,63.7,32.3,True,gastroenteritis,0.8,False,none
2025-07-10,Mayurbhanj,92.4,28.7,False,none,0.0,False,none
2025-07-10,Ganjam,35.0,24.4,False,none,0.0,False,none
2025-07-10,Kamrup,133.1,31.9,True,gastroenteritis,0.85,False,none
2025-07-10,Dibrugarh,64.6,34.3,True,gastroenteritis,0.92,False,none
2025-07-10,Cachar,128.4,31.7,True,gastroenteritis,0.79,False,none
2025-07-10,Jorhat,113.0,32.0,False,none,0.0,False,none
2025-07-10,Nagaon,74.5,33.3,False,none,0.0,False,none
2025-07-10,Sonitpur,78.4,35.4,False,none,0.0,False,none
2025-07-11,Vellore,1.5,27.2,False,none,0.0,False,none
2025-07-11,Krishnagiri,5.3,35.4,False,none,0.0,False,none
2025-07-11,Tiruvannamalai,2.7,30.2,False,none,0.0,False,none
2025-07-11,Salem,3.0,28.5,False,none,0.0,False,none
2025-07-11,Madurai,0.2,26.7,False,none,0.0,False,none
2025-07-11,Coimbatore,2.7,33.9,False,none,0.0,False,none
2025-07-11,Pune,36.5,24.9,False,none,0.0,False,none
2025-07-11,Nagpur,36.4,29.7,True,dengue,0.65,False,none
2025-07-11,Nashik,59.7,25.9,False,none,0.0,False,none
2025-07-11,Chhatrapati Sambhajinagar,26.6,32.8,False,none,0.0,False,none
2025-07-11,Thane,22.8,29.5,False,none,0.0,False,none
2025-07-11,Amravati,52.9,25.8,False,none,0.0,False,none
2025-07-11,Jaipur,28.7,25.6,False,none,0.0,False,none
2025-07-11,Jodhpur,17.5,29.1,False,none,0.0,False,none
2025-07-11,Bikaner,0.2,25.5,False,none,0.0,False,none
2025-07-11,Udaipur,10.1,28.1,True,malaria,0.7,False,none
2025-07-11,Kota,1.0,29.0,False,none,0.0,False,none
2025-07-11,Barmer,5.6,27.8,False,none,0.0,False,none
2025-07-11,Khordha,112.0,25.8,True,gastroenteritis,0.82,False,none
2025-07-11,Cuttack,158.4,31.2,False,none,0.0,False,none
2025-07-11,Puri,96.3,31.4,False,none,0.0,False,none
2025-07-11,Balasore,60.3,27.9,True,gastroenteritis,0.8,False,none
2025-07-11,Mayurbhanj,70.2,29.5,False,none,0.0,False,none
2025-07-11,Ganjam,33.3,29.4,False,none,0.0,False,none
2025-07-11,Kamrup,104.3,34.5,True,gastroenteritis,0.85,False,none
2025-07-11,Dibrugarh,77.9,35.6,True,gastroenteritis,0.92,False,none
2025-07-11,Cachar,209.8,33.7,True,gastroenteritis,0.79,False,none
2025-07-11,Jorhat,64.7,36.2,False,none,0.0,False,none
2025-07-11,Nagaon,172.8,34.0,False,none,0.0,False,none
2025-07-11,Sonitpur,152.5,32.5,False,none,0.0,False,none
2025-07-12,Vellore,27.4,30.8,False,none,0.0,False,none
2025-07-12,Krishnagiri,2.2,27.8,False,none,0.0,False,none
2025-07-12,Tiruvannamalai,2.6,30.5,False,none,0.0,False,none
2025-07-12,Salem,2.7,32.0,False,none,0.0,False,none
2025-07-12,Madurai,14.2,29.8,False,none,0.0,False,none
2025-07-12,Coimbatore,0.6,28.8,False,none,0.0,False,none
2025-07-12,Pune,65.7,26.2,False,none,0.0,False,none
2025-07-12,Nagpur,100.1,30.6,True,dengue,0.65,False,none
2025-07-12,Nashik,19.9,30.4,False,none,0.0,False,none
2025-07-12,Chhatrapati Sambhajinagar,57.2,30.3,False,none,0.0,False,none
2025-07-12,Thane,28.4,25.7,False,none,0.0,False,none
2025-07-12,Amravati,25.1,25.6,False,none,0.0,False,none
2025-07-12,Jaipur,1.7,25.5,True,malaria,0.58,False,none
2025-07-12,Jodhpur,0.7,30.2,False,none,0.0,False,none
2025-07-12,Bikaner,2.8,23.7,False,none,0.0,False,none
2025-07-12,Udaipur,1.6,30.1,True,malaria,0.7,False,none
2025-07-12,Kota,5.5,22.9,False,none,0.0,False,none
2025-07-12,Barmer,14.5,26.9,False,none,0.0,False,none
2025-07-12,Khordha,121.5,27.4,True,gastroenteritis,0.82,False,none
2025-07-12,Cuttack,71.0,27.4,False,none,0.0,False,none
2025-07-12,Puri,145.0,29.4,False,none,0.0,False,none
2025-07-12,Balasore,80.6,30.8,True,gastroenteritis,0.8,False,none
2025-07-12,Mayurbhanj,107.4,28.6,False,none,0.0,False,none
2025-07-12,Ganjam,110.7,29.8,False,none,0.0,False,none
2025-07-12,Kamrup,104.7,30.6,True,gastroenteritis,0.85,False,none
2025-07-12,Dibrugarh,168.5,30.8,True,gastroenteritis,0.92,False,none
2025-07-12,Cachar,122.6,35.4,True,gastroenteritis,0.79,False,none
2025-07-12,Jorhat,103.1,34.7,False,none,0.0,False,none
2025-07-12,Nagaon,37.9,39.5,False,none,0.0,False,none
2025-07-12,Sonitpur,145.7,32.8,False,none,0.0,False,none
2025-07-13,Vellore,0.3,26.7,False,none,0.0,False,none
2025-07-13,Krishnagiri,1.8,28.0,False,none,0.0,False,none
2025-07-13,Tiruvannamalai,0.3,26.5,False,none,0.0,False,none
2025-07-13,Salem,4.3,31.3,False,none,0.0,False,none
2025-07-13,Madurai,2.6,31.1,False,none,0.0,False,none
2025-07-13,Coimbatore,2.1,32.1,False,none,0.0,False,none
2025-07-13,Pune,17.5,27.8,False,none,0.0,False,none
2025-07-13,Nagpur,65.1,29.8,True,dengue,0.65,False,none
2025-07-13,Nashik,63.6,30.7,False,none,0.0,False,none
2025-07-13,Chhatrapati Sambhajinagar,30.4,31.6,False,none,0.0,False,none
2025-07-13,Thane,38.7,27.2,True,dengue,0.8,False,none
2025-07-13,Amravati,124.3,28.4,False,none,0.0,False,none
2025-07-13,Jaipur,3.5,30.9,True,malaria,0.58,False,none
2025-07-13,Jodhpur,6.7,26.2,False,none,0.0,False,none
2025-07-13,Bikaner,16.5,27.1,True,malaria,0.66,False,none
2025-07-13,Udaipur,16.5,26.3,True,malaria,0.7,False,none
2025-07-13,Kota,2.9,35.4,False,none,0.0,False,none
2025-07-13,Barmer,22.5,26.7,False,none,0.0,False,none
2025-07-13,Khordha,108.3,31.2,True,gastroenteritis,0.82,False,none
2025-07-13,Cuttack,48.9,30.3,False,none,0.0,False,none
2025-07-13,Puri,24.0,34.1,False,none,0.0,False,none
2025-07-13,Balasore,60.3,31.3,True,gastroenteritis,0.8,False,none
2025-07-13,Mayurbhanj,30.8,27.3,False,none,0.0,False,none
2025-07-13,Ganjam,70.7,25.5,False,none,0.0,False,none
2025-07-13,Kamrup,93.1,35.5,True,gastroenteritis,0.85,False,none
2025-07-13,Dibrugarh,96.1,32.6,True,gastroenteritis,0.92,False,none
2025-07-13,Cachar,72.6,33.4,True,gastroenteritis,0.79,False,none
2025-07-13,Jorhat,104.2,36.0,True,gastroenteritis,0.95,False,none
2025-07-13,Nagaon,140.0,31.6,False,none,0.0,False,none
2025-07-13,Sonitpur,137.9,34.5,True,gastroenteritis,0.75,False,none
2025-07-14,Vellore,4.9,24.9,False,none,0.0,False,none
2025-07-14,Krishnagiri,2.1,31.7,False,none,0.0,False,none
2025-07-14,Tiruvannamalai,0.2,29.1,False,none,0.0,False,none
2025-07-14,Salem,4.8,28.3,False,none,0.0,False,none
2025-07-14,Madurai,0.7,32.0,False,none,0.0,False,none
2025-07-14,Coimbatore,6.2,28.5,False,none,0.0,False,none
2025-07-14,Pune,44.7,24.8,False,none,0.0,False,none
2025-07-14,Nagpur,17.5,25.1,True,dengue,0.65,False,none
2025-07-14,Nashik,88.5,34.4,False,none,0.0,False,none
2025-07-14,Chhatrapati Sambhajinagar,70.0,34.7,False,none,0.0,False,none
2025-07-14,Thane,36.8,27.6,True,dengue,0.8,False,none
2025-07-14,Amravati,64.0,32.4,False,none,0.0,False,none
2025-07-14,Jaipur,16.6,28.4,True,malaria,0.58,False,none
2025-07-14,Jodhpur,20.4,26.7,False,none,0.0,False,none
2025-07-14,Bikaner,1.4,33.0,True,malaria,0.66,False,none
2025-07-14,Udaipur,2.6,26.8,True,malaria,0.7,False,none
2025-07-14,Kota,5.4,29.3,False,none,0.0,False,none
2025-07-14,Barmer,6.0,23.8,False,none,0.0,False,none
2025-07-14,Khordha,46.2,28.5,True,gastroenteritis,0.82,False,none
2025-07-14,Cuttack,173.6,32.5,False,none,0.0,False,none
2025-07-14,Puri,55.9,32.2,False,none,0.0,False,none
2025-07-14,Balasore,50.4,31.4,False,none,0.0,False,none
2025-07-14,Mayurbhanj,102.8,29.0,False,none,0.0,False,none
2025-07-14,Ganjam,75.6,28.0,False,none,0.0,False,none
2025-07-14,Kamrup,157.5,31.0,True,gastroenteritis,0.85,False,none
2025-07-14,Dibrugarh,98.2,31.9,True,gastroenteritis,0.92,False,none
2025-07-14,Cachar,93.5,35.2,True,gastroenteritis,0.79,False,none
2025-07-14,Jorhat,53.1,30.4,True,gastroenteritis,0.95,False,none
2025-07-14,Nagaon,53.7,31.3,False,none,0.0,False,none
2025-07-14,Sonitpur,52.9,32.3,True,gastroenteritis,0.75,False,none
2025-07-15,Vellore,1.5,30.6,False,none,0.0,False,none
2025-07-15,Krishnagiri,0.6,35.6,False,none,0.0,False,none
2025-07-15,Tiruvannamalai,5.0,27.0,False,none,0.0,False,none
2025-07-15,Salem,0.5,29.8,False,none,0.0,False,none
2025-07-15,Madurai,4.8,30.2,False,none,0.0,False,none
2025-07-15,Coimbatore,1.1,34.7,False,none,0.0,False,none
2025-07-15,Pune,127.4,26.8,False,none,0.0,False,none
2025-07-15,Nagpur,11.8,29.7,True,dengue,0.65,False,none
2025-07-15,Nashik,56.7,25.6,False,none,0.0,False,none
2025-07-15,Chhatrapati Sambhajinagar,114.4,28.0,False,none,0.0,False,none
2025-07-15,Thane,69.2,33.5,True,dengue,0.8,False,none
2025-07-15,Amravati,51.2,30.3,False,none,0.0,False,none
2025-07-15,Jaipur,12.7,29.6,True,malaria,0.58,False,none
2025-07-15,Jodhpur,1.1,31.8,False,none,0.0,False,none
2025-07-15,Bikaner,2.3,28.2,True,malaria,0.66,False,none
2025-07-15,Udaipur,23.8,22.5,True,malaria,0.7,False,none
2025-07-15,Kota,29.1,27.4,False,none,0.0,False,none
2025-07-15,Barmer,5.6,26.6,False,none,0.0,False,none
2025-07-15,Khordha,31.4,26.7,True,gastroenteritis,0.82,False,none
2025-07-15,Cuttack,46.9,27.9,False,none,0.0,False,none
2025-07-15,Puri,85.1,29.8,False,none,0.0,False,none
2025-07-15,Balasore,72.5,26.5,False,none,0.0,False,none
2025-07-15,Mayurbhanj,17.5,28.4,False,none,0.0,False,none
2025-07-15,Ganjam,45.5,27.3,False,none,0.0,False,none
2025-07-15,Kamrup,107.5,34.9,True,gastroenteritis,0.85,False,none
2025-07-15,Dibrugarh,83.9,31.2,True,gastroenteritis,0.92,False,none
2025-07-15,Cachar,42.8,34.1,True,gastroenteritis,0.79,False,none
2025-07-15,Jorhat,112.1,33.1,True,gastroenteritis,0.95,False,none
2025-07-15,Nagaon,29.4,30.8,False,none,0.0,False,none
2025-07-15,Sonitpur,92.1,32.5,True,gastroenteritis,0.75,False,none
2025-07-16,Vellore,1.0,29.1,False,none,0.0,False,none
2025-07-16,Krishnagiri,11.0,30.7,False,none,0.0,False,none
2025-07-16,Tiruvannamalai,0.1,29.1,False,none,0.0,False,none
2025-07-16,Salem,2.1,28.2,False,none,0.0,False,none
2025-07-16,Madurai,0.7,28.0,False,none,0.0,False,none
2025-07-16,Coimbatore,0.1,33.3,False,none,0.0,False,none
2025-07-16,Pune,82.7,29.8,False,none,0.0,False,none
2025-07-16,Nagpur,23.4,25.2,True,dengue,0.65,False,none
2025-07-16,Nashik,36.7,28.5,False,none,0.0,False,none
2025-07-16,Chhatrapati Sambhajinagar,9.3,27.1,False,none,0.0,False,none
2025-07-16,Thane,46.2,25.7,True,dengue,0.8,False,none
2025-07-16,Amravati,96.8,26.7,False,none,0.0,False,none
2025-07-16,Jaipur,2.5,20.9,True,malaria,0.58,False,none
2025-07-16,Jodhpur,1.1,30.7,False,none,0.0,False,none
2025-07-16,Bikaner,19.6,27.0,True,malaria,0.66,False,none
2025-07-16,Udaipur,12.5,21.8,True,malaria,0.7,False,none
2025-07-16,Kota,11.1,30.0,False,none,0.0,False,none
2025-07-16,Barmer,9.6,26.5,False,none,0.0,False,none
2025-07-16,Khordha,59.2,30.8,True,gastroenteritis,0.82,False,none
2025-07-16,Cuttack,121.3,31.2,False,none,0.0,False,none
2025-07-16,Puri,47.0,25.2,False,none,0.0,False,none
2025-07-16,Balasore,64.1,28.2,False,none,0.0,False,none
2025-07-16,Mayurbhanj,93.7,31.6,False,none,0.0,False,none
2025-07-16,Ganjam,43.6,26.8,False,none,0.0,False,none
2025-07-16,Kamrup,28.2,31.0,True,gastroenteritis,0.85,False,none
2025-07-16,Dibrugarh,82.5,30.8,True,gastroenteritis,0.92,False,none
2025-07-16,Cachar,74.4,34.3,True,gastroenteritis,0.79,False,none
2025-07-16,Jorhat,98.9,37.1,True,gastroenteritis,0.95,False,none
2025-07-16,Nagaon,71.9,36.1,False,none,0.0,False,none
2025-07-16,Sonitpur,71.5,34.4,True,gastroenteritis,0.75,False,none
2025-07-17,Vellore,4.1,30.7,False,none,0.0,False,none
2025-07-17,Krishnagiri,3.2,29.9,False,none,0.0,False,none
2025-07-17,Tiruvannamalai,0.6,32.9,False,none,0.0,False,none
2025-07-17,Salem,4.4,29.4,False,none,0.0,False,none
2025-07-17,Madurai,4.6,31.5,False,none,0.0,False,none
2025-07-17,Coimbatore,1.0,30.4,False,none,0.0,False,none
2025-07-17,Pune,53.4,30.2,False,none,0.0,False,none
2025-07-17,Nagpur,58.9,28.7,True,dengue,0.65,False,none
2025-07-17,Nashik,40.5,25.6,False,none,0.0,False,none
2025-07-17,Chhatrapati Sambhajinagar,13.7,26.6,False,none,0.0,False,none
2025-07-17,Thane,85.8,28.0,True,dengue,0.8,False,none
2025-07-17,Amravati,33.2,29.1,False,none,0.0,False,none
2025-07-17,Jaipur,19.0,24.5,True,malaria,0.58,False,none
2025-07-17,Jodhpur,6.8,18.6,False,none,0.0,False,none
2025-07-17,Bikaner,6.3,27.7,True,malaria,0.66,False,none
2025-07-17,Udaipur,9.2,32.6,True,malaria,0.7,False,none
2025-07-17,Kota,13.0,26.5,False,none,0.0,False,none
2025-07-17,Barmer,9.7,32.2,False,none,0.0,False,none
2025-07-17,Khordha,120.0,31.5,False,none,0.0,False,none
2025-07-17,Cuttack,37.9,28.6,False,none,0.0,False,none
2025-07-17,Puri,40.3,28.5,False,none,0.0,False,none
2025-07-17,Balasore,15.7,31.1,False,none,0.0,False,none
2025-07-17,Mayurbhanj,73.6,22.4,False,none,0.0,False,none
2025-07-17,Ganjam,69.5,29.9,False,none,0.0,False,none
2025-07-17,Kamrup,63.7,35.6,True,gastroenteritis,0.85,False,none
2025-07-17,Dibrugarh,114.5,33.2,True,gastroenteritis,0.92,False,none
2025-07-17,Cachar,73.8,35.3,True,gastroenteritis,0.79,False,none
2025-07-17,Jorhat,71.1,34.5,True,gastroenteritis,0.95,False,none
2025-07-17,Nagaon,62.6,38.8,False,none,0.0,False,none
2025-07-17,Sonitpur,56.6,34.2,True,gastroenteritis,0.75,False,none
2025-07-18,Vellore,5.2,29.5,False,none,0.0,False,none
2025-07-18,Krishnagiri,0.1,32.4,False,none,0.0,False,none
2025-07-18,Tiruvannamalai,2.8,24.8,False,none,0.0,False,none
2025-07-18,Salem,2.6,32.7,False,none,0.0,False,none
2025-07-18,Madurai,3.6,24.7,False,none,0.0,False,none
2025-07-18,Coimbatore,2.7,33.9,False,none,0.0,False,none
2025-07-18,Pune,15.4,24.7,False,none,0.0,False,none
2025-07-18,Nagpur,53.6,30.8,True,dengue,0.65,False,none
2025-07-18,Nashik,76.5,25.7,False,none,0.0,False,none
2025-07-18,Chhatrapati Sambhajinagar,40.0,31.2,False,none,0.0,False,none
2025-07-18,Thane,25.6,29.3,True,dengue,0.8,False,none
2025-07-18,Amravati,55.1,23.9,False,none,0.0,False,none
2025-07-18,Jaipur,16.1,26.3,True,malaria,0.58,False,none
2025-07-18,Jodhpur,5.3,28.6,False,none,0.0,False,none
2025-07-18,Bikaner,2.6,26.8,True,malaria,0.66,False,none
2025-07-18,Udaipur,8.7,30.9,True,malaria,0.7,False,none
2025-07-18,Kota,4.5,28.5,False,none,0.0,False,none
2025-07-18,Barmer,17.5,28.0,False,none,0.0,False,none
2025-07-18,Khordha,55.3,32.7,False,none,0.0,False,none
2025-07-18,Cuttack,102.4,30.8,False,none,0.0,False,none
2025-07-18,Puri,51.0,35.0,False,none,0.0,False,none
2025-07-18,Balasore,72.5,27.1,False,none,0.0,False,none
2025-07-18,Mayurbhanj,37.1,28.0,False,none,0.0,False,none
2025-07-18,Ganjam,68.7,32.0,False,none,0.0,False,none
2025-07-18,Kamrup,83.9,35.0,True,gastroenteritis,0.85,False,none
2025-07-18,Dibrugarh,77.7,34.5,True,gastroenteritis,0.92,False,none
2025-07-18,Cachar,310.7,33.6,True,gastroenteritis,0.79,False,none
2025-07-18,Jorhat,57.7,38.8,True,gastroenteritis,0.95,False,none
2025-07-18,Nagaon,67.6,29.7,False,none,0.0,False,none
2025-07-18,Sonitpur,132.4,33.0,True,gastroenteritis,0.75,False,none
2025-07-19,Vellore,7.7,26.2,False,none,0.0,False,none
2025-07-19,Krishnagiri,0.7,33.9,False,none,0.0,False,none
2025-07-19,Tiruvannamalai,3.7,28.5,False,none,0.0,False,none
2025-07-19,Salem,10.1,27.8,False,none,0.0,False,none
2025-07-19,Madurai,2.4,28.9,False,none,0.0,False,none
2025-07-19,Coimbatore,6.9,28.0,False,none,0.0,False,none
2025-07-19,Pune,54.3,28.4,False,none,0.0,False,none
2025-07-19,Nagpur,70.1,27.8,True,dengue,0.65,False,none
2025-07-19,Nashik,75.1,24.1,False,none,0.0,False,none
2025-07-19,Chhatrapati Sambhajinagar,38.4,26.0,False,none,0.0,False,none
2025-07-19,Thane,36.7,30.2,True,dengue,0.8,False,none
2025-07-19,Amravati,42.7,24.4,True,dengue,0.69,False,none
2025-07-19,Jaipur,3.7,30.0,True,malaria,0.58,False,none
2025-07-19,Jodhpur,10.6,32.7,False,none,0.0,False,none
2025-07-19,Bikaner,10.8,31.2,True,malaria,0.66,False,none
2025-07-19,Udaipur,2.4,23.3,True,malaria,0.7,False,none
2025-07-19,Kota,16.2,28.2,False,none,0.0,False,none
2025-07-19,Barmer,5.6,26.5,False,none,0.0,False,none
2025-07-19,Khordha,105.6,28.3,False,none,0.0,False,none
2025-07-19,Cuttack,109.5,29.8,False,none,0.0,False,none
2025-07-19,Puri,81.5,32.4,False,none,0.0,False,none
2025-07-19,Balasore,50.3,31.1,False,none,0.0,False,none
2025-07-19,Mayurbhanj,91.6,28.3,False,none,0.0,False,none
2025-07-19,Ganjam,111.7,31.0,False,none,0.0,False,none
2025-07-19,Kamrup,213.6,32.5,True,gastroenteritis,0.85,False,none
2025-07-19,Dibrugarh,43.0,32.7,True,gastroenteritis,0.92,False,none
2025-07-19,Cachar,96.0,35.7,True,gastroenteritis,0.79,False,none
2025-07-19,Jorhat,44.0,34.6,True,gastroenteritis,0.95,False,none
2025-07-19,Nagaon,188.8,33.9,False,none,0.0,False,none
2025-07-19,Sonitpur,77.7,31.5,True,gastroenteritis,0.75,False,none
2025-07-20,Vellore,0.2,32.1,False,none,0.0,False,none
2025-07-20,Krishnagiri,7.4,28.4,False,none,0.0,False,none
2025-07-20,Tiruvannamalai,3.4,29.2,False,none,0.0,False,none
2025-07-20,Salem,0.7,28.4,False,none,0.0,False,none
2025-07-20,Madurai,14.9,29.9,False,none,0.0,False,none
2025-07-20,Coimbatore,1.8,31.7,False,none,0.0,False,none
2025-07-20,Pune,36.6,26.3,False,none,0.0,False,none
2025-07-20,Nagpur,39.5,28.8,True,dengue,0.65,False,none
2025-07-20,Nashik,38.7,28.7,False,none,0.0,False,none
2025-07-20,Chhatrapati Sambhajinagar,45.3,24.2,False,none,0.0,False,none
2025-07-20,Thane,33.9,32.7,True,dengue,0.8,False,none
2025-07-20,Amravati,64.3,24.7,True,dengue,0.69,False,none
2025-07-20,Jaipur,19.5,25.8,True,malaria,0.58,False,none
2025-07-20,Jodhpur,6.7,25.5,False,none,0.0,False,none
2025-07-20,Bikaner,4.9,24.9,True,malaria,0.66,False,none
2025-07-20,Udaipur,6.7,21.4,True,malaria,0.7,False,none
2025-07-20,Kota,11.5,28.5,False,none,0.0,False,none
2025-07-20,Barmer,20.7,23.8,False,none,0.0,False,none
2025-07-20,Khordha,79.0,29.7,False,none,0.0,False,none
2025-07-20,Cuttack,105.0,32.5,False,none,0.0,False,none
2025-07-20,Puri,58.1,27.6,False,none,0.0,False,none
2025-07-20,Balasore,137.1,28.2,False,none,0.0,False,none
2025-07-20,Mayurbhanj,53.8,33.5,False,none,0.0,False,none
2025-07-20,Ganjam,83.8,24.2,False,none,0.0,False,none
2025-07-20,Kamrup,119.5,33.9,True,gastroenteritis,0.85,False,none
2025-07-20,Dibrugarh,59.4,35.3,True,gastroenteritis,0.92,False,none
2025-07-20,Cachar,90.7,32.1,True,gastroenteritis,0.79,False,none
2025-07-20,Jorhat,58.9,31.7,True,gastroenteritis,0.95,False,none
2025-07-20,Nagaon,91.5,34.3,False,none,0.0,False,none
2025-07-20,Sonitpur,88.3,34.0,True,gastroenteritis,0.75,False,none
2025-07-21,Vellore,1.1,26.9,False,none,0.0,False,none
2025-07-21,Krishnagiri,2.5,34.8,False,none,0.0,False,none
2025-07-21,Tiruvannamalai,7.4,29.2,False,none,0.0,False,none
2025-07-21,Salem,0.7,27.8,False,none,0.0,False,none
2025-07-21,Madurai,5.2,29.3,False,none,0.0,False,none
2025-07-21,Coimbatore,3.6,29.3,False,none,0.0,False,none
2025-07-21,Pune,15.0,30.0,False,none,0.0,False,none
2025-07-21,Nagpur,24.7,29.0,True,dengue,0.65,False,none
2025-07-21,Nashik,73.3,24.4,False,none,0.0,False,none
2025-07-21,Chhatrapati Sambhajinagar,65.9,31.2,False,none,0.0,False,none
2025-07-21,Thane,55.9,25.6,True,dengue,0.8,False,none
2025-07-21,Amravati,54.7,29.5,True,dengue,0.69,False,none
2025-07-21,Jaipur,6.2,29.0,True,malaria,0.58,False,none
2025-07-21,Jodhpur,12.8,27.8,False,none,0.0,False,none
2025-07-21,Bikaner,16.8,27.8,True,malaria,0.66,False,none
2025-07-21,Udaipur,12.8,34.2,True,malaria,0.7,False,none
2025-07-21,Kota,9.6,29.8,False,none,0.0,False,none
2025-07-21,Barmer,3.1,31.4,False,none,0.0,False,none
2025-07-21,Khordha,78.1,30.1,False,none,0.0,False,none
2025-07-21,Cuttack,114.9,31.2,False,none,0.0,False,none
2025-07-21,Puri,95.8,33.2,False,none,0.0,False,none
2025-07-21,Balasore,126.0,28.4,False,none,0.0,False,none
2025-07-21,Mayurbhanj,168.9,32.7,False,none,0.0,False,none
2025-07-21,Ganjam,77.3,25.7,False,none,0.0,False,none
2025-07-21,Kamrup,33.2,31.5,True,gastroenteritis,0.85,False,none
2025-07-21,Dibrugarh,76.2,32.0,True,gastroenteritis,0.92,False,none
2025-07-21,Cachar,87.2,34.0,True,gastroenteritis,0.79,False,none
2025-07-21,Jorhat,192.9,33.1,True,gastroenteritis,0.95,False,none
2025-07-21,Nagaon,46.7,36.3,False,none,0.0,False,none
2025-07-21,Sonitpur,23.7,34.1,True,gastroenteritis,0.75,False,none
2025-07-22,Vellore,1.1,36.5,False,none,0.0,False,none
2025-07-22,Krishnagiri,0.5,28.1,False,none,0.0,False,none
2025-07-22,Tiruvannamalai,3.7,28.4,False,none,0.0,False,none
2025-07-22,Salem,5.1,32.2,False,none,0.0,False,none
2025-07-22,Madurai,1.1,33.4,False,none,0.0,False,none
2025-07-22,Coimbatore,3.7,28.7,False,none,0.0,False,none
2025-07-22,Pune,45.9,28.5,False,none,0.0,False,none
2025-07-22,Nagpur,24.4,28.8,True,dengue,0.65,False,none
2025-07-22,Nashik,62.8,28.4,False,none,0.0,False,none
2025-07-22,Chhatrapati Sambhajinagar,23.5,26.4,False,none,0.0,False,none
2025-07-22,Thane,40.7,24.3,True,dengue,0.8,False,none
2025-07-22,Amravati,32.9,25.0,True,dengue,0.69,False,none
2025-07-22,Jaipur,1.4,28.1,True,malaria,0.58,False,none
2025-07-22,Jodhpur,13.6,22.1,False,none,0.0,False,none
2025-07-22,Bikaner,26.6,27.7,True,malaria,0.66,False,none
2025-07-22,Udaipur,3.5,27.8,True,malaria,0.7,False,none
2025-07-22,Kota,12.8,32.5,False,none,0.0,False,none
2025-07-22,Barmer,2.7,33.3,False,none,0.0,False,none
2025-07-22,Khordha,33.3,24.6,False,none,0.0,False,none
2025-07-22,Cuttack,46.5,32.6,False,none,0.0,False,none
2025-07-22,Puri,64.2,28.6,False,none,0.0,False,none
2025-07-22,Balasore,39.9,29.5,False,none,0.0,False,none
2025-07-22,Mayurbhanj,112.6,27.5,False,none,0.0,False,none
2025-07-22,Ganjam,99.0,26.6,False,none,0.0,False,none
2025-07-22,Kamrup,58.3,37.5,True,gastroenteritis,0.85,False,none
2025-07-22,Dibrugarh,177.7,33.4,True,gastroenteritis,0.92,False,none
2025-07-22,Cachar,169.1,37.2,True,gastroenteritis,0.79,False,none
2025-07-22,Jorhat,50.5,34.8,True,gastroenteritis,0.95,False,none
2025-07-22,Nagaon,63.2,30.7,False,none,0.0,False,none
2025-07-22,Sonitpur,63.0,32.7,True,gastroenteritis,0.75,False,none
2025-07-23,Vellore,6.8,26.5,False,none,0.0,False,none
2025-07-23,Krishnagiri,2.7,29.3,False,none,0.0,False,none
2025-07-23,Tiruvannamalai,3.0,28.3,False,none,0.0,False,none
2025-07-23,Salem,2.0,33.0,False,none,0.0,False,none
2025-07-23,Madurai,2.0,31.8,False,none,0.0,False,none
2025-07-23,Coimbatore,13.0,27.7,False,none,0.0,False,none
2025-07-23,Pune,20.5,26.5,False,none,0.0,False,none
2025-07-23,Nagpur,11.2,28.4,True,dengue,0.65,False,none
2025-07-23,Nashik,28.4,24.6,False,none,0.0,False,none
2025-07-23,Chhatrapati Sambhajinagar,62.1,33.0,False,none,0.0,False,none
2025-07-23,Thane,37.1,32.8,True,dengue,0.8,False,none
2025-07-23,Amravati,32.5,33.5,True,dengue,0.69,False,none
2025-07-23,Jaipur,13.1,31.6,True,malaria,0.58,False,none
2025-07-23,Jodhpur,5.0,22.6,False,none,0.0,False,none
2025-07-23,Bikaner,2.4,25.6,True,malaria,0.66,False,none
2025-07-23,Udaipur,5.1,25.7,True,malaria,0.7,False,none
2025-07-23,Kota,31.0,25.4,False,none,0.0,False,none
2025-07-23,Barmer,0.9,30.0,False,none,0.0,False,none
2025-07-23,Khordha,143.2,28.3,False,none,0.0,False,none
2025-07-23,Cuttack,130.1,30.2,False,none,0.0,False,none
2025-07-23,Puri,8.6,24.6,False,none,0.0,False,none
2025-07-23,Balasore,118.1,27.5,False,none,0.0,False,none
2025-07-23,Mayurbhanj,61.9,28.9,False,none,0.0,False,none
2025-07-23,Ganjam,32.3,26.8,False,none,0.0,False,none
2025-07-23,Kamrup,138.7,33.4,True,gastroenteritis,0.85,False,none
2025-07-23,Dibrugarh,161.3,32.2,True,gastroenteritis,0.92,False,none
2025-07-23,Cachar,49.3,33.8,True,gastroenteritis,0.79,False,none
2025-07-23,Jorhat,94.5,34.2,True,gastroenteritis,0.95,False,none
2025-07-23,Nagaon,135.0,32.4,False,none,0.0,False,none
2025-07-23,Sonitpur,121.5,32.2,True,gastroenteritis,0.75,False,none
2025-07-24,Vellore,1.5,30.1,False,none,0.0,False,none
2025-07-24,Krishnagiri,2.8,33.4,False,none,0.0,False,none
2025-07-24,Tiruvannamalai,6.4,27.5,False,none,0.0,False,none
2025-07-24,Salem,4.4,30.5,False,none,0.0,False,none
2025-07-24,Madurai,0.9,35.6,False,none,0.0,False,none
2025-07-24,Coimbatore,1.8,30.9,False,none,0.0,False,none
2025-07-24,Pune,38.4,29.4,False,none,0.0,False,none
2025-07-24,Nagpur,34.1,28.4,True,dengue,0.65,False,none
2025-07-24,Nashik,55.1,26.3,False,none,0.0,False,none
2025-07-24,Chhatrapati Sambhajinagar,43.5,27.5,False,none,0.0,False,none
2025-07-24,Thane,27.1,31.1,True,dengue,0.8,False,none
2025-07-24,Amravati,74.1,29.6,True,dengue,0.69,False,none
2025-07-24,Jaipur,5.7,33.7,True,malaria,0.58,False,none
2025-07-24,Jodhpur,6.5,28.7,False,none,0.0,False,none
2025-07-24,Bikaner,3.0,30.7,True,malaria,0.66,False,none
2025-07-24,Udaipur,17.3,25.7,True,malaria,0.7,False,none
2025-07-24,Kota,9.2,28.3,False,none,0.0,False,none
2025-07-24,Barmer,0.6,22.8,False,none,0.0,False,none
2025-07-24,Khordha,32.4,29.3,False,none,0.0,False,none
2025-07-24,Cuttack,136.9,28.9,False,none,0.0,False,none
2025-07-24,Puri,70.4,30.8,False,none,0.0,False,none
2025-07-24,Balasore,65.4,28.8,False,none,0.0,False,none
2025-07-24,Mayurbhanj,60.0,29.6,False,none,0.0,False,none
2025-07-24,Ganjam,176.7,31.9,False,none,0.0,False,none
2025-07-24,Kamrup,98.5,32.0,True,gastroenteritis,0.85,False,none
2025-07-24,Dibrugarh,43.3,34.2,True,gastroenteritis,0.92,False,none
2025-07-24,Cachar,33.7,34.6,True,gastroenteritis,0.79,False,none
2025-07-24,Jorhat,87.0,36.1,True,gastroenteritis,0.95,False,none
2025-07-24,Nagaon,99.7,33.6,False,none,0.0,False,none
2025-07-24,Sonitpur,113.0,32.2,True,gastroenteritis,0.75,False,none
2025-07-25,Vellore,1.3,33.2,False,none,0.0,False,none
2025-07-25,Krishnagiri,1.9,33.6,False,none,0.0,False,none
2025-07-25,Tiruvannamalai,2.4,32.7,False,none,0.0,False,none
2025-07-25,Salem,8.2,34.2,False,none,0.0,False,none
2025-07-25,Madurai,2.7,33.1,False,none,0.0,False,none
2025-07-25,Coimbatore,3.8,30.3,False,none,0.0,False,none
2025-07-25,Pune,33.1,27.3,False,none,0.0,False,none
2025-07-25,Nagpur,27.4,30.2,True,dengue,0.65,False,none
2025-07-25,Nashik,34.6,27.0,False,none,0.0,False,none
2025-07-25,Chhatrapati Sambhajinagar,97.7,30.8,False,none,0.0,False,none
2025-07-25,Thane,19.0,24.9,True,dengue,0.8,False,none
2025-07-25,Amravati,55.8,21.2,True,dengue,0.69,False,none
2025-07-25,Jaipur,10.0,33.1,True,malaria,0.58,False,none
2025-07-25,Jodhpur,4.5,25.3,False,none,0.0,False,none
2025-07-25,Bikaner,10.8,24.6,True,malaria,0.66,False,none
2025-07-25,Udaipur,3.2,24.6,True,malaria,0.7,False,none
2025-07-25,Kota,1.8,30.0,False,none,0.0,False,none
2025-07-25,Barmer,1.5,30.9,False,none,0.0,False,none
2025-07-25,Khordha,63.3,34.0,False,none,0.0,False,none
2025-07-25,Cuttack,86.4,28.6,False,none,0.0,False,none
2025-07-25,Puri,46.5,27.7,False,none,0.0,False,none
2025-07-25,Balasore,38.5,35.1,False,none,0.0,False,none
2025-07-25,Mayurbhanj,22.9,28.8,False,none,0.0,False,none
2025-07-25,Ganjam,112.1,26.4,False,none,0.0,False,none
2025-07-25,Kamrup,115.7,32.7,True,gastroenteritis,0.85,False,none
2025-07-25,Dibrugarh,77.2,38.7,False,none,0.0,False,none
2025-07-25,Cachar,10.1,36.6,True,gastroenteritis,0.79,False,none
2025-07-25,Jorhat,155.5,31.3,True,gastroenteritis,0.95,False,none
2025-07-25,Nagaon,142.9,30.8,False,none,0.0,False,none
2025-07-25,Sonitpur,49.3,34.0,True,gastroenteritis,0.75,False,none
2025-07-26,Vellore,2.3,27.9,False,none,0.0,False,none
2025-07-26,Krishnagiri,1.2,30.1,False,none,0.0,False,none
2025-07-26,Tiruvannamalai,6.6,31.0,False,none,0.0,False,none
2025-07-26,Salem,2.5,29.8,False,none,0.0,False,none
2025-07-26,Madurai,0.8,32.5,False,none,0.0,False,none
2025-07-26,Coimbatore,0.8,33.4,False,none,0.0,False,none
2025-07-26,Pune,88.8,31.4,False,none,0.0,False,none
2025-07-26,Nagpur,76.1,32.1,True,dengue,0.65,False,none
2025-07-26,Nashik,41.0,24.8,True,dengue,0.69,False,none
2025-07-26,Chhatrapati Sambhajinagar,108.2,28.5,False,none,0.0,False,none
2025-07-26,Thane,45.0,30.8,True,dengue,0.8,False,none
2025-07-26,Amravati,93.7,27.1,True,dengue,0.69,False,none
2025-07-26,Jaipur,45.2,28.6,False,none,0.0,False,none
2025-07-26,Jodhpur,17.7,29.0,False,none,0.0,False,none
2025-07-26,Bikaner,6.1,29.4,True,malaria,0.66,False,none
2025-07-26,Udaipur,7.3,31.2,False,none,0.0,False,none
2025-07-26,Kota,4.1,21.9,False,none,0.0,False,none
2025-07-26,Barmer,6.5,25.3,False,none,0.0,False,none
2025-07-26,Khordha,71.0,34.0,False,none,0.0,False,none
2025-07-26,Cuttack,29.5,24.8,False,none,0.0,False,none
2025-07-26,Puri,48.4,25.9,False,none,0.0,False,none
2025-07-26,Balasore,98.1,28.6,False,none,0.0,False,none
2025-07-26,Mayurbhanj,61.8,26.1,False,none,0.0,False,none
2025-07-26,Ganjam,97.7,29.7,False,none,0.0,False,none
2025-07-26,Kamrup,42.6,35.4,True,gastroenteritis,0.85,False,none
2025-07-26,Dibrugarh,105.7,36.7,False,none,0.0,False,none
2025-07-26,Cachar,51.3,34.8,True,gastroenteritis,0.79,False,none
2025-07-26,Jorhat,94.6,37.8,True,gastroenteritis,0.95,False,none
2025-07-26,Nagaon,90.4,36.9,True,japanese_encephalitis,0.7,False,none
2025-07-26,Sonitpur,92.0,34.3,True,gastroenteritis,0.75,False,none
2025-07-27,Vellore,1.7,35.2,False,none,0.0,False,none
2025-07-27,Krishnagiri,1.0,31.2,False,none,0.0,False,none
2025-07-27,Tiruvannamalai,0.7,27.6,False,none,0.0,False,none
2025-07-27,Salem,4.0,27.4,False,none,0.0,False,none
2025-07-27,Madurai,0.5,30.3,False,none,0.0,False,none
2025-07-27,Coimbatore,1.5,33.8,False,none,0.0,False,none
2025-07-27,Pune,46.1,23.2,False,none,0.0,False,none
2025-07-27,Nagpur,99.6,27.2,True,dengue,0.65,False,none
2025-07-27,Nashik,68.9,31.3,True,dengue,0.69,False,none
2025-07-27,Chhatrapati Sambhajinagar,109.3,27.9,False,none,0.0,False,none
2025-07-27,Thane,33.3,24.6,True,dengue,0.8,False,none
2025-07-27,Amravati,59.5,26.1,True,dengue,0.69,False,none
2025-07-27,Jaipur,9.3,29.7,False,none,0.0,False,none
2025-07-27,Jodhpur,2.5,25.8,True,malaria,0.75,False,none
2025-07-27,Bikaner,1.9,31.0,True,malaria,0.66,False,none
2025-07-27,Udaipur,1.8,25.2,False,none,0.0,False,none
2025-07-27,Kota,6.8,32.8,False,none,0.0,False,none
2025-07-27,Barmer,5.6,22.8,False,none,0.0,False,none
2025-07-27,Khordha,57.1,27.5,False,none,0.0,False,none
2025-07-27,Cuttack,52.1,23.6,False,none,0.0,False,none
2025-07-27,Puri,38.5,28.3,False,none,0.0,False,none
2025-07-27,Balasore,27.4,29.3,False,none,0.0,False,none
2025-07-27,Mayurbhanj,48.4,31.4,False,none,0.0,False,none
2025-07-27,Ganjam,29.0,29.3,False,none,0.0,False,none
2025-07-27,Kamrup,64.1,34.5,True,gastroenteritis,0.85,False,none
2025-07-27,Dibrugarh,152.6,31.1,False,none,0.0,False,none
2025-07-27,Cachar,72.2,36.4,True,gastroenteritis,0.79,False,none
2025-07-27,Jorhat,186.6,33.6,True,gastroenteritis,0.95,False,none
2025-07-27,Nagaon,89.6,31.3,True,japanese_encephalitis,0.7,False,none
2025-07-27,Sonitpur,127.6,30.9,True,gastroenteritis,0.75,False,none
2025-07-28,Vellore,3.7,30.6,False,none,0.0,True,tetanus_drive
2025-07-28,Krishnagiri,2.5,29.9,False,none,0.0,True,general_immunization
2025-07-28,Tiruvannamalai,9.3,31.6,False,none,0.0,True,tetanus_drive
2025-07-28,Salem,9.4,28.1,False,none,0.0,True,general_immunization
2025-07-28,Madurai,1.4,31.7,False,none,0.0,True,measles_drive
2025-07-28,Coimbatore,6.6,28.1,False,none,0.0,True,general_immunization
2025-07-28,Pune,129.7,24.2,False,none,0.0,True,measles_drive
2025-07-28,Nagpur,63.6,29.8,True,dengue,0.65,True,tetanus_drive
2025-07-28,Nashik,64.5,23.2,True,dengue,0.69,True,tetanus_drive
2025-07-28,Chhatrapati Sambhajinagar,54.1,31.2,False,none,0.0,True,general_immunization
2025-07-28,Thane,19.5,26.6,True,dengue,0.8,True,general_immunization
2025-07-28,Amravati,98.3,27.2,True,dengue,0.69,True,tetanus_drive
2025-07-28,Jaipur,0.7,28.2,False,none,0.0,True,general_immunization
2025-07-28,Jodhpur,4.6,29.8,True,malaria,0.75,True,measles_drive
2025-07-28,Bikaner,2.8,33.6,True,malaria,0.66,True,tetanus_drive
2025-07-28,Udaipur,0.1,25.3,False,none,0.0,True,tetanus_drive
2025-07-28,Kota,1.4,28.2,False,none,0.0,True,tetanus_drive
2025-07-28,Barmer,11.1,27.4,False,none,0.0,True,general_immunization
2025-07-28,Khordha,62.1,30.0,False,none,0.0,True,tetanus_drive
2025-07-28,Cuttack,47.6,28.8,False,none,0.0,True,tetanus_drive
2025-07-28,Puri,73.2,30.2,False,none,0.0,True,tetanus_drive
2025-07-28,Balasore,30.0,30.1,False,none,0.0,True,tetanus_drive
2025-07-28,Mayurbhanj,80.8,30.8,False,none,0.0,True,measles_drive
2025-07-28,Ganjam,70.5,32.2,False,none,0.0,True,general_immunization
2025-07-28,Kamrup,41.8,33.7,True,gastroenteritis,0.85,True,tetanus_drive
2025-07-28,Dibrugarh,83.9,35.8,False,none,0.0,True,tetanus_drive
2025-07-28,Cachar,108.8,30.5,True,gastroenteritis,0.79,True,general_immunization
2025-07-28,Jorhat,196.5,37.9,True,gastroenteritis,0.95,True,measles_drive
2025-07-28,Nagaon,76.3,32.7,True,japanese_encephalitis,0.7,True,general_immunization
2025-07-28,Sonitpur,28.0,34.6,True,gastroenteritis,0.75,True,tetanus_drive
2025-07-29,Vellore,4.4,30.9,False,none,0.0,True,tetanus_drive
2025-07-29,Krishnagiri,0.0,28.7,False,none,0.0,True,tetanus_drive
2025-07-29,Tiruvannamalai,4.2,30.4,False,none,0.0,True,general_immunization
2025-07-29,Salem,2.6,34.1,False,none,0.0,True,measles_drive
2025-07-29,Madurai,0.2,27.7,False,none,0.0,True,measles_drive
2025-07-29,Coimbatore,0.0,27.5,False,none,0.0,True,general_immunization
2025-07-29,Pune,28.3,26.7,False,none,0.0,True,tetanus_drive
2025-07-29,Nagpur,34.2,31.8,True,dengue,0.65,True,tetanus_drive
2025-07-29,Nashik,22.4,23.2,True,dengue,0.69,True,general_immunization
2025-07-29,Chhatrapati Sambhajinagar,38.3,31.8,False,none,0.0,True,measles_drive
2025-07-29,Thane,24.1,30.0,True,dengue,0.8,True,measles_drive
2025-07-29,Amravati,62.9,27.9,True,dengue,0.69,True,measles_drive
2025-07-29,Jaipur,0.3,26.1,False,none,0.0,True,tetanus_drive
2025-07-29,Jodhpur,8.4,30.8,True,malaria,0.75,True,general_immunization
2025-07-29,Bikaner,8.3,28.1,True,malaria,0.66,True,tetanus_drive
2025-07-29,Udaipur,3.5,23.6,False,none,0.0,True,measles_drive
2025-07-29,Kota,1.1,24.4,False,none,0.0,True,general_immunization
2025-07-29,Barmer,3.1,26.7,False,none,0.0,True,tetanus_drive
2025-07-29,Khordha,61.4,30.0,False,none,0.0,True,tetanus_drive
2025-07-29,Cuttack,83.8,26.7,False,none,0.0,True,general_immunization
2025-07-29,Puri,44.5,34.1,False,none,0.0,True,measles_drive
2025-07-29,Balasore,30.7,27.3,False,none,0.0,True,tetanus_drive
2025-07-29,Mayurbhanj,37.4,25.4,False,none,0.0,True,measles_drive
2025-07-29,Ganjam,43.5,26.6,False,none,0.0,True,general_immunization
2025-07-29,Kamrup,97.3,34.9,True,gastroenteritis,0.85,True,tetanus_drive
2025-07-29,Dibrugarh,92.8,33.8,False,none,0.0,True,tetanus_drive
2025-07-29,Cachar,92.1,37.8,True,gastroenteritis,0.79,True,tetanus_drive
2025-07-29,Jorhat,78.5,35.4,True,gastroenteritis,0.95,True,tetanus_drive
2025-07-29,Nagaon,39.8,34.0,True,japanese_encephalitis,0.7,True,general_immunization
2025-07-29,Sonitpur,54.8,33.8,True,gastroenteritis,0.75,True,tetanus_drive
2025-07-30,Vellore,1.5,26.6,False,none,0.0,True,measles_drive
2025-07-30,Krishnagiri,1.9,29.9,False,none,0.0,True,general_immunization
2025-07-30,Tiruvannamalai,0.5,30.5,False,none,0.0,True,measles_drive
2025-07-30,Salem,0.1,32.5,False,none,0.0,True,tetanus_drive
2025-07-30,Madurai,4.1,29.1,False,none,0.0,True,measles_drive
2025-07-30,Coimbatore,2.0,31.0,False,none,0.0,True,measles_drive
2025-07-30,Pune,52.5,33.9,False,none,0.0,True,tetanus_drive
2025-07-30,Nagpur,96.8,28.2,True,dengue,0.65,True,general_immunization
2025-07-30,Nashik,70.0,18.6,True,dengue,0.69,True,measles_drive
2025-07-30,Chhatrapati Sambhajinagar,26.8,28.1,True,dengue,0.61,True,tetanus_drive
2025-07-30,Thane,52.8,26.6,True,dengue,0.8,True,general_immunization
2025-07-30,Amravati,50.4,30.3,True,dengue,0.69,True,general_immunization
2025-07-30,Jaipur,5.9,24.9,False,none,0.0,True,tetanus_drive
2025-07-30,Jodhpur,53.8,19.1,True,malaria,0.75,True,general_immunization
2025-07-30,Bikaner,6.7,30.1,False,none,0.0,True,measles_drive
2025-07-30,Udaipur,16.1,27.3,False,none,0.0,True,tetanus_drive
2025-07-30,Kota,15.3,24.5,False,none,0.0,True,measles_drive
2025-07-30,Barmer,10.0,28.5,False,none,0.0,True,measles_drive
2025-07-30,Khordha,38.0,27.6,False,none,0.0,True,tetanus_drive
2025-07-30,Cuttack,48.2,32.5,False,none,0.0,True,measles_drive
2025-07-30,Puri,95.8,27.9,False,none,0.0,True,tetanus_drive
2025-07-30,Balasore,29.0,26.7,False,none,0.0,True,measles_drive
2025-07-30,Mayurbhanj,72.2,31.4,False,none,0.0,True,measles_drive
2025-07-30,Ganjam,51.0,31.2,False,none,0.0,True,general_immunization
2025-07-30,Kamrup,171.7,36.7,True,gastroenteritis,0.85,True,tetanus_drive
2025-07-30,Dibrugarh,97.3,36.1,False,none,0.0,True,tetanus_drive
2025-07-30,Cachar,59.0,31.2,True,gastroenteritis,0.79,True,measles_drive
2025-07-30,Jorhat,151.6,36.0,False,none,0.0,True,tetanus_drive
2025-07-30,Nagaon,137.7,35.9,True,japanese_encephalitis,0.7,True,tetanus_drive
2025-07-30,Sonitpur,80.3,34.6,True,gastroenteritis,0.75,True,general_immunization
2025-07-31,Vellore,0.1,29.0,False,none,0.0,True,general_immunization
2025-07-31,Krishnagiri,2.2,27.3,False,none,0.0,True,tetanus_drive
2025-07-31,Tiruvannamalai,7.1,30.5,False,none,0.0,True,tetanus_drive
2025-07-31,Salem,0.4,32.0,False,none,0.0,True,tetanus_drive
2025-07-31,Madurai,0.5,26.5,False,none,0.0,True,tetanus_drive
2025-07-31,Coimbatore,0.4,33.2,False,none,0.0,True,tetanus_drive
2025-07-31,Pune,48.7,28.0,False,none,0.0,True,general_immunization
2025-07-31,Nagpur,27.7,28.2,True,dengue,0.65,True,measles_drive
2025-07-31,Nashik,31.0,27.7,True,dengue,0.69,True,general_immunization
2025-07-31,Chhatrapati Sambhajinagar,105.1,28.9,True,dengue,0.61,True,measles_drive
2025-07-31,Thane,25.2,31.4,True,dengue,0.8,True,measles_drive
2025-07-31,Amravati,49.8,22.4,True,dengue,0.69,True,tetanus_drive
2025-07-31,Jaipur,50.1,28.9,False,none,0.0,True,measles_drive
2025-07-31,Jodhpur,3.1,25.2,True,malaria,0.75,True,measles_drive
2025-07-31,Bikaner,24.5,26.8,False,none,0.0,True,tetanus_drive
2025-07-31,Udaipur,7.3,29.8,False,none,0.0,True,measles_drive
2025-07-31,Kota,7.9,27.3,False,none,0.0,True,measles_drive
2025-07-31,Barmer,6.6,30.1,False,none,0.0,True,general_immunization
2025-07-31,Khordha,26.2,25.2,False,none,0.0,True,measles_drive
2025-07-31,Cuttack,59.4,27.6,False,none,0.0,True,general_immunization
2025-07-31,Puri,78.2,26.4,False,none,0.0,True,measles_drive
2025-07-31,Balasore,118.1,31.9,False,none,0.0,True,measles_drive
2025-07-31,Mayurbhanj,47.3,32.0,False,none,0.0,True,measles_drive
2025-07-31,Ganjam,53.8,31.0,False,none,0.0,True,general_immunization
2025-07-31,Kamrup,51.4,32.6,True,gastroenteritis,0.85,True,measles_drive
2025-07-31,Dibrugarh,152.2,32.6,False,none,0.0,True,measles_drive
2025-07-31,Cachar,85.6,37.6,True,gastroenteritis,0.79,True,tetanus_drive
2025-07-31,Jorhat,68.5,34.3,False,none,0.0,True,general_immunization
2025-07-31,Nagaon,195.6,34.9,True,japanese_encephalitis,0.7,True,general_immunization
2025-07-31,Sonitpur,76.6,31.8,True,gastroenteritis,0.75,True,measles_drive
2025-08-01,Vellore,0.4,27.5,False,none,0.0,True,tetanus_drive
2025-08-01,Krishnagiri,8.2,31.7,False,none,0.0,True,measles_drive
2025-08-01,Tiruvannamalai,0.8,26.3,False,none,0.0,True,measles_drive
2025-08-01,Salem,4.5,30.5,False,none,0.0,True,tetanus_drive
2025-08-01,Madurai,1.1,28.3,False,none,0.0,True,measles_drive
2025-08-01,Coimbatore,1.3,32.2,False,none,0.0,True,general_immunization
2025-08-01,Pune,53.6,27.8,False,none,0.0,True,measles_drive
2025-08-01,Nagpur,20.8,27.9,True,dengue,0.65,True,measles_drive
2025-08-01,Nashik,68.0,29.7,True,dengue,0.69,True,tetanus_drive
2025-08-01,Chhatrapati Sambhajinagar,29.8,27.4,True,dengue,0.61,True,measles_drive
2025-08-01,Thane,20.4,30.7,True,dengue,0.8,True,measles_drive
2025-08-01,Amravati,62.9,30.2,True,dengue,0.69,True,measles_drive
2025-08-01,Jaipur,25.5,29.5,False,none,0.0,True,measles_drive
2025-08-01,Jodhpur,6.7,26.0,True,malaria,0.75,True,general_immunization
2025-08-01,Bikaner,6.2,26.2,False,none,0.0,True,measles_drive
2025-08-01,Udaipur,3.7,30.1,False,none,0.0,True,tetanus_drive
2025-08-01,Kota,0.1,32.8,False,none,0.0,True,measles_drive
2025-08-01,Barmer,19.8,27.2,False,none,0.0,True,general_immunization
2025-08-01,Khordha,29.8,28.3,False,none,0.0,True,measles_drive
2025-08-01,Cuttack,147.3,25.6,False,none,0.0,True,tetanus_drive
2025-08-01,Puri,79.0,27.7,False,none,0.0,True,general_immunization
2025-08-01,Balasore,93.8,30.5,False,none,0.0,True,general_immunization
2025-08-01,Mayurbhanj,31.8,31.5,False,none,0.0,True,measles_drive
2025-08-01,Ganjam,38.0,27.6,False,none,0.0,True,general_immunization
2025-08-01,Kamrup,146.2,25.8,True,gastroenteritis,0.85,True,measles_drive
2025-08-01,Dibrugarh,87.4,21.2,False,none,0.0,True,tetanus_drive
2025-08-01,Cachar,195.2,20.6,True,gastroenteritis,0.79,True,measles_drive
2025-08-01,Jorhat,100.2,28.3,False,none,0.0,True,tetanus_drive
2025-08-01,Nagaon,112.8,23.9,True,japanese_encephalitis,0.7,True,measles_drive
2025-08-01,Sonitpur,70.8,24.0,True,gastroenteritis,0.75,True,tetanus_drive
2025-08-02,Vellore,3.1,33.9,False,none,0.0,False,none
2025-08-02,Krishnagiri,0.3,29.3,False,none,0.0,False,none
2025-08-02,Tiruvannamalai,2.8,28.5,False,none,0.0,False,none
2025-08-02,Salem,0.9,35.0,False,none,0.0,False,none
2025-08-02,Madurai,9.3,28.2,False,none,0.0,False,none
2025-08-02,Coimbatore,3.0,29.1,False,none,0.0,False,none
2025-08-02,Pune,96.3,29.7,True,dengue,0.83,False,none
2025-08-02,Nagpur,17.6,29.9,False,none,0.0,False,none
2025-08-02,Nashik,33.9,27.9,True,dengue,0.69,False,none
2025-08-02,Chhatrapati Sambhajinagar,14.8,28.3,True,dengue,0.61,False,none
2025-08-02,Thane,8.6,28.9,True,dengue,0.8,False,none
2025-08-02,Amravati,59.5,26.8,True,dengue,0.69,False,none
2025-08-02,Jaipur,10.8,24.2,False,none,0.0,False,none
2025-08-02,Jodhpur,15.6,25.3,True,malaria,0.75,False,none
2025-08-02,Bikaner,4.9,26.6,False,none,0.0,False,none
2025-08-02,Udaipur,1.8,26.8,False,none,0.0,False,none
2025-08-02,Kota,4.0,24.3,False,none,0.0,False,none
2025-08-02,Barmer,9.7,27.0,False,none,0.0,False,none
2025-08-02,Khordha,45.1,31.9,False,none,0.0,False,none
2025-08-02,Cuttack,46.6,29.5,False,none,0.0,False,none
2025-08-02,Puri,65.7,29.2,False,none,0.0,False,none
2025-08-02,Balasore,115.1,29.2,False,none,0.0,False,none
2025-08-02,Mayurbhanj,79.6,27.3,False,none,0.0,False,none
2025-08-02,Ganjam,27.9,27.2,False,none,0.0,False,none
2025-08-02,Kamrup,75.1,24.2,True,gastroenteritis,0.85,False,none
2025-08-02,Dibrugarh,62.7,22.9,False,none,0.0,False,none
2025-08-02,Cachar,97.2,23.7,True,gastroenteritis,0.79,False,none
2025-08-02,Jorhat,170.2,26.7,False,none,0.0,False,none
2025-08-02,Nagaon,81.8,23.1,True,japanese_encephalitis,0.7,False,none
2025-08-02,Sonitpur,142.3,22.4,True,gastroenteritis,0.75,False,none
2025-08-03,Vellore,5.5,29.4,False,none,0.0,False,none
2025-08-03,Krishnagiri,0.6,30.5,False,none,0.0,False,none
2025-08-03,Tiruvannamalai,0.8,31.1,False,none,0.0,False,none
2025-08-03,Salem,1.2,26.0,False,none,0.0,False,none
2025-08-03,Madurai,9.2,29.2,False,none,0.0,False,none
2025-08-03,Coimbatore,6.1,28.8,False,none,0.0,False,none
2025-08-03,Pune,84.6,34.8,True,dengue,0.83,False,none
2025-08-03,Nagpur,68.3,26.3,False,none,0.0,False,none
2025-08-03,Nashik,30.5,31.5,True,dengue,0.69,False,none
2025-08-03,Chhatrapati Sambhajinagar,17.5,31.4,True,dengue,0.61,False,none
2025-08-03,Thane,58.0,31.7,True,dengue,0.8,False,none
2025-08-03,Amravati,139.9,29.9,True,dengue,0.69,False,none
2025-08-03,Jaipur,20.0,31.1,False,none,0.0,False,none
2025-08-03,Jodhpur,12.0,28.6,True,malaria,0.75,False,none
2025-08-03,Bikaner,11.3,24.1,False,none,0.0,False,none
2025-08-03,Udaipur,6.5,30.7,False,none,0.0,False,none
2025-08-03,Kota,0.9,29.9,False,none,0.0,False,none
2025-08-03,Barmer,22.6,27.4,False,none,0.0,False,none
2025-08-03,Khordha,30.5,31.5,False,none,0.0,False,none
2025-08-03,Cuttack,51.6,27.8,False,none,0.0,False,none
2025-08-03,Puri,77.5,27.3,False,none,0.0,False,none
2025-08-03,Balasore,83.8,30.7,False,none,0.0,False,none
2025-08-03,Mayurbhanj,115.8,28.3,False,none,0.0,False,none
2025-08-03,Ganjam,68.2,29.0,False,none,0.0,False,none
2025-08-03,Kamrup,94.6,23.9,True,gastroenteritis,0.85,False,none
2025-08-03,Dibrugarh,138.1,27.3,False,none,0.0,False,none
2025-08-03,Cachar,69.5,26.6,True,gastroenteritis,0.79,False,none
2025-08-03,Jorhat,38.0,27.4,False,none,0.0,False,none
2025-08-03,Nagaon,80.5,25.9,True,japanese_encephalitis,0.7,False,none
2025-08-03,Sonitpur,229.1,28.5,True,gastroenteritis,0.75,False,none
2025-08-04,Vellore,5.3,33.9,False,none,0.0,False,none
2025-08-04,Krishnagiri,7.2,28.8,False,none,0.0,False,none
2025-08-04,Tiruvannamalai,6.5,36.2,False,none,0.0,False,none
2025-08-04,Salem,3.4,30.1,False,none,0.0,False,none
2025-08-04,Madurai,5.1,27.5,False,none,0.0,False,none
2025-08-04,Coimbatore,1.5,30.1,False,none,0.0,False,none
2025-08-04,Pune,67.5,32.5,True,dengue,0.83,False,none
2025-08-04,Nagpur,16.8,28.5,False,none,0.0,False,none
2025-08-04,Nashik,40.3,26.1,True,dengue,0.69,False,none
2025-08-04,Chhatrapati Sambhajinagar,23.7,27.6,True,dengue,0.61,False,none
2025-08-04,Thane,42.6,32.2,False,none,0.0,False,none
2025-08-04,Amravati,90.5,28.3,True,dengue,0.69,False,none
2025-08-04,Jaipur,7.8,28.1,False,none,0.0,False,none
2025-08-04,Jodhpur,0.8,26.8,True,malaria,0.75,False,none
2025-08-04,Bikaner,52.6,29.7,False,none,0.0,False,none
2025-08-04,Udaipur,10.7,24.6,False,none,0.0,False,none
2025-08-04,Kota,7.3,27.5,False,none,0.0,False,none
2025-08-04,Barmer,6.0,24.7,True,malaria,0.59,False,none
2025-08-04,Khordha,82.7,29.2,False,none,0.0,False,none
2025-08-04,Cuttack,148.2,26.8,False,none,0.0,False,none
2025-08-04,Puri,194.9,27.8,False,none,0.0,False,none
2025-08-04,Balasore,68.9,28.9,False,none,0.0,False,none
2025-08-04,Mayurbhanj,96.5,26.8,False,none,0.0,False,none
2025-08-04,Ganjam,114.3,30.2,False,none,0.0,False,none
2025-08-04,Kamrup,98.2,27.5,True,japanese_encephalitis,0.67,False,none
2025-08-04,Dibrugarh,73.3,26.1,False,none,0.0,False,none
2025-08-04,Cachar,74.0,24.8,True,gastroenteritis,0.79,False,none
2025-08-04,Jorhat,91.4,25.8,False,none,0.0,False,none
2025-08-04,Nagaon,171.2,24.9,True,japanese_encephalitis,0.7,False,none
2025-08-04,Sonitpur,41.9,26.6,True,gastroenteritis,0.75,False,none
2025-08-05,Vellore,0.6,30.3,False,none,0.0,False,none
2025-08-05,Krishnagiri,1.6,29.7,False,none,0.0,False,none
2025-08-05,Tiruvannamalai,13.2,28.2,False,none,0.0,False,none
2025-08-05,Salem,1.8,33.6,False,none,0.0,False,none
2025-08-05,Madurai,3.3,32.3,False,none,0.0,False,none
2025-08-05,Coimbatore,2.2,31.0,False,none,0.0,False,none
2025-08-05,Pune,26.6,28.9,True,dengue,0.83,False,none
2025-08-05,Nagpur,61.2,26.5,False,none,0.0,False,none
2025-08-05,Nashik,35.3,27.3,True,dengue,0.69,False,none
2025-08-05,Chhatrapati Sambhajinagar,26.5,31.4,True,dengue,0.61,False,none
2025-08-05,Thane,80.9,25.1,False,none,0.0,False,none
2025-08-05,Amravati,46.6,28.0,True,dengue,0.69,False,none
2025-08-05,Jaipur,16.6,32.2,False,none,0.0,False,none
2025-08-05,Jodhpur,1.2,25.8,True,malaria,0.75,False,none
2025-08-05,Bikaner,0.7,24.5,False,none,0.0,False,none
2025-08-05,Udaipur,21.1,29.2,False,none,0.0,False,none
2025-08-05,Kota,20.5,29.5,False,none,0.0,False,none
2025-08-05,Barmer,9.9,25.6,True,malaria,0.59,False,none
2025-08-05,Khordha,93.7,28.8,False,none,0.0,False,none
2025-08-05,Cuttack,62.6,26.8,False,none,0.0,False,none
2025-08-05,Puri,102.8,32.4,False,none,0.0,False,none
2025-08-05,Balasore,92.1,29.7,False,none,0.0,False,none
2025-08-05,Mayurbhanj,68.4,29.8,False,none,0.0,False,none
2025-08-05,Ganjam,56.4,31.0,False,none,0.0,False,none
2025-08-05,Kamrup,105.4,25.3,True,japanese_encephalitis,0.67,False,none
2025-08-05,Dibrugarh,109.9,24.9,False,none,0.0,False,none
2025-08-05,Cachar,30.0,26.3,True,japanese_encephalitis,0.63,False,none
2025-08-05,Jorhat,143.9,24.7,False,none,0.0,False,none
2025-08-05,Nagaon,84.2,27.0,True,japanese_encephalitis,0.7,False,none
2025-08-05,Sonitpur,93.4,22.1,True,gastroenteritis,0.75,False,none
2025-08-06,Vellore,0.5,25.4,False,none,0.0,False,none
2025-08-06,Krishnagiri,2.1,31.3,False,none,0.0,False,none
2025-08-06,Tiruvannamalai,3.0,29.2,False,none,0.0,False,none
2025-08-06,Salem,1.2,30.1,False,none,0.0,False,none
2025-08-06,Madurai,4.2,32.9,False,none,0.0,False,none
2025-08-06,Coimbatore,2.2,31.8,False,none,0.0,False,none
2025-08-06,Pune,17.1,29.3,True,dengue,0.83,False,none
2025-08-06,Nagpur,14.0,30.0,False,none,0.0,False,none
2025-08-06,Nashik,96.7,30.2,True,dengue,0.69,False,none
2025-08-06,Chhatrapati Sambhajinagar,36.3,26.0,True,dengue,0.61,False,none
2025-08-06,Thane,98.7,31.2,False,none,0.0,False,none
2025-08-06,Amravati,54.4,28.4,True,dengue,0.69,False,none
2025-08-06,Jaipur,36.7,23.3,False,none,0.0,False,none
2025-08-06,Jodhpur,6.0,30.1,True,malaria,0.75,False,none
2025-08-06,Bikaner,0.6,26.7,False,none,0.0,False,none
2025-08-06,Udaipur,13.3,32.4,False,none,0.0,False,none
2025-08-06,Kota,15.3,28.3,False,none,0.0,False,none
2025-08-06,Barmer,0.5,26.7,True,malaria,0.59,False,none
2025-08-06,Khordha,152.0,29.2,False,none,0.0,False,none
2025-08-06,Cuttack,65.0,27.8,False,none,0.0,False,none
2025-08-06,Puri,81.4,26.4,False,none,0.0,False,none
2025-08-06,Balasore,82.3,31.1,False,none,0.0,False,none
2025-08-06,Mayurbhanj,138.1,34.7,False,none,0.0,False,none
2025-08-06,Ganjam,51.0,28.7,False,none,0.0,False,none
2025-08-06,Kamrup,107.8,24.3,True,japanese_encephalitis,0.67,False,none
2025-08-06,Dibrugarh,33.5,21.7,False,none,0.0,False,none
2025-08-06,Cachar,40.4,24.4,True,japanese_encephalitis,0.63,False,none
2025-08-06,Jorhat,55.7,24.0,False,none,0.0,False,none
2025-08-06,Nagaon,210.1,26.6,True,japanese_encephalitis,0.7,False,none
2025-08-06,Sonitpur,92.6,26.0,True,gastroenteritis,0.75,False,none
2025-08-07,Vellore,1.5,32.8,False,none,0.0,False,none
2025-08-07,Krishnagiri,0.8,24.8,False,none,0.0,False,none
2025-08-07,Tiruvannamalai,0.2,31.2,False,none,0.0,False,none
2025-08-07,Salem,1.9,34.9,False,none,0.0,False,none
2025-08-07,Madurai,0.2,33.1,False,none,0.0,False,none
2025-08-07,Coimbatore,2.0,30.8,False,none,0.0,False,none
2025-08-07,Pune,45.5,27.2,True,dengue,0.83,False,none
2025-08-07,Nagpur,47.5,27.1,False,none,0.0,False,none
2025-08-07,Nashik,21.9,27.5,True,dengue,0.69,False,none
2025-08-07,Chhatrapati Sambhajinagar,74.5,27.5,True,dengue,0.61,False,none
2025-08-07,Thane,15.1,27.5,False,none,0.0,False,none
2025-08-07,Amravati,34.5,29.3,True,dengue,0.69,False,none
2025-08-07,Jaipur,2.1,25.4,False,none,0.0,False,none
2025-08-07,Jodhpur,14.3,27.9,True,malaria,0.75,False,none
2025-08-07,Bikaner,21.8,26.4,False,none,0.0,False,none
2025-08-07,Udaipur,24.5,27.8,False,none,0.0,False,none
2025-08-07,Kota,27.8,25.3,False,none,0.0,False,none
2025-08-07,Barmer,4.6,28.7,True,malaria,0.59,False,none
2025-08-07,Khordha,92.4,28.6,False,none,0.0,False,none
2025-08-07,Cuttack,90.9,32.0,False,none,0.0,False,none
2025-08-07,Puri,77.2,25.9,False,none,0.0,False,none
2025-08-07,Balasore,49.1,28.5,False,none,0.0,False,none
2025-08-07,Mayurbhanj,43.9,29.1,False,none,0.0,False,none
2025-08-07,Ganjam,45.9,28.4,False,none,0.0,False,none
2025-08-07,Kamrup,100.7,22.1,True,japanese_encephalitis,0.67,False,none
2025-08-07,Dibrugarh,72.3,26.2,False,none,0.0,False,none
2025-08-07,Cachar,75.8,25.9,True,japanese_encephalitis,0.63,False,none
2025-08-07,Jorhat,47.3,21.1,False,none,0.0,False,none
2025-08-07,Nagaon,68.1,28.6,True,japanese_encephalitis,0.7,False,none
2025-08-07,Sonitpur,117.3,25.7,True,gastroenteritis,0.75,False,none
2025-08-08,Vellore,4.2,28.6,False,none,0.0,False,none
2025-08-08,Krishnagiri,0.4,29.5,False,none,0.0,False,none
2025-08-08,Tiruvannamalai,5.4,30.8,False,none,0.0,False,none
2025-08-08,Salem,3.3,32.7,False,none,0.0,False,none
2025-08-08,Madurai,10.4,30.4,False,none,0.0,False,none
2025-08-08,Coimbatore,17.6,27.2,False,none,0.0,False,none
2025-08-08,Pune,85.3,24.8,True,dengue,0.83,False,none
2025-08-08,Nagpur,80.1,27.6,False,none,0.0,False,none
2025-08-08,Nashik,100.8,28.7,True,dengue,0.69,False,none
2025-08-08,Chhatrapati Sambhajinagar,23.2,32.3,True,dengue,0.61,False,none
2025-08-08,Thane,53.7,26.9,False,none,0.0,False,none
2025-08-08,Amravati,49.1,30.4,False,none,0.0,False,none
2025-08-08,Jaipur,6.9,25.3,False,none,0.0,False,none
2025-08-08,Jodhpur,2.9,30.4,True,malaria,0.75,False,none
2025-08-08,Bikaner,4.4,27.1,False,none,0.0,False,none
2025-08-08,Udaipur,7.4,29.3,False,none,0.0,False,none
2025-08-08,Kota,7.9,28.3,False,none,0.0,False,none
2025-08-08,Barmer,0.7,27.1,True,malaria,0.59,False,none
2025-08-08,Khordha,70.9,23.4,False,none,0.0,False,none
2025-08-08,Cuttack,46.3,31.4,False,none,0.0,False,none
2025-08-08,Puri,23.1,29.0,False,none,0.0,False,none
2025-08-08,Balasore,37.4,30.7,False,none,0.0,False,none
2025-08-08,Mayurbhanj,111.6,27.5,False,none,0.0,False,none
2025-08-08,Ganjam,39.2,32.8,False,none,0.0,False,none
2025-08-08,Kamrup,178.3,29.1,False,none,0.0,False,none
2025-08-08,Dibrugarh,63.0,26.3,False,none,0.0,False,none
2025-08-08,Cachar,47.6,26.9,True,japanese_encephalitis,0.63,False,none
2025-08-08,Jorhat,95.5,22.4,False,none,0.0,False,none
2025-08-08,Nagaon,47.9,22.5,True,japanese_encephalitis,0.7,False,none
2025-08-08,Sonitpur,120.3,25.2,True,gastroenteritis,0.75,False,none
2025-08-09,Vellore,0.2,27.2,False,none,0.0,False,none
2025-08-09,Krishnagiri,0.1,33.0,False,none,0.0,False,none
2025-08-09,Tiruvannamalai,1.1,29.5,False,none,0.0,False,none
2025-08-09,Salem,4.5,30.5,False,none,0.0,False,none
2025-08-09,Madurai,1.3,28.3,False,none,0.0,False,none
2025-08-09,Coimbatore,1.0,28.9,False,none,0.0,False,none
2025-08-09,Pune,16.9,26.1,True,dengue,0.83,False,none
2025-08-09,Nagpur,77.4,27.5,False,none,0.0,False,none
2025-08-09,Nashik,24.6,33.8,True,dengue,0.69,False,none
2025-08-09,Chhatrapati Sambhajinagar,40.7,31.8,True,dengue,0.61,False,none
2025-08-09,Thane,117.4,26.3,False,none,0.0,False,none
2025-08-09,Amravati,42.1,27.2,False,none,0.0,False,none
2025-08-09,Jaipur,6.6,25.9,False,none,0.0,False,none
2025-08-09,Jodhpur,28.3,31.7,True,malaria,0.75,False,none
2025-08-09,Bikaner,8.3,30.1,False,none,0.0,False,none
2025-08-09,Udaipur,3.8,29.3,False,none,0.0,False,none
2025-08-09,Kota,0.5,24.1,False,none,0.0,False,none
2025-08-09,Barmer,1.1,25.8,True,malaria,0.59,False,none
2025-08-09,Khordha,37.1,26.7,False,none,0.0,False,none
2025-08-09,Cuttack,29.4,32.6,False,none,0.0,False,none
2025-08-09,Puri,127.0,29.2,False,none,0.0,False,none
2025-08-09,Balasore,66.6,32.5,False,none,0.0,False,none
2025-08-09,Mayurbhanj,71.7,28.9,False,none,0.0,False,none
2025-08-09,Ganjam,20.2,26.5,False,none,0.0,False,none
2025-08-09,Kamrup,157.1,23.9,False,none,0.0,False,none
2025-08-09,Dibrugarh,183.0,26.1,False,none,0.0,False,none
2025-08-09,Cachar,73.2,27.7,True,japanese_encephalitis,0.63,False,none
2025-08-09,Jorhat,35.2,26.9,False,none,0.0,False,none
2025-08-09,Nagaon,71.0,23.6,True,japanese_encephalitis,0.7,False,none
2025-08-09,Sonitpur,63.9,27.8,True,japanese_encephalitis,0.62,False,none
2025-08-10,Vellore,5.7,29.1,False,none,0.0,False,none
2025-08-10,Krishnagiri,0.1,28.5,False,none,0.0,False,none
2025-08-10,Tiruvannamalai,5.3,28.5,False,none,0.0,False,none
2025-08-10,Salem,1.8,31.1,False,none,0.0,False,none
2025-08-10,Madurai,7.8,29.7,False,none,0.0,False,none
2025-08-10,Coimbatore,1.7,29.7,False,none,0.0,False,none
2025-08-10,Pune,39.4,30.1,True,dengue,0.83,False,none
2025-08-10,Nagpur,113.5,28.7,False,none,0.0,False,none
2025-08-10,Nashik,39.6,29.1,True,dengue,0.69,False,none
2025-08-10,Chhatrapati Sambhajinagar,33.8,25.7,True,dengue,0.61,False,none
2025-08-10,Thane,38.8,30.6,False,none,0.0,False,none
2025-08-10,Amravati,104.4,26.0,False,none,0.0,False,none
2025-08-10,Jaipur,24.7,27.8,False,none,0.0,False,none
2025-08-10,Jodhpur,19.2,31.2,True,malaria,0.75,False,none
2025-08-10,Bikaner,4.2,22.3,False,none,0.0,False,none
2025-08-10,Udaipur,26.7,32.2,False,none,0.0,False,none
2025-08-10,Kota,0.2,29.8,False,none,0.0,False,none
2025-08-10,Barmer,1.3,28.4,True,malaria,0.59,False,none
2025-08-10,Khordha,68.6,30.9,False,none,0.0,False,none
2025-08-10,Cuttack,44.3,29.8,False,none,0.0,False,none
2025-08-10,Puri,22.7,32.8,False,none,0.0,False,none
2025-08-10,Balasore,37.4,25.8,False,none,0.0,False,none
2025-08-10,Mayurbhanj,99.3,34.0,False,none,0.0,False,none
2025-08-10,Ganjam,48.5,29.0,False,none,0.0,False,none
2025-08-10,Kamrup,150.2,27.3,False,none,0.0,False,none
2025-08-10,Dibrugarh,67.1,23.0,True,japanese_encephalitis,0.67,False,none
2025-08-10,Cachar,99.4,26.9,True,japanese_encephalitis,0.63,False,none
2025-08-10,Jorhat,112.4,26.1,False,none,0.0,False,none
2025-08-10,Nagaon,117.0,26.6,True,japanese_encephalitis,0.7,False,none
2025-08-10,Sonitpur,65.8,24.6,True,japanese_encephalitis,0.62,False,none
2025-08-11,Vellore,0.5,26.2,False,none,0.0,False,none
2025-08-11,Krishnagiri,6.7,29.5,False,none,0.0,False,none
2025-08-11,Tiruvannamalai,2.4,28.5,False,none,0.0,False,none
2025-08-11,Salem,6.2,31.2,False,none,0.0,False,none
2025-08-11,Madurai,0.4,32.7,False,none,0.0,False,none
2025-08-11,Coimbatore,2.9,31.0,False,none,0.0,False,none
2025-08-11,Pune,122.1,28.7,True,dengue,0.83,False,none
2025-08-11,Nagpur,55.9,31.8,False,none,0.0,False,none
2025-08-11,Nashik,57.4,33.4,True,dengue,0.69,False,none
2025-08-11,Chhatrapati Sambhajinagar,61.0,35.7,True,dengue,0.61,False,none
2025-08-11,Thane,145.2,23.4,False,none,0.0,False,none
2025-08-11,Amravati,19.0,28.1,False,none,0.0,False,none
2025-08-11,Jaipur,16.2,31.0,False,none,0.0,False,none
2025-08-11,Jodhpur,0.3,25.3,True,malaria,0.75,False,none
2025-08-11,Bikaner,1.3,24.2,False,none,0.0,False,none
2025-08-11,Udaipur,9.2,22.1,False,none,0.0,False,none
2025-08-11,Kota,19.9,29.7,True,malaria,0.62,False,none
2025-08-11,Barmer,7.5,27.8,True,malaria,0.59,False,none
2025-08-11,Khordha,122.0,30.3,False,none,0.0,False,none
2025-08-11,Cuttack,36.2,25.1,False,none,0.0,False,none
2025-08-11,Puri,59.2,31.8,False,none,0.0,False,none
2025-08-11,Balasore,35.0,31.2,False,none,0.0,False,none
2025-08-11,Mayurbhanj,92.1,31.7,False,none,0.0,False,none
2025-08-11,Ganjam,53.4,28.5,False,none,0.0,False,none
2025-08-11,Kamrup,188.9,28.2,False,none,0.0,False,none
2025-08-11,Dibrugarh,51.0,24.6,True,japanese_encephalitis,0.67,False,none
2025-08-11,Cachar,70.7,26.4,True,japanese_encephalitis,0.63,False,none
2025-08-11,Jorhat,201.4,23.9,False,none,0.0,False,none
2025-08-11,Nagaon,69.6,24.4,False,none,0.0,False,none
2025-08-11,Sonitpur,75.5,29.6,True,japanese_encephalitis,0.62,False,none
2025-08-12,Vellore,0.6,34.4,False,none,0.0,False,none
2025-08-12,Krishnagiri,0.6,29.4,False,none,0.0,False,none
2025-08-12,Tiruvannamalai,0.1,30.6,False,none,0.0,False,none
2025-08-12,Salem,0.8,29.7,False,none,0.0,False,none
2025-08-12,Madurai,12.6,30.0,False,none,0.0,False,none
2025-08-12,Coimbatore,0.8,32.0,False,none,0.0,False,none
2025-08-12,Pune,23.8,31.2,True,dengue,0.83,False,none
2025-08-12,Nagpur,6.8,28.6,False,none,0.0,False,none
2025-08-12,Nashik,84.5,26.8,True,dengue,0.69,False,none
2025-08-12,Chhatrapati Sambhajinagar,39.2,30.9,True,dengue,0.61,False,none
2025-08-12,Thane,44.8,27.3,False,none,0.0,False,none
2025-08-12,Amravati,55.8,27.1,False,none,0.0,False,none
2025-08-12,Jaipur,13.7,29.8,False,none,0.0,False,none
2025-08-12,Jodhpur,13.9,26.8,True,malaria,0.75,False,none
2025-08-12,Bikaner,19.1,28.4,False,none,0.0,False,none
2025-08-12,Udaipur,4.1,26.6,False,none,0.0,False,none
2025-08-12,Kota,1.0,23.0,True,malaria,0.62,False,none
2025-08-12,Barmer,5.6,28.1,True,malaria,0.59,False,none
2025-08-12,Khordha,95.0,26.6,False,none,0.0,False,none
2025-08-12,Cuttack,67.1,29.5,False,none,0.0,False,none
2025-08-12,Puri,14.2,26.9,False,none,0.0,False,none
2025-08-12,Balasore,113.9,31.5,False,none,0.0,False,none
2025-08-12,Mayurbhanj,106.2,27.7,False,none,0.0,False,none
2025-08-12,Ganjam,78.9,30.9,False,none,0.0,False,none
2025-08-12,Kamrup,55.7,26.0,False,none,0.0,False,none
2025-08-12,Dibrugarh,59.3,27.1,True,japanese_encephalitis,0.67,False,none
2025-08-12,Cachar,142.2,21.9,True,japanese_encephalitis,0.63,False,none
2025-08-12,Jorhat,175.7,26.7,False,none,0.0,False,none
2025-08-12,Nagaon,172.7,25.7,False,none,0.0,False,none
2025-08-12,Sonitpur,92.7,24.2,True,japanese_encephalitis,0.62,False,none
2025-08-13,Vellore,3.7,32.8,False,none,0.0,False,none
2025-08-13,Krishnagiri,2.8,31.3,False,none,0.0,False,none
2025-08-13,Tiruvannamalai,2.0,31.2,False,none,0.0,False,none
2025-08-13,Salem,4.0,31.5,False,none,0.0,False,none
2025-08-13,Madurai,6.7,29.8,False,none,0.0,False,none
2025-08-13,Coimbatore,1.0,31.9,False,none,0.0,False,none
2025-08-13,Pune,23.1,28.6,True,dengue,0.83,False,none
2025-08-13,Nagpur,24.5,31.7,False,none,0.0,False,none
2025-08-13,Nashik,33.2,26.8,True,dengue,0.69,False,none
2025-08-13,Chhatrapati Sambhajinagar,30.0,26.8,True,dengue,0.61,False,none
2025-08-13,Thane,50.6,28.7,False,none,0.0,False,none
2025-08-13,Amravati,28.6,28.7,False,none,0.0,False,none
2025-08-13,Jaipur,3.1,23.9,False,none,0.0,False,none
2025-08-13,Jodhpur,3.7,26.4,False,none,0.0,False,none
2025-08-13,Bikaner,7.9,25.8,False,none,0.0,False,none
2025-08-13,Udaipur,6.4,22.1,False,none,0.0,False,none
2025-08-13,Kota,17.8,25.7,True,malaria,0.62,False,none
2025-08-13,Barmer,9.7,24.6,True,malaria,0.59,False,none
2025-08-13,Khordha,78.3,31.0,False,none,0.0,False,none
2025-08-13,Cuttack,65.1,34.6,False,none,0.0,False,none
2025-08-13,Puri,76.5,33.3,False,none,0.0,False,none
2025-08-13,Balasore,65.8,27.2,False,none,0.0,False,none
2025-08-13,Mayurbhanj,71.2,29.5,False,none,0.0,False,none
2025-08-13,Ganjam,66.7,28.7,False,none,0.0,False,none
2025-08-13,Kamrup,34.1,22.1,False,none,0.0,False,none
2025-08-13,Dibrugarh,150.6,24.8,True,japanese_encephalitis,0.67,False,none
2025-08-13,Cachar,78.4,27.8,True,japanese_encephalitis,0.63,False,none
2025-08-13,Jorhat,75.6,26.3,False,none,0.0,False,none
2025-08-13,Nagaon,38.7,21.7,False,none,0.0,False,none
2025-08-13,Sonitpur,91.6,24.4,True,japanese_encephalitis,0.62,False,none
2025-08-14,Vellore,0.2,30.7,False,none,0.0,False,none
2025-08-14,Krishnagiri,1.4,31.5,False,none,0.0,False,none
2025-08-14,Tiruvannamalai,2.3,31.0,False,none,0.0,False,none
2025-08-14,Salem,5.5,29.9,False,none,0.0,False,none
2025-08-14,Madurai,0.4,28.9,False,none,0.0,False,none
2025-08-14,Coimbatore,2.6,32.7,False,none,0.0,False,none
2025-08-14,Pune,61.2,27.0,True,dengue,0.83,False,none
2025-08-14,Nagpur,100.5,26.1,False,none,0.0,False,none
2025-08-14,Nashik,35.1,26.1,True,dengue,0.69,False,none
2025-08-14,Chhatrapati Sambhajinagar,50.4,31.5,True,dengue,0.61,False,none
2025-08-14,Thane,16.8,29.9,False,none,0.0,False,none
2025-08-14,Amravati,41.0,29.6,False,none,0.0,False,none
2025-08-14,Jaipur,5.0,28.5,False,none,0.0,False,none
2025-08-14,Jodhpur,13.5,26.9,False,none,0.0,False,none
2025-08-14,Bikaner,15.8,27.8,False,none,0.0,False,none
2025-08-14,Udaipur,6.1,22.9,False,none,0.0,False,none
2025-08-14,Kota,2.6,25.6,True,malaria,0.62,False,none
2025-08-14,Barmer,5.0,24.6,True,malaria,0.59,False,none
2025-08-14,Khordha,71.4,29.3,False,none,0.0,False,none
2025-08-14,Cuttack,34.9,29.9,False,none,0.0,False,none
2025-08-14,Puri,54.3,30.5,False,none,0.0,False,none
2025-08-14,Balasore,53.4,26.5,False,none,0.0,False,none
2025-08-14,Mayurbhanj,107.2,26.7,False,none,0.0,False,none
2025-08-14,Ganjam,86.0,31.0,False,none,0.0,False,none
2025-08-14,Kamrup,158.7,24.1,False,none,0.0,False,none
2025-08-14,Dibrugarh,85.0,25.0,True,japanese_encephalitis,0.67,False,none
2025-08-14,Cachar,72.0,27.2,False,none,0.0,False,none
2025-08-14,Jorhat,147.0,24.1,False,none,0.0,False,none
2025-08-14,Nagaon,210.1,26.5,False,none,0.0,False,none
2025-08-14,Sonitpur,63.3,25.9,True,japanese_encephalitis,0.62,False,none
2025-08-15,Vellore,5.5,33.2,False,none,0.0,False,none
2025-08-15,Krishnagiri,4.7,28.5,False,none,0.0,False,none
2025-08-15,Tiruvannamalai,5.2,32.0,False,none,0.0,False,none
2025-08-15,Salem,1.4,33.6,False,none,0.0,False,none
2025-08-15,Madurai,1.1,30.2,False,none,0.0,False,none
2025-08-15,Coimbatore,0.1,31.3,False,none,0.0,False,none
2025-08-15,Pune,50.5,24.8,True,dengue,0.83,False,none
2025-08-15,Nagpur,18.1,28.8,False,none,0.0,False,none
2025-08-15,Nashik,92.1,32.8,True,dengue,0.69,False,none
2025-08-15,Chhatrapati Sambhajinagar,104.4,30.3,True,dengue,0.61,False,none
2025-08-15,Thane,76.0,28.5,False,none,0.0,False,none
2025-08-15,Amravati,48.1,25.6,False,none,0.0,False,none
2025-08-15,Jaipur,13.7,29.5,False,none,0.0,False,none
2025-08-15,Jodhpur,10.2,27.0,False,none,0.0,False,none
2025-08-15,Bikaner,19.9,25.1,False,none,0.0,False,none
2025-08-15,Udaipur,3.2,27.9,False,none,0.0,False,none
2025-08-15,Kota,0.9,29.2,True,malaria,0.62,False,none
2025-08-15,Barmer,13.3,27.7,True,malaria,0.59,False,none
2025-08-15,Khordha,24.3,30.8,False,none,0.0,False,none
2025-08-15,Cuttack,96.9,27.7,False,none,0.0,False,none
2025-08-15,Puri,69.5,27.5,False,none,0.0,False,none
2025-08-15,Balasore,115.1,28.3,False,none,0.0,False,none
2025-08-15,Mayurbhanj,76.7,27.2,False,none,0.0,False,none
2025-08-15,Ganjam,25.6,27.7,False,none,0.0,False,none
2025-08-15,Kamrup,88.5,24.0,False,none,0.0,False,none
2025-08-15,Dibrugarh,213.4,24.5,True,japanese_encephalitis,0.67,False,none
2025-08-15,Cachar,18.0,29.5,False,none,0.0,False,none
2025-08-15,Jorhat,75.8,25.7,True,japanese_encephalitis,0.79,False,none
2025-08-15,Nagaon,70.7,25.8,False,none,0.0,False,none
2025-08-15,Sonitpur,73.2,23.6,True,japanese_encephalitis,0.62,False,none
2025-08-16,Vellore,4.4,33.5,False,none,0.0,False,none
2025-08-16,Krishnagiri,8.5,29.9,False,none,0.0,False,none
2025-08-16,Tiruvannamalai,0.8,32.9,False,none,0.0,False,none
2025-08-16,Salem,14.6,27.3,False,none,0.0,False,none
2025-08-16,Madurai,2.0,34.1,False,none,0.0,False,none
2025-08-16,Coimbatore,0.4,26.7,False,none,0.0,False,none
2025-08-16,Pune,43.2,30.4,True,dengue,0.83,False,none
2025-08-16,Nagpur,42.3,26.1,False,none,0.0,False,none
2025-08-16,Nashik,35.7,26.4,True,dengue,0.69,False,none
2025-08-16,Chhatrapati Sambhajinagar,41.2,25.4,True,dengue,0.61,False,none
2025-08-16,Thane,11.8,27.4,False,none,0.0,False,none
2025-08-16,Amravati,23.5,29.8,False,none,0.0,False,none
2025-08-16,Jaipur,17.1,24.2,False,none,0.0,False,none
2025-08-16,Jodhpur,2.8,26.7,False,none,0.0,False,none
2025-08-16,Bikaner,0.8,26.7,False,none,0.0,False,none
2025-08-16,Udaipur,12.3,26.8,False,none,0.0,False,none
2025-08-16,Kota,5.9,30.3,True,malaria,0.62,False,none
2025-08-16,Barmer,6.4,26.3,True,malaria,0.59,False,none
2025-08-16,Khordha,44.7,28.5,False,none,0.0,False,none
2025-08-16,Cuttack,70.7,32.4,False,none,0.0,False,none
2025-08-16,Puri,39.6,28.2,False,none,0.0,False,none
2025-08-16,Balasore,165.6,28.2,False,none,0.0,False,none
2025-08-16,Mayurbhanj,62.0,31.3,False,none,0.0,False,none
2025-08-16,Ganjam,30.1,29.8,False,none,0.0,False,none
2025-08-16,Kamrup,73.6,25.3,False,none,0.0,False,none
2025-08-16,Dibrugarh,143.8,26.6,True,japanese_encephalitis,0.67,False,none
2025-08-16,Cachar,135.6,26.5,False,none,0.0,False,none
2025-08-16,Jorhat,126.2,21.9,True,japanese_encephalitis,0.79,False,none
2025-08-16,Nagaon,30.0,29.1,False,none,0.0,False,none
2025-08-16,Sonitpur,100.2,22.9,True,japanese_encephalitis,0.62,False,none
2025-08-17,Vellore,2.5,29.2,False,none,0.0,False,none
2025-08-17,Krishnagiri,0.8,30.5,False,none,0.0,False,none
2025-08-17,Tiruvannamalai,1.3,29.5,False,none,0.0,False,none
2025-08-17,Salem,0.5,28.1,False,none,0.0,False,none
2025-08-17,Madurai,1.0,26.7,False,none,0.0,False,none
2025-08-17,Coimbatore,2.4,29.7,False,none,0.0,False,none
2025-08-17,Pune,57.1,27.9,True,dengue,0.83,False,none
2025-08-17,Nagpur,12.0,26.8,False,none,0.0,False,none
2025-08-17,Nashik,103.7,31.3,True,dengue,0.69,False,none
2025-08-17,Chhatrapati Sambhajinagar,42.6,34.6,True,dengue,0.61,False,none
2025-08-17,Thane,5.3,32.6,False,none,0.0,False,none
2025-08-17,Amravati,48.9,29.7,False,none,0.0,False,none
2025-08-17,Jaipur,4.0,35.5,False,none,0.0,False,none
2025-08-17,Jodhpur,7.7,27.8,False,none,0.0,False,none
2025-08-17,Bikaner,13.5,29.8,False,none,0.0,False,none
2025-08-17,Udaipur,4.0,25.4,False,none,0.0,False,none
2025-08-17,Kota,10.3,24.9,True,malaria,0.62,False,none
2025-08-17,Barmer,3.9,26.2,True,malaria,0.59,False,none
2025-08-17,Khordha,30.9,28.6,False,none,0.0,False,none
2025-08-17,Cuttack,73.7,24.9,False,none,0.0,False,none
2025-08-17,Puri,70.8,28.5,False,none,0.0,False,none
2025-08-17,Balasore,122.0,28.6,False,none,0.0,False,none
2025-08-17,Mayurbhanj,38.9,31.4,False,none,0.0,False,none
2025-08-17,Ganjam,73.0,28.3,False,none,0.0,False,none
2025-08-17,Kamrup,67.1,26.6,False,none,0.0,False,none
2025-08-17,Dibrugarh,72.1,25.8,True,japanese_encephalitis,0.67,False,none
2025-08-17,Cachar,115.0,25.2,False,none,0.0,False,none
2025-08-17,Jorhat,172.3,24.9,True,japanese_encephalitis,0.79,False,none
2025-08-17,Nagaon,114.7,26.1,False,none,0.0,False,none
2025-08-17,Sonitpur,101.2,24.6,True,japanese_encephalitis,0.62,False,none
2025-08-18,Vellore,2.8,31.7,False,none,0.0,False,none
2025-08-18,Krishnagiri,2.4,31.1,False,none,0.0,False,none
2025-08-18,Tiruvannamalai,8.8,29.3,False,none,0.0,False,none
2025-08-18,Salem,1.6,34.8,False,none,0.0,False,none
2025-08-18,Madurai,4.2,32.8,False,none,0.0,False,none
2025-08-18,Coimbatore,4.6,31.2,False,none,0.0,False,none
2025-08-18,Pune,62.8,28.6,True,dengue,0.83,False,none
2025-08-18,Nagpur,56.8,25.0,False,none,0.0,False,none
2025-08-18,Nashik,91.6,29.3,False,none,0.0,False,none
2025-08-18,Chhatrapati Sambhajinagar,81.3,30.3,False,none,0.0,False,none
2025-08-18,Thane,75.4,28.9,False,none,0.0,False,none
2025-08-18,Amravati,80.0,26.9,False,none,0.0,False,none
2025-08-18,Jaipur,6.1,28.0,False,none,0.0,False,none
2025-08-18,Jodhpur,2.5,28.3,False,none,0.0,False,none
2025-08-18,Bikaner,14.4,28.2,False,none,0.0,False,none
2025-08-18,Udaipur,3.5,26.2,False,none,0.0,False,none
2025-08-18,Kota,17.2,25.1,True,malaria,0.62,False,none
2025-08-18,Barmer,8.5,31.8,True,malaria,0.59,False,none
2025-08-18,Khordha,60.0,28.9,False,none,0.0,False,none
2025-08-18,Cuttack,115.6,29.0,False,none,0.0,False,none
2025-08-18,Puri,81.3,27.5,False,none,0.0,False,none
2025-08-18,Balasore,35.4,30.0,False,none,0.0,False,none
2025-08-18,Mayurbhanj,128.2,27.7,False,none,0.0,False,none
2025-08-18,Ganjam,16.3,35.2,False,none,0.0,False,none
2025-08-18,Kamrup,175.6,28.0,False,none,0.0,False,none
2025-08-18,Dibrugarh,25.4,23.3,True,japanese_encephalitis,0.67,False,none
2025-08-18,Cachar,104.8,24.8,False,none,0.0,False,none
2025-08-18,Jorhat,68.4,24.4,True,japanese_encephalitis,0.79,False,none
2025-08-18,Nagaon,128.0,23.1,False,none,0.0,False,none
2025-08-18,Sonitpur,96.5,27.3,False,none,0.0,False,none
2025-08-19,Vellore,4.7,26.3,False,none,0.0,False,none
2025-08-19,Krishnagiri,16.8,25.0,False,none,0.0,False,none
2025-08-19,Tiruvannamalai,1.0,32.1,False,none,0.0,False,none
2025-08-19,Salem,0.7,31.6,False,none,0.0,False,none
2025-08-19,Madurai,0.6,30.2,False,none,0.0,False,none
2025-08-19,Coimbatore,1.7,28.7,False,none,0.0,False,none
2025-08-19,Pune,31.2,26.0,True,dengue,0.83,False,none
2025-08-19,Nagpur,24.4,28.9,False,none,0.0,False,none
2025-08-19,Nashik,109.0,23.2,False,none,0.0,False,none
2025-08-19,Chhatrapati Sambhajinagar,70.8,27.6,False,none,0.0,False,none
2025-08-19,Thane,53.9,30.4,False,none,0.0,False,none
2025-08-19,Amravati,30.2,22.0,False,none,0.0,False,none
2025-08-19,Jaipur,2.2,34.2,False,none,0.0,False,none
2025-08-19,Jodhpur,11.2,22.7,False,none,0.0,False,none
2025-08-19,Bikaner,8.9,25.4,False,none,0.0,False,none
2025-08-19,Udaipur,0.7,20.7,False,none,0.0,False,none
2025-08-19,Kota,10.0,26.1,True,malaria,0.62,False,none
2025-08-19,Barmer,5.9,27.9,False,none,0.0,False,none
2025-08-19,Khordha,74.5,32.5,False,none,0.0,False,none
2025-08-19,Cuttack,35.4,26.1,False,none,0.0,False,none
2025-08-19,Puri,52.2,28.4,False,none,0.0,False,none
2025-08-19,Balasore,21.2,33.2,False,none,0.0,False,none
2025-08-19,Mayurbhanj,58.3,31.8,False,none,0.0,False,none
2025-08-19,Ganjam,72.7,24.3,False,none,0.0,False,none
2025-08-19,Kamrup,345.6,24.5,False,none,0.0,False,none
2025-08-19,Dibrugarh,125.1,25.1,True,japanese_encephalitis,0.67,False,none
2025-08-19,Cachar,72.2,23.9,False,none,0.0,False,none
2025-08-19,Jorhat,243.6,21.5,True,japanese_encephalitis,0.79,False,none
2025-08-19,Nagaon,65.6,26.9,False,none,0.0,False,none
2025-08-19,Sonitpur,87.7,23.7,False,none,0.0,False,none
2025-08-20,Vellore,12.1,28.8,False,none,0.0,False,none
2025-08-20,Krishnagiri,1.3,29.0,False,none,0.0,False,none
2025-08-20,Tiruvannamalai,1.9,31.5,False,none,0.0,False,none
2025-08-20,Salem,7.7,31.6,False,none,0.0,False,none
2025-08-20,Madurai,5.9,29.1,False,none,0.0,False,none
2025-08-20,Coimbatore,0.8,29.9,False,none,0.0,False,none
2025-08-20,Pune,43.5,35.4,True,dengue,0.83,False,none
2025-08-20,Nagpur,34.7,27.3,False,none,0.0,False,none
2025-08-20,Nashik,54.2,30.5,False,none,0.0,False,none
2025-08-20,Chhatrapati Sambhajinagar,124.4,30.9,False,none,0.0,False,none
2025-08-20,Thane,55.0,29.6,False,none,0.0,False,none
2025-08-20,Amravati,5.8,30.3,False,none,0.0,False,none
2025-08-20,Jaipur,3.4,24.9,False,none,0.0,False,none
2025-08-20,Jodhpur,26.2,27.9,False,none,0.0,False,none
2025-08-20,Bikaner,4.7,23.9,False,none,0.0,False,none
2025-08-20,Udaipur,2.0,24.9,False,none,0.0,False,none
2025-08-20,Kota,1.7,33.4,True,malaria,0.62,False,none
2025-08-20,Barmer,32.8,27.6,False,none,0.0,False,none
2025-08-20,Khordha,89.9,26.2,False,none,0.0,False,none
2025-08-20,Cuttack,77.3,30.5,False,none,0.0,False,none
2025-08-20,Puri,96.8,26.3,False,none,0.0,False,none
2025-08-20,Balasore,29.3,27.6,False,none,0.0,False,none
2025-08-20,Mayurbhanj,52.1,29.8,False,none,0.0,False,none
2025-08-20,Ganjam,139.5,32.5,False,none,0.0,False,none
2025-08-20,Kamrup,138.1,26.1,False,none,0.0,False,none
2025-08-20,Dibrugarh,132.9,24.8,True,japanese_encephalitis,0.67,False,none
2025-08-20,Cachar,84.3,26.0,False,none,0.0,False,none
2025-08-20,Jorhat,162.7,27.5,True,japanese_encephalitis,0.79,False,none
2025-08-20,Nagaon,94.8,25.1,False,none,0.0,False,none
2025-08-20,Sonitpur,88.4,24.1,False,none,0.0,False,none
2025-08-21,Vellore,2.0,26.5,False,none,0.0,False,none
2025-08-21,Krishnagiri,0.6,27.2,False,none,0.0,False,none
2025-08-21,Tiruvannamalai,1.4,27.6,False,none,0.0,False,none
2025-08-21,Salem,0.3,32.8,False,none,0.0,False,none
2025-08-21,Madurai,0.3,24.7,False,none,0.0,False,none
2025-08-21,Coimbatore,2.2,29.9,False,none,0.0,False,none
2025-08-21,Pune,28.4,35.4,True,dengue,0.83,False,none
2025-08-21,Nagpur,19.6,28.9,False,none,0.0,False,none
2025-08-21,Nashik,73.3,30.6,False,none,0.0,False,none
2025-08-21,Chhatrapati Sambhajinagar,10.7,23.1,False,none,0.0,False,none
2025-08-21,Thane,38.1,22.8,False,none,0.0,False,none
2025-08-21,Amravati,100.4,28.1,False,none,0.0,False,none
2025-08-21,Jaipur,2.7,31.8,False,none,0.0,False,none
2025-08-21,Jodhpur,2.1,26.3,False,none,0.0,False,none
2025-08-21,Bikaner,6.1,30.6,False,none,0.0,False,none
2025-08-21,Udaipur,3.9,23.5,False,none,0.0,False,none
2025-08-21,Kota,1.5,24.4,True,malaria,0.62,False,none
2025-08-21,Barmer,8.4,24.2,False,none,0.0,False,none
2025-08-21,Khordha,87.1,34.1,False,none,0.0,False,none
2025-08-21,Cuttack,31.6,29.1,False,none,0.0,False,none
2025-08-21,Puri,21.1,29.2,False,none,0.0,False,none
2025-08-21,Balasore,79.5,29.0,False,none,0.0,False,none
2025-08-21,Mayurbhanj,49.1,31.9,False,none,0.0,False,none
2025-08-21,Ganjam,38.5,33.0,False,none,0.0,False,none
2025-08-21,Kamrup,112.5,23.1,False,none,0.0,False,none
2025-08-21,Dibrugarh,114.9,25.3,True,japanese_encephalitis,0.67,False,none
2025-08-21,Cachar,169.7,26.4,False,none,0.0,False,none
2025-08-21,Jorhat,47.2,24.1,True,japanese_encephalitis,0.79,False,none
2025-08-21,Nagaon,54.5,25.3,False,none,0.0,False,none
2025-08-21,Sonitpur,142.5,26.8,False,none,0.0,False,none
2025-08-22,Vellore,5.5,32.9,False,none,0.0,False,none
2025-08-22,Krishnagiri,3.8,31.0,False,none,0.0,False,none
2025-08-22,Tiruvannamalai,3.7,28.8,False,none,0.0,False,none
2025-08-22,Salem,2.2,27.8,False,none,0.0,False,none
2025-08-22,Madurai,0.4,23.2,False,none,0.0,False,none
2025-08-22,Coimbatore,0.8,27.3,False,none,0.0,False,none
2025-08-22,Pune,28.2,26.4,True,dengue,0.83,False,none
2025-08-22,Nagpur,11.9,23.8,False,none,0.0,False,none
2025-08-22,Nashik,63.1,31.2,False,none,0.0,False,none
2025-08-22,Chhatrapati Sambhajinagar,55.2,26.5,False,none,0.0,False,none
2025-08-22,Thane,53.4,25.2,False,none,0.0,False,none
2025-08-22,Amravati,49.2,27.3,False,none,0.0,False,none
2025-08-22,Jaipur,1.7,30.1,False,none,0.0,False,none
2025-08-22,Jodhpur,4.4,23.6,False,none,0.0,False,none
2025-08-22,Bikaner,0.7,26.5,False,none,0.0,False,none
2025-08-22,Udaipur,9.0,25.8,False,none,0.0,False,none
2025-08-22,Kota,6.2,23.1,False,none,0.0,False,none
2025-08-22,Barmer,21.9,22.1,False,none,0.0,False,none
2025-08-22,Khordha,96.7,27.0,False,none,0.0,False,none
2025-08-22,Cuttack,71.4,27.3,False,none,0.0,False,none
2025-08-22,Puri,86.8,29.7,False,none,0.0,False,none
2025-08-22,Balasore,77.2,35.0,False,none,0.0,False,none
2025-08-22,Mayurbhanj,45.8,25.5,False,none,0.0,False,none
2025-08-22,Ganjam,35.6,31.8,False,none,0.0,False,none
2025-08-22,Kamrup,122.3,22.9,False,none,0.0,False,none
2025-08-22,Dibrugarh,165.6,26.2,True,japanese_encephalitis,0.67,False,none
2025-08-22,Cachar,115.0,25.7,False,none,0.0,False,none
2025-08-22,Jorhat,111.5,26.7,True,japanese_encephalitis,0.79,False,none
2025-08-22,Nagaon,11.9,26.7,False,none,0.0,False,none
2025-08-22,Sonitpur,72.6,26.4,False,none,0.0,False,none
2025-08-23,Vellore,1.3,28.1,False,none,0.0,False,none
2025-08-23,Krishnagiri,2.1,31.4,False,none,0.0,False,none
2025-08-23,Tiruvannamalai,0.7,28.0,False,none,0.0,False,none
2025-08-23,Salem,2.4,29.1,False,none,0.0,False,none
2025-08-23,Madurai,1.4,29.0,False,none,0.0,False,none
2025-08-23,Coimbatore,0.4,29.7,False,none,0.0,False,none
2025-08-23,Pune,21.0,31.4,True,dengue,0.83,False,none
2025-08-23,Nagpur,34.8,32.8,False,none,0.0,False,none
2025-08-23,Nashik,90.1,29.1,False,none,0.0,False,none
2025-08-23,Chhatrapati Sambhajinagar,21.3,27.9,False,none,0.0,False,none
2025-08-23,Thane,81.2,29.3,False,none,0.0,False,none
2025-08-23,Amravati,19.1,32.7,False,none,0.0,False,none
2025-08-23,Jaipur,4.0,26.2,False,none,0.0,False,none
2025-08-23,Jodhpur,16.6,30.0,False,none,0.0,False,none
2025-08-23,Bikaner,10.5,27.0,False,none,0.0,False,none
2025-08-23,Udaipur,0.6,25.7,False,none,0.0,False,none
2025-08-23,Kota,21.5,28.8,False,none,0.0,False,none
2025-08-23,Barmer,25.4,27.3,False,none,0.0,False,none
2025-08-23,Khordha,80.2,29.6,False,none,0.0,False,none
2025-08-23,Cuttack,89.8,28.9,False,none,0.0,False,none
2025-08-23,Puri,123.8,24.8,False,none,0.0,False,none
2025-08-23,Balasore,133.7,24.3,False,none,0.0,False,none
2025-08-23,Mayurbhanj,56.3,30.4,False,none,0.0,False,none
2025-08-23,Ganjam,132.7,26.3,False,none,0.0,False,none
2025-08-23,Kamrup,102.9,27.2,False,none,0.0,False,none
2025-08-23,Dibrugarh,47.4,24.2,True,japanese_encephalitis,0.67,False,none
2025-08-23,Cachar,197.7,24.5,False,none,0.0,False,none
2025-08-23,Jorhat,106.7,21.4,True,japanese_encephalitis,0.79,False,none
2025-08-23,Nagaon,170.8,23.1,False,none,0.0,False,none
2025-08-23,Sonitpur,119.1,26.2,False,none,0.0,False,none
2025-08-24,Vellore,3.9,32.4,False,none,0.0,False,none
2025-08-24,Krishnagiri,3.6,30.1,False,none,0.0,False,none
2025-08-24,Tiruvannamalai,2.4,24.1,False,none,0.0,False,none
2025-08-24,Salem,8.6,35.0,False,none,0.0,False,none
2025-08-24,Madurai,1.2,34.7,False,none,0.0,False,none
2025-08-24,Coimbatore,3.1,27.2,False,none,0.0,False,none
2025-08-24,Pune,57.8,31.0,True,dengue,0.83,False,none
2025-08-24,Nagpur,19.7,31.6,False,none,0.0,False,none
2025-08-24,Nashik,33.3,28.1,False,none,0.0,False,none
2025-08-24,Chhatrapati Sambhajinagar,45.3,29.2,False,none,0.0,False,none
2025-08-24,Thane,76.4,26.9,False,none,0.0,False,none
2025-08-24,Amravati,20.5,24.9,False,none,0.0,False,none
2025-08-24,Jaipur,12.3,32.8,False,none,0.0,False,none
2025-08-24,Jodhpur,6.7,34.6,False,none,0.0,False,none
2025-08-24,Bikaner,12.9,24.0,False,none,0.0,False,none
2025-08-24,Udaipur,3.6,29.6,False,none,0.0,False,none
2025-08-24,Kota,2.2,26.8,False,none,0.0,False,none
2025-08-24,Barmer,6.4,34.2,False,none,0.0,False,none
2025-08-24,Khordha,217.8,27.9,False,none,0.0,False,none
2025-08-24,Cuttack,92.8,30.0,False,none,0.0,False,none
2025-08-24,Puri,58.8,26.1,False,none,0.0,False,none
2025-08-24,Balasore,9.5,31.8,False,none,0.0,False,none
2025-08-24,Mayurbhanj,76.5,27.0,False,none,0.0,False,none
2025-08-24,Ganjam,143.3,30.4,False,none,0.0,False,none
2025-08-24,Kamrup,91.1,22.9,False,none,0.0,False,none
2025-08-24,Dibrugarh,123.8,25.1,True,japanese_encephalitis,0.67,False,none
2025-08-24,Cachar,207.9,27.4,False,none,0.0,False,none
2025-08-24,Jorhat,59.5,27.3,True,japanese_encephalitis,0.79,False,none
2025-08-24,Nagaon,126.9,28.6,False,none,0.0,False,none
2025-08-24,Sonitpur,68.1,26.2,False,none,0.0,False,none
2025-08-25,Vellore,0.3,27.8,False,none,0.0,False,none
2025-08-25,Krishnagiri,4.0,33.4,False,none,0.0,False,none
2025-08-25,Tiruvannamalai,2.2,28.3,False,none,0.0,False,none
2025-08-25,Salem,10.2,30.5,False,none,0.0,False,none
2025-08-25,Madurai,0.0,30.3,False,none,0.0,False,none
2025-08-25,Coimbatore,0.9,31.7,False,none,0.0,False,none
2025-08-25,Pune,91.3,31.7,False,none,0.0,False,none
2025-08-25,Nagpur,14.3,32.5,False,none,0.0,False,none
2025-08-25,Nashik,29.8,26.5,False,none,0.0,False,none
2025-08-25,Chhatrapati Sambhajinagar,34.3,30.0,False,none,0.0,False,none
2025-08-25,Thane,26.8,27.2,False,none,0.0,False,none
2025-08-25,Amravati,58.2,28.0,False,none,0.0,False,none
2025-08-25,Jaipur,2.4,30.4,False,none,0.0,False,none
2025-08-25,Jodhpur,6.6,22.2,False,none,0.0,False,none
2025-08-25,Bikaner,5.6,21.0,False,none,0.0,False,none
2025-08-25,Udaipur,6.1,28.0,False,none,0.0,False,none
2025-08-25,Kota,18.7,31.1,False,none,0.0,False,none
2025-08-25,Barmer,11.2,23.8,False,none,0.0,False,none
2025-08-25,Khordha,51.5,27.8,False,none,0.0,False,none
2025-08-25,Cuttack,75.5,30.6,False,none,0.0,False,none
2025-08-25,Puri,154.3,29.3,False,none,0.0,False,none
2025-08-25,Balasore,22.0,29.4,False,none,0.0,False,none
2025-08-25,Mayurbhanj,64.9,28.2,False,none,0.0,False,none
2025-08-25,Ganjam,34.5,27.4,False,none,0.0,False,none
2025-08-25,Kamrup,160.1,25.0,False,none,0.0,False,none
2025-08-25,Dibrugarh,104.2,25.8,False,none,0.0,False,none
2025-08-25,Cachar,57.0,26.4,False,none,0.0,False,none
2025-08-25,Jorhat,69.7,26.4,True,japanese_encephalitis,0.79,False,none
2025-08-25,Nagaon,57.6,23.7,False,none,0.0,False,none
2025-08-25,Sonitpur,124.2,27.1,False,none,0.0,False,none
2025-08-26,Vellore,0.4,27.6,False,none,0.0,False,none
2025-08-26,Krishnagiri,4.6,26.6,False,none,0.0,False,none
2025-08-26,Tiruvannamalai,0.2,27.0,False,none,0.0,False,none
2025-08-26,Salem,1.4,31.7,False,none,0.0,False,none
2025-08-26,Madurai,0.0,27.9,False,none,0.0,False,none
2025-08-26,Coimbatore,2.1,28.7,False,none,0.0,False,none
2025-08-26,Pune,50.7,27.7,False,none,0.0,False,none
2025-08-26,Nagpur,36.8,29.7,False,none,0.0,False,none
2025-08-26,Nashik,62.1,29.9,False,none,0.0,False,none
2025-08-26,Chhatrapati Sambhajinagar,98.7,26.1,False,none,0.0,False,none
2025-08-26,Thane,77.0,30.0,False,none,0.0,False,none
2025-08-26,Amravati,64.9,30.9,False,none,0.0,False,none
2025-08-26,Jaipur,7.0,19.9,False,none,0.0,False,none
2025-08-26,Jodhpur,6.4,29.9,False,none,0.0,False,none
2025-08-26,Bikaner,35.5,28.4,False,none,0.0,False,none
2025-08-26,Udaipur,3.7,24.5,False,none,0.0,False,none
2025-08-26,Kota,20.9,33.5,False,none,0.0,False,none
2025-08-26,Barmer,9.3,24.6,False,none,0.0,False,none
2025-08-26,Khordha,19.0,28.1,False,none,0.0,False,none
2025-08-26,Cuttack,95.9,28.2,False,none,0.0,False,none
2025-08-26,Puri,56.7,27.9,False,none,0.0,False,none
2025-08-26,Balasore,138.7,27.2,False,none,0.0,False,none
2025-08-26,Mayurbhanj,129.7,34.1,False,none,0.0,False,none
2025-08-26,Ganjam,30.9,31.1,False,none,0.0,False,none
2025-08-26,Kamrup,111.2,26.4,False,none,0.0,False,none
2025-08-26,Dibrugarh,140.2,24.7,False,none,0.0,False,none
2025-08-26,Cachar,86.8,25.3,False,none,0.0,False,none
2025-08-26,Jorhat,123.2,27.1,True,japanese_encephalitis,0.79,False,none
2025-08-26,Nagaon,36.8,22.1,False,none,0.0,False,none
2025-08-26,Sonitpur,82.6,24.9,False,none,0.0,False,none
2025-08-27,Vellore,1.4,29.6,False,none,0.0,True,general_immunization
2025-08-27,Krishnagiri,3.0,30.9,False,none,0.0,True,general_immunization
2025-08-27,Tiruvannamalai,0.0,26.1,False,none,0.0,True,tetanus_drive
2025-08-27,Salem,1.9,28.3,False,none,0.0,True,general_immunization
2025-08-27,Madurai,10.2,28.5,False,none,0.0,True,general_immunization
2025-08-27,Coimbatore,7.5,22.9,False,none,0.0,True,tetanus_drive
2025-08-27,Pune,26.4,26.7,False,none,0.0,True,general_immunization
2025-08-27,Nagpur,37.5,30.0,False,none,0.0,True,measles_drive
2025-08-27,Nashik,53.9,24.8,False,none,0.0,True,tetanus_drive
2025-08-27,Chhatrapati Sambhajinagar,46.7,30.2,False,none,0.0,True,tetanus_drive
2025-08-27,Thane,62.6,25.4,False,none,0.0,True,tetanus_drive
2025-08-27,Amravati,51.5,24.4,False,none,0.0,True,general_immunization
2025-08-27,Jaipur,6.1,26.6,False,none,0.0,True,tetanus_drive
2025-08-27,Jodhpur,4.6,22.9,False,none,0.0,True,general_immunization
2025-08-27,Bikaner,9.7,24.3,False,none,0.0,True,general_immunization
2025-08-27,Udaipur,3.5,22.5,False,none,0.0,True,measles_drive
2025-08-27,Kota,0.9,19.2,False,none,0.0,True,general_immunization
2025-08-27,Barmer,23.6,21.5,False,none,0.0,True,measles_drive
2025-08-27,Khordha,68.1,29.6,False,none,0.0,True,measles_drive
2025-08-27,Cuttack,41.6,28.7,False,none,0.0,True,measles_drive
2025-08-27,Puri,167.4,30.9,False,none,0.0,True,measles_drive
2025-08-27,Balasore,53.9,27.8,False,none,0.0,True,measles_drive
2025-08-27,Mayurbhanj,23.6,32.7,False,none,0.0,True,tetanus_drive
2025-08-27,Ganjam,62.5,31.6,False,none,0.0,True,general_immunization
2025-08-27,Kamrup,94.3,27.7,False,none,0.0,True,tetanus_drive
2025-08-27,Dibrugarh,44.0,25.8,False,none,0.0,True,general_immunization
2025-08-27,Cachar,80.0,24.0,False,none,0.0,True,tetanus_drive
2025-08-27,Jorhat,155.5,23.8,True,japanese_encephalitis,0.79,True,general_immunization
2025-08-27,Nagaon,52.2,26.8,False,none,0.0,True,general_immunization
2025-08-27,Sonitpur,202.4,23.0,False,none,0.0,True,measles_drive
2025-08-28,Vellore,4.6,30.1,False,none,0.0,True,tetanus_drive
2025-08-28,Krishnagiri,16.3,30.3,False,none,0.0,True,general_immunization
2025-08-28,Tiruvannamalai,0.6,33.7,False,none,0.0,True,tetanus_drive
2025-08-28,Salem,10.8,30.0,False,none,0.0,True,general_immunization
2025-08-28,Madurai,6.9,32.2,False,none,0.0,True,general_immunization
2025-08-28,Coimbatore,2.6,27.6,False,none,0.0,True,general_immunization
2025-08-28,Pune,58.0,27.0,False,none,0.0,True,measles_drive
2025-08-28,Nagpur,70.2,33.3,False,none,0.0,True,tetanus_drive
2025-08-28,Nashik,41.5,29.3,False,none,0.0,True,tetanus_drive
2025-08-28,Chhatrapati Sambhajinagar,12.6,28.1,False,none,0.0,True,general_immunization
2025-08-28,Thane,45.7,29.1,False,none,0.0,True,general_immunization
2025-08-28,Amravati,52.3,29.0,False,none,0.0,True,tetanus_drive
2025-08-28,Jaipur,21.9,32.7,False,none,0.0,True,tetanus_drive
2025-08-28,Jodhpur,0.8,26.0,False,none,0.0,True,measles_drive
2025-08-28,Bikaner,7.8,32.5,False,none,0.0,True,tetanus_drive
2025-08-28,Udaipur,1.0,27.7,False,none,0.0,True,measles_drive
2025-08-28,Kota,6.4,23.9,False,none,0.0,True,tetanus_drive
2025-08-28,Barmer,2.0,23.4,False,none,0.0,True,measles_drive
2025-08-28,Khordha,44.3,29.8,False,none,0.0,True,measles_drive
2025-08-28,Cuttack,44.2,32.8,False,none,0.0,True,tetanus_drive
2025-08-28,Puri,86.5,29.2,False,none,0.0,True,tetanus_drive
2025-08-28,Balasore,127.4,28.6,False,none,0.0,True,tetanus_drive
2025-08-28,Mayurbhanj,36.4,26.6,False,none,0.0,True,measles_drive
2025-08-28,Ganjam,60.0,30.2,False,none,0.0,True,measles_drive
2025-08-28,Kamrup,92.9,28.4,False,none,0.0,True,general_immunization
2025-08-28,Dibrugarh,110.9,27.8,False,none,0.0,True,general_immunization
2025-08-28,Cachar,164.4,25.6,False,none,0.0,True,measles_drive
2025-08-28,Jorhat,134.3,25.0,True,japanese_encephalitis,0.79,True,general_immunization
2025-08-28,Nagaon,161.8,22.2,False,none,0.0,True,measles_drive
2025-08-28,Sonitpur,51.3,26.1,False,none,0.0,True,tetanus_drive
2025-08-29,Vellore,8.3,33.8,False,none,0.0,True,measles_drive
2025-08-29,Krishnagiri,1.4,31.0,False,none,0.0,True,measles_drive
2025-08-29,Tiruvannamalai,2.1,30.9,False,none,0.0,True,general_immunization
2025-08-29,Salem,0.1,32.5,False,none,0.0,True,measles_drive
2025-08-29,Madurai,1.4,32.9,False,none,0.0,True,measles_drive
2025-08-29,Coimbatore,11.3,33.6,False,none,0.0,True,measles_drive
2025-08-29,Pune,26.0,28.1,False,none,0.0,True,measles_drive
2025-08-29,Nagpur,27.7,27.3,False,none,0.0,True,general_immunization
2025-08-29,Nashik,38.8,36.0,False,none,0.0,True,tetanus_drive
2025-08-29,Chhatrapati Sambhajinagar,13.0,29.6,False,none,0.0,True,measles_drive
2025-08-29,Thane,50.9,24.1,False,none,0.0,True,tetanus_drive
2025-08-29,Amravati,48.4,26.9,False,none,0.0,True,measles_drive
2025-08-29,Jaipur,1.6,24.2,False,none,0.0,True,measles_drive
2025-08-29,Jodhpur,11.6,25.3,False,none,0.0,True,general_immunization
2025-08-29,Bikaner,1.8,27.2,False,none,0.0,True,measles_drive
2025-08-29,Udaipur,6.0,31.3,False,none,0.0,True,measles_drive
2025-08-29,Kota,6.9,28.7,False,none,0.0,True,general_immunization
2025-08-29,Barmer,4.2,19.4,False,none,0.0,True,measles_drive
2025-08-29,Khordha,59.7,30.6,False,none,0.0,True,general_immunization
2025-08-29,Cuttack,103.5,27.3,False,none,0.0,True,tetanus_drive
2025-08-29,Puri,14.1,29.8,False,none,0.0,True,measles_drive
2025-08-29,Balasore,45.9,29.6,False,none,0.0,True,tetanus_drive
2025-08-29,Mayurbhanj,136.3,29.0,False,none,0.0,True,measles_drive
2025-08-29,Ganjam,26.8,26.1,False,none,0.0,True,tetanus_drive
2025-08-29,Kamrup,109.8,24.0,False,none,0.0,True,general_immunization
2025-08-29,Dibrugarh,73.9,26.0,False,none,0.0,True,measles_drive
2025-08-29,Cachar,127.2,22.8,False,none,0.0,True,tetanus_drive
2025-08-29,Jorhat,92.0,24.3,True,japanese_encephalitis,0.79,True,tetanus_drive
2025-08-29,Nagaon,61.6,28.6,False,none,0.0,True,measles_drive
2025-08-29,Sonitpur,218.1,23.7,False,none,0.0,True,measles_drive
2025-08-30,Vellore,1.0,28.1,False,none,0.0,True,tetanus_drive
2025-08-30,Krishnagiri,1.2,29.6,False,none,0.0,True,measles_drive
2025-08-30,Tiruvannamalai,1.5,30.8,False,none,0.0,True,general_immunization
2025-08-30,Salem,8.2,29.0,False,none,0.0,True,general_immunization
2025-08-30,Madurai,1.8,30.4,False,none,0.0,True,general_immunization
2025-08-30,Coimbatore,4.2,27.5,False,none,0.0,True,measles_drive
2025-08-30,Pune,111.1,24.8,False,none,0.0,True,measles_drive
2025-08-30,Nagpur,20.9,28.2,False,none,0.0,True,tetanus_drive
2025-08-30,Nashik,22.6,28.0,False,none,0.0,True,measles_drive
2025-08-30,Chhatrapati Sambhajinagar,72.2,26.1,False,none,0.0,True,measles_drive
2025-08-30,Thane,31.9,35.1,False,none,0.0,True,general_immunization
2025-08-30,Amravati,36.5,33.3,False,none,0.0,True,measles_drive
2025-08-30,Jaipur,10.1,19.5,False,none,0.0,True,general_immunization
2025-08-30,Jodhpur,2.9,26.3,False,none,0.0,True,tetanus_drive
2025-08-30,Bikaner,6.2,33.5,False,none,0.0,True,general_immunization
2025-08-30,Udaipur,4.0,22.5,False,none,0.0,True,measles_drive
2025-08-30,Kota,14.5,27.3,False,none,0.0,True,general_immunization
2025-08-30,Barmer,2.4,30.6,False,none,0.0,True,tetanus_drive
2025-08-30,Khordha,93.0,29.5,False,none,0.0,True,measles_drive
2025-08-30,Cuttack,107.5,28.1,False,none,0.0,True,tetanus_drive
2025-08-30,Puri,26.1,31.3,False,none,0.0,True,tetanus_drive
2025-08-30,Balasore,92.9,25.9,False,none,0.0,True,tetanus_drive
2025-08-30,Mayurbhanj,36.6,31.6,False,none,0.0,True,tetanus_drive
2025-08-30,Ganjam,95.4,28.9,False,none,0.0,True,measles_drive
2025-08-30,Kamrup,91.1,24.9,False,none,0.0,True,tetanus_drive
2025-08-30,Dibrugarh,39.2,29.7,False,none,0.0,True,tetanus_drive
2025-08-30,Cachar,45.2,26.5,False,none,0.0,True,general_immunization
2025-08-30,Jorhat,32.7,21.3,True,japanese_encephalitis,0.79,True,tetanus_drive
2025-08-30,Nagaon,168.3,23.7,False,none,0.0,True,tetanus_drive
2025-08-30,Sonitpur,128.7,23.2,False,none,0.0,True,general_immunization
2025-08-31,Vellore,0.9,31.0,False,none,0.0,True,general_immunization
2025-08-31,Krishnagiri,4.1,31.3,False,none,0.0,True,measles_drive
2025-08-31,Tiruvannamalai,0.4,27.4,False,none,0.0,True,measles_drive
2025-08-31,Salem,6.7,31.6,False,none,0.0,True,general_immunization
2025-08-31,Madurai,2.0,22.2,False,none,0.0,True,tetanus_drive
2025-08-31,Coimbatore,1.0,26.8,False,none,0.0,True,measles_drive
2025-08-31,Pune,42.1,29.0,False,none,0.0,True,general_immunization
2025-08-31,Nagpur,17.6,30.5,False,none,0.0,True,general_immunization
2025-08-31,Nashik,24.8,28.5,False,none,0.0,True,tetanus_drive
2025-08-31,Chhatrapati Sambhajinagar,35.3,31.4,False,none,0.0,True,general_immunization
2025-08-31,Thane,85.5,30.5,False,none,0.0,True,general_immunization
2025-08-31,Amravati,121.6,25.1,False,none,0.0,True,tetanus_drive
2025-08-31,Jaipur,0.6,23.3,False,none,0.0,True,tetanus_drive
2025-08-31,Jodhpur,1.0,30.2,False,none,0.0,True,measles_drive
2025-08-31,Bikaner,10.0,29.7,False,none,0.0,True,measles_drive
2025-08-31,Udaipur,22.1,24.3,False,none,0.0,True,tetanus_drive
2025-08-31,Kota,2.2,26.7,False,none,0.0,True,measles_drive
2025-08-31,Barmer,6.8,22.3,False,none,0.0,True,tetanus_drive
2025-08-31,Khordha,78.3,30.4,False,none,0.0,True,tetanus_drive
2025-08-31,Cuttack,79.8,30.6,False,none,0.0,True,general_immunization
2025-08-31,Puri,61.7,31.5,False,none,0.0,True,tetanus_drive
2025-08-31,Balasore,89.8,25.9,False,none,0.0,True,tetanus_drive
2025-08-31,Mayurbhanj,46.8,32.8,False,none,0.0,True,measles_drive
2025-08-31,Ganjam,70.3,28.9,False,none,0.0,True,general_immunization
2025-08-31,Kamrup,38.1,28.1,False,none,0.0,True,measles_drive
2025-08-31,Dibrugarh,206.8,23.8,False,none,0.0,True,general_immunization
2025-08-31,Cachar,110.4,27.5,False,none,0.0,True,general_immunization
2025-08-31,Jorhat,106.3,25.0,True,japanese_encephalitis,0.79,True,tetanus_drive
2025-08-31,Nagaon,46.2,24.0,False,none,0.0,True,general_immunization
2025-08-31,Sonitpur,140.2,28.9,False,none,0.0,True,measles_drive
