date,phc_id,role,scheduled_count,present_count,shortfall
2024-09-01,PHC_001,doctor,3,3,0
2024-09-01,PHC_001,nurse,6,4,2
2024-09-01,PHC_001,pharmacist,1,1,0
2024-09-01,PHC_002,doctor,1,1,0
2024-09-01,PHC_002,nurse,7,6,1
2024-09-01,PHC_002,pharmacist,2,2,0
2024-09-01,PHC_003,doctor,3,3,0
2024-09-01,PHC_003,nurse,8,5,3
2024-09-01,PHC_003,pharmacist,2,2,0
2024-09-01,PHC_004,doctor,1,1,0
2024-09-01,PHC_004,nurse,4,1,3
2024-09-01,PHC_004,pharmacist,1,1,0
2024-09-01,PHC_005,doctor,2,1,1
2024-09-01,PHC_005,nurse,4,1,3
2024-09-01,PHC_005,pharmacist,1,1,0
2024-09-01,PHC_006,doctor,3,2,1
2024-09-01,PHC_006,nurse,10,8,2
2024-09-01,PHC_006,pharmacist,2,0,2
2024-09-01,PHC_007,doctor,1,0,1
2024-09-01,PHC_007,nurse,5,3,2
2024-09-01,PHC_007,pharmacist,1,0,1
2024-09-01,PHC_008,nurse,4,3,1
2024-09-01,PHC_008,pharmacist,1,1,0
2024-09-01,PHC_009,doctor,1,1,0
2024-09-01,PHC_009,nurse,3,3,0
2024-09-01,PHC_009,pharmacist,3,3,0
2024-09-01,PHC_010,doctor,3,2,1
2024-09-01,PHC_010,nurse,5,3,2
2024-09-01,PHC_011,doctor,3,2,1
2024-09-01,PHC_011,nurse,7,4,3
2024-09-01,PHC_011,pharmacist,2,2,0
2024-09-01,PHC_012,doctor,2,1,1
2024-09-01,PHC_012,nurse,4,0,4
2024-09-01,PHC_012,pharmacist,1,1,0
2024-09-01,PHC_013,doctor,2,2,0
2024-09-01,PHC_013,nurse,5,4,1
2024-09-01,PHC_013,pharmacist,1,1,0
2024-09-01,PHC_014,doctor,2,1,1
2024-09-01,PHC_014,nurse,5,3,2
2024-09-01,PHC_014,pharmacist,1,0,1
2024-09-01,PHC_015,doctor,2,2,0
2024-09-01,PHC_015,nurse,9,8,1
2024-09-01,PHC_015,pharmacist,3,2,1
2024-09-02,PHC_001,doctor,2,2,0
2024-09-02,PHC_001,nurse,7,4,3
2024-09-02,PHC_001,pharmacist,1,1,0
2024-09-02,PHC_002,doctor,1,1,0
2024-09-02,PHC_002,nurse,9,7,2
2024-09-02,PHC_002,pharmacist,2,2,0
2024-09-02,PHC_003,doctor,1,0,1
2024-09-02,PHC_003,nurse,8,5,3
2024-09-02,PHC_003,pharmacist,1,1,0
2024-09-02,PHC_004,nurse,5,3,2
2024-09-02,PHC_004,pharmacist,1,1,0
2024-09-02,PHC_005,doctor,2,2,0
2024-09-02,PHC_005,nurse,3,3,0
2024-09-02,PHC_006,doctor,3,3,0
2024-09-02,PHC_006,nurse,6,4,2
2024-09-02,PHC_006,pharmacist,1,1,0
2024-09-02,PHC_007,doctor,2,2,0
2024-09-02,PHC_007,nurse,4,3,1
2024-09-02,PHC_007,pharmacist,1,1,0
2024-09-02,PHC_008,doctor,2,2,0
2024-09-02,PHC_008,nurse,4,4,0
2024-09-02,PHC_009,doctor,2,2,0
2024-09-02,PHC_009,nurse,6,5,1
2024-09-02,PHC_009,pharmacist,3,1,2
2024-09-02,PHC_010,doctor,2,2,0
2024-09-02,PHC_010,nurse,5,3,2
2024-09-02,PHC_011,doctor,3,3,0
2024-09-02,PHC_011,nurse,7,5,2
2024-09-02,PHC_011,pharmacist,2,2,0
2024-09-02,PHC_012,doctor,1,0,1
2024-09-02,PHC_012,nurse,2,2,0
2024-09-02,PHC_012,pharmacist,2,1,1
2024-09-02,PHC_013,doctor,3,2,1
2024-09-02,PHC_013,nurse,6,6,0
2024-09-02,PHC_014,doctor,3,1,2
2024-09-02,PHC_014,nurse,3,3,0
2024-09-02,PHC_014,pharmacist,2,2,0
2024-09-02,PHC_015,doctor,2,2,0
2024-09-02,PHC_015,nurse,8,6,2
2024-09-02,PHC_015,pharmacist,1,1,0
2024-09-03,PHC_001,doctor,3,3,0
2024-09-03,PHC_001,nurse,7,6,1
2024-09-03,PHC_001,pharmacist,1,0,1
2024-09-03,PHC_002,nurse,8,4,4
2024-09-03,PHC_002,pharmacist,3,2,1
2024-09-03,PHC_003,doctor,3,2,1
2024-09-03,PHC_003,nurse,7,6,1
2024-09-03,PHC_003,pharmacist,2,2,0
2024-09-03,PHC_004,doctor,2,2,0
2024-09-03,PHC_004,nurse,5,4,1
2024-09-03,PHC_004,pharmacist,1,1,0
2024-09-03,PHC_005,doctor,1,1,0
2024-09-03,PHC_005,nurse,6,5,1
2024-09-03,PHC_006,doctor,2,2,0
2024-09-03,PHC_006,nurse,8,8,0
2024-09-03,PHC_006,pharmacist,2,1,1
2024-09-03,PHC_007,doctor,2,1,1
2024-09-03,PHC_007,nurse,3,2,1
2024-09-03,PHC_007,pharmacist,1,1,0
2024-09-03,PHC_008,doctor,1,1,0
2024-09-03,PHC_008,nurse,5,2,3
2024-09-03,PHC_009,doctor,2,2,0
2024-09-03,PHC_009,nurse,7,7,0
2024-09-03,PHC_009,pharmacist,3,3,0
2024-09-03,PHC_010,doctor,3,2,1
2024-09-03,PHC_010,nurse,5,3,2
2024-09-03,PHC_010,pharmacist,1,1,0
2024-09-03,PHC_011,doctor,2,1,1
2024-09-03,PHC_011,nurse,6,5,1
2024-09-03,PHC_011,pharmacist,2,1,1
2024-09-03,PHC_012,doctor,2,2,0
2024-09-03,PHC_012,nurse,2,2,0
2024-09-03,PHC_012,pharmacist,2,1,1
2024-09-03,PHC_013,doctor,3,3,0
2024-09-03,PHC_013,nurse,4,4,0
2024-09-03,PHC_013,pharmacist,1,1,0
2024-09-03,PHC_014,doctor,3,3,0
2024-09-03,PHC_014,nurse,5,4,1
2024-09-03,PHC_014,pharmacist,2,1,1
2024-09-03,PHC_015,doctor,2,2,0
2024-09-03,PHC_015,nurse,6,3,3
2024-09-03,PHC_015,pharmacist,3,1,2
2024-09-04,PHC_001,doctor,2,1,1
2024-09-04,PHC_001,nurse,7,7,0
2024-09-04,PHC_002,doctor,2,2,0
2024-09-04,PHC_002,nurse,8,6,2
2024-09-04,PHC_002,pharmacist,1,0,1
2024-09-04,PHC_003,doctor,2,2,0
2024-09-04,PHC_003,nurse,8,6,2
2024-09-04,PHC_003,pharmacist,2,2,0
2024-09-04,PHC_004,doctor,2,2,0
2024-09-04,PHC_004,nurse,5,3,2
2024-09-04,PHC_004,pharmacist,1,1,0
2024-09-04,PHC_005,doctor,2,2,0
2024-09-04,PHC_005,nurse,5,5,0
2024-09-04,PHC_005,pharmacist,1,0,1
2024-09-04,PHC_006,doctor,2,2,0
2024-09-04,PHC_006,nurse,8,8,0
2024-09-04,PHC_007,doctor,2,0,2
2024-09-04,PHC_007,nurse,4,4,0
2024-09-04,PHC_007,pharmacist,1,1,0
2024-09-04,PHC_008,doctor,2,2,0
2024-09-04,PHC_008,nurse,4,4,0
2024-09-04,PHC_008,pharmacist,1,1,0
2024-09-04,PHC_009,doctor,2,0,2
2024-09-04,PHC_009,nurse,7,7,0
2024-09-04,PHC_009,pharmacist,2,2,0
2024-09-04,PHC_010,doctor,3,2,1
2024-09-04,PHC_010,nurse,2,1,1
2024-09-04,PHC_010,pharmacist,1,1,0
2024-09-04,PHC_011,doctor,3,2,1
2024-09-04,PHC_011,nurse,8,6,2
2024-09-04,PHC_011,pharmacist,2,1,1
2024-09-04,PHC_012,doctor,2,1,1
2024-09-04,PHC_012,nurse,2,0,2
2024-09-04,PHC_012,pharmacist,2,2,0
2024-09-04,PHC_013,doctor,3,2,1
2024-09-04,PHC_013,nurse,4,2,2
2024-09-04,PHC_013,pharmacist,1,1,0
2024-09-04,PHC_014,doctor,3,3,0
2024-09-04,PHC_014,nurse,3,3,0
2024-09-04,PHC_014,pharmacist,2,2,0
2024-09-04,PHC_015,doctor,2,2,0
2024-09-04,PHC_015,nurse,8,8,0
2024-09-04,PHC_015,pharmacist,3,2,1
2024-09-05,PHC_001,doctor,3,1,2
2024-09-05,PHC_001,nurse,7,4,3
2024-09-05,PHC_001,pharmacist,1,1,0
2024-09-05,PHC_002,doctor,2,1,1
2024-09-05,PHC_002,nurse,9,8,1
2024-09-05,PHC_002,pharmacist,2,2,0
2024-09-05,PHC_003,doctor,3,1,2
2024-09-05,PHC_003,nurse,8,8,0
2024-09-05,PHC_003,pharmacist,2,2,0
2024-09-05,PHC_004,doctor,2,1,1
2024-09-05,PHC_004,nurse,4,4,0
2024-09-05,PHC_005,doctor,2,2,0
2024-09-05,PHC_005,nurse,3,3,0
2024-09-05,PHC_005,pharmacist,1,1,0
2024-09-05,PHC_006,doctor,3,3,0
2024-09-05,PHC_006,nurse,9,9,0
2024-09-05,PHC_006,pharmacist,2,2,0
2024-09-05,PHC_007,doctor,2,2,0
2024-09-05,PHC_007,nurse,1,0,1
2024-09-05,PHC_007,pharmacist,1,1,0
2024-09-05,PHC_008,doctor,2,1,1
2024-09-05,PHC_008,nurse,4,2,2
2024-09-05,PHC_008,pharmacist,1,1,0
2024-09-05,PHC_009,doctor,2,2,0
2024-09-05,PHC_009,nurse,6,5,1
2024-09-05,PHC_009,pharmacist,3,3,0
2024-09-05,PHC_010,doctor,2,2,0
2024-09-05,PHC_010,nurse,4,3,1
2024-09-05,PHC_010,pharmacist,1,0,1
2024-09-05,PHC_011,doctor,3,2,1
2024-09-05,PHC_011,nurse,8,6,2
2024-09-05,PHC_011,pharmacist,2,2,0
2024-09-05,PHC_012,doctor,1,0,1
2024-09-05,PHC_012,nurse,4,4,0
2024-09-05,PHC_013,doctor,2,1,1
2024-09-05,PHC_013,nurse,5,4,1
2024-09-05,PHC_014,doctor,2,1,1
2024-09-05,PHC_014,nurse,5,4,1
2024-09-05,PHC_014,pharmacist,1,1,0
2024-09-05,PHC_015,doctor,2,1,1
2024-09-05,PHC_015,nurse,8,6,2
2024-09-05,PHC_015,pharmacist,3,1,2
2024-09-06,PHC_001,doctor,2,2,0
2024-09-06,PHC_001,nurse,6,5,1
2024-09-06,PHC_001,pharmacist,1,1,0
2024-09-06,PHC_002,doctor,2,2,0
2024-09-06,PHC_002,nurse,8,6,2
2024-09-06,PHC_002,pharmacist,2,2,0
2024-09-06,PHC_003,doctor,3,3,0
2024-09-06,PHC_003,nurse,9,6,3
2024-09-06,PHC_003,pharmacist,2,1,1
2024-09-06,PHC_004,doctor,2,2,0
2024-09-06,PHC_004,nurse,6,4,2
2024-09-06,PHC_004,pharmacist,1,1,0
2024-09-06,PHC_005,doctor,1,1,0
2024-09-06,PHC_005,nurse,5,5,0
2024-09-06,PHC_005,pharmacist,1,1,0
2024-09-06,PHC_006,doctor,2,2,0
2024-09-06,PHC_006,nurse,7,7,0
2024-09-06,PHC_006,pharmacist,2,2,0
2024-09-06,PHC_007,doctor,2,1,1
2024-09-06,PHC_007,nurse,5,5,0
2024-09-06,PHC_007,pharmacist,1,1,0
2024-09-06,PHC_008,doctor,1,1,0
2024-09-06,PHC_008,nurse,3,3,0
2024-09-06,PHC_008,pharmacist,1,1,0
2024-09-06,PHC_009,doctor,2,1,1
2024-09-06,PHC_009,nurse,7,6,1
2024-09-06,PHC_009,pharmacist,3,2,1
2024-09-06,PHC_010,doctor,3,3,0
2024-09-06,PHC_010,nurse,4,3,1
2024-09-06,PHC_010,pharmacist,1,1,0
2024-09-06,PHC_011,doctor,2,2,0
2024-09-06,PHC_011,nurse,7,5,2
2024-09-06,PHC_011,pharmacist,1,1,0
2024-09-06,PHC_012,doctor,2,1,1
2024-09-06,PHC_012,nurse,4,4,0
2024-09-06,PHC_012,pharmacist,2,2,0
2024-09-06,PHC_013,doctor,3,2,1
2024-09-06,PHC_013,nurse,6,4,2
2024-09-06,PHC_013,pharmacist,1,1,0
2024-09-06,PHC_014,doctor,3,3,0
2024-09-06,PHC_014,nurse,5,5,0
2024-09-06,PHC_014,pharmacist,2,2,0
2024-09-06,PHC_015,doctor,2,2,0
2024-09-06,PHC_015,nurse,7,3,4
2024-09-06,PHC_015,pharmacist,3,2,1
2024-09-07,PHC_001,doctor,2,1,1
2024-09-07,PHC_001,nurse,7,6,1
2024-09-07,PHC_002,doctor,2,2,0
2024-09-07,PHC_002,nurse,6,6,0
2024-09-07,PHC_002,pharmacist,3,2,1
2024-09-07,PHC_003,doctor,3,2,1
2024-09-07,PHC_003,nurse,6,4,2
2024-09-07,PHC_003,pharmacist,2,2,0
2024-09-07,PHC_004,doctor,2,2,0
2024-09-07,PHC_004,nurse,6,5,1
2024-09-07,PHC_004,pharmacist,1,1,0
2024-09-07,PHC_005,doctor,2,2,0
2024-09-07,PHC_005,nurse,6,3,3
2024-09-07,PHC_005,pharmacist,1,1,0
2024-09-07,PHC_006,doctor,2,1,1
2024-09-07,PHC_006,nurse,9,7,2
2024-09-07,PHC_006,pharmacist,2,0,2
2024-09-07,PHC_007,doctor,2,1,1
2024-09-07,PHC_007,nurse,4,2,2
2024-09-07,PHC_007,pharmacist,1,0,1
2024-09-07,PHC_008,doctor,1,1,0
2024-09-07,PHC_008,nurse,4,2,2
2024-09-07,PHC_008,pharmacist,1,1,0
2024-09-07,PHC_009,doctor,2,1,1
2024-09-07,PHC_009,nurse,6,6,0
2024-09-07,PHC_009,pharmacist,3,3,0
2024-09-07,PHC_010,doctor,3,2,1
2024-09-07,PHC_010,nurse,2,2,0
2024-09-07,PHC_010,pharmacist,1,1,0
2024-09-07,PHC_011,doctor,3,2,1
2024-09-07,PHC_011,nurse,5,4,1
2024-09-07,PHC_011,pharmacist,1,1,0
2024-09-07,PHC_012,doctor,2,2,0
2024-09-07,PHC_012,nurse,4,3,1
2024-09-07,PHC_012,pharmacist,2,2,0
2024-09-07,PHC_013,doctor,3,3,0
2024-09-07,PHC_013,nurse,5,3,2
2024-09-07,PHC_013,pharmacist,1,0,1
2024-09-07,PHC_014,doctor,3,3,0
2024-09-07,PHC_014,nurse,4,4,0
2024-09-07,PHC_014,pharmacist,2,2,0
2024-09-07,PHC_015,doctor,2,1,1
2024-09-07,PHC_015,nurse,9,8,1
2024-09-07,PHC_015,pharmacist,3,3,0
2024-09-08,PHC_001,doctor,1,1,0
2024-09-08,PHC_001,nurse,6,4,2
2024-09-08,PHC_002,doctor,2,2,0
2024-09-08,PHC_002,nurse,8,6,2
2024-09-08,PHC_002,pharmacist,2,1,1
2024-09-08,PHC_003,doctor,3,2,1
2024-09-08,PHC_003,nurse,9,8,1
2024-09-08,PHC_003,pharmacist,2,2,0
2024-09-08,PHC_004,doctor,2,2,0
2024-09-08,PHC_004,nurse,6,6,0
2024-09-08,PHC_004,pharmacist,1,1,0
2024-09-08,PHC_005,doctor,1,1,0
2024-09-08,PHC_005,nurse,4,4,0
2024-09-08,PHC_005,pharmacist,1,1,0
2024-09-08,PHC_006,doctor,2,1,1
2024-09-08,PHC_006,nurse,10,7,3
2024-09-08,PHC_007,doctor,2,1,1
2024-09-08,PHC_007,nurse,4,1,3
2024-09-08,PHC_007,pharmacist,1,1,0
2024-09-08,PHC_008,doctor,2,1,1
2024-09-08,PHC_008,nurse,5,4,1
2024-09-08,PHC_008,pharmacist,1,1,0
2024-09-08,PHC_009,doctor,2,2,0
2024-09-08,PHC_009,nurse,5,5,0
2024-09-08,PHC_009,pharmacist,2,1,1
2024-09-08,PHC_010,doctor,3,3,0
2024-09-08,PHC_010,nurse,4,2,2
2024-09-08,PHC_011,doctor,3,3,0
2024-09-08,PHC_011,nurse,6,3,3
2024-09-08,PHC_011,pharmacist,2,2,0
2024-09-08,PHC_012,doctor,1,1,0
2024-09-08,PHC_012,nurse,4,3,1
2024-09-08,PHC_012,pharmacist,2,2,0
2024-09-08,PHC_013,doctor,2,2,0
2024-09-08,PHC_013,nurse,6,5,1
2024-09-08,PHC_013,pharmacist,1,0,1
2024-09-08,PHC_014,doctor,3,1,2
2024-09-08,PHC_014,nurse,5,4,1
2024-09-08,PHC_014,pharmacist,1,1,0
2024-09-08,PHC_015,doctor,1,1,0
2024-09-08,PHC_015,nurse,9,7,2
2024-09-08,PHC_015,pharmacist,2,2,0
2024-09-09,PHC_001,doctor,2,2,0
2024-09-09,PHC_001,nurse,7,5,2
2024-09-09,PHC_001,pharmacist,1,1,0
2024-09-09,PHC_002,doctor,2,2,0
2024-09-09,PHC_002,nurse,9,6,3
2024-09-09,PHC_002,pharmacist,3,3,0
2024-09-09,PHC_003,doctor,3,3,0
2024-09-09,PHC_003,nurse,6,6,0
2024-09-09,PHC_003,pharmacist,2,2,0
2024-09-09,PHC_004,doctor,1,1,0
2024-09-09,PHC_004,nurse,3,3,0
2024-09-09,PHC_004,pharmacist,1,1,0
2024-09-09,PHC_005,doctor,1,1,0
2024-09-09,PHC_005,nurse,6,4,2
2024-09-09,PHC_005,pharmacist,1,1,0
2024-09-09,PHC_006,doctor,1,0,1
2024-09-09,PHC_006,nurse,9,6,3
2024-09-09,PHC_006,pharmacist,2,1,1
2024-09-09,PHC_007,doctor,1,0,1
2024-09-09,PHC_007,nurse,2,2,0
2024-09-09,PHC_007,pharmacist,1,1,0
2024-09-09,PHC_008,doctor,2,2,0
2024-09-09,PHC_008,nurse,4,4,0
2024-09-09,PHC_009,doctor,2,2,0
2024-09-09,PHC_009,nurse,7,6,1
2024-09-09,PHC_009,pharmacist,3,2,1
2024-09-09,PHC_010,doctor,2,2,0
2024-09-09,PHC_010,nurse,3,3,0
2024-09-09,PHC_010,pharmacist,1,0,1
2024-09-09,PHC_011,doctor,2,1,1
2024-09-09,PHC_011,nurse,7,6,1
2024-09-09,PHC_011,pharmacist,2,1,1
2024-09-09,PHC_012,doctor,2,2,0
2024-09-09,PHC_012,nurse,4,2,2
2024-09-09,PHC_013,doctor,2,2,0
2024-09-09,PHC_013,nurse,3,2,1
2024-09-09,PHC_013,pharmacist,1,1,0
2024-09-09,PHC_014,doctor,3,2,1
2024-09-09,PHC_014,nurse,4,4,0
2024-09-09,PHC_014,pharmacist,2,2,0
2024-09-09,PHC_015,doctor,1,1,0
2024-09-09,PHC_015,nurse,9,8,1
2024-09-09,PHC_015,pharmacist,2,2,0
2024-09-10,PHC_001,doctor,3,3,0
2024-09-10,PHC_001,nurse,5,4,1
2024-09-10,PHC_001,pharmacist,1,1,0
2024-09-10,PHC_002,doctor,2,1,1
2024-09-10,PHC_002,nurse,8,6,2
2024-09-10,PHC_002,pharmacist,3,2,1
2024-09-10,PHC_003,doctor,3,3,0
2024-09-10,PHC_003,nurse,8,7,1
2024-09-10,PHC_004,doctor,2,2,0
2024-09-10,PHC_004,nurse,3,2,1
2024-09-10,PHC_005,doctor,1,1,0
2024-09-10,PHC_005,nurse,5,4,1
2024-09-10,PHC_005,pharmacist,1,1,0
2024-09-10,PHC_006,doctor,3,3,0
2024-09-10,PHC_006,nurse,8,6,2
2024-09-10,PHC_006,pharmacist,2,1,1
2024-09-10,PHC_007,doctor,1,1,0
2024-09-10,PHC_007,nurse,5,4,1
2024-09-10,PHC_007,pharmacist,1,1,0
2024-09-10,PHC_008,doctor,2,1,1
2024-09-10,PHC_008,nurse,4,3,1
2024-09-10,PHC_008,pharmacist,1,1,0
2024-09-10,PHC_009,doctor,1,1,0
2024-09-10,PHC_009,nurse,8,6,2
2024-09-10,PHC_009,pharmacist,2,1,1
2024-09-10,PHC_010,doctor,2,1,1
2024-09-10,PHC_010,nurse,5,4,1
2024-09-10,PHC_010,pharmacist,1,0,1
2024-09-10,PHC_011,doctor,2,0,2
2024-09-10,PHC_011,nurse,5,4,1
2024-09-10,PHC_011,pharmacist,2,2,0
2024-09-10,PHC_012,doctor,2,2,0
2024-09-10,PHC_012,nurse,4,4,0
2024-09-10,PHC_012,pharmacist,2,2,0
2024-09-10,PHC_013,doctor,2,2,0
2024-09-10,PHC_013,nurse,6,5,1
2024-09-10,PHC_013,pharmacist,1,1,0
2024-09-10,PHC_014,doctor,3,3,0
2024-09-10,PHC_014,nurse,5,4,1
2024-09-10,PHC_014,pharmacist,2,2,0
2024-09-10,PHC_015,doctor,1,1,0
2024-09-10,PHC_015,nurse,8,5,3
2024-09-10,PHC_015,pharmacist,2,2,0
2024-09-11,PHC_001,doctor,2,2,0
2024-09-11,PHC_001,nurse,6,6,0
2024-09-11,PHC_001,pharmacist,1,1,0
2024-09-11,PHC_002,doctor,2,2,0
2024-09-11,PHC_002,nurse,8,8,0
2024-09-11,PHC_002,pharmacist,3,3,0
2024-09-11,PHC_003,doctor,3,3,0
2024-09-11,PHC_003,nurse,6,6,0
2024-09-11,PHC_003,pharmacist,2,1,1
2024-09-11,PHC_004,doctor,2,2,0
2024-09-11,PHC_004,nurse,4,4,0
2024-09-11,PHC_005,doctor,1,0,1
2024-09-11,PHC_005,nurse,6,5,1
2024-09-11,PHC_005,pharmacist,1,1,0
2024-09-11,PHC_006,doctor,2,1,1
2024-09-11,PHC_006,nurse,8,7,1
2024-09-11,PHC_006,pharmacist,2,2,0
2024-09-11,PHC_007,doctor,2,1,1
2024-09-11,PHC_007,nurse,3,3,0
2024-09-11,PHC_007,pharmacist,1,1,0
2024-09-11,PHC_008,doctor,1,1,0
2024-09-11,PHC_008,nurse,5,5,0
2024-09-11,PHC_008,pharmacist,1,1,0
2024-09-11,PHC_009,doctor,2,2,0
2024-09-11,PHC_009,nurse,7,7,0
2024-09-11,PHC_009,pharmacist,2,1,1
2024-09-11,PHC_010,doctor,3,3,0
2024-09-11,PHC_010,nurse,3,2,1
2024-09-11,PHC_011,doctor,2,2,0
2024-09-11,PHC_011,nurse,7,7,0
2024-09-11,PHC_011,pharmacist,2,1,1
2024-09-11,PHC_012,doctor,2,1,1
2024-09-11,PHC_012,nurse,3,2,1
2024-09-11,PHC_012,pharmacist,1,1,0
2024-09-11,PHC_013,doctor,3,2,1
2024-09-11,PHC_013,nurse,5,5,0
2024-09-11,PHC_014,doctor,2,2,0
2024-09-11,PHC_014,nurse,3,3,0
2024-09-11,PHC_014,pharmacist,2,2,0
2024-09-11,PHC_015,doctor,2,2,0
2024-09-11,PHC_015,nurse,6,5,1
2024-09-11,PHC_015,pharmacist,3,3,0
2024-09-12,PHC_001,doctor,3,3,0
2024-09-12,PHC_001,nurse,6,5,1
2024-09-12,PHC_001,pharmacist,1,1,0
2024-09-12,PHC_002,doctor,2,2,0
2024-09-12,PHC_002,nurse,6,6,0
2024-09-12,PHC_002,pharmacist,2,2,0
2024-09-12,PHC_003,doctor,3,2,1
2024-09-12,PHC_003,nurse,9,7,2
2024-09-12,PHC_003,pharmacist,2,2,0
2024-09-12,PHC_004,doctor,2,2,0
2024-09-12,PHC_004,nurse,4,3,1
2024-09-12,PHC_004,pharmacist,1,1,0
2024-09-12,PHC_005,doctor,2,1,1
2024-09-12,PHC_005,nurse,5,5,0
2024-09-12,PHC_005,pharmacist,1,1,0
2024-09-12,PHC_006,doctor,2,2,0
2024-09-12,PHC_006,nurse,9,8,1
2024-09-12,PHC_006,pharmacist,2,1,1
2024-09-12,PHC_007,doctor,2,2,0
2024-09-12,PHC_007,nurse,4,3,1
2024-09-12,PHC_008,doctor,1,1,0
2024-09-12,PHC_008,nurse,5,3,2
2024-09-12,PHC_008,pharmacist,1,1,0
2024-09-12,PHC_009,doctor,2,1,1
2024-09-12,PHC_009,nurse,7,6,1
2024-09-12,PHC_009,pharmacist,3,3,0
2024-09-12,PHC_010,doctor,3,3,0
2024-09-12,PHC_010,nurse,5,4,1
2024-09-12,PHC_010,pharmacist,1,1,0
2024-09-12,PHC_011,doctor,3,2,1
2024-09-12,PHC_011,nurse,8,7,1
2024-09-12,PHC_011,pharmacist,2,2,0
2024-09-12,PHC_012,doctor,1,1,0
2024-09-12,PHC_012,nurse,3,2,1
2024-09-12,PHC_012,pharmacist,2,2,0
2024-09-12,PHC_013,doctor,3,3,0
2024-09-12,PHC_013,nurse,5,5,0
2024-09-12,PHC_013,pharmacist,1,1,0
2024-09-12,PHC_014,doctor,3,2,1
2024-09-12,PHC_014,nurse,4,4,0
2024-09-12,PHC_014,pharmacist,2,2,0
2024-09-12,PHC_015,doctor,2,1,1
2024-09-12,PHC_015,nurse,6,5,1
2024-09-12,PHC_015,pharmacist,2,1,1
2024-09-13,PHC_001,doctor,2,1,1
2024-09-13,PHC_001,nurse,6,5,1
2024-09-13,PHC_001,pharmacist,1,0,1
2024-09-13,PHC_002,doctor,2,2,0
2024-09-13,PHC_002,nurse,8,7,1
2024-09-13,PHC_002,pharmacist,3,2,1
2024-09-13,PHC_003,doctor,3,3,0
2024-09-13,PHC_003,nurse,9,8,1
2024-09-13,PHC_004,doctor,2,2,0
2024-09-13,PHC_004,nurse,6,6,0
2024-09-13,PHC_004,pharmacist,1,1,0
2024-09-13,PHC_005,doctor,1,1,0
2024-09-13,PHC_005,nurse,6,5,1
2024-09-13,PHC_005,pharmacist,1,0,1
2024-09-13,PHC_006,doctor,3,2,1
2024-09-13,PHC_006,nurse,7,7,0
2024-09-13,PHC_006,pharmacist,1,0,1
2024-09-13,PHC_007,doctor,2,2,0
2024-09-13,PHC_007,nurse,4,2,2
2024-09-13,PHC_007,pharmacist,1,1,0
2024-09-13,PHC_008,doctor,2,2,0
2024-09-13,PHC_008,nurse,5,4,1
2024-09-13,PHC_008,pharmacist,1,0,1
2024-09-13,PHC_009,doctor,2,2,0
2024-09-13,PHC_009,nurse,8,8,0
2024-09-13,PHC_009,pharmacist,3,3,0
2024-09-13,PHC_010,doctor,3,3,0
2024-09-13,PHC_010,nurse,5,4,1
2024-09-13,PHC_010,pharmacist,1,1,0
2024-09-13,PHC_011,doctor,3,2,1
2024-09-13,PHC_011,nurse,4,3,1
2024-09-13,PHC_011,pharmacist,2,2,0
2024-09-13,PHC_012,doctor,1,0,1
2024-09-13,PHC_012,nurse,3,3,0
2024-09-13,PHC_012,pharmacist,1,1,0
2024-09-13,PHC_013,doctor,3,2,1
2024-09-13,PHC_013,nurse,5,2,3
2024-09-13,PHC_014,doctor,3,3,0
2024-09-13,PHC_014,nurse,5,5,0
2024-09-13,PHC_014,pharmacist,2,2,0
2024-09-13,PHC_015,doctor,1,1,0
2024-09-13,PHC_015,nurse,8,8,0
2024-09-13,PHC_015,pharmacist,1,1,0
2024-09-14,PHC_001,doctor,3,2,1
2024-09-14,PHC_001,nurse,5,4,1
2024-09-14,PHC_001,pharmacist,1,1,0
2024-09-14,PHC_002,doctor,2,1,1
2024-09-14,PHC_002,nurse,8,6,2
2024-09-14,PHC_002,pharmacist,2,1,1
2024-09-14,PHC_003,doctor,3,3,0
2024-09-14,PHC_003,nurse,9,9,0
2024-09-14,PHC_003,pharmacist,2,2,0
2024-09-14,PHC_004,doctor,2,1,1
2024-09-14,PHC_004,nurse,5,4,1
2024-09-14,PHC_004,pharmacist,1,1,0
2024-09-14,PHC_005,doctor,1,1,0
2024-09-14,PHC_005,nurse,5,5,0
2024-09-14,PHC_005,pharmacist,1,1,0
2024-09-14,PHC_006,doctor,3,3,0
2024-09-14,PHC_006,nurse,8,7,1
2024-09-14,PHC_006,pharmacist,2,0,2
2024-09-14,PHC_007,doctor,1,1,0
2024-09-14,PHC_007,nurse,4,2,2
2024-09-14,PHC_007,pharmacist,1,1,0
2024-09-14,PHC_008,doctor,2,2,0
2024-09-14,PHC_008,nurse,4,3,1
2024-09-14,PHC_009,nurse,6,6,0
2024-09-14,PHC_009,pharmacist,3,3,0
2024-09-14,PHC_010,doctor,2,1,1
2024-09-14,PHC_010,nurse,5,3,2
2024-09-14,PHC_010,pharmacist,1,1,0
2024-09-14,PHC_011,doctor,2,1,1
2024-09-14,PHC_011,nurse,6,4,2
2024-09-14,PHC_011,pharmacist,1,1,0
2024-09-14,PHC_012,doctor,1,1,0
2024-09-14,PHC_012,nurse,4,2,2
2024-09-14,PHC_012,pharmacist,2,2,0
2024-09-14,PHC_013,doctor,3,2,1
2024-09-14,PHC_013,nurse,5,4,1
2024-09-14,PHC_013,pharmacist,1,1,0
2024-09-14,PHC_014,doctor,3,3,0
2024-09-14,PHC_014,nurse,5,5,0
2024-09-14,PHC_014,pharmacist,2,2,0
2024-09-14,PHC_015,doctor,1,0,1
2024-09-14,PHC_015,nurse,9,8,1
2024-09-14,PHC_015,pharmacist,3,2,1
2024-09-15,PHC_001,doctor,3,3,0
2024-09-15,PHC_001,nurse,7,6,1
2024-09-15,PHC_001,pharmacist,1,1,0
2024-09-15,PHC_002,doctor,2,2,0
2024-09-15,PHC_002,nurse,8,8,0
2024-09-15,PHC_002,pharmacist,2,1,1
2024-09-15,PHC_003,doctor,3,2,1
2024-09-15,PHC_003,nurse,4,2,2
2024-09-15,PHC_003,pharmacist,2,2,0
2024-09-15,PHC_004,doctor,2,2,0
2024-09-15,PHC_004,nurse,6,3,3
2024-09-15,PHC_004,pharmacist,1,0,1
2024-09-15,PHC_005,doctor,2,1,1
2024-09-15,PHC_005,nurse,6,3,3
2024-09-15,PHC_005,pharmacist,1,1,0
2024-09-15,PHC_006,doctor,3,2,1
2024-09-15,PHC_006,nurse,8,6,2
2024-09-15,PHC_006,pharmacist,2,1,1
2024-09-15,PHC_007,doctor,2,1,1
2024-09-15,PHC_007,nurse,5,3,2
2024-09-15,PHC_007,pharmacist,1,1,0
2024-09-15,PHC_008,doctor,2,2,0
2024-09-15,PHC_008,nurse,5,3,2
2024-09-15,PHC_008,pharmacist,1,1,0
2024-09-15,PHC_009,doctor,2,2,0
2024-09-15,PHC_009,nurse,7,7,0
2024-09-15,PHC_009,pharmacist,2,2,0
2024-09-15,PHC_010,doctor,2,2,0
2024-09-15,PHC_010,nurse,4,4,0
2024-09-15,PHC_011,doctor,3,2,1
2024-09-15,PHC_011,nurse,8,6,2
2024-09-15,PHC_011,pharmacist,2,1,1
2024-09-15,PHC_012,nurse,4,3,1
2024-09-15,PHC_012,pharmacist,2,1,1
2024-09-15,PHC_013,doctor,3,2,1
2024-09-15,PHC_013,nurse,5,5,0
2024-09-15,PHC_013,pharmacist,1,0,1
2024-09-15,PHC_014,doctor,2,2,0
2024-09-15,PHC_014,nurse,4,2,2
2024-09-15,PHC_014,pharmacist,1,1,0
2024-09-15,PHC_015,doctor,2,1,1
2024-09-15,PHC_015,nurse,9,6,3
2024-09-15,PHC_015,pharmacist,3,3,0
2024-09-16,PHC_001,doctor,2,2,0
2024-09-16,PHC_001,nurse,5,2,3
2024-09-16,PHC_001,pharmacist,1,1,0
2024-09-16,PHC_002,doctor,2,2,0
2024-09-16,PHC_002,nurse,8,8,0
2024-09-16,PHC_002,pharmacist,2,2,0
2024-09-16,PHC_003,doctor,3,2,1
2024-09-16,PHC_003,nurse,7,5,2
2024-09-16,PHC_003,pharmacist,2,1,1
2024-09-16,PHC_004,doctor,2,2,0
2024-09-16,PHC_004,nurse,5,5,0
2024-09-16,PHC_004,pharmacist,1,1,0
2024-09-16,PHC_005,doctor,2,1,1
2024-09-16,PHC_005,nurse,5,2,3
2024-09-16,PHC_005,pharmacist,1,1,0
2024-09-16,PHC_006,doctor,2,1,1
2024-09-16,PHC_006,nurse,9,8,1
2024-09-16,PHC_006,pharmacist,2,2,0
2024-09-16,PHC_007,doctor,1,0,1
2024-09-16,PHC_007,nurse,5,3,2
2024-09-16,PHC_008,doctor,2,1,1
2024-09-16,PHC_008,nurse,5,4,1
2024-09-16,PHC_008,pharmacist,1,1,0
2024-09-16,PHC_009,doctor,2,2,0
2024-09-16,PHC_009,nurse,7,4,3
2024-09-16,PHC_009,pharmacist,2,2,0
2024-09-16,PHC_010,doctor,3,3,0
2024-09-16,PHC_010,nurse,5,5,0
2024-09-16,PHC_010,pharmacist,1,1,0
2024-09-16,PHC_011,doctor,3,1,2
2024-09-16,PHC_011,nurse,7,7,0
2024-09-16,PHC_011,pharmacist,2,2,0
2024-09-16,PHC_012,doctor,2,1,1
2024-09-16,PHC_012,nurse,2,2,0
2024-09-16,PHC_012,pharmacist,2,2,0
2024-09-16,PHC_013,doctor,2,1,1
2024-09-16,PHC_013,nurse,5,5,0
2024-09-16,PHC_013,pharmacist,1,1,0
2024-09-16,PHC_014,doctor,3,2,1
2024-09-16,PHC_014,nurse,4,3,1
2024-09-16,PHC_014,pharmacist,2,2,0
2024-09-16,PHC_015,doctor,1,1,0
2024-09-16,PHC_015,nurse,8,7,1
2024-09-16,PHC_015,pharmacist,3,2,1
2024-09-17,PHC_001,doctor,3,3,0
2024-09-17,PHC_001,nurse,5,5,0
2024-09-17,PHC_001,pharmacist,1,1,0
2024-09-17,PHC_002,doctor,2,2,0
2024-09-17,PHC_002,nurse,8,7,1
2024-09-17,PHC_002,pharmacist,3,2,1
2024-09-17,PHC_003,doctor,3,1,2
2024-09-17,PHC_003,nurse,6,5,1
2024-09-17,PHC_003,pharmacist,2,2,0
2024-09-17,PHC_004,doctor,2,2,0
2024-09-17,PHC_004,nurse,4,2,2
2024-09-17,PHC_004,pharmacist,1,0,1
2024-09-17,PHC_005,doctor,2,1,1
2024-09-17,PHC_005,nurse,6,5,1
2024-09-17,PHC_006,doctor,2,1,1
2024-09-17,PHC_006,nurse,7,6,1
2024-09-17,PHC_006,pharmacist,2,2,0
2024-09-17,PHC_007,doctor,1,1,0
2024-09-17,PHC_007,nurse,3,2,1
2024-09-17,PHC_007,pharmacist,1,0,1
2024-09-17,PHC_008,doctor,2,2,0
2024-09-17,PHC_008,nurse,4,4,0
2024-09-17,PHC_008,pharmacist,1,1,0
2024-09-17,PHC_009,doctor,2,1,1
2024-09-17,PHC_009,nurse,8,7,1
2024-09-17,PHC_009,pharmacist,3,2,1
2024-09-17,PHC_010,doctor,3,3,0
2024-09-17,PHC_010,nurse,5,5,0
2024-09-17,PHC_011,doctor,3,0,3
2024-09-17,PHC_011,nurse,8,7,1
2024-09-17,PHC_011,pharmacist,1,0,1
2024-09-17,PHC_012,doctor,2,2,0
2024-09-17,PHC_012,nurse,4,2,2
2024-09-17,PHC_012,pharmacist,2,2,0
2024-09-17,PHC_013,doctor,2,0,2
2024-09-17,PHC_013,nurse,5,5,0
2024-09-17,PHC_013,pharmacist,1,1,0
2024-09-17,PHC_014,doctor,3,2,1
2024-09-17,PHC_014,nurse,4,3,1
2024-09-17,PHC_014,pharmacist,2,2,0
2024-09-17,PHC_015,doctor,1,1,0
2024-09-17,PHC_015,nurse,7,7,0
2024-09-17,PHC_015,pharmacist,3,3,0
2024-09-18,PHC_001,doctor,3,3,0
2024-09-18,PHC_001,nurse,5,4,1
2024-09-18,PHC_001,pharmacist,1,0,1
2024-09-18,PHC_002,doctor,2,2,0
2024-09-18,PHC_002,nurse,7,3,4
2024-09-18,PHC_003,doctor,2,1,1
2024-09-18,PHC_003,nurse,8,5,3
2024-09-18,PHC_003,pharmacist,2,1,1
2024-09-18,PHC_004,doctor,2,2,0
2024-09-18,PHC_004,nurse,6,5,1
2024-09-18,PHC_004,pharmacist,1,1,0
2024-09-18,PHC_005,doctor,1,1,0
2024-09-18,PHC_005,nurse,6,4,2
2024-09-18,PHC_005,pharmacist,1,1,0
2024-09-18,PHC_006,doctor,2,2,0
2024-09-18,PHC_006,nurse,9,7,2
2024-09-18,PHC_006,pharmacist,2,0,2
2024-09-18,PHC_007,doctor,2,1,1
2024-09-18,PHC_007,nurse,3,3,0
2024-09-18,PHC_007,pharmacist,1,1,0
2024-09-18,PHC_008,doctor,2,2,0
2024-09-18,PHC_008,nurse,5,4,1
2024-09-18,PHC_008,pharmacist,1,1,0
2024-09-18,PHC_009,doctor,1,0,1
2024-09-18,PHC_009,nurse,8,8,0
2024-09-18,PHC_009,pharmacist,3,3,0
2024-09-18,PHC_010,doctor,3,3,0
2024-09-18,PHC_010,nurse,5,4,1
2024-09-18,PHC_010,pharmacist,1,1,0
2024-09-18,PHC_011,doctor,2,2,0
2024-09-18,PHC_011,nurse,8,6,2
2024-09-18,PHC_011,pharmacist,1,0,1
2024-09-18,PHC_012,doctor,2,1,1
2024-09-18,PHC_012,nurse,4,3,1
2024-09-18,PHC_012,pharmacist,2,2,0
2024-09-18,PHC_013,doctor,3,3,0
2024-09-18,PHC_013,nurse,5,4,1
2024-09-18,PHC_013,pharmacist,1,1,0
2024-09-18,PHC_014,doctor,2,2,0
2024-09-18,PHC_014,nurse,5,5,0
2024-09-18,PHC_014,pharmacist,1,1,0
2024-09-18,PHC_015,doctor,2,1,1
2024-09-18,PHC_015,nurse,8,3,5
2024-09-18,PHC_015,pharmacist,2,2,0
2024-09-19,PHC_001,doctor,2,2,0
2024-09-19,PHC_001,nurse,5,5,0
2024-09-19,PHC_001,pharmacist,1,1,0
2024-09-19,PHC_002,doctor,2,2,0
2024-09-19,PHC_002,nurse,8,5,3
2024-09-19,PHC_002,pharmacist,1,1,0
2024-09-19,PHC_003,doctor,3,3,0
2024-09-19,PHC_003,nurse,9,7,2
2024-09-19,PHC_003,pharmacist,2,2,0
2024-09-19,PHC_004,doctor,2,2,0
2024-09-19,PHC_004,nurse,5,3,2
2024-09-19,PHC_004,pharmacist,1,1,0
2024-09-19,PHC_005,doctor,1,1,0
2024-09-19,PHC_005,nurse,6,6,0
2024-09-19,PHC_005,pharmacist,1,1,0
2024-09-19,PHC_006,doctor,3,2,1
2024-09-19,PHC_006,nurse,9,7,2
2024-09-19,PHC_006,pharmacist,2,1,1
2024-09-19,PHC_007,doctor,1,1,0
2024-09-19,PHC_007,nurse,3,1,2
2024-09-19,PHC_007,pharmacist,1,1,0
2024-09-19,PHC_008,doctor,2,2,0
2024-09-19,PHC_008,nurse,4,4,0
2024-09-19,PHC_008,pharmacist,1,1,0
2024-09-19,PHC_009,doctor,2,1,1
2024-09-19,PHC_009,nurse,7,7,0
2024-09-19,PHC_009,pharmacist,3,2,1
2024-09-19,PHC_010,doctor,2,2,0
2024-09-19,PHC_010,nurse,4,4,0
2024-09-19,PHC_010,pharmacist,1,1,0
2024-09-19,PHC_011,doctor,3,2,1
2024-09-19,PHC_011,nurse,7,6,1
2024-09-19,PHC_011,pharmacist,2,2,0
2024-09-19,PHC_012,doctor,1,1,0
2024-09-19,PHC_012,nurse,4,4,0
2024-09-19,PHC_012,pharmacist,2,2,0
2024-09-19,PHC_013,doctor,2,2,0
2024-09-19,PHC_013,nurse,6,5,1
2024-09-19,PHC_013,pharmacist,1,1,0
2024-09-19,PHC_014,doctor,2,1,1
2024-09-19,PHC_014,nurse,4,4,0
2024-09-19,PHC_014,pharmacist,2,1,1
2024-09-19,PHC_015,doctor,2,0,2
2024-09-19,PHC_015,nurse,6,6,0
2024-09-19,PHC_015,pharmacist,3,2,1
2024-09-20,PHC_001,doctor,2,2,0
2024-09-20,PHC_001,nurse,5,3,2
2024-09-20,PHC_001,pharmacist,1,1,0
2024-09-20,PHC_002,doctor,2,2,0
2024-09-20,PHC_002,nurse,6,5,1
2024-09-20,PHC_002,pharmacist,3,3,0
2024-09-20,PHC_003,doctor,3,3,0
2024-09-20,PHC_003,nurse,8,8,0
2024-09-20,PHC_003,pharmacist,2,2,0
2024-09-20,PHC_004,doctor,1,1,0
2024-09-20,PHC_004,nurse,4,3,1
2024-09-20,PHC_005,doctor,1,1,0
2024-09-20,PHC_005,nurse,6,3,3
2024-09-20,PHC_005,pharmacist,1,1,0
2024-09-20,PHC_006,doctor,3,1,2
2024-09-20,PHC_006,nurse,7,6,1
2024-09-20,PHC_006,pharmacist,2,2,0
2024-09-20,PHC_007,doctor,1,1,0
2024-09-20,PHC_007,nurse,2,2,0
2024-09-20,PHC_008,doctor,2,2,0
2024-09-20,PHC_008,nurse,5,5,0
2024-09-20,PHC_008,pharmacist,1,1,0
2024-09-20,PHC_009,doctor,2,2,0
2024-09-20,PHC_009,nurse,7,6,1
2024-09-20,PHC_009,pharmacist,3,3,0
2024-09-20,PHC_010,doctor,3,3,0
2024-09-20,PHC_010,nurse,4,4,0
2024-09-20,PHC_010,pharmacist,1,1,0
2024-09-20,PHC_011,doctor,3,2,1
2024-09-20,PHC_011,nurse,5,4,1
2024-09-20,PHC_011,pharmacist,2,2,0
2024-09-20,PHC_012,doctor,2,2,0
2024-09-20,PHC_012,nurse,4,3,1
2024-09-20,PHC_012,pharmacist,1,0,1
2024-09-20,PHC_013,doctor,3,3,0
2024-09-20,PHC_013,nurse,5,3,2
2024-09-20,PHC_013,pharmacist,1,1,0
2024-09-20,PHC_014,doctor,2,2,0
2024-09-20,PHC_014,nurse,3,3,0
2024-09-20,PHC_014,pharmacist,2,1,1
2024-09-20,PHC_015,doctor,1,1,0
2024-09-20,PHC_015,nurse,9,8,1
2024-09-20,PHC_015,pharmacist,3,3,0
2024-09-21,PHC_001,doctor,3,3,0
2024-09-21,PHC_001,nurse,6,5,1
2024-09-21,PHC_001,pharmacist,1,1,0
2024-09-21,PHC_002,doctor,2,2,0
2024-09-21,PHC_002,nurse,8,5,3
2024-09-21,PHC_002,pharmacist,2,1,1
2024-09-21,PHC_003,doctor,2,1,1
2024-09-21,PHC_003,nurse,8,8,0
2024-09-21,PHC_003,pharmacist,2,2,0
2024-09-21,PHC_004,doctor,1,1,0
2024-09-21,PHC_004,nurse,6,6,0
2024-09-21,PHC_004,pharmacist,1,1,0
2024-09-21,PHC_005,doctor,2,2,0
2024-09-21,PHC_005,nurse,6,4,2
2024-09-21,PHC_005,pharmacist,1,1,0
2024-09-21,PHC_006,doctor,3,3,0
2024-09-21,PHC_006,nurse,9,8,1
2024-09-21,PHC_006,pharmacist,2,1,1
2024-09-21,PHC_007,doctor,1,1,0
2024-09-21,PHC_007,nurse,4,3,1
2024-09-21,PHC_007,pharmacist,1,1,0
2024-09-21,PHC_008,doctor,1,1,0
2024-09-21,PHC_008,nurse,5,4,1
2024-09-21,PHC_008,pharmacist,1,1,0
2024-09-21,PHC_009,doctor,2,2,0
2024-09-21,PHC_009,nurse,6,6,0
2024-09-21,PHC_009,pharmacist,2,1,1
2024-09-21,PHC_010,doctor,1,1,0
2024-09-21,PHC_010,nurse,5,4,1
2024-09-21,PHC_010,pharmacist,1,0,1
2024-09-21,PHC_011,doctor,3,3,0
2024-09-21,PHC_011,nurse,8,5,3
2024-09-21,PHC_011,pharmacist,2,1,1
2024-09-21,PHC_012,doctor,2,2,0
2024-09-21,PHC_012,nurse,3,3,0
2024-09-21,PHC_012,pharmacist,2,1,1
2024-09-21,PHC_013,doctor,3,1,2
2024-09-21,PHC_013,nurse,5,4,1
2024-09-21,PHC_013,pharmacist,1,1,0
2024-09-21,PHC_014,doctor,3,3,0
2024-09-21,PHC_014,nurse,5,4,1
2024-09-21,PHC_014,pharmacist,2,2,0
2024-09-21,PHC_015,doctor,2,2,0
2024-09-21,PHC_015,nurse,7,4,3
2024-09-21,PHC_015,pharmacist,3,3,0
2024-09-22,PHC_001,doctor,2,2,0
2024-09-22,PHC_001,nurse,6,4,2
2024-09-22,PHC_001,pharmacist,1,1,0
2024-09-22,PHC_002,doctor,2,2,0
2024-09-22,PHC_002,nurse,7,6,1
2024-09-22,PHC_002,pharmacist,3,1,2
2024-09-22,PHC_003,doctor,3,1,2
2024-09-22,PHC_003,nurse,6,5,1
2024-09-22,PHC_003,pharmacist,2,2,0
2024-09-22,PHC_004,doctor,2,2,0
2024-09-22,PHC_004,nurse,6,5,1
2024-09-22,PHC_004,pharmacist,1,1,0
2024-09-22,PHC_005,doctor,1,0,1
2024-09-22,PHC_005,nurse,5,3,2
2024-09-22,PHC_005,pharmacist,1,1,0
2024-09-22,PHC_006,doctor,3,3,0
2024-09-22,PHC_006,nurse,9,8,1
2024-09-22,PHC_006,pharmacist,2,2,0
2024-09-22,PHC_007,doctor,2,2,0
2024-09-22,PHC_007,nurse,3,3,0
2024-09-22,PHC_007,pharmacist,1,0,1
2024-09-22,PHC_008,doctor,2,2,0
2024-09-22,PHC_008,nurse,4,3,1
2024-09-22,PHC_008,pharmacist,1,1,0
2024-09-22,PHC_009,doctor,1,1,0
2024-09-22,PHC_009,nurse,7,5,2
2024-09-22,PHC_009,pharmacist,3,3,0
2024-09-22,PHC_010,doctor,3,3,0
2024-09-22,PHC_010,nurse,5,5,0
2024-09-22,PHC_011,doctor,2,2,0
2024-09-22,PHC_011,nurse,8,6,2
2024-09-22,PHC_012,doctor,2,2,0
2024-09-22,PHC_012,nurse,3,2,1
2024-09-22,PHC_012,pharmacist,2,1,1
2024-09-22,PHC_013,doctor,3,2,1
2024-09-22,PHC_013,nurse,6,5,1
2024-09-22,PHC_013,pharmacist,1,1,0
2024-09-22,PHC_014,doctor,3,2,1
2024-09-22,PHC_014,nurse,5,4,1
2024-09-22,PHC_014,pharmacist,2,2,0
2024-09-22,PHC_015,doctor,2,1,1
2024-09-22,PHC_015,nurse,8,5,3
2024-09-22,PHC_015,pharmacist,2,2,0
2024-09-23,PHC_001,doctor,2,2,0
2024-09-23,PHC_001,nurse,6,4,2
2024-09-23,PHC_001,pharmacist,1,1,0
2024-09-23,PHC_002,doctor,2,2,0
2024-09-23,PHC_002,nurse,8,6,2
2024-09-23,PHC_002,pharmacist,3,3,0
2024-09-23,PHC_003,doctor,2,2,0
2024-09-23,PHC_003,nurse,7,5,2
2024-09-23,PHC_003,pharmacist,2,2,0
2024-09-23,PHC_004,doctor,2,2,0
2024-09-23,PHC_004,nurse,4,4,0
2024-09-23,PHC_004,pharmacist,1,1,0
2024-09-23,PHC_005,doctor,2,1,1
2024-09-23,PHC_005,nurse,3,3,0
2024-09-23,PHC_005,pharmacist,1,1,0
2024-09-23,PHC_006,doctor,3,2,1
2024-09-23,PHC_006,nurse,6,6,0
2024-09-23,PHC_006,pharmacist,2,0,2
2024-09-23,PHC_007,doctor,2,2,0
2024-09-23,PHC_007,nurse,5,1,4
2024-09-23,PHC_007,pharmacist,1,1,0
2024-09-23,PHC_008,doctor,2,2,0
2024-09-23,PHC_008,nurse,5,3,2
2024-09-23,PHC_009,doctor,2,1,1
2024-09-23,PHC_009,nurse,6,3,3
2024-09-23,PHC_009,pharmacist,3,2,1
2024-09-23,PHC_010,doctor,2,2,0
2024-09-23,PHC_010,nurse,4,3,1
2024-09-23,PHC_010,pharmacist,1,1,0
2024-09-23,PHC_011,doctor,2,1,1
2024-09-23,PHC_011,nurse,6,4,2
2024-09-23,PHC_011,pharmacist,2,2,0
2024-09-23,PHC_012,doctor,1,0,1
2024-09-23,PHC_012,nurse,3,3,0
2024-09-23,PHC_012,pharmacist,2,2,0
2024-09-23,PHC_013,doctor,3,3,0
2024-09-23,PHC_013,nurse,5,4,1
2024-09-23,PHC_013,pharmacist,1,1,0
2024-09-23,PHC_014,doctor,3,3,0
2024-09-23,PHC_014,nurse,5,5,0
2024-09-23,PHC_014,pharmacist,2,2,0
2024-09-23,PHC_015,doctor,2,2,0
2024-09-23,PHC_015,nurse,8,7,1
2024-09-23,PHC_015,pharmacist,2,1,1
2024-09-24,PHC_001,doctor,3,3,0
2024-09-24,PHC_001,nurse,6,4,2
2024-09-24,PHC_001,pharmacist,1,1,0
2024-09-24,PHC_002,doctor,1,1,0
2024-09-24,PHC_002,nurse,5,4,1
2024-09-24,PHC_002,pharmacist,2,2,0
2024-09-24,PHC_003,doctor,1,1,0
2024-09-24,PHC_003,nurse,8,4,4
2024-09-24,PHC_003,pharmacist,2,1,1
2024-09-24,PHC_004,doctor,2,2,0
2024-09-24,PHC_004,nurse,6,1,5
2024-09-24,PHC_004,pharmacist,1,1,0
2024-09-24,PHC_005,doctor,2,1,1
2024-09-24,PHC_005,nurse,5,3,2
2024-09-24,PHC_005,pharmacist,1,1,0
2024-09-24,PHC_006,doctor,3,2,1
2024-09-24,PHC_006,nurse,10,8,2
2024-09-24,PHC_006,pharmacist,2,1,1
2024-09-24,PHC_007,doctor,2,1,1
2024-09-24,PHC_007,nurse,4,3,1
2024-09-24,PHC_007,pharmacist,1,1,0
2024-09-24,PHC_008,doctor,2,2,0
2024-09-24,PHC_008,nurse,4,3,1
2024-09-24,PHC_008,pharmacist,1,0,1
2024-09-24,PHC_009,doctor,2,2,0
2024-09-24,PHC_009,nurse,7,5,2
2024-09-24,PHC_009,pharmacist,3,2,1
2024-09-24,PHC_010,doctor,2,2,0
2024-09-24,PHC_010,nurse,5,4,1
2024-09-24,PHC_010,pharmacist,1,0,1
2024-09-24,PHC_011,doctor,3,3,0
2024-09-24,PHC_011,nurse,6,5,1
2024-09-24,PHC_011,pharmacist,2,1,1
2024-09-24,PHC_012,doctor,2,2,0
2024-09-24,PHC_012,nurse,4,3,1
2024-09-24,PHC_012,pharmacist,2,1,1
2024-09-24,PHC_013,doctor,3,3,0
2024-09-24,PHC_013,nurse,5,5,0
2024-09-24,PHC_013,pharmacist,1,1,0
2024-09-24,PHC_014,doctor,2,2,0
2024-09-24,PHC_014,nurse,4,4,0
2024-09-24,PHC_014,pharmacist,2,2,0
2024-09-24,PHC_015,nurse,9,8,1
2024-09-24,PHC_015,pharmacist,3,2,1
2024-09-25,PHC_001,doctor,3,2,1
2024-09-25,PHC_001,nurse,7,6,1
2024-09-25,PHC_001,pharmacist,1,1,0
2024-09-25,PHC_002,doctor,2,1,1
2024-09-25,PHC_002,nurse,9,8,1
2024-09-25,PHC_002,pharmacist,3,1,2
2024-09-25,PHC_003,doctor,3,3,0
2024-09-25,PHC_003,nurse,9,8,1
2024-09-25,PHC_003,pharmacist,1,1,0
2024-09-25,PHC_004,doctor,2,1,1
2024-09-25,PHC_004,nurse,6,5,1
2024-09-25,PHC_004,pharmacist,1,0,1
2024-09-25,PHC_005,doctor,2,2,0
2024-09-25,PHC_005,nurse,3,1,2
2024-09-25,PHC_005,pharmacist,1,1,0
2024-09-25,PHC_006,doctor,3,1,2
2024-09-25,PHC_006,nurse,8,7,1
2024-09-25,PHC_006,pharmacist,1,0,1
2024-09-25,PHC_007,doctor,2,2,0
2024-09-25,PHC_007,nurse,5,2,3
2024-09-25,PHC_007,pharmacist,1,1,0
2024-09-25,PHC_008,nurse,3,2,1
2024-09-25,PHC_008,pharmacist,1,1,0
2024-09-25,PHC_009,doctor,1,1,0
2024-09-25,PHC_009,nurse,5,1,4
2024-09-25,PHC_009,pharmacist,3,2,1
2024-09-25,PHC_010,doctor,2,2,0
2024-09-25,PHC_010,nurse,5,3,2
2024-09-25,PHC_010,pharmacist,1,1,0
2024-09-25,PHC_011,doctor,3,2,1
2024-09-25,PHC_011,nurse,8,7,1
2024-09-25,PHC_011,pharmacist,2,0,2
2024-09-25,PHC_012,doctor,2,1,1
2024-09-25,PHC_012,nurse,4,2,2
2024-09-25,PHC_012,pharmacist,2,1,1
2024-09-25,PHC_013,doctor,2,2,0
2024-09-25,PHC_013,nurse,3,3,0
2024-09-25,PHC_013,pharmacist,1,0,1
2024-09-25,PHC_014,doctor,3,2,1
2024-09-25,PHC_014,nurse,4,4,0
2024-09-25,PHC_014,pharmacist,2,2,0
2024-09-25,PHC_015,doctor,2,2,0
2024-09-25,PHC_015,nurse,8,8,0
2024-09-25,PHC_015,pharmacist,3,3,0
2024-09-26,PHC_001,doctor,3,3,0
2024-09-26,PHC_001,nurse,7,5,2
2024-09-26,PHC_001,pharmacist,1,0,1
2024-09-26,PHC_002,doctor,2,2,0
2024-09-26,PHC_002,nurse,6,6,0
2024-09-26,PHC_002,pharmacist,2,1,1
2024-09-26,PHC_003,doctor,3,3,0
2024-09-26,PHC_003,nurse,8,4,4
2024-09-26,PHC_003,pharmacist,1,1,0
2024-09-26,PHC_004,doctor,2,2,0
2024-09-26,PHC_004,nurse,4,4,0
2024-09-26,PHC_004,pharmacist,1,1,0
2024-09-26,PHC_005,doctor,1,1,0
2024-09-26,PHC_005,nurse,6,5,1
2024-09-26,PHC_005,pharmacist,1,1,0
2024-09-26,PHC_006,doctor,2,1,1
2024-09-26,PHC_006,nurse,7,6,1
2024-09-26,PHC_006,pharmacist,2,2,0
2024-09-26,PHC_007,doctor,1,1,0
2024-09-26,PHC_007,nurse,4,2,2
2024-09-26,PHC_008,doctor,2,2,0
2024-09-26,PHC_008,nurse,5,3,2
2024-09-26,PHC_008,pharmacist,1,1,0
2024-09-26,PHC_009,doctor,2,1,1
2024-09-26,PHC_009,nurse,8,8,0
2024-09-26,PHC_009,pharmacist,3,1,2
2024-09-26,PHC_010,doctor,3,1,2
2024-09-26,PHC_010,nurse,4,3,1
2024-09-26,PHC_010,pharmacist,1,0,1
2024-09-26,PHC_011,doctor,3,3,0
2024-09-26,PHC_011,nurse,8,6,2
2024-09-26,PHC_011,pharmacist,2,2,0
2024-09-26,PHC_012,doctor,1,0,1
2024-09-26,PHC_012,nurse,3,2,1
2024-09-26,PHC_012,pharmacist,2,1,1
2024-09-26,PHC_013,doctor,2,1,1
2024-09-26,PHC_013,nurse,5,3,2
2024-09-26,PHC_013,pharmacist,1,0,1
2024-09-26,PHC_014,doctor,2,1,1
2024-09-26,PHC_014,nurse,4,4,0
2024-09-26,PHC_014,pharmacist,2,2,0
2024-09-26,PHC_015,doctor,1,1,0
2024-09-26,PHC_015,nurse,8,7,1
2024-09-26,PHC_015,pharmacist,3,3,0
2024-09-27,PHC_001,doctor,3,2,1
2024-09-27,PHC_001,nurse,6,5,1
2024-09-27,PHC_001,pharmacist,1,1,0
2024-09-27,PHC_002,doctor,2,2,0
2024-09-27,PHC_002,nurse,7,6,1
2024-09-27,PHC_002,pharmacist,3,1,2
2024-09-27,PHC_003,doctor,3,3,0
2024-09-27,PHC_003,nurse,7,6,1
2024-09-27,PHC_003,pharmacist,2,2,0
2024-09-27,PHC_004,doctor,1,1,0
2024-09-27,PHC_004,nurse,4,4,0
2024-09-27,PHC_005,doctor,2,2,0
2024-09-27,PHC_005,nurse,5,3,2
2024-09-27,PHC_005,pharmacist,1,1,0
2024-09-27,PHC_006,doctor,3,2,1
2024-09-27,PHC_006,nurse,10,8,2
2024-09-27,PHC_006,pharmacist,2,1,1
2024-09-27,PHC_007,doctor,2,2,0
2024-09-27,PHC_007,nurse,4,2,2
2024-09-27,PHC_007,pharmacist,1,1,0
2024-09-27,PHC_008,doctor,2,2,0
2024-09-27,PHC_008,nurse,5,4,1
2024-09-27,PHC_008,pharmacist,1,1,0
2024-09-27,PHC_009,doctor,2,0,2
2024-09-27,PHC_009,nurse,7,7,0
2024-09-27,PHC_009,pharmacist,2,2,0
2024-09-27,PHC_010,doctor,2,2,0
2024-09-27,PHC_010,nurse,4,4,0
2024-09-27,PHC_010,pharmacist,1,1,0
2024-09-27,PHC_011,doctor,3,3,0
2024-09-27,PHC_011,nurse,6,4,2
2024-09-27,PHC_011,pharmacist,2,1,1
2024-09-27,PHC_012,doctor,2,2,0
2024-09-27,PHC_012,nurse,4,4,0
2024-09-27,PHC_012,pharmacist,2,2,0
2024-09-27,PHC_013,doctor,3,3,0
2024-09-27,PHC_013,nurse,6,5,1
2024-09-27,PHC_014,doctor,3,3,0
2024-09-27,PHC_014,nurse,5,5,0
2024-09-27,PHC_014,pharmacist,2,1,1
2024-09-27,PHC_015,doctor,2,2,0
2024-09-27,PHC_015,nurse,9,5,4
2024-09-27,PHC_015,pharmacist,3,3,0
2024-09-28,PHC_001,doctor,2,2,0
2024-09-28,PHC_001,nurse,5,4,1
2024-09-28,PHC_001,pharmacist,1,0,1
2024-09-28,PHC_002,doctor,2,2,0
2024-09-28,PHC_002,nurse,6,5,1
2024-09-28,PHC_002,pharmacist,2,2,0
2024-09-28,PHC_003,doctor,3,2,1
2024-09-28,PHC_003,nurse,7,7,0
2024-09-28,PHC_003,pharmacist,2,2,0
2024-09-28,PHC_004,doctor,2,2,0
2024-09-28,PHC_004,nurse,6,2,4
2024-09-28,PHC_005,doctor,2,2,0
2024-09-28,PHC_005,nurse,6,4,2
2024-09-28,PHC_005,pharmacist,1,1,0
2024-09-28,PHC_006,doctor,2,2,0
2024-09-28,PHC_006,nurse,8,5,3
2024-09-28,PHC_006,pharmacist,2,1,1
2024-09-28,PHC_007,doctor,2,1,1
2024-09-28,PHC_007,nurse,4,3,1
2024-09-28,PHC_008,doctor,2,2,0
2024-09-28,PHC_008,nurse,4,3,1
2024-09-28,PHC_009,doctor,1,0,1
2024-09-28,PHC_009,nurse,8,8,0
2024-09-28,PHC_009,pharmacist,3,1,2
2024-09-28,PHC_010,doctor,3,3,0
2024-09-28,PHC_010,nurse,5,3,2
2024-09-28,PHC_010,pharmacist,1,1,0
2024-09-28,PHC_011,doctor,2,2,0
2024-09-28,PHC_011,nurse,7,7,0
2024-09-28,PHC_011,pharmacist,1,1,0
2024-09-28,PHC_012,doctor,2,2,0
2024-09-28,PHC_012,nurse,3,2,1
2024-09-28,PHC_012,pharmacist,1,1,0
2024-09-28,PHC_013,doctor,3,3,0
2024-09-28,PHC_013,nurse,4,2,2
2024-09-28,PHC_013,pharmacist,1,0,1
2024-09-28,PHC_014,doctor,3,1,2
2024-09-28,PHC_014,nurse,4,3,1
2024-09-28,PHC_014,pharmacist,2,2,0
2024-09-28,PHC_015,doctor,2,2,0
2024-09-28,PHC_015,nurse,9,7,2
2024-09-28,PHC_015,pharmacist,3,2,1
2024-09-29,PHC_001,doctor,2,2,0
2024-09-29,PHC_001,nurse,7,4,3
2024-09-29,PHC_002,doctor,2,2,0
2024-09-29,PHC_002,nurse,7,4,3
2024-09-29,PHC_002,pharmacist,3,2,1
2024-09-29,PHC_003,doctor,3,3,0
2024-09-29,PHC_003,nurse,9,5,4
2024-09-29,PHC_003,pharmacist,1,1,0
2024-09-29,PHC_004,doctor,2,2,0
2024-09-29,PHC_004,nurse,5,3,2
2024-09-29,PHC_004,pharmacist,1,1,0
2024-09-29,PHC_005,doctor,2,1,1
2024-09-29,PHC_005,nurse,6,6,0
2024-09-29,PHC_005,pharmacist,1,1,0
2024-09-29,PHC_006,doctor,1,1,0
2024-09-29,PHC_006,nurse,9,6,3
2024-09-29,PHC_006,pharmacist,2,2,0
2024-09-29,PHC_007,doctor,2,2,0
2024-09-29,PHC_007,nurse,5,3,2
2024-09-29,PHC_007,pharmacist,1,0,1
2024-09-29,PHC_008,doctor,1,1,0
2024-09-29,PHC_008,nurse,5,4,1
2024-09-29,PHC_008,pharmacist,1,1,0
2024-09-29,PHC_009,doctor,2,1,1
2024-09-29,PHC_009,nurse,7,5,2
2024-09-29,PHC_009,pharmacist,3,3,0
2024-09-29,PHC_010,doctor,3,1,2
2024-09-29,PHC_010,nurse,4,4,0
2024-09-29,PHC_010,pharmacist,1,0,1
2024-09-29,PHC_011,doctor,3,3,0
2024-09-29,PHC_011,nurse,6,6,0
2024-09-29,PHC_011,pharmacist,2,2,0
2024-09-29,PHC_012,doctor,2,1,1
2024-09-29,PHC_012,nurse,3,3,0
2024-09-29,PHC_012,pharmacist,1,0,1
2024-09-29,PHC_013,doctor,3,1,2
2024-09-29,PHC_013,nurse,4,3,1
2024-09-29,PHC_013,pharmacist,1,0,1
2024-09-29,PHC_014,doctor,3,3,0
2024-09-29,PHC_014,nurse,4,3,1
2024-09-29,PHC_014,pharmacist,1,0,1
2024-09-29,PHC_015,doctor,2,1,1
2024-09-29,PHC_015,nurse,9,6,3
2024-09-29,PHC_015,pharmacist,3,1,2
2024-09-30,PHC_001,doctor,3,3,0
2024-09-30,PHC_001,nurse,4,3,1
2024-09-30,PHC_001,pharmacist,1,0,1
2024-09-30,PHC_002,doctor,2,2,0
2024-09-30,PHC_002,nurse,9,9,0
2024-09-30,PHC_002,pharmacist,2,2,0
2024-09-30,PHC_003,doctor,2,2,0
2024-09-30,PHC_003,nurse,7,6,1
2024-09-30,PHC_003,pharmacist,2,2,0
2024-09-30,PHC_004,doctor,2,2,0
2024-09-30,PHC_004,nurse,5,2,3
2024-09-30,PHC_004,pharmacist,1,1,0
2024-09-30,PHC_005,doctor,2,2,0
2024-09-30,PHC_005,nurse,5,3,2
2024-09-30,PHC_005,pharmacist,1,1,0
2024-09-30,PHC_006,doctor,3,2,1
2024-09-30,PHC_006,nurse,7,6,1
2024-09-30,PHC_006,pharmacist,2,2,0
2024-09-30,PHC_007,doctor,1,0,1
2024-09-30,PHC_007,nurse,4,3,1
2024-09-30,PHC_007,pharmacist,1,1,0
2024-09-30,PHC_008,doctor,2,1,1
2024-09-30,PHC_008,nurse,5,5,0
2024-09-30,PHC_008,pharmacist,1,1,0
2024-09-30,PHC_009,doctor,2,2,0
2024-09-30,PHC_009,nurse,7,6,1
2024-09-30,PHC_009,pharmacist,3,3,0
2024-09-30,PHC_010,doctor,2,2,0
2024-09-30,PHC_010,nurse,4,3,1
2024-09-30,PHC_010,pharmacist,1,1,0
2024-09-30,PHC_011,doctor,3,3,0
2024-09-30,PHC_011,nurse,7,7,0
2024-09-30,PHC_011,pharmacist,2,2,0
2024-09-30,PHC_012,doctor,2,2,0
2024-09-30,PHC_012,nurse,3,2,1
2024-09-30,PHC_012,pharmacist,1,0,1
2024-09-30,PHC_013,doctor,3,1,2
2024-09-30,PHC_013,nurse,6,5,1
2024-09-30,PHC_013,pharmacist,1,1,0
2024-09-30,PHC_014,doctor,3,0,3
2024-09-30,PHC_014,nurse,4,3,1
2024-09-30,PHC_014,pharmacist,1,0,1
2024-09-30,PHC_015,doctor,1,1,0
2024-09-30,PHC_015,nurse,9,7,2
2024-09-30,PHC_015,pharmacist,3,2,1
2024-10-01,PHC_001,doctor,3,3,0
2024-10-01,PHC_001,nurse,6,6,0
2024-10-01,PHC_001,pharmacist,1,1,0
2024-10-01,PHC_002,doctor,1,0,1
2024-10-01,PHC_002,nurse,9,8,1
2024-10-01,PHC_002,pharmacist,3,3,0
2024-10-01,PHC_003,doctor,1,1,0
2024-10-01,PHC_003,nurse,6,6,0
2024-10-01,PHC_003,pharmacist,1,1,0
2024-10-01,PHC_004,doctor,1,1,0
2024-10-01,PHC_004,nurse,6,5,1
2024-10-01,PHC_004,pharmacist,1,0,1
2024-10-01,PHC_005,doctor,1,1,0
2024-10-01,PHC_005,nurse,6,5,1
2024-10-01,PHC_005,pharmacist,1,1,0
2024-10-01,PHC_006,doctor,2,1,1
2024-10-01,PHC_006,nurse,10,9,1
2024-10-01,PHC_006,pharmacist,2,2,0
2024-10-01,PHC_007,doctor,1,1,0
2024-10-01,PHC_007,nurse,4,4,0
2024-10-01,PHC_007,pharmacist,1,1,0
2024-10-01,PHC_008,doctor,2,1,1
2024-10-01,PHC_008,nurse,5,5,0
2024-10-01,PHC_008,pharmacist,1,0,1
2024-10-01,PHC_009,doctor,2,1,1
2024-10-01,PHC_009,nurse,6,6,0
2024-10-01,PHC_009,pharmacist,2,2,0
2024-10-01,PHC_010,doctor,2,2,0
2024-10-01,PHC_010,nurse,3,3,0
2024-10-01,PHC_010,pharmacist,1,1,0
2024-10-01,PHC_011,doctor,2,2,0
2024-10-01,PHC_011,nurse,7,6,1
2024-10-01,PHC_011,pharmacist,2,2,0
2024-10-01,PHC_012,doctor,2,1,1
2024-10-01,PHC_012,nurse,4,2,2
2024-10-01,PHC_012,pharmacist,2,2,0
2024-10-01,PHC_013,doctor,3,2,1
2024-10-01,PHC_013,nurse,3,2,1
2024-10-01,PHC_013,pharmacist,1,1,0
2024-10-01,PHC_014,doctor,2,1,1
2024-10-01,PHC_014,nurse,3,3,0
2024-10-01,PHC_014,pharmacist,2,2,0
2024-10-01,PHC_015,doctor,2,2,0
2024-10-01,PHC_015,nurse,8,5,3
2024-10-01,PHC_015,pharmacist,3,2,1
2024-10-02,PHC_001,doctor,3,3,0
2024-10-02,PHC_001,nurse,6,4,2
2024-10-02,PHC_002,doctor,2,2,0
2024-10-02,PHC_002,nurse,7,6,1
2024-10-02,PHC_002,pharmacist,2,2,0
2024-10-02,PHC_003,doctor,3,3,0
2024-10-02,PHC_003,nurse,6,4,2
2024-10-02,PHC_003,pharmacist,2,2,0
2024-10-02,PHC_004,doctor,2,1,1
2024-10-02,PHC_004,nurse,6,6,0
2024-10-02,PHC_005,doctor,2,1,1
2024-10-02,PHC_005,nurse,4,4,0
2024-10-02,PHC_005,pharmacist,1,1,0
2024-10-02,PHC_006,doctor,3,3,0
2024-10-02,PHC_006,nurse,10,8,2
2024-10-02,PHC_006,pharmacist,1,1,0
2024-10-02,PHC_007,doctor,1,1,0
2024-10-02,PHC_007,nurse,3,3,0
2024-10-02,PHC_007,pharmacist,1,0,1
2024-10-02,PHC_008,doctor,1,1,0
2024-10-02,PHC_008,nurse,4,4,0
2024-10-02,PHC_008,pharmacist,1,1,0
2024-10-02,PHC_009,doctor,2,1,1
2024-10-02,PHC_009,nurse,7,7,0
2024-10-02,PHC_009,pharmacist,3,3,0
2024-10-02,PHC_010,doctor,2,2,0
2024-10-02,PHC_010,nurse,5,2,3
2024-10-02,PHC_010,pharmacist,1,1,0
2024-10-02,PHC_011,doctor,3,3,0
2024-10-02,PHC_011,nurse,8,8,0
2024-10-02,PHC_011,pharmacist,2,2,0
2024-10-02,PHC_012,doctor,2,1,1
2024-10-02,PHC_012,nurse,4,1,3
2024-10-02,PHC_012,pharmacist,2,2,0
2024-10-02,PHC_013,doctor,3,2,1
2024-10-02,PHC_013,nurse,5,4,1
2024-10-02,PHC_013,pharmacist,1,1,0
2024-10-02,PHC_014,doctor,1,1,0
2024-10-02,PHC_014,nurse,4,2,2
2024-10-02,PHC_014,pharmacist,2,2,0
2024-10-02,PHC_015,doctor,1,1,0
2024-10-02,PHC_015,nurse,5,4,1
2024-10-02,PHC_015,pharmacist,2,2,0
2024-10-03,PHC_001,doctor,3,3,0
2024-10-03,PHC_001,nurse,6,5,1
2024-10-03,PHC_001,pharmacist,1,1,0
2024-10-03,PHC_002,doctor,1,1,0
2024-10-03,PHC_002,nurse,7,6,1
2024-10-03,PHC_002,pharmacist,3,2,1
2024-10-03,PHC_003,doctor,2,2,0
2024-10-03,PHC_003,nurse,8,6,2
2024-10-03,PHC_003,pharmacist,2,2,0
2024-10-03,PHC_004,doctor,1,0,1
2024-10-03,PHC_004,nurse,6,6,0
2024-10-03,PHC_004,pharmacist,1,1,0
2024-10-03,PHC_005,doctor,2,2,0
2024-10-03,PHC_005,nurse,4,3,1
2024-10-03,PHC_005,pharmacist,1,1,0
2024-10-03,PHC_006,doctor,2,2,0
2024-10-03,PHC_006,nurse,7,4,3
2024-10-03,PHC_006,pharmacist,1,0,1
2024-10-03,PHC_007,doctor,1,1,0
2024-10-03,PHC_007,nurse,5,3,2
2024-10-03,PHC_007,pharmacist,1,1,0
2024-10-03,PHC_008,doctor,2,2,0
2024-10-03,PHC_008,nurse,5,2,3
2024-10-03,PHC_008,pharmacist,1,0,1
2024-10-03,PHC_009,doctor,2,1,1
2024-10-03,PHC_009,nurse,6,6,0
2024-10-03,PHC_009,pharmacist,3,2,1
2024-10-03,PHC_010,doctor,2,1,1
2024-10-03,PHC_010,nurse,3,2,1
2024-10-03,PHC_010,pharmacist,1,1,0
2024-10-03,PHC_011,doctor,2,0,2
2024-10-03,PHC_011,nurse,7,5,2
2024-10-03,PHC_011,pharmacist,2,2,0
2024-10-03,PHC_012,doctor,2,2,0
2024-10-03,PHC_012,nurse,4,4,0
2024-10-03,PHC_012,pharmacist,2,2,0
2024-10-03,PHC_013,doctor,2,1,1
2024-10-03,PHC_013,nurse,5,4,1
2024-10-03,PHC_014,doctor,3,3,0
2024-10-03,PHC_014,nurse,4,4,0
2024-10-03,PHC_014,pharmacist,2,2,0
2024-10-03,PHC_015,doctor,2,2,0
2024-10-03,PHC_015,nurse,7,5,2
2024-10-03,PHC_015,pharmacist,3,2,1
2024-10-04,PHC_001,doctor,3,2,1
2024-10-04,PHC_001,nurse,7,5,2
2024-10-04,PHC_001,pharmacist,1,0,1
2024-10-04,PHC_002,doctor,1,1,0
2024-10-04,PHC_002,nurse,8,5,3
2024-10-04,PHC_002,pharmacist,2,1,1
2024-10-04,PHC_003,doctor,2,2,0
2024-10-04,PHC_003,nurse,8,5,3
2024-10-04,PHC_003,pharmacist,2,1,1
2024-10-04,PHC_004,nurse,4,4,0
2024-10-04,PHC_004,pharmacist,1,0,1
2024-10-04,PHC_005,doctor,2,2,0
2024-10-04,PHC_005,nurse,5,3,2
2024-10-04,PHC_006,doctor,2,1,1
2024-10-04,PHC_006,nurse,5,4,1
2024-10-04,PHC_006,pharmacist,2,1,1
2024-10-04,PHC_007,doctor,2,2,0
2024-10-04,PHC_007,nurse,4,2,2
2024-10-04,PHC_007,pharmacist,1,1,0
2024-10-04,PHC_008,doctor,2,2,0
2024-10-04,PHC_008,nurse,5,4,1
2024-10-04,PHC_008,pharmacist,1,1,0
2024-10-04,PHC_009,doctor,2,2,0
2024-10-04,PHC_009,nurse,8,8,0
2024-10-04,PHC_010,doctor,1,1,0
2024-10-04,PHC_010,nurse,5,2,3
2024-10-04,PHC_010,pharmacist,1,1,0
2024-10-04,PHC_011,doctor,3,2,1
2024-10-04,PHC_011,nurse,6,3,3
2024-10-04,PHC_011,pharmacist,2,2,0
2024-10-04,PHC_012,doctor,2,1,1
2024-10-04,PHC_012,nurse,4,3,1
2024-10-04,PHC_012,pharmacist,1,1,0
2024-10-04,PHC_013,doctor,3,3,0
2024-10-04,PHC_013,nurse,6,6,0
2024-10-04,PHC_013,pharmacist,1,0,1
2024-10-04,PHC_014,doctor,3,3,0
2024-10-04,PHC_014,nurse,4,4,0
2024-10-04,PHC_014,pharmacist,1,1,0
2024-10-04,PHC_015,doctor,1,1,0
2024-10-04,PHC_015,nurse,7,7,0
2024-10-04,PHC_015,pharmacist,3,1,2
2024-10-05,PHC_001,doctor,2,1,1
2024-10-05,PHC_001,nurse,6,3,3
2024-10-05,PHC_001,pharmacist,1,1,0
2024-10-05,PHC_002,doctor,2,2,0
2024-10-05,PHC_002,nurse,8,7,1
2024-10-05,PHC_002,pharmacist,3,2,1
2024-10-05,PHC_003,doctor,3,3,0
2024-10-05,PHC_003,nurse,6,5,1
2024-10-05,PHC_003,pharmacist,2,2,0
2024-10-05,PHC_004,doctor,2,1,1
2024-10-05,PHC_004,nurse,5,5,0
2024-10-05,PHC_005,doctor,2,2,0
2024-10-05,PHC_005,nurse,4,2,2
2024-10-05,PHC_005,pharmacist,1,1,0
2024-10-05,PHC_006,doctor,2,1,1
2024-10-05,PHC_006,nurse,7,5,2
2024-10-05,PHC_006,pharmacist,2,2,0
2024-10-05,PHC_007,doctor,2,0,2
2024-10-05,PHC_007,nurse,5,3,2
2024-10-05,PHC_007,pharmacist,1,1,0
2024-10-05,PHC_008,doctor,1,1,0
2024-10-05,PHC_008,nurse,5,4,1
2024-10-05,PHC_008,pharmacist,1,1,0
2024-10-05,PHC_009,doctor,1,1,0
2024-10-05,PHC_009,nurse,4,4,0
2024-10-05,PHC_009,pharmacist,3,3,0
2024-10-05,PHC_010,doctor,3,3,0
2024-10-05,PHC_010,nurse,5,4,1
2024-10-05,PHC_011,doctor,2,2,0
2024-10-05,PHC_011,nurse,7,6,1
2024-10-05,PHC_011,pharmacist,2,2,0
2024-10-05,PHC_012,doctor,2,2,0
2024-10-05,PHC_012,nurse,3,2,1
2024-10-05,PHC_012,pharmacist,1,1,0
2024-10-05,PHC_013,doctor,1,1,0
2024-10-05,PHC_013,nurse,6,6,0
2024-10-05,PHC_013,pharmacist,1,1,0
2024-10-05,PHC_014,doctor,3,2,1
2024-10-05,PHC_014,nurse,5,5,0
2024-10-05,PHC_014,pharmacist,2,2,0
2024-10-05,PHC_015,doctor,2,1,1
2024-10-05,PHC_015,nurse,6,5,1
2024-10-05,PHC_015,pharmacist,3,3,0
2024-10-06,PHC_001,doctor,2,2,0
2024-10-06,PHC_001,nurse,7,6,1
2024-10-06,PHC_001,pharmacist,1,0,1
2024-10-06,PHC_002,doctor,2,1,1
2024-10-06,PHC_002,nurse,9,4,5
2024-10-06,PHC_002,pharmacist,3,1,2
2024-10-06,PHC_003,doctor,1,1,0
2024-10-06,PHC_003,nurse,9,7,2
2024-10-06,PHC_003,pharmacist,2,2,0
2024-10-06,PHC_004,doctor,1,1,0
2024-10-06,PHC_004,nurse,4,4,0
2024-10-06,PHC_004,pharmacist,1,1,0
2024-10-06,PHC_005,doctor,2,2,0
2024-10-06,PHC_005,nurse,6,5,1
2024-10-06,PHC_005,pharmacist,1,1,0
2024-10-06,PHC_006,doctor,2,1,1
2024-10-06,PHC_006,nurse,7,3,4
2024-10-06,PHC_006,pharmacist,2,1,1
2024-10-06,PHC_007,doctor,1,1,0
2024-10-06,PHC_007,nurse,2,1,1
2024-10-06,PHC_007,pharmacist,1,1,0
2024-10-06,PHC_008,doctor,2,2,0
2024-10-06,PHC_008,nurse,4,1,3
2024-10-06,PHC_009,doctor,1,1,0
2024-10-06,PHC_009,nurse,8,7,1
2024-10-06,PHC_009,pharmacist,3,3,0
2024-10-06,PHC_010,doctor,2,1,1
2024-10-06,PHC_010,nurse,5,3,2
2024-10-06,PHC_010,pharmacist,1,1,0
2024-10-06,PHC_011,doctor,3,1,2
2024-10-06,PHC_011,nurse,7,4,3
2024-10-06,PHC_011,pharmacist,2,2,0
2024-10-06,PHC_012,doctor,2,2,0
2024-10-06,PHC_012,nurse,3,1,2
2024-10-06,PHC_012,pharmacist,2,2,0
2024-10-06,PHC_013,doctor,2,2,0
2024-10-06,PHC_013,nurse,6,6,0
2024-10-06,PHC_013,pharmacist,1,0,1
2024-10-06,PHC_014,doctor,2,2,0
2024-10-06,PHC_014,nurse,4,4,0
2024-10-06,PHC_014,pharmacist,2,2,0
2024-10-06,PHC_015,doctor,2,2,0
2024-10-06,PHC_015,nurse,7,6,1
2024-10-06,PHC_015,pharmacist,3,2,1
2024-10-07,PHC_001,doctor,1,1,0
2024-10-07,PHC_001,nurse,6,4,2
2024-10-07,PHC_001,pharmacist,1,1,0
2024-10-07,PHC_002,doctor,2,2,0
2024-10-07,PHC_002,nurse,6,4,2
2024-10-07,PHC_002,pharmacist,3,2,1
2024-10-07,PHC_003,doctor,3,2,1
2024-10-07,PHC_003,nurse,7,6,1
2024-10-07,PHC_003,pharmacist,1,1,0
2024-10-07,PHC_004,doctor,1,1,0
2024-10-07,PHC_004,nurse,4,4,0
2024-10-07,PHC_004,pharmacist,1,1,0
2024-10-07,PHC_005,doctor,1,1,0
2024-10-07,PHC_005,nurse,5,5,0
2024-10-07,PHC_005,pharmacist,1,1,0
2024-10-07,PHC_006,doctor,2,1,1
2024-10-07,PHC_006,nurse,8,6,2
2024-10-07,PHC_006,pharmacist,2,2,0
2024-10-07,PHC_007,doctor,2,1,1
2024-10-07,PHC_007,nurse,5,4,1
2024-10-07,PHC_008,doctor,1,1,0
2024-10-07,PHC_008,nurse,5,4,1
2024-10-07,PHC_008,pharmacist,1,1,0
2024-10-07,PHC_009,doctor,2,2,0
2024-10-07,PHC_009,nurse,8,8,0
2024-10-07,PHC_009,pharmacist,3,2,1
2024-10-07,PHC_010,doctor,3,2,1
2024-10-07,PHC_010,nurse,4,3,1
2024-10-07,PHC_010,pharmacist,1,1,0
2024-10-07,PHC_011,doctor,3,2,1
2024-10-07,PHC_011,nurse,8,7,1
2024-10-07,PHC_011,pharmacist,1,1,0
2024-10-07,PHC_012,doctor,2,2,0
2024-10-07,PHC_012,nurse,4,3,1
2024-10-07,PHC_012,pharmacist,2,2,0
2024-10-07,PHC_013,doctor,2,2,0
2024-10-07,PHC_013,nurse,6,5,1
2024-10-07,PHC_013,pharmacist,1,0,1
2024-10-07,PHC_014,doctor,3,3,0
2024-10-07,PHC_014,nurse,4,3,1
2024-10-07,PHC_014,pharmacist,2,1,1
2024-10-07,PHC_015,doctor,1,1,0
2024-10-07,PHC_015,nurse,6,3,3
2024-10-07,PHC_015,pharmacist,3,2,1
2024-10-08,PHC_001,doctor,3,3,0
2024-10-08,PHC_001,nurse,6,5,1
2024-10-08,PHC_001,pharmacist,1,1,0
2024-10-08,PHC_002,doctor,2,2,0
2024-10-08,PHC_002,nurse,9,9,0
2024-10-08,PHC_002,pharmacist,3,3,0
2024-10-08,PHC_003,doctor,3,3,0
2024-10-08,PHC_003,nurse,8,5,3
2024-10-08,PHC_003,pharmacist,1,1,0
2024-10-08,PHC_004,doctor,2,2,0
2024-10-08,PHC_004,nurse,5,5,0
2024-10-08,PHC_004,pharmacist,1,1,0
2024-10-08,PHC_005,doctor,1,1,0
2024-10-08,PHC_005,nurse,6,5,1
2024-10-08,PHC_005,pharmacist,1,0,1
2024-10-08,PHC_006,doctor,3,3,0
2024-10-08,PHC_006,nurse,9,6,3
2024-10-08,PHC_006,pharmacist,1,0,1
2024-10-08,PHC_007,doctor,2,2,0
2024-10-08,PHC_007,nurse,4,3,1
2024-10-08,PHC_007,pharmacist,1,1,0
2024-10-08,PHC_008,doctor,1,1,0
2024-10-08,PHC_008,nurse,4,4,0
2024-10-08,PHC_008,pharmacist,1,1,0
2024-10-08,PHC_009,doctor,2,0,2
2024-10-08,PHC_009,nurse,8,6,2
2024-10-08,PHC_009,pharmacist,2,2,0
2024-10-08,PHC_010,doctor,2,2,0
2024-10-08,PHC_010,nurse,5,5,0
2024-10-08,PHC_010,pharmacist,1,1,0
2024-10-08,PHC_011,doctor,3,2,1
2024-10-08,PHC_011,nurse,7,3,4
2024-10-08,PHC_011,pharmacist,2,2,0
2024-10-08,PHC_012,doctor,2,1,1
2024-10-08,PHC_012,nurse,3,2,1
2024-10-08,PHC_012,pharmacist,2,0,2
2024-10-08,PHC_013,doctor,2,2,0
2024-10-08,PHC_013,nurse,5,5,0
2024-10-08,PHC_013,pharmacist,1,1,0
2024-10-08,PHC_014,doctor,2,1,1
2024-10-08,PHC_014,nurse,3,3,0
2024-10-08,PHC_014,pharmacist,1,1,0
2024-10-08,PHC_015,doctor,1,1,0
2024-10-08,PHC_015,nurse,6,4,2
2024-10-08,PHC_015,pharmacist,1,0,1
2024-10-09,PHC_001,doctor,3,3,0
2024-10-09,PHC_001,nurse,5,3,2
2024-10-09,PHC_002,doctor,1,0,1
2024-10-09,PHC_002,nurse,8,8,0
2024-10-09,PHC_002,pharmacist,2,2,0
2024-10-09,PHC_003,doctor,2,2,0
2024-10-09,PHC_003,nurse,8,6,2
2024-10-09,PHC_003,pharmacist,2,2,0
2024-10-09,PHC_004,doctor,2,2,0
2024-10-09,PHC_004,nurse,5,1,4
2024-10-09,PHC_004,pharmacist,1,0,1
2024-10-09,PHC_005,doctor,2,2,0
2024-10-09,PHC_005,nurse,6,4,2
2024-10-09,PHC_005,pharmacist,1,1,0
2024-10-09,PHC_006,doctor,3,1,2
2024-10-09,PHC_006,nurse,6,4,2
2024-10-09,PHC_006,pharmacist,2,1,1
2024-10-09,PHC_007,doctor,1,1,0
2024-10-09,PHC_007,nurse,4,2,2
2024-10-09,PHC_007,pharmacist,1,1,0
2024-10-09,PHC_008,doctor,2,2,0
2024-10-09,PHC_008,nurse,4,3,1
2024-10-09,PHC_008,pharmacist,1,1,0
2024-10-09,PHC_009,doctor,2,2,0
2024-10-09,PHC_009,nurse,6,5,1
2024-10-09,PHC_009,pharmacist,3,1,2
2024-10-09,PHC_010,doctor,3,3,0
2024-10-09,PHC_010,nurse,4,3,1
2024-10-09,PHC_010,pharmacist,1,1,0
2024-10-09,PHC_011,doctor,2,2,0
2024-10-09,PHC_011,nurse,8,7,1
2024-10-09,PHC_011,pharmacist,2,1,1
2024-10-09,PHC_012,doctor,2,1,1
2024-10-09,PHC_012,nurse,3,3,0
2024-10-09,PHC_012,pharmacist,2,1,1
2024-10-09,PHC_013,doctor,3,2,1
2024-10-09,PHC_013,nurse,6,3,3
2024-10-09,PHC_013,pharmacist,1,1,0
2024-10-09,PHC_014,doctor,2,1,1
2024-10-09,PHC_014,nurse,5,5,0
2024-10-09,PHC_014,pharmacist,2,1,1
2024-10-09,PHC_015,doctor,2,1,1
2024-10-09,PHC_015,nurse,9,5,4
2024-10-09,PHC_015,pharmacist,3,3,0
2024-10-10,PHC_001,doctor,2,2,0
2024-10-10,PHC_001,nurse,6,5,1
2024-10-10,PHC_001,pharmacist,1,0,1
2024-10-10,PHC_002,doctor,2,2,0
2024-10-10,PHC_002,nurse,9,8,1
2024-10-10,PHC_002,pharmacist,3,1,2
2024-10-10,PHC_003,doctor,3,2,1
2024-10-10,PHC_003,nurse,9,7,2
2024-10-10,PHC_003,pharmacist,2,1,1
2024-10-10,PHC_004,doctor,2,2,0
2024-10-10,PHC_004,nurse,5,3,2
2024-10-10,PHC_004,pharmacist,1,1,0
2024-10-10,PHC_005,doctor,2,2,0
2024-10-10,PHC_005,nurse,3,3,0
2024-10-10,PHC_005,pharmacist,1,1,0
2024-10-10,PHC_006,doctor,1,1,0
2024-10-10,PHC_006,nurse,8,7,1
2024-10-10,PHC_006,pharmacist,1,0,1
2024-10-10,PHC_007,doctor,2,2,0
2024-10-10,PHC_007,nurse,5,4,1
2024-10-10,PHC_007,pharmacist,1,1,0
2024-10-10,PHC_008,doctor,1,1,0
2024-10-10,PHC_008,nurse,4,2,2
2024-10-10,PHC_009,doctor,2,1,1
2024-10-10,PHC_009,nurse,6,6,0
2024-10-10,PHC_009,pharmacist,3,2,1
2024-10-10,PHC_010,doctor,3,3,0
2024-10-10,PHC_010,nurse,4,4,0
2024-10-10,PHC_010,pharmacist,1,1,0
2024-10-10,PHC_011,doctor,2,2,0
2024-10-10,PHC_011,nurse,8,7,1
2024-10-10,PHC_011,pharmacist,2,2,0
2024-10-10,PHC_012,doctor,1,0,1
2024-10-10,PHC_012,nurse,2,2,0
2024-10-10,PHC_012,pharmacist,2,2,0
2024-10-10,PHC_013,doctor,3,3,0
2024-10-10,PHC_013,nurse,4,3,1
2024-10-10,PHC_013,pharmacist,1,1,0
2024-10-10,PHC_014,doctor,3,2,1
2024-10-10,PHC_014,nurse,5,4,1
2024-10-10,PHC_014,pharmacist,2,2,0
2024-10-10,PHC_015,doctor,2,1,1
2024-10-10,PHC_015,nurse,8,5,3
2024-10-10,PHC_015,pharmacist,2,2,0
2024-10-11,PHC_001,doctor,2,2,0
2024-10-11,PHC_001,nurse,4,1,3
2024-10-11,PHC_001,pharmacist,1,1,0
2024-10-11,PHC_002,doctor,2,2,0
2024-10-11,PHC_002,nurse,8,6,2
2024-10-11,PHC_002,pharmacist,3,3,0
2024-10-11,PHC_003,doctor,2,1,1
2024-10-11,PHC_003,nurse,8,4,4
2024-10-11,PHC_003,pharmacist,2,1,1
2024-10-11,PHC_004,doctor,2,2,0
2024-10-11,PHC_004,nurse,6,6,0
2024-10-11,PHC_004,pharmacist,1,1,0
2024-10-11,PHC_005,doctor,1,1,0
2024-10-11,PHC_005,nurse,4,4,0
2024-10-11,PHC_005,pharmacist,1,1,0
2024-10-11,PHC_006,doctor,2,2,0
2024-10-11,PHC_006,nurse,6,4,2
2024-10-11,PHC_006,pharmacist,2,2,0
2024-10-11,PHC_007,doctor,2,1,1
2024-10-11,PHC_007,nurse,4,3,1
2024-10-11,PHC_007,pharmacist,1,1,0
2024-10-11,PHC_008,doctor,2,2,0
2024-10-11,PHC_008,nurse,5,3,2
2024-10-11,PHC_008,pharmacist,1,1,0
2024-10-11,PHC_009,doctor,2,2,0
2024-10-11,PHC_009,nurse,8,8,0
2024-10-11,PHC_009,pharmacist,3,2,1
2024-10-11,PHC_010,doctor,3,3,0
2024-10-11,PHC_010,nurse,5,4,1
2024-10-11,PHC_010,pharmacist,1,1,0
2024-10-11,PHC_011,doctor,2,1,1
2024-10-11,PHC_011,nurse,8,5,3
2024-10-11,PHC_011,pharmacist,2,2,0
2024-10-11,PHC_012,doctor,2,1,1
2024-10-11,PHC_012,nurse,3,2,1
2024-10-11,PHC_012,pharmacist,2,1,1
2024-10-11,PHC_013,doctor,3,3,0
2024-10-11,PHC_013,nurse,5,5,0
2024-10-11,PHC_013,pharmacist,1,1,0
2024-10-11,PHC_014,doctor,3,3,0
2024-10-11,PHC_014,nurse,4,3,1
2024-10-11,PHC_014,pharmacist,1,1,0
2024-10-11,PHC_015,doctor,1,0,1
2024-10-11,PHC_015,nurse,8,5,3
2024-10-11,PHC_015,pharmacist,3,2,1
2024-10-12,PHC_001,doctor,3,2,1
2024-10-12,PHC_001,nurse,5,5,0
2024-10-12,PHC_001,pharmacist,1,1,0
2024-10-12,PHC_002,doctor,1,1,0
2024-10-12,PHC_002,nurse,8,6,2
2024-10-12,PHC_002,pharmacist,3,2,1
2024-10-12,PHC_003,doctor,2,2,0
2024-10-12,PHC_003,nurse,9,7,2
2024-10-12,PHC_003,pharmacist,2,2,0
2024-10-12,PHC_004,doctor,1,1,0
2024-10-12,PHC_004,nurse,4,2,2
2024-10-12,PHC_004,pharmacist,1,1,0
2024-10-12,PHC_005,doctor,2,2,0
2024-10-12,PHC_005,nurse,6,4,2
2024-10-12,PHC_005,pharmacist,1,1,0
2024-10-12,PHC_006,doctor,2,2,0
2024-10-12,PHC_006,nurse,8,6,2
2024-10-12,PHC_006,pharmacist,2,1,1
2024-10-12,PHC_007,doctor,2,0,2
2024-10-12,PHC_007,nurse,4,3,1
2024-10-12,PHC_007,pharmacist,1,0,1
2024-10-12,PHC_008,doctor,2,1,1
2024-10-12,PHC_008,nurse,4,4,0
2024-10-12,PHC_008,pharmacist,1,1,0
2024-10-12,PHC_009,doctor,2,1,1
2024-10-12,PHC_009,nurse,8,7,1
2024-10-12,PHC_009,pharmacist,3,2,1
2024-10-12,PHC_010,doctor,3,3,0
2024-10-12,PHC_010,nurse,4,4,0
2024-10-12,PHC_011,doctor,3,3,0
2024-10-12,PHC_011,nurse,7,6,1
2024-10-12,PHC_011,pharmacist,2,2,0
2024-10-12,PHC_012,doctor,1,1,0
2024-10-12,PHC_012,nurse,2,0,2
2024-10-12,PHC_012,pharmacist,2,0,2
2024-10-12,PHC_013,doctor,1,1,0
2024-10-12,PHC_013,nurse,5,5,0
2024-10-12,PHC_013,pharmacist,1,1,0
2024-10-12,PHC_014,doctor,3,3,0
2024-10-12,PHC_014,nurse,4,3,1
2024-10-12,PHC_014,pharmacist,2,2,0
2024-10-12,PHC_015,doctor,2,2,0
2024-10-12,PHC_015,nurse,8,6,2
2024-10-12,PHC_015,pharmacist,3,1,2
2024-10-13,PHC_001,doctor,3,2,1
2024-10-13,PHC_001,nurse,6,2,4
2024-10-13,PHC_001,pharmacist,1,0,1
2024-10-13,PHC_002,doctor,1,1,0
2024-10-13,PHC_002,nurse,5,5,0
2024-10-13,PHC_002,pharmacist,1,1,0
2024-10-13,PHC_003,doctor,2,2,0
2024-10-13,PHC_003,nurse,7,4,3
2024-10-13,PHC_003,pharmacist,2,2,0
2024-10-13,PHC_004,doctor,1,1,0
2024-10-13,PHC_004,nurse,6,6,0
2024-10-13,PHC_004,pharmacist,1,0,1
2024-10-13,PHC_005,doctor,2,2,0
2024-10-13,PHC_005,nurse,5,4,1
2024-10-13,PHC_006,doctor,2,0,2
2024-10-13,PHC_006,nurse,7,5,2
2024-10-13,PHC_006,pharmacist,2,1,1
2024-10-13,PHC_007,doctor,2,1,1
2024-10-13,PHC_007,nurse,3,2,1
2024-10-13,PHC_008,doctor,1,1,0
2024-10-13,PHC_008,nurse,5,3,2
2024-10-13,PHC_008,pharmacist,1,1,0
2024-10-13,PHC_009,doctor,2,2,0
2024-10-13,PHC_009,nurse,7,4,3
2024-10-13,PHC_009,pharmacist,3,2,1
2024-10-13,PHC_010,doctor,3,3,0
2024-10-13,PHC_010,nurse,4,3,1
2024-10-13,PHC_010,pharmacist,1,1,0
2024-10-13,PHC_011,doctor,1,1,0
2024-10-13,PHC_011,nurse,7,6,1
2024-10-13,PHC_011,pharmacist,2,2,0
2024-10-13,PHC_012,doctor,2,2,0
2024-10-13,PHC_012,nurse,2,1,1
2024-10-13,PHC_012,pharmacist,2,1,1
2024-10-13,PHC_013,doctor,3,3,0
2024-10-13,PHC_013,nurse,4,4,0
2024-10-13,PHC_013,pharmacist,1,1,0
2024-10-13,PHC_014,doctor,3,2,1
2024-10-13,PHC_014,nurse,5,5,0
2024-10-13,PHC_014,pharmacist,2,1,1
2024-10-13,PHC_015,doctor,2,2,0
2024-10-13,PHC_015,nurse,8,4,4
2024-10-13,PHC_015,pharmacist,1,1,0
2024-10-14,PHC_001,doctor,3,2,1
2024-10-14,PHC_001,nurse,7,6,1
2024-10-14,PHC_001,pharmacist,1,1,0
2024-10-14,PHC_002,doctor,2,2,0
2024-10-14,PHC_002,nurse,9,8,1
2024-10-14,PHC_002,pharmacist,3,3,0
2024-10-14,PHC_003,doctor,2,2,0
2024-10-14,PHC_003,nurse,8,7,1
2024-10-14,PHC_003,pharmacist,2,2,0
2024-10-14,PHC_004,doctor,2,1,1
2024-10-14,PHC_004,nurse,2,1,1
2024-10-14,PHC_004,pharmacist,1,1,0
2024-10-14,PHC_005,doctor,2,2,0
2024-10-14,PHC_005,nurse,6,5,1
2024-10-14,PHC_005,pharmacist,1,1,0
2024-10-14,PHC_006,doctor,3,2,1
2024-10-14,PHC_006,nurse,6,4,2
2024-10-14,PHC_006,pharmacist,2,0,2
2024-10-14,PHC_007,doctor,1,1,0
2024-10-14,PHC_007,nurse,3,3,0
2024-10-14,PHC_007,pharmacist,1,0,1
2024-10-14,PHC_008,doctor,2,2,0
2024-10-14,PHC_008,nurse,3,3,0
2024-10-14,PHC_009,doctor,1,1,0
2024-10-14,PHC_009,nurse,8,7,1
2024-10-14,PHC_009,pharmacist,3,3,0
2024-10-14,PHC_010,doctor,3,1,2
2024-10-14,PHC_010,nurse,4,4,0
2024-10-14,PHC_010,pharmacist,1,1,0
2024-10-14,PHC_011,doctor,3,1,2
2024-10-14,PHC_011,nurse,7,7,0
2024-10-14,PHC_011,pharmacist,1,1,0
2024-10-14,PHC_012,doctor,1,1,0
2024-10-14,PHC_012,nurse,3,3,0
2024-10-14,PHC_012,pharmacist,2,1,1
2024-10-14,PHC_013,doctor,3,3,0
2024-10-14,PHC_013,nurse,4,3,1
2024-10-14,PHC_013,pharmacist,1,1,0
2024-10-14,PHC_014,doctor,2,2,0
2024-10-14,PHC_014,nurse,4,4,0
2024-10-14,PHC_014,pharmacist,1,1,0
2024-10-14,PHC_015,doctor,2,2,0
2024-10-14,PHC_015,nurse,8,6,2
2024-10-14,PHC_015,pharmacist,3,2,1
2024-10-15,PHC_001,doctor,3,2,1
2024-10-15,PHC_001,nurse,6,3,3
2024-10-15,PHC_002,doctor,1,1,0
2024-10-15,PHC_002,nurse,9,7,2
2024-10-15,PHC_002,pharmacist,2,1,1
2024-10-15,PHC_003,doctor,3,2,1
2024-10-15,PHC_003,nurse,9,7,2
2024-10-15,PHC_003,pharmacist,2,1,1
2024-10-15,PHC_004,doctor,2,2,0
2024-10-15,PHC_004,nurse,6,4,2
2024-10-15,PHC_004,pharmacist,1,1,0
2024-10-15,PHC_005,doctor,2,2,0
2024-10-15,PHC_005,nurse,5,3,2
2024-10-15,PHC_005,pharmacist,1,0,1
2024-10-15,PHC_006,doctor,2,2,0
2024-10-15,PHC_006,nurse,9,9,0
2024-10-15,PHC_006,pharmacist,1,0,1
2024-10-15,PHC_007,doctor,2,1,1
2024-10-15,PHC_007,nurse,5,2,3
2024-10-15,PHC_007,pharmacist,1,1,0
2024-10-15,PHC_008,doctor,2,2,0
2024-10-15,PHC_008,nurse,4,3,1
2024-10-15,PHC_008,pharmacist,1,1,0
2024-10-15,PHC_009,doctor,2,2,0
2024-10-15,PHC_009,nurse,6,5,1
2024-10-15,PHC_009,pharmacist,1,1,0
2024-10-15,PHC_010,doctor,3,2,1
2024-10-15,PHC_010,nurse,4,3,1
2024-10-15,PHC_010,pharmacist,1,1,0
2024-10-15,PHC_011,doctor,3,2,1
2024-10-15,PHC_011,nurse,7,4,3
2024-10-15,PHC_011,pharmacist,1,1,0
2024-10-15,PHC_012,doctor,2,1,1
2024-10-15,PHC_012,nurse,3,2,1
2024-10-15,PHC_012,pharmacist,1,1,0
2024-10-15,PHC_013,doctor,3,3,0
2024-10-15,PHC_013,nurse,5,4,1
2024-10-15,PHC_013,pharmacist,1,0,1
2024-10-15,PHC_014,doctor,3,3,0
2024-10-15,PHC_014,nurse,4,4,0
2024-10-15,PHC_014,pharmacist,1,1,0
2024-10-15,PHC_015,doctor,2,2,0
2024-10-15,PHC_015,nurse,6,5,1
2024-10-15,PHC_015,pharmacist,3,2,1
2024-10-16,PHC_001,doctor,2,1,1
2024-10-16,PHC_001,nurse,6,6,0
2024-10-16,PHC_001,pharmacist,1,1,0
2024-10-16,PHC_002,doctor,1,1,0
2024-10-16,PHC_002,nurse,8,6,2
2024-10-16,PHC_002,pharmacist,2,1,1
2024-10-16,PHC_003,doctor,3,3,0
2024-10-16,PHC_003,nurse,8,7,1
2024-10-16,PHC_003,pharmacist,2,0,2
2024-10-16,PHC_004,doctor,2,2,0
2024-10-16,PHC_004,nurse,5,4,1
2024-10-16,PHC_004,pharmacist,1,1,0
2024-10-16,PHC_005,doctor,1,1,0
2024-10-16,PHC_005,nurse,6,6,0
2024-10-16,PHC_006,doctor,2,1,1
2024-10-16,PHC_006,nurse,7,6,1
2024-10-16,PHC_006,pharmacist,2,1,1
2024-10-16,PHC_007,doctor,2,2,0
2024-10-16,PHC_007,nurse,5,3,2
2024-10-16,PHC_007,pharmacist,1,1,0
2024-10-16,PHC_008,doctor,2,2,0
2024-10-16,PHC_008,nurse,3,3,0
2024-10-16,PHC_008,pharmacist,1,1,0
2024-10-16,PHC_009,doctor,2,2,0
2024-10-16,PHC_009,nurse,6,6,0
2024-10-16,PHC_009,pharmacist,3,3,0
2024-10-16,PHC_010,doctor,2,2,0
2024-10-16,PHC_010,nurse,4,4,0
2024-10-16,PHC_010,pharmacist,1,1,0
2024-10-16,PHC_011,doctor,3,2,1
2024-10-16,PHC_011,nurse,6,5,1
2024-10-16,PHC_011,pharmacist,2,2,0
2024-10-16,PHC_012,doctor,2,1,1
2024-10-16,PHC_012,nurse,3,3,0
2024-10-16,PHC_012,pharmacist,1,1,0
2024-10-16,PHC_013,doctor,2,2,0
2024-10-16,PHC_013,nurse,4,2,2
2024-10-16,PHC_013,pharmacist,1,1,0
2024-10-16,PHC_014,doctor,3,2,1
2024-10-16,PHC_014,nurse,5,5,0
2024-10-16,PHC_014,pharmacist,2,2,0
2024-10-16,PHC_015,doctor,2,2,0
2024-10-16,PHC_015,nurse,7,6,1
2024-10-16,PHC_015,pharmacist,3,3,0
2024-10-17,PHC_001,doctor,3,3,0
2024-10-17,PHC_001,nurse,5,5,0
2024-10-17,PHC_001,pharmacist,1,1,0
2024-10-17,PHC_002,doctor,2,2,0
2024-10-17,PHC_002,nurse,7,4,3
2024-10-17,PHC_002,pharmacist,3,2,1
2024-10-17,PHC_003,doctor,3,3,0
2024-10-17,PHC_003,nurse,9,9,0
2024-10-17,PHC_003,pharmacist,2,2,0
2024-10-17,PHC_004,doctor,1,1,0
2024-10-17,PHC_004,nurse,6,5,1
2024-10-17,PHC_004,pharmacist,1,1,0
2024-10-17,PHC_005,doctor,2,2,0
2024-10-17,PHC_005,nurse,5,5,0
2024-10-17,PHC_005,pharmacist,1,1,0
2024-10-17,PHC_006,doctor,3,3,0
2024-10-17,PHC_006,nurse,8,7,1
2024-10-17,PHC_006,pharmacist,2,1,1
2024-10-17,PHC_007,doctor,2,2,0
2024-10-17,PHC_007,nurse,4,2,2
2024-10-17,PHC_007,pharmacist,1,1,0
2024-10-17,PHC_008,doctor,2,1,1
2024-10-17,PHC_008,nurse,5,3,2
2024-10-17,PHC_008,pharmacist,1,1,0
2024-10-17,PHC_009,doctor,1,1,0
2024-10-17,PHC_009,nurse,7,6,1
2024-10-17,PHC_009,pharmacist,2,1,1
2024-10-17,PHC_010,doctor,3,2,1
2024-10-17,PHC_010,nurse,5,5,0
2024-10-17,PHC_010,pharmacist,1,1,0
2024-10-17,PHC_011,doctor,3,2,1
2024-10-17,PHC_011,nurse,7,5,2
2024-10-17,PHC_011,pharmacist,1,0,1
2024-10-17,PHC_012,doctor,2,1,1
2024-10-17,PHC_012,nurse,2,1,1
2024-10-17,PHC_013,doctor,3,2,1
2024-10-17,PHC_013,nurse,5,5,0
2024-10-17,PHC_013,pharmacist,1,1,0
2024-10-17,PHC_014,doctor,3,2,1
2024-10-17,PHC_014,nurse,4,3,1
2024-10-17,PHC_014,pharmacist,2,2,0
2024-10-17,PHC_015,doctor,1,1,0
2024-10-17,PHC_015,nurse,9,8,1
2024-10-17,PHC_015,pharmacist,3,3,0
2024-10-18,PHC_001,doctor,2,2,0
2024-10-18,PHC_001,nurse,6,5,1
2024-10-18,PHC_001,pharmacist,1,0,1
2024-10-18,PHC_002,doctor,1,1,0
2024-10-18,PHC_002,nurse,7,5,2
2024-10-18,PHC_002,pharmacist,2,1,1
2024-10-18,PHC_003,doctor,2,2,0
2024-10-18,PHC_003,nurse,7,6,1
2024-10-18,PHC_003,pharmacist,2,2,0
2024-10-18,PHC_004,doctor,1,1,0
2024-10-18,PHC_004,nurse,4,3,1
2024-10-18,PHC_004,pharmacist,1,1,0
2024-10-18,PHC_005,doctor,1,1,0
2024-10-18,PHC_005,nurse,5,4,1
2024-10-18,PHC_006,doctor,3,3,0
2024-10-18,PHC_006,nurse,7,5,2
2024-10-18,PHC_006,pharmacist,2,2,0
2024-10-18,PHC_007,doctor,2,2,0
2024-10-18,PHC_007,nurse,5,4,1
2024-10-18,PHC_007,pharmacist,1,1,0
2024-10-18,PHC_008,doctor,2,2,0
2024-10-18,PHC_008,nurse,3,3,0
2024-10-18,PHC_008,pharmacist,1,1,0
2024-10-18,PHC_009,doctor,2,2,0
2024-10-18,PHC_009,nurse,8,7,1
2024-10-18,PHC_009,pharmacist,3,2,1
2024-10-18,PHC_010,doctor,3,3,0
2024-10-18,PHC_010,nurse,4,3,1
2024-10-18,PHC_010,pharmacist,1,0,1
2024-10-18,PHC_011,doctor,2,2,0
2024-10-18,PHC_011,nurse,8,6,2
2024-10-18,PHC_011,pharmacist,2,2,0
2024-10-18,PHC_012,doctor,1,1,0
2024-10-18,PHC_012,nurse,4,3,1
2024-10-18,PHC_012,pharmacist,2,2,0
2024-10-18,PHC_013,doctor,3,3,0
2024-10-18,PHC_013,nurse,5,4,1
2024-10-18,PHC_013,pharmacist,1,1,0
2024-10-18,PHC_014,doctor,2,2,0
2024-10-18,PHC_014,nurse,3,3,0
2024-10-18,PHC_014,pharmacist,1,1,0
2024-10-18,PHC_015,doctor,2,2,0
2024-10-18,PHC_015,nurse,6,5,1
2024-10-18,PHC_015,pharmacist,3,2,1
2024-10-19,PHC_001,doctor,2,1,1
2024-10-19,PHC_001,nurse,6,3,3
2024-10-19,PHC_001,pharmacist,1,1,0
2024-10-19,PHC_002,doctor,2,2,0
2024-10-19,PHC_002,nurse,8,6,2
2024-10-19,PHC_002,pharmacist,3,1,2
2024-10-19,PHC_003,doctor,1,1,0
2024-10-19,PHC_003,nurse,7,5,2
2024-10-19,PHC_004,doctor,2,2,0
2024-10-19,PHC_004,nurse,6,5,1
2024-10-19,PHC_004,pharmacist,1,1,0
2024-10-19,PHC_005,doctor,2,1,1
2024-10-19,PHC_005,nurse,3,2,1
2024-10-19,PHC_006,doctor,3,3,0
2024-10-19,PHC_006,nurse,9,5,4
2024-10-19,PHC_006,pharmacist,2,1,1
2024-10-19,PHC_007,doctor,1,1,0
2024-10-19,PHC_007,nurse,4,2,2
2024-10-19,PHC_007,pharmacist,1,1,0
2024-10-19,PHC_008,doctor,2,2,0
2024-10-19,PHC_008,nurse,3,2,1
2024-10-19,PHC_008,pharmacist,1,1,0
2024-10-19,PHC_009,doctor,2,2,0
2024-10-19,PHC_009,nurse,7,5,2
2024-10-19,PHC_009,pharmacist,2,2,0
2024-10-19,PHC_010,doctor,2,0,2
2024-10-19,PHC_010,nurse,3,3,0
2024-10-19,PHC_010,pharmacist,1,1,0
2024-10-19,PHC_011,doctor,3,2,1
2024-10-19,PHC_011,nurse,6,5,1
2024-10-19,PHC_011,pharmacist,2,1,1
2024-10-19,PHC_012,doctor,2,2,0
2024-10-19,PHC_012,nurse,4,4,0
2024-10-19,PHC_012,pharmacist,2,1,1
2024-10-19,PHC_013,doctor,2,2,0
2024-10-19,PHC_013,nurse,4,3,1
2024-10-19,PHC_013,pharmacist,1,1,0
2024-10-19,PHC_014,doctor,3,3,0
2024-10-19,PHC_014,nurse,2,2,0
2024-10-19,PHC_014,pharmacist,1,1,0
2024-10-19,PHC_015,doctor,2,2,0
2024-10-19,PHC_015,nurse,7,5,2
2024-10-19,PHC_015,pharmacist,3,3,0
2024-10-20,PHC_001,doctor,3,2,1
2024-10-20,PHC_001,nurse,7,2,5
2024-10-20,PHC_001,pharmacist,1,1,0
2024-10-20,PHC_002,doctor,1,1,0
2024-10-20,PHC_002,nurse,9,8,1
2024-10-20,PHC_002,pharmacist,2,2,0
2024-10-20,PHC_003,doctor,3,3,0
2024-10-20,PHC_003,nurse,8,6,2
2024-10-20,PHC_003,pharmacist,2,1,1
2024-10-20,PHC_004,doctor,2,2,0
2024-10-20,PHC_004,nurse,5,3,2
2024-10-20,PHC_004,pharmacist,1,1,0
2024-10-20,PHC_005,doctor,2,2,0
2024-10-20,PHC_005,nurse,4,2,2
2024-10-20,PHC_005,pharmacist,1,1,0
2024-10-20,PHC_006,doctor,2,2,0
2024-10-20,PHC_006,nurse,7,2,5
2024-10-20,PHC_006,pharmacist,1,1,0
2024-10-20,PHC_007,doctor,2,2,0
2024-10-20,PHC_007,nurse,5,4,1
2024-10-20,PHC_008,doctor,2,1,1
2024-10-20,PHC_008,nurse,5,2,3
2024-10-20,PHC_008,pharmacist,1,1,0
2024-10-20,PHC_009,doctor,2,1,1
2024-10-20,PHC_009,nurse,6,4,2
2024-10-20,PHC_009,pharmacist,2,1,1
2024-10-20,PHC_010,doctor,2,1,1
2024-10-20,PHC_010,nurse,3,3,0
2024-10-20,PHC_010,pharmacist,1,1,0
2024-10-20,PHC_011,doctor,3,3,0
2024-10-20,PHC_011,nurse,7,6,1
2024-10-20,PHC_011,pharmacist,1,1,0
2024-10-20,PHC_012,doctor,2,1,1
2024-10-20,PHC_012,nurse,4,3,1
2024-10-20,PHC_012,pharmacist,2,1,1
2024-10-20,PHC_013,doctor,3,2,1
2024-10-20,PHC_013,nurse,6,5,1
2024-10-20,PHC_013,pharmacist,1,1,0
2024-10-20,PHC_014,doctor,2,2,0
2024-10-20,PHC_014,nurse,4,3,1
2024-10-20,PHC_014,pharmacist,2,2,0
2024-10-20,PHC_015,doctor,1,1,0
2024-10-20,PHC_015,nurse,9,7,2
2024-10-20,PHC_015,pharmacist,2,2,0
2024-10-21,PHC_001,doctor,3,3,0
2024-10-21,PHC_001,nurse,7,6,1
2024-10-21,PHC_001,pharmacist,1,1,0
2024-10-21,PHC_002,doctor,2,1,1
2024-10-21,PHC_002,nurse,5,5,0
2024-10-21,PHC_002,pharmacist,3,3,0
2024-10-21,PHC_003,doctor,3,3,0
2024-10-21,PHC_003,nurse,8,7,1
2024-10-21,PHC_003,pharmacist,2,2,0
2024-10-21,PHC_004,doctor,2,2,0
2024-10-21,PHC_004,nurse,6,3,3
2024-10-21,PHC_004,pharmacist,1,1,0
2024-10-21,PHC_005,doctor,2,2,0
2024-10-21,PHC_005,nurse,6,5,1
2024-10-21,PHC_005,pharmacist,1,1,0
2024-10-21,PHC_006,doctor,3,2,1
2024-10-21,PHC_006,nurse,6,6,0
2024-10-21,PHC_007,doctor,1,1,0
2024-10-21,PHC_007,nurse,5,4,1
2024-10-21,PHC_008,doctor,1,1,0
2024-10-21,PHC_008,nurse,5,3,2
2024-10-21,PHC_009,doctor,2,2,0
2024-10-21,PHC_009,nurse,7,6,1
2024-10-21,PHC_009,pharmacist,3,2,1
2024-10-21,PHC_010,doctor,3,2,1
2024-10-21,PHC_010,nurse,4,4,0
2024-10-21,PHC_010,pharmacist,1,1,0
2024-10-21,PHC_011,doctor,3,3,0
2024-10-21,PHC_011,nurse,8,8,0
2024-10-21,PHC_011,pharmacist,2,2,0
2024-10-21,PHC_012,doctor,2,2,0
2024-10-21,PHC_012,nurse,3,2,1
2024-10-21,PHC_012,pharmacist,2,2,0
2024-10-21,PHC_013,doctor,3,3,0
2024-10-21,PHC_013,nurse,5,3,2
2024-10-21,PHC_013,pharmacist,1,1,0
2024-10-21,PHC_014,doctor,3,1,2
2024-10-21,PHC_014,nurse,4,4,0
2024-10-21,PHC_014,pharmacist,2,2,0
2024-10-21,PHC_015,nurse,9,7,2
2024-10-21,PHC_015,pharmacist,3,1,2
2024-10-22,PHC_001,doctor,3,3,0
2024-10-22,PHC_001,nurse,6,4,2
2024-10-22,PHC_001,pharmacist,1,0,1
2024-10-22,PHC_002,doctor,2,2,0
2024-10-22,PHC_002,nurse,8,6,2
2024-10-22,PHC_002,pharmacist,2,1,1
2024-10-22,PHC_003,doctor,3,2,1
2024-10-22,PHC_003,nurse,9,8,1
2024-10-22,PHC_003,pharmacist,2,1,1
2024-10-22,PHC_004,doctor,2,2,0
2024-10-22,PHC_004,nurse,4,2,2
2024-10-22,PHC_004,pharmacist,1,1,0
2024-10-22,PHC_005,doctor,2,1,1
2024-10-22,PHC_005,nurse,5,4,1
2024-10-22,PHC_005,pharmacist,1,1,0
2024-10-22,PHC_006,doctor,3,3,0
2024-10-22,PHC_006,nurse,8,6,2
2024-10-22,PHC_006,pharmacist,2,2,0
2024-10-22,PHC_007,doctor,2,2,0
2024-10-22,PHC_007,nurse,4,2,2
2024-10-22,PHC_007,pharmacist,1,1,0
2024-10-22,PHC_008,doctor,2,2,0
2024-10-22,PHC_008,nurse,5,4,1
2024-10-22,PHC_008,pharmacist,1,1,0
2024-10-22,PHC_009,doctor,1,1,0
2024-10-22,PHC_009,nurse,8,8,0
2024-10-22,PHC_009,pharmacist,3,3,0
2024-10-22,PHC_010,doctor,3,1,2
2024-10-22,PHC_010,nurse,5,4,1
2024-10-22,PHC_010,pharmacist,1,1,0
2024-10-22,PHC_011,doctor,2,2,0
2024-10-22,PHC_011,nurse,8,6,2
2024-10-22,PHC_011,pharmacist,1,1,0
2024-10-22,PHC_012,doctor,2,1,1
2024-10-22,PHC_012,nurse,4,4,0
2024-10-22,PHC_012,pharmacist,2,2,0
2024-10-22,PHC_013,doctor,2,1,1
2024-10-22,PHC_013,nurse,3,3,0
2024-10-22,PHC_013,pharmacist,1,1,0
2024-10-22,PHC_014,doctor,3,3,0
2024-10-22,PHC_014,nurse,5,4,1
2024-10-22,PHC_014,pharmacist,2,2,0
2024-10-22,PHC_015,doctor,2,2,0
2024-10-22,PHC_015,nurse,7,6,1
2024-10-22,PHC_015,pharmacist,3,1,2
2024-10-23,PHC_001,doctor,2,2,0
2024-10-23,PHC_001,nurse,6,5,1
2024-10-23,PHC_001,pharmacist,1,1,0
2024-10-23,PHC_002,doctor,2,2,0
2024-10-23,PHC_002,nurse,8,7,1
2024-10-23,PHC_002,pharmacist,1,1,0
2024-10-23,PHC_003,doctor,3,2,1
2024-10-23,PHC_003,nurse,5,4,1
2024-10-23,PHC_003,pharmacist,2,1,1
2024-10-23,PHC_004,doctor,2,2,0
2024-10-23,PHC_004,nurse,6,5,1
2024-10-23,PHC_004,pharmacist,1,1,0
2024-10-23,PHC_005,doctor,1,1,0
2024-10-23,PHC_005,nurse,6,5,1
2024-10-23,PHC_005,pharmacist,1,1,0
2024-10-23,PHC_006,doctor,3,3,0
2024-10-23,PHC_006,nurse,8,8,0
2024-10-23,PHC_006,pharmacist,2,2,0
2024-10-23,PHC_007,doctor,1,0,1
2024-10-23,PHC_007,nurse,4,3,1
2024-10-23,PHC_007,pharmacist,1,0,1
2024-10-23,PHC_008,doctor,2,2,0
2024-10-23,PHC_008,nurse,5,2,3
2024-10-23,PHC_008,pharmacist,1,1,0
2024-10-23,PHC_009,doctor,2,1,1
2024-10-23,PHC_009,nurse,8,8,0
2024-10-23,PHC_009,pharmacist,2,2,0
2024-10-23,PHC_010,doctor,3,2,1
2024-10-23,PHC_010,nurse,5,5,0
2024-10-23,PHC_011,doctor,2,0,2
2024-10-23,PHC_011,nurse,8,5,3
2024-10-23,PHC_011,pharmacist,2,1,1
2024-10-23,PHC_012,doctor,2,1,1
2024-10-23,PHC_012,nurse,2,2,0
2024-10-23,PHC_012,pharmacist,2,1,1
2024-10-23,PHC_013,doctor,2,2,0
2024-10-23,PHC_013,nurse,6,6,0
2024-10-23,PHC_014,doctor,3,3,0
2024-10-23,PHC_014,nurse,4,4,0
2024-10-23,PHC_014,pharmacist,2,2,0
2024-10-23,PHC_015,doctor,2,1,1
2024-10-23,PHC_015,nurse,7,7,0
2024-10-23,PHC_015,pharmacist,2,1,1
2024-10-24,PHC_001,doctor,1,1,0
2024-10-24,PHC_001,nurse,6,4,2
2024-10-24,PHC_001,pharmacist,1,1,0
2024-10-24,PHC_002,doctor,1,1,0
2024-10-24,PHC_002,nurse,8,7,1
2024-10-24,PHC_002,pharmacist,3,2,1
2024-10-24,PHC_003,doctor,2,1,1
2024-10-24,PHC_003,nurse,8,7,1
2024-10-24,PHC_003,pharmacist,2,2,0
2024-10-24,PHC_004,doctor,2,2,0
2024-10-24,PHC_004,nurse,5,4,1
2024-10-24,PHC_004,pharmacist,1,0,1
2024-10-24,PHC_005,doctor,1,1,0
2024-10-24,PHC_005,nurse,5,5,0
2024-10-24,PHC_005,pharmacist,1,1,0
2024-10-24,PHC_006,doctor,3,3,0
2024-10-24,PHC_006,nurse,10,8,2
2024-10-24,PHC_006,pharmacist,2,1,1
2024-10-24,PHC_007,nurse,5,4,1
2024-10-24,PHC_007,pharmacist,1,0,1
2024-10-24,PHC_008,doctor,2,1,1
2024-10-24,PHC_008,nurse,4,2,2
2024-10-24,PHC_008,pharmacist,1,1,0
2024-10-24,PHC_009,doctor,1,1,0
2024-10-24,PHC_009,nurse,6,6,0
2024-10-24,PHC_009,pharmacist,3,2,1
2024-10-24,PHC_010,doctor,2,2,0
2024-10-24,PHC_010,nurse,5,5,0
2024-10-24,PHC_010,pharmacist,1,0,1
2024-10-24,PHC_011,doctor,3,2,1
2024-10-24,PHC_011,nurse,8,6,2
2024-10-24,PHC_011,pharmacist,2,2,0
2024-10-24,PHC_012,doctor,2,2,0
2024-10-24,PHC_012,nurse,4,3,1
2024-10-24,PHC_012,pharmacist,2,2,0
2024-10-24,PHC_013,doctor,3,2,1
2024-10-24,PHC_013,nurse,4,3,1
2024-10-24,PHC_013,pharmacist,1,1,0
2024-10-24,PHC_014,doctor,3,3,0
2024-10-24,PHC_014,nurse,4,4,0
2024-10-24,PHC_014,pharmacist,2,2,0
2024-10-24,PHC_015,doctor,2,2,0
2024-10-24,PHC_015,nurse,9,7,2
2024-10-24,PHC_015,pharmacist,2,1,1
2024-10-25,PHC_001,doctor,1,1,0
2024-10-25,PHC_001,nurse,5,4,1
2024-10-25,PHC_001,pharmacist,1,0,1
2024-10-25,PHC_002,doctor,2,2,0
2024-10-25,PHC_002,nurse,8,8,0
2024-10-25,PHC_002,pharmacist,3,2,1
2024-10-25,PHC_003,doctor,2,2,0
2024-10-25,PHC_003,nurse,8,6,2
2024-10-25,PHC_003,pharmacist,2,2,0
2024-10-25,PHC_004,doctor,1,1,0
2024-10-25,PHC_004,nurse,4,3,1
2024-10-25,PHC_004,pharmacist,1,1,0
2024-10-25,PHC_005,doctor,2,2,0
2024-10-25,PHC_005,nurse,4,2,2
2024-10-25,PHC_005,pharmacist,1,1,0
2024-10-25,PHC_006,doctor,3,3,0
2024-10-25,PHC_006,nurse,9,6,3
2024-10-25,PHC_006,pharmacist,2,1,1
2024-10-25,PHC_007,doctor,1,1,0
2024-10-25,PHC_007,nurse,5,4,1
2024-10-25,PHC_007,pharmacist,1,1,0
2024-10-25,PHC_008,doctor,1,1,0
2024-10-25,PHC_008,nurse,5,4,1
2024-10-25,PHC_008,pharmacist,1,1,0
2024-10-25,PHC_009,doctor,2,1,1
2024-10-25,PHC_009,nurse,8,7,1
2024-10-25,PHC_009,pharmacist,3,1,2
2024-10-25,PHC_010,doctor,3,2,1
2024-10-25,PHC_010,nurse,4,3,1
2024-10-25,PHC_010,pharmacist,1,1,0
2024-10-25,PHC_011,doctor,2,2,0
2024-10-25,PHC_011,nurse,7,4,3
2024-10-25,PHC_011,pharmacist,2,2,0
2024-10-25,PHC_012,doctor,2,1,1
2024-10-25,PHC_012,nurse,3,2,1
2024-10-25,PHC_012,pharmacist,1,1,0
2024-10-25,PHC_013,doctor,2,2,0
2024-10-25,PHC_013,nurse,5,5,0
2024-10-25,PHC_013,pharmacist,1,0,1
2024-10-25,PHC_014,doctor,3,3,0
2024-10-25,PHC_014,nurse,5,4,1
2024-10-25,PHC_014,pharmacist,2,2,0
2024-10-25,PHC_015,doctor,2,2,0
2024-10-25,PHC_015,nurse,9,7,2
2024-10-25,PHC_015,pharmacist,2,1,1
2024-10-26,PHC_001,doctor,2,1,1
2024-10-26,PHC_001,nurse,4,3,1
2024-10-26,PHC_001,pharmacist,1,1,0
2024-10-26,PHC_002,doctor,1,1,0
2024-10-26,PHC_002,nurse,8,5,3
2024-10-26,PHC_002,pharmacist,3,3,0
2024-10-26,PHC_003,doctor,3,2,1
2024-10-26,PHC_003,nurse,7,3,4
2024-10-26,PHC_003,pharmacist,2,2,0
2024-10-26,PHC_004,doctor,1,1,0
2024-10-26,PHC_004,nurse,4,1,3
2024-10-26,PHC_004,pharmacist,1,1,0
2024-10-26,PHC_005,doctor,2,2,0
2024-10-26,PHC_005,nurse,6,6,0
2024-10-26,PHC_005,pharmacist,1,1,0
2024-10-26,PHC_006,doctor,3,3,0
2024-10-26,PHC_006,nurse,5,5,0
2024-10-26,PHC_006,pharmacist,2,2,0
2024-10-26,PHC_007,doctor,2,1,1
2024-10-26,PHC_007,nurse,3,2,1
2024-10-26,PHC_008,doctor,2,2,0
2024-10-26,PHC_008,nurse,5,5,0
2024-10-26,PHC_008,pharmacist,1,1,0
2024-10-26,PHC_009,doctor,2,2,0
2024-10-26,PHC_009,nurse,6,4,2
2024-10-26,PHC_009,pharmacist,2,0,2
2024-10-26,PHC_010,doctor,3,3,0
2024-10-26,PHC_010,nurse,2,1,1
2024-10-26,PHC_010,pharmacist,1,1,0
2024-10-26,PHC_011,doctor,3,2,1
2024-10-26,PHC_011,nurse,7,5,2
2024-10-26,PHC_011,pharmacist,2,2,0
2024-10-26,PHC_012,doctor,2,2,0
2024-10-26,PHC_012,nurse,3,2,1
2024-10-26,PHC_012,pharmacist,2,2,0
2024-10-26,PHC_013,doctor,3,3,0
2024-10-26,PHC_013,nurse,5,4,1
2024-10-26,PHC_013,pharmacist,1,1,0
2024-10-26,PHC_014,doctor,3,2,1
2024-10-26,PHC_014,nurse,4,4,0
2024-10-26,PHC_014,pharmacist,2,2,0
2024-10-26,PHC_015,doctor,1,1,0
2024-10-26,PHC_015,nurse,7,6,1
2024-10-26,PHC_015,pharmacist,3,2,1
2024-10-27,PHC_001,doctor,2,2,0
2024-10-27,PHC_001,nurse,7,6,1
2024-10-27,PHC_001,pharmacist,1,1,0
2024-10-27,PHC_002,doctor,2,2,0
2024-10-27,PHC_002,nurse,8,5,3
2024-10-27,PHC_002,pharmacist,2,2,0
2024-10-27,PHC_003,doctor,3,2,1
2024-10-27,PHC_003,nurse,6,5,1
2024-10-27,PHC_003,pharmacist,2,2,0
2024-10-27,PHC_004,doctor,2,2,0
2024-10-27,PHC_004,nurse,5,4,1
2024-10-27,PHC_004,pharmacist,1,1,0
2024-10-27,PHC_005,doctor,1,1,0
2024-10-27,PHC_005,nurse,4,3,1
2024-10-27,PHC_005,pharmacist,1,0,1
2024-10-27,PHC_006,doctor,3,2,1
2024-10-27,PHC_006,nurse,9,8,1
2024-10-27,PHC_006,pharmacist,2,1,1
2024-10-27,PHC_007,doctor,2,2,0
2024-10-27,PHC_007,nurse,4,3,1
2024-10-27,PHC_007,pharmacist,1,1,0
2024-10-27,PHC_008,nurse,5,5,0
2024-10-27,PHC_008,pharmacist,1,1,0
2024-10-27,PHC_009,doctor,2,2,0
2024-10-27,PHC_009,nurse,5,5,0
2024-10-27,PHC_009,pharmacist,2,2,0
2024-10-27,PHC_010,doctor,3,3,0
2024-10-27,PHC_010,nurse,4,3,1
2024-10-27,PHC_010,pharmacist,1,1,0
2024-10-27,PHC_011,doctor,2,2,0
2024-10-27,PHC_011,nurse,7,6,1
2024-10-27,PHC_011,pharmacist,1,1,0
2024-10-27,PHC_012,doctor,2,1,1
2024-10-27,PHC_012,nurse,3,2,1
2024-10-27,PHC_012,pharmacist,2,2,0
2024-10-27,PHC_013,doctor,2,1,1
2024-10-27,PHC_013,nurse,5,5,0
2024-10-27,PHC_013,pharmacist,1,1,0
2024-10-27,PHC_014,doctor,3,2,1
2024-10-27,PHC_014,nurse,5,4,1
2024-10-27,PHC_014,pharmacist,2,2,0
2024-10-27,PHC_015,doctor,2,2,0
2024-10-27,PHC_015,nurse,8,4,4
2024-10-27,PHC_015,pharmacist,3,3,0
2024-10-28,PHC_001,doctor,3,3,0
2024-10-28,PHC_001,nurse,4,2,2
2024-10-28,PHC_001,pharmacist,1,1,0
2024-10-28,PHC_002,doctor,2,2,0
2024-10-28,PHC_002,nurse,8,7,1
2024-10-28,PHC_002,pharmacist,3,3,0
2024-10-28,PHC_003,doctor,2,1,1
2024-10-28,PHC_003,nurse,6,5,1
2024-10-28,PHC_003,pharmacist,2,1,1
2024-10-28,PHC_004,doctor,2,2,0
2024-10-28,PHC_004,nurse,6,6,0
2024-10-28,PHC_004,pharmacist,1,1,0
2024-10-28,PHC_005,doctor,1,1,0
2024-10-28,PHC_005,nurse,4,3,1
2024-10-28,PHC_005,pharmacist,1,1,0
2024-10-28,PHC_006,doctor,2,2,0
2024-10-28,PHC_006,nurse,7,7,0
2024-10-28,PHC_006,pharmacist,2,2,0
2024-10-28,PHC_007,doctor,1,1,0
2024-10-28,PHC_007,nurse,5,3,2
2024-10-28,PHC_007,pharmacist,1,1,0
2024-10-28,PHC_008,doctor,2,2,0
2024-10-28,PHC_008,nurse,3,3,0
2024-10-28,PHC_008,pharmacist,1,1,0
2024-10-28,PHC_009,doctor,2,1,1
2024-10-28,PHC_009,nurse,5,5,0
2024-10-28,PHC_009,pharmacist,3,3,0
2024-10-28,PHC_010,doctor,3,3,0
2024-10-28,PHC_010,nurse,5,4,1
2024-10-28,PHC_010,pharmacist,1,1,0
2024-10-28,PHC_011,doctor,3,3,0
2024-10-28,PHC_011,nurse,7,3,4
2024-10-28,PHC_011,pharmacist,2,1,1
2024-10-28,PHC_012,doctor,2,1,1
2024-10-28,PHC_012,nurse,4,4,0
2024-10-28,PHC_012,pharmacist,2,2,0
2024-10-28,PHC_013,doctor,3,3,0
2024-10-28,PHC_013,nurse,4,4,0
2024-10-28,PHC_013,pharmacist,1,1,0
2024-10-28,PHC_014,doctor,3,2,1
2024-10-28,PHC_014,nurse,4,3,1
2024-10-28,PHC_014,pharmacist,1,0,1
2024-10-28,PHC_015,doctor,2,2,0
2024-10-28,PHC_015,nurse,7,7,0
2024-10-28,PHC_015,pharmacist,3,3,0
2024-10-29,PHC_001,doctor,2,2,0
2024-10-29,PHC_001,nurse,6,5,1
2024-10-29,PHC_001,pharmacist,1,1,0
2024-10-29,PHC_002,doctor,2,2,0
2024-10-29,PHC_002,nurse,9,9,0
2024-10-29,PHC_002,pharmacist,1,1,0
2024-10-29,PHC_003,doctor,3,2,1
2024-10-29,PHC_003,nurse,8,7,1
2024-10-29,PHC_003,pharmacist,2,2,0
2024-10-29,PHC_004,doctor,2,1,1
2024-10-29,PHC_004,nurse,6,5,1
2024-10-29,PHC_004,pharmacist,1,1,0
2024-10-29,PHC_005,doctor,1,1,0
2024-10-29,PHC_005,nurse,6,4,2
2024-10-29,PHC_005,pharmacist,1,1,0
2024-10-29,PHC_006,doctor,2,2,0
2024-10-29,PHC_006,nurse,7,4,3
2024-10-29,PHC_006,pharmacist,1,1,0
2024-10-29,PHC_007,doctor,2,2,0
2024-10-29,PHC_007,nurse,5,2,3
2024-10-29,PHC_007,pharmacist,1,1,0
2024-10-29,PHC_008,doctor,1,1,0
2024-10-29,PHC_008,nurse,3,2,1
2024-10-29,PHC_008,pharmacist,1,1,0
2024-10-29,PHC_009,doctor,1,0,1
2024-10-29,PHC_009,nurse,6,5,1
2024-10-29,PHC_009,pharmacist,3,3,0
2024-10-29,PHC_010,doctor,3,2,1
2024-10-29,PHC_010,nurse,5,4,1
2024-10-29,PHC_010,pharmacist,1,1,0
2024-10-29,PHC_011,doctor,1,0,1
2024-10-29,PHC_011,nurse,7,6,1
2024-10-29,PHC_011,pharmacist,2,1,1
2024-10-29,PHC_012,doctor,2,2,0
2024-10-29,PHC_012,nurse,4,3,1
2024-10-29,PHC_012,pharmacist,2,2,0
2024-10-29,PHC_013,doctor,3,2,1
2024-10-29,PHC_013,nurse,5,5,0
2024-10-29,PHC_013,pharmacist,1,0,1
2024-10-29,PHC_014,doctor,2,1,1
2024-10-29,PHC_014,nurse,5,3,2
2024-10-29,PHC_014,pharmacist,1,1,0
2024-10-29,PHC_015,doctor,2,1,1
2024-10-29,PHC_015,nurse,6,5,1
2024-10-29,PHC_015,pharmacist,3,1,2
2024-10-30,PHC_001,doctor,2,2,0
2024-10-30,PHC_001,nurse,6,4,2
2024-10-30,PHC_002,doctor,2,2,0
2024-10-30,PHC_002,nurse,8,7,1
2024-10-30,PHC_002,pharmacist,3,3,0
2024-10-30,PHC_003,doctor,3,2,1
2024-10-30,PHC_003,nurse,7,6,1
2024-10-30,PHC_003,pharmacist,2,2,0
2024-10-30,PHC_004,doctor,2,1,1
2024-10-30,PHC_004,nurse,4,3,1
2024-10-30,PHC_004,pharmacist,1,1,0
2024-10-30,PHC_005,doctor,2,1,1
2024-10-30,PHC_005,nurse,6,6,0
2024-10-30,PHC_005,pharmacist,1,1,0
2024-10-30,PHC_006,doctor,3,3,0
2024-10-30,PHC_006,nurse,8,6,2
2024-10-30,PHC_006,pharmacist,1,0,1
2024-10-30,PHC_007,doctor,2,2,0
2024-10-30,PHC_007,nurse,4,4,0
2024-10-30,PHC_007,pharmacist,1,1,0
2024-10-30,PHC_008,doctor,2,2,0
2024-10-30,PHC_008,nurse,5,3,2
2024-10-30,PHC_009,doctor,2,2,0
2024-10-30,PHC_009,nurse,7,7,0
2024-10-30,PHC_009,pharmacist,3,2,1
2024-10-30,PHC_010,doctor,3,1,2
2024-10-30,PHC_010,nurse,4,2,2
2024-10-30,PHC_010,pharmacist,1,1,0
2024-10-30,PHC_011,doctor,2,2,0
2024-10-30,PHC_011,nurse,6,5,1
2024-10-30,PHC_012,doctor,2,2,0
2024-10-30,PHC_012,nurse,4,4,0
2024-10-30,PHC_012,pharmacist,2,2,0
2024-10-30,PHC_013,doctor,2,2,0
2024-10-30,PHC_013,nurse,6,5,1
2024-10-30,PHC_013,pharmacist,1,1,0
2024-10-30,PHC_014,doctor,3,3,0
2024-10-30,PHC_014,nurse,5,4,1
2024-10-30,PHC_014,pharmacist,2,1,1
2024-10-30,PHC_015,doctor,1,1,0
2024-10-30,PHC_015,nurse,7,7,0
2024-10-30,PHC_015,pharmacist,2,1,1
2024-10-31,PHC_001,doctor,3,3,0
2024-10-31,PHC_001,nurse,7,6,1
2024-10-31,PHC_001,pharmacist,1,1,0
2024-10-31,PHC_002,doctor,2,2,0
2024-10-31,PHC_002,nurse,8,8,0
2024-10-31,PHC_002,pharmacist,3,0,3
2024-10-31,PHC_003,doctor,3,3,0
2024-10-31,PHC_003,nurse,8,6,2
2024-10-31,PHC_003,pharmacist,1,1,0
2024-10-31,PHC_004,doctor,2,2,0
2024-10-31,PHC_004,nurse,5,3,2
2024-10-31,PHC_004,pharmacist,1,0,1
2024-10-31,PHC_005,doctor,1,1,0
2024-10-31,PHC_005,nurse,5,4,1
2024-10-31,PHC_006,doctor,2,1,1
2024-10-31,PHC_006,nurse,6,6,0
2024-10-31,PHC_006,pharmacist,2,1,1
2024-10-31,PHC_007,doctor,1,0,1
2024-10-31,PHC_007,nurse,4,4,0
2024-10-31,PHC_007,pharmacist,1,0,1
2024-10-31,PHC_008,doctor,2,2,0
2024-10-31,PHC_008,nurse,5,5,0
2024-10-31,PHC_008,pharmacist,1,1,0
2024-10-31,PHC_009,doctor,2,2,0
2024-10-31,PHC_009,nurse,6,6,0
2024-10-31,PHC_009,pharmacist,2,1,1
2024-10-31,PHC_010,doctor,2,2,0
2024-10-31,PHC_010,nurse,4,4,0
2024-10-31,PHC_010,pharmacist,1,1,0
2024-10-31,PHC_011,doctor,2,1,1
2024-10-31,PHC_011,nurse,7,6,1
2024-10-31,PHC_011,pharmacist,2,2,0
2024-10-31,PHC_012,doctor,2,2,0
2024-10-31,PHC_012,nurse,4,3,1
2024-10-31,PHC_012,pharmacist,2,2,0
2024-10-31,PHC_013,doctor,3,2,1
2024-10-31,PHC_013,nurse,4,4,0
2024-10-31,PHC_013,pharmacist,1,1,0
2024-10-31,PHC_014,doctor,2,2,0
2024-10-31,PHC_014,nurse,5,5,0
2024-10-31,PHC_014,pharmacist,2,2,0
2024-10-31,PHC_015,doctor,1,0,1
2024-10-31,PHC_015,nurse,8,7,1
2024-10-31,PHC_015,pharmacist,1,1,0
2024-11-01,PHC_001,doctor,3,3,0
2024-11-01,PHC_001,nurse,6,6,0
2024-11-01,PHC_001,pharmacist,1,1,0
2024-11-01,PHC_002,doctor,1,1,0
2024-11-01,PHC_002,nurse,9,7,2
2024-11-01,PHC_002,pharmacist,3,2,1
2024-11-01,PHC_003,doctor,3,1,2
2024-11-01,PHC_003,nurse,8,7,1
2024-11-01,PHC_003,pharmacist,2,2,0
2024-11-01,PHC_004,doctor,2,2,0
2024-11-01,PHC_004,nurse,3,0,3
2024-11-01,PHC_004,pharmacist,1,1,0
2024-11-01,PHC_005,doctor,1,0,1
2024-11-01,PHC_005,nurse,5,2,3
2024-11-01,PHC_005,pharmacist,1,1,0
2024-11-01,PHC_006,doctor,2,2,0
2024-11-01,PHC_006,nurse,9,9,0
2024-11-01,PHC_006,pharmacist,2,2,0
2024-11-01,PHC_007,nurse,4,4,0
2024-11-01,PHC_007,pharmacist,1,1,0
2024-11-01,PHC_008,doctor,2,2,0
2024-11-01,PHC_008,nurse,4,3,1
2024-11-01,PHC_008,pharmacist,1,1,0
2024-11-01,PHC_009,doctor,2,2,0
2024-11-01,PHC_009,nurse,5,4,1
2024-11-01,PHC_009,pharmacist,1,1,0
2024-11-01,PHC_010,doctor,3,3,0
2024-11-01,PHC_010,nurse,5,3,2
2024-11-01,PHC_010,pharmacist,1,1,0
2024-11-01,PHC_011,doctor,3,3,0
2024-11-01,PHC_011,nurse,6,5,1
2024-11-01,PHC_011,pharmacist,1,1,0
2024-11-01,PHC_012,doctor,1,1,0
2024-11-01,PHC_012,nurse,2,2,0
2024-11-01,PHC_012,pharmacist,2,1,1
2024-11-01,PHC_013,doctor,3,3,0
2024-11-01,PHC_013,nurse,5,3,2
2024-11-01,PHC_013,pharmacist,1,1,0
2024-11-01,PHC_014,doctor,2,2,0
2024-11-01,PHC_014,nurse,5,4,1
2024-11-01,PHC_014,pharmacist,2,2,0
2024-11-01,PHC_015,doctor,2,2,0
2024-11-01,PHC_015,nurse,7,6,1
2024-11-01,PHC_015,pharmacist,3,3,0
2024-11-02,PHC_001,doctor,3,2,1
2024-11-02,PHC_001,nurse,7,7,0
2024-11-02,PHC_001,pharmacist,1,1,0
2024-11-02,PHC_002,doctor,2,2,0
2024-11-02,PHC_002,nurse,9,9,0
2024-11-02,PHC_002,pharmacist,3,3,0
2024-11-02,PHC_003,doctor,2,2,0
2024-11-02,PHC_003,nurse,9,6,3
2024-11-02,PHC_003,pharmacist,2,1,1
2024-11-02,PHC_004,doctor,2,1,1
2024-11-02,PHC_004,nurse,6,5,1
2024-11-02,PHC_004,pharmacist,1,1,0
2024-11-02,PHC_005,doctor,2,2,0
2024-11-02,PHC_005,nurse,4,4,0
2024-11-02,PHC_005,pharmacist,1,1,0
2024-11-02,PHC_006,doctor,3,2,1
2024-11-02,PHC_006,nurse,9,6,3
2024-11-02,PHC_006,pharmacist,1,0,1
2024-11-02,PHC_007,doctor,2,2,0
2024-11-02,PHC_007,nurse,5,3,2
2024-11-02,PHC_007,pharmacist,1,1,0
2024-11-02,PHC_008,doctor,2,2,0
2024-11-02,PHC_008,nurse,5,2,3
2024-11-02,PHC_008,pharmacist,1,1,0
2024-11-02,PHC_009,doctor,2,2,0
2024-11-02,PHC_009,nurse,7,7,0
2024-11-02,PHC_009,pharmacist,3,2,1
2024-11-02,PHC_010,doctor,3,2,1
2024-11-02,PHC_010,nurse,5,4,1
2024-11-02,PHC_010,pharmacist,1,1,0
2024-11-02,PHC_011,doctor,3,1,2
2024-11-02,PHC_011,nurse,8,6,2
2024-11-02,PHC_011,pharmacist,2,2,0
2024-11-02,PHC_012,doctor,2,2,0
2024-11-02,PHC_012,nurse,4,3,1
2024-11-02,PHC_012,pharmacist,2,0,2
2024-11-02,PHC_013,doctor,3,2,1
2024-11-02,PHC_013,nurse,3,2,1
2024-11-02,PHC_013,pharmacist,1,1,0
2024-11-02,PHC_014,doctor,2,1,1
2024-11-02,PHC_014,nurse,3,2,1
2024-11-02,PHC_014,pharmacist,2,2,0
2024-11-02,PHC_015,doctor,2,1,1
2024-11-02,PHC_015,nurse,6,3,3
2024-11-02,PHC_015,pharmacist,2,2,0
2024-11-03,PHC_001,doctor,3,3,0
2024-11-03,PHC_001,nurse,7,5,2
2024-11-03,PHC_001,pharmacist,1,1,0
2024-11-03,PHC_002,doctor,2,2,0
2024-11-03,PHC_002,nurse,9,8,1
2024-11-03,PHC_002,pharmacist,3,2,1
2024-11-03,PHC_003,doctor,3,2,1
2024-11-03,PHC_003,nurse,3,3,0
2024-11-03,PHC_003,pharmacist,1,1,0
2024-11-03,PHC_004,doctor,1,1,0
2024-11-03,PHC_004,nurse,6,3,3
2024-11-03,PHC_005,doctor,1,0,1
2024-11-03,PHC_005,nurse,5,3,2
2024-11-03,PHC_005,pharmacist,1,1,0
2024-11-03,PHC_006,doctor,3,2,1
2024-11-03,PHC_006,nurse,9,6,3
2024-11-03,PHC_006,pharmacist,1,0,1
2024-11-03,PHC_007,doctor,2,0,2
2024-11-03,PHC_007,nurse,5,4,1
2024-11-03,PHC_008,doctor,2,1,1
2024-11-03,PHC_008,nurse,4,3,1
2024-11-03,PHC_009,doctor,2,1,1
2024-11-03,PHC_009,nurse,7,7,0
2024-11-03,PHC_009,pharmacist,3,1,2
2024-11-03,PHC_010,doctor,1,1,0
2024-11-03,PHC_010,nurse,4,4,0
2024-11-03,PHC_010,pharmacist,1,1,0
2024-11-03,PHC_011,doctor,3,2,1
2024-11-03,PHC_011,nurse,7,6,1
2024-11-03,PHC_011,pharmacist,2,2,0
2024-11-03,PHC_012,doctor,2,1,1
2024-11-03,PHC_012,nurse,3,3,0
2024-11-03,PHC_012,pharmacist,1,1,0
2024-11-03,PHC_013,doctor,3,3,0
2024-11-03,PHC_013,nurse,6,4,2
2024-11-03,PHC_013,pharmacist,1,1,0
2024-11-03,PHC_014,doctor,2,2,0
2024-11-03,PHC_014,nurse,2,2,0
2024-11-03,PHC_014,pharmacist,2,2,0
2024-11-03,PHC_015,doctor,2,1,1
2024-11-03,PHC_015,nurse,6,5,1
2024-11-03,PHC_015,pharmacist,2,2,0
2024-11-04,PHC_001,doctor,3,2,1
2024-11-04,PHC_001,nurse,6,5,1
2024-11-04,PHC_001,pharmacist,1,1,0
2024-11-04,PHC_002,doctor,2,1,1
2024-11-04,PHC_002,nurse,7,4,3
2024-11-04,PHC_002,pharmacist,3,3,0
2024-11-04,PHC_003,doctor,2,2,0
2024-11-04,PHC_003,nurse,7,5,2
2024-11-04,PHC_003,pharmacist,2,2,0
2024-11-04,PHC_004,doctor,2,2,0
2024-11-04,PHC_004,nurse,5,5,0
2024-11-04,PHC_004,pharmacist,1,1,0
2024-11-04,PHC_005,doctor,2,2,0
2024-11-04,PHC_005,nurse,5,3,2
2024-11-04,PHC_005,pharmacist,1,1,0
2024-11-04,PHC_006,doctor,3,3,0
2024-11-04,PHC_006,nurse,7,6,1
2024-11-04,PHC_006,pharmacist,2,1,1
2024-11-04,PHC_007,doctor,2,2,0
2024-11-04,PHC_007,nurse,4,3,1
2024-11-04,PHC_007,pharmacist,1,0,1
2024-11-04,PHC_008,doctor,2,2,0
2024-11-04,PHC_008,nurse,3,1,2
2024-11-04,PHC_008,pharmacist,1,1,0
2024-11-04,PHC_009,doctor,1,0,1
2024-11-04,PHC_009,nurse,7,6,1
2024-11-04,PHC_009,pharmacist,2,2,0
2024-11-04,PHC_010,doctor,3,3,0
2024-11-04,PHC_010,nurse,4,4,0
2024-11-04,PHC_010,pharmacist,1,1,0
2024-11-04,PHC_011,doctor,3,2,1
2024-11-04,PHC_011,nurse,7,6,1
2024-11-04,PHC_011,pharmacist,2,2,0
2024-11-04,PHC_012,doctor,1,1,0
2024-11-04,PHC_012,nurse,4,4,0
2024-11-04,PHC_012,pharmacist,2,2,0
2024-11-04,PHC_013,doctor,2,1,1
2024-11-04,PHC_013,nurse,6,5,1
2024-11-04,PHC_014,doctor,3,3,0
2024-11-04,PHC_014,nurse,4,3,1
2024-11-04,PHC_014,pharmacist,2,2,0
2024-11-04,PHC_015,doctor,1,1,0
2024-11-04,PHC_015,nurse,8,3,5
2024-11-04,PHC_015,pharmacist,2,2,0
2024-11-05,PHC_001,doctor,3,2,1
2024-11-05,PHC_001,nurse,6,5,1
2024-11-05,PHC_001,pharmacist,1,1,0
2024-11-05,PHC_002,doctor,2,2,0
2024-11-05,PHC_002,nurse,9,7,2
2024-11-05,PHC_002,pharmacist,3,0,3
2024-11-05,PHC_003,doctor,2,2,0
2024-11-05,PHC_003,nurse,9,6,3
2024-11-05,PHC_003,pharmacist,2,2,0
2024-11-05,PHC_004,doctor,1,1,0
2024-11-05,PHC_004,nurse,4,3,1
2024-11-05,PHC_004,pharmacist,1,0,1
2024-11-05,PHC_005,doctor,2,2,0
2024-11-05,PHC_005,nurse,5,4,1
2024-11-05,PHC_005,pharmacist,1,1,0
2024-11-05,PHC_006,doctor,2,2,0
2024-11-05,PHC_006,nurse,8,6,2
2024-11-05,PHC_006,pharmacist,2,2,0
2024-11-05,PHC_007,doctor,2,2,0
2024-11-05,PHC_007,nurse,5,4,1
2024-11-05,PHC_008,doctor,2,2,0
2024-11-05,PHC_008,nurse,5,4,1
2024-11-05,PHC_009,doctor,2,2,0
2024-11-05,PHC_009,nurse,7,7,0
2024-11-05,PHC_009,pharmacist,2,2,0
2024-11-05,PHC_010,doctor,3,3,0
2024-11-05,PHC_010,nurse,4,3,1
2024-11-05,PHC_010,pharmacist,1,0,1
2024-11-05,PHC_011,doctor,3,2,1
2024-11-05,PHC_011,nurse,6,4,2
2024-11-05,PHC_012,doctor,2,1,1
2024-11-05,PHC_012,nurse,4,4,0
2024-11-05,PHC_012,pharmacist,2,1,1
2024-11-05,PHC_013,doctor,3,3,0
2024-11-05,PHC_013,nurse,6,4,2
2024-11-05,PHC_013,pharmacist,1,1,0
2024-11-05,PHC_014,doctor,3,3,0
2024-11-05,PHC_014,nurse,5,5,0
2024-11-05,PHC_014,pharmacist,2,2,0
2024-11-05,PHC_015,doctor,2,2,0
2024-11-05,PHC_015,nurse,7,3,4
2024-11-05,PHC_015,pharmacist,3,3,0
2024-11-06,PHC_001,doctor,3,1,2
2024-11-06,PHC_001,nurse,7,6,1
2024-11-06,PHC_001,pharmacist,1,0,1
2024-11-06,PHC_002,doctor,2,2,0
2024-11-06,PHC_002,nurse,9,6,3
2024-11-06,PHC_002,pharmacist,3,1,2
2024-11-06,PHC_003,doctor,3,2,1
2024-11-06,PHC_003,nurse,8,8,0
2024-11-06,PHC_003,pharmacist,1,1,0
2024-11-06,PHC_004,doctor,2,2,0
2024-11-06,PHC_004,nurse,6,5,1
2024-11-06,PHC_004,pharmacist,1,0,1
2024-11-06,PHC_005,doctor,2,2,0
2024-11-06,PHC_005,nurse,6,4,2
2024-11-06,PHC_005,pharmacist,1,1,0
2024-11-06,PHC_006,doctor,2,1,1
2024-11-06,PHC_006,nurse,9,9,0
2024-11-06,PHC_006,pharmacist,2,1,1
2024-11-06,PHC_007,doctor,2,1,1
2024-11-06,PHC_007,nurse,4,3,1
2024-11-06,PHC_007,pharmacist,1,1,0
2024-11-06,PHC_008,doctor,1,1,0
2024-11-06,PHC_008,nurse,5,3,2
2024-11-06,PHC_008,pharmacist,1,1,0
2024-11-06,PHC_009,doctor,2,2,0
2024-11-06,PHC_009,nurse,8,7,1
2024-11-06,PHC_009,pharmacist,3,2,1
2024-11-06,PHC_010,doctor,3,3,0
2024-11-06,PHC_010,nurse,4,2,2
2024-11-06,PHC_010,pharmacist,1,1,0
2024-11-06,PHC_011,doctor,3,3,0
2024-11-06,PHC_011,nurse,8,6,2
2024-11-06,PHC_011,pharmacist,2,2,0
2024-11-06,PHC_012,doctor,2,1,1
2024-11-06,PHC_012,nurse,2,1,1
2024-11-06,PHC_012,pharmacist,2,2,0
2024-11-06,PHC_013,doctor,3,3,0
2024-11-06,PHC_013,nurse,4,3,1
2024-11-06,PHC_013,pharmacist,1,0,1
2024-11-06,PHC_014,doctor,3,3,0
2024-11-06,PHC_014,nurse,3,3,0
2024-11-06,PHC_014,pharmacist,2,2,0
2024-11-06,PHC_015,doctor,1,1,0
2024-11-06,PHC_015,nurse,8,7,1
2024-11-06,PHC_015,pharmacist,3,3,0
2024-11-07,PHC_001,doctor,2,2,0
2024-11-07,PHC_001,nurse,7,4,3
2024-11-07,PHC_001,pharmacist,1,1,0
2024-11-07,PHC_002,doctor,2,2,0
2024-11-07,PHC_002,nurse,8,6,2
2024-11-07,PHC_002,pharmacist,3,2,1
2024-11-07,PHC_003,doctor,3,3,0
2024-11-07,PHC_003,nurse,6,4,2
2024-11-07,PHC_004,doctor,1,1,0
2024-11-07,PHC_004,nurse,5,4,1
2024-11-07,PHC_004,pharmacist,1,1,0
2024-11-07,PHC_005,doctor,2,1,1
2024-11-07,PHC_005,nurse,5,4,1
2024-11-07,PHC_005,pharmacist,1,1,0
2024-11-07,PHC_006,doctor,1,0,1
2024-11-07,PHC_006,nurse,10,8,2
2024-11-07,PHC_006,pharmacist,1,1,0
2024-11-07,PHC_007,doctor,1,1,0
2024-11-07,PHC_007,nurse,5,3,2
2024-11-07,PHC_007,pharmacist,1,1,0
2024-11-07,PHC_008,doctor,2,2,0
2024-11-07,PHC_008,nurse,4,3,1
2024-11-07,PHC_008,pharmacist,1,1,0
2024-11-07,PHC_009,doctor,1,0,1
2024-11-07,PHC_009,nurse,6,5,1
2024-11-07,PHC_009,pharmacist,3,2,1
2024-11-07,PHC_010,doctor,2,1,1
2024-11-07,PHC_010,nurse,2,1,1
2024-11-07,PHC_010,pharmacist,1,0,1
2024-11-07,PHC_011,doctor,3,3,0
2024-11-07,PHC_011,nurse,8,6,2
2024-11-07,PHC_011,pharmacist,2,2,0
2024-11-07,PHC_012,doctor,1,1,0
2024-11-07,PHC_012,nurse,4,4,0
2024-11-07,PHC_012,pharmacist,2,1,1
2024-11-07,PHC_013,doctor,3,3,0
2024-11-07,PHC_013,nurse,5,1,4
2024-11-07,PHC_014,doctor,3,3,0
2024-11-07,PHC_014,nurse,5,5,0
2024-11-07,PHC_014,pharmacist,2,1,1
2024-11-07,PHC_015,doctor,2,2,0
2024-11-07,PHC_015,nurse,6,4,2
2024-11-07,PHC_015,pharmacist,3,3,0
2024-11-08,PHC_001,doctor,2,2,0
2024-11-08,PHC_001,nurse,5,4,1
2024-11-08,PHC_001,pharmacist,1,1,0
2024-11-08,PHC_002,doctor,2,2,0
2024-11-08,PHC_002,nurse,9,9,0
2024-11-08,PHC_002,pharmacist,2,1,1
2024-11-08,PHC_003,doctor,3,2,1
2024-11-08,PHC_003,nurse,5,4,1
2024-11-08,PHC_003,pharmacist,2,2,0
2024-11-08,PHC_004,doctor,1,1,0
2024-11-08,PHC_004,nurse,5,4,1
2024-11-08,PHC_004,pharmacist,1,1,0
2024-11-08,PHC_005,doctor,2,2,0
2024-11-08,PHC_005,nurse,4,4,0
2024-11-08,PHC_005,pharmacist,1,1,0
2024-11-08,PHC_006,doctor,3,3,0
2024-11-08,PHC_006,nurse,9,8,1
2024-11-08,PHC_006,pharmacist,2,2,0
2024-11-08,PHC_007,doctor,2,1,1
2024-11-08,PHC_007,nurse,5,3,2
2024-11-08,PHC_008,doctor,2,2,0
2024-11-08,PHC_008,nurse,4,4,0
2024-11-08,PHC_008,pharmacist,1,1,0
2024-11-08,PHC_009,doctor,1,1,0
2024-11-08,PHC_009,nurse,6,6,0
2024-11-08,PHC_009,pharmacist,2,2,0
2024-11-08,PHC_010,doctor,2,2,0
2024-11-08,PHC_010,nurse,4,4,0
2024-11-08,PHC_010,pharmacist,1,0,1
2024-11-08,PHC_011,doctor,2,2,0
2024-11-08,PHC_011,nurse,7,6,1
2024-11-08,PHC_011,pharmacist,2,2,0
2024-11-08,PHC_012,doctor,2,2,0
2024-11-08,PHC_012,nurse,3,2,1
2024-11-08,PHC_013,doctor,3,3,0
2024-11-08,PHC_013,nurse,6,4,2
2024-11-08,PHC_013,pharmacist,1,1,0
2024-11-08,PHC_014,doctor,3,2,1
2024-11-08,PHC_014,nurse,4,3,1
2024-11-08,PHC_014,pharmacist,2,2,0
2024-11-08,PHC_015,doctor,1,1,0
2024-11-08,PHC_015,nurse,9,5,4
2024-11-08,PHC_015,pharmacist,3,2,1
2024-11-09,PHC_001,doctor,3,2,1
2024-11-09,PHC_001,nurse,5,4,1
2024-11-09,PHC_001,pharmacist,1,1,0
2024-11-09,PHC_002,doctor,1,1,0
2024-11-09,PHC_002,nurse,8,5,3
2024-11-09,PHC_002,pharmacist,3,3,0
2024-11-09,PHC_003,doctor,3,3,0
2024-11-09,PHC_003,nurse,9,8,1
2024-11-09,PHC_003,pharmacist,2,2,0
2024-11-09,PHC_004,doctor,2,1,1
2024-11-09,PHC_004,nurse,5,3,2
2024-11-09,PHC_004,pharmacist,1,1,0
2024-11-09,PHC_005,doctor,2,2,0
2024-11-09,PHC_005,nurse,5,3,2
2024-11-09,PHC_005,pharmacist,1,1,0
2024-11-09,PHC_006,doctor,3,2,1
2024-11-09,PHC_006,nurse,6,6,0
2024-11-09,PHC_006,pharmacist,2,0,2
2024-11-09,PHC_007,doctor,1,1,0
2024-11-09,PHC_007,nurse,4,3,1
2024-11-09,PHC_008,doctor,1,1,0
2024-11-09,PHC_008,nurse,4,4,0
2024-11-09,PHC_008,pharmacist,1,1,0
2024-11-09,PHC_009,doctor,1,1,0
2024-11-09,PHC_009,nurse,7,7,0
2024-11-09,PHC_009,pharmacist,2,1,1
2024-11-09,PHC_010,doctor,3,3,0
2024-11-09,PHC_010,nurse,4,3,1
2024-11-09,PHC_010,pharmacist,1,1,0
2024-11-09,PHC_011,doctor,2,0,2
2024-11-09,PHC_011,nurse,5,5,0
2024-11-09,PHC_011,pharmacist,1,1,0
2024-11-09,PHC_012,doctor,1,0,1
2024-11-09,PHC_012,nurse,4,4,0
2024-11-09,PHC_012,pharmacist,2,2,0
2024-11-09,PHC_013,doctor,3,2,1
2024-11-09,PHC_013,nurse,6,5,1
2024-11-09,PHC_013,pharmacist,1,1,0
2024-11-09,PHC_014,doctor,3,3,0
2024-11-09,PHC_014,nurse,5,5,0
2024-11-09,PHC_014,pharmacist,2,1,1
2024-11-09,PHC_015,doctor,2,2,0
2024-11-09,PHC_015,nurse,7,5,2
2024-11-09,PHC_015,pharmacist,3,3,0
2024-11-10,PHC_001,doctor,2,2,0
2024-11-10,PHC_001,nurse,6,5,1
2024-11-10,PHC_001,pharmacist,1,1,0
2024-11-10,PHC_002,doctor,2,0,2
2024-11-10,PHC_002,nurse,8,5,3
2024-11-10,PHC_002,pharmacist,2,2,0
2024-11-10,PHC_003,doctor,3,1,2
2024-11-10,PHC_003,nurse,9,7,2
2024-11-10,PHC_003,pharmacist,2,2,0
2024-11-10,PHC_004,doctor,2,2,0
2024-11-10,PHC_004,nurse,6,6,0
2024-11-10,PHC_004,pharmacist,1,0,1
2024-11-10,PHC_005,doctor,2,2,0
2024-11-10,PHC_005,nurse,5,3,2
2024-11-10,PHC_005,pharmacist,1,0,1
2024-11-10,PHC_006,doctor,1,1,0
2024-11-10,PHC_006,nurse,8,7,1
2024-11-10,PHC_006,pharmacist,1,1,0
2024-11-10,PHC_007,doctor,1,0,1
2024-11-10,PHC_007,nurse,5,2,3
2024-11-10,PHC_007,pharmacist,1,1,0
2024-11-10,PHC_008,doctor,2,2,0
2024-11-10,PHC_008,nurse,5,3,2
2024-11-10,PHC_009,doctor,2,2,0
2024-11-10,PHC_009,nurse,7,7,0
2024-11-10,PHC_009,pharmacist,3,2,1
2024-11-10,PHC_010,doctor,3,2,1
2024-11-10,PHC_010,nurse,4,4,0
2024-11-10,PHC_010,pharmacist,1,0,1
2024-11-10,PHC_011,doctor,3,3,0
2024-11-10,PHC_011,nurse,7,6,1
2024-11-10,PHC_011,pharmacist,2,1,1
2024-11-10,PHC_012,doctor,1,0,1
2024-11-10,PHC_012,nurse,4,4,0
2024-11-10,PHC_012,pharmacist,2,1,1
2024-11-10,PHC_013,doctor,3,1,2
2024-11-10,PHC_013,nurse,4,4,0
2024-11-10,PHC_013,pharmacist,1,1,0
2024-11-10,PHC_014,doctor,1,1,0
2024-11-10,PHC_014,nurse,5,4,1
2024-11-10,PHC_014,pharmacist,2,2,0
2024-11-10,PHC_015,doctor,1,1,0
2024-11-10,PHC_015,nurse,8,4,4
2024-11-10,PHC_015,pharmacist,3,3,0
2024-11-11,PHC_001,doctor,2,2,0
2024-11-11,PHC_001,nurse,5,4,1
2024-11-11,PHC_001,pharmacist,1,0,1
2024-11-11,PHC_002,doctor,2,2,0
2024-11-11,PHC_002,nurse,9,8,1
2024-11-11,PHC_002,pharmacist,2,1,1
2024-11-11,PHC_003,doctor,3,3,0
2024-11-11,PHC_003,nurse,9,6,3
2024-11-11,PHC_003,pharmacist,2,1,1
2024-11-11,PHC_004,doctor,2,1,1
2024-11-11,PHC_004,nurse,5,4,1
2024-11-11,PHC_004,pharmacist,1,1,0
2024-11-11,PHC_005,doctor,2,1,1
2024-11-11,PHC_005,nurse,6,4,2
2024-11-11,PHC_005,pharmacist,1,1,0
2024-11-11,PHC_006,doctor,3,3,0
2024-11-11,PHC_006,nurse,8,7,1
2024-11-11,PHC_006,pharmacist,2,1,1
2024-11-11,PHC_007,doctor,1,1,0
2024-11-11,PHC_007,nurse,5,5,0
2024-11-11,PHC_007,pharmacist,1,1,0
2024-11-11,PHC_008,doctor,2,2,0
2024-11-11,PHC_008,nurse,5,4,1
2024-11-11,PHC_008,pharmacist,1,1,0
2024-11-11,PHC_009,doctor,2,2,0
2024-11-11,PHC_009,nurse,4,2,2
2024-11-11,PHC_009,pharmacist,2,2,0
2024-11-11,PHC_010,doctor,3,3,0
2024-11-11,PHC_010,nurse,3,3,0
2024-11-11,PHC_010,pharmacist,1,1,0
2024-11-11,PHC_011,doctor,2,2,0
2024-11-11,PHC_011,nurse,7,6,1
2024-11-11,PHC_011,pharmacist,2,2,0
2024-11-11,PHC_012,doctor,2,2,0
2024-11-11,PHC_012,nurse,4,3,1
2024-11-11,PHC_012,pharmacist,2,2,0
2024-11-11,PHC_013,doctor,2,1,1
2024-11-11,PHC_013,nurse,6,3,3
2024-11-11,PHC_013,pharmacist,1,1,0
2024-11-11,PHC_014,doctor,2,2,0
2024-11-11,PHC_014,nurse,3,2,1
2024-11-11,PHC_014,pharmacist,1,1,0
2024-11-11,PHC_015,doctor,2,2,0
2024-11-11,PHC_015,nurse,9,5,4
2024-11-11,PHC_015,pharmacist,3,2,1
2024-11-12,PHC_001,doctor,2,2,0
2024-11-12,PHC_001,nurse,6,4,2
2024-11-12,PHC_001,pharmacist,1,1,0
2024-11-12,PHC_002,doctor,2,2,0
2024-11-12,PHC_002,nurse,7,5,2
2024-11-12,PHC_002,pharmacist,2,2,0
2024-11-12,PHC_003,doctor,2,1,1
2024-11-12,PHC_003,nurse,8,5,3
2024-11-12,PHC_003,pharmacist,2,2,0
2024-11-12,PHC_004,doctor,1,1,0
2024-11-12,PHC_004,nurse,4,4,0
2024-11-12,PHC_004,pharmacist,1,0,1
2024-11-12,PHC_005,doctor,2,2,0
2024-11-12,PHC_005,nurse,6,4,2
2024-11-12,PHC_006,doctor,3,3,0
2024-11-12,PHC_006,nurse,9,9,0
2024-11-12,PHC_007,doctor,1,0,1
2024-11-12,PHC_007,nurse,3,2,1
2024-11-12,PHC_007,pharmacist,1,1,0
2024-11-12,PHC_008,doctor,2,2,0
2024-11-12,PHC_008,nurse,5,5,0
2024-11-12,PHC_008,pharmacist,1,1,0
2024-11-12,PHC_009,doctor,2,2,0
2024-11-12,PHC_009,nurse,7,6,1
2024-11-12,PHC_009,pharmacist,2,2,0
2024-11-12,PHC_010,doctor,3,3,0
2024-11-12,PHC_010,nurse,5,3,2
2024-11-12,PHC_010,pharmacist,1,1,0
2024-11-12,PHC_011,doctor,3,1,2
2024-11-12,PHC_011,nurse,8,6,2
2024-11-12,PHC_011,pharmacist,2,2,0
2024-11-12,PHC_012,doctor,1,0,1
2024-11-12,PHC_012,nurse,3,3,0
2024-11-12,PHC_012,pharmacist,1,0,1
2024-11-12,PHC_013,doctor,2,2,0
2024-11-12,PHC_013,nurse,6,6,0
2024-11-12,PHC_013,pharmacist,1,1,0
2024-11-12,PHC_014,doctor,3,2,1
2024-11-12,PHC_014,nurse,4,4,0
2024-11-12,PHC_014,pharmacist,2,2,0
2024-11-12,PHC_015,doctor,2,1,1
2024-11-12,PHC_015,nurse,7,3,4
2024-11-12,PHC_015,pharmacist,3,3,0
2024-11-13,PHC_001,doctor,3,2,1
2024-11-13,PHC_001,nurse,5,4,1
2024-11-13,PHC_001,pharmacist,1,0,1
2024-11-13,PHC_002,doctor,2,2,0
2024-11-13,PHC_002,nurse,8,5,3
2024-11-13,PHC_002,pharmacist,3,2,1
2024-11-13,PHC_003,doctor,2,2,0
2024-11-13,PHC_003,nurse,8,6,2
2024-11-13,PHC_003,pharmacist,1,0,1
2024-11-13,PHC_004,doctor,2,2,0
2024-11-13,PHC_004,nurse,5,5,0
2024-11-13,PHC_004,pharmacist,1,1,0
2024-11-13,PHC_005,doctor,1,1,0
2024-11-13,PHC_005,nurse,5,4,1
2024-11-13,PHC_005,pharmacist,1,1,0
2024-11-13,PHC_006,doctor,3,3,0
2024-11-13,PHC_006,nurse,8,6,2
2024-11-13,PHC_006,pharmacist,1,1,0
2024-11-13,PHC_007,doctor,1,1,0
2024-11-13,PHC_007,nurse,3,2,1
2024-11-13,PHC_007,pharmacist,1,1,0
2024-11-13,PHC_008,doctor,2,2,0
2024-11-13,PHC_008,nurse,3,2,1
2024-11-13,PHC_008,pharmacist,1,1,0
2024-11-13,PHC_009,doctor,2,2,0
2024-11-13,PHC_009,nurse,6,6,0
2024-11-13,PHC_009,pharmacist,3,3,0
2024-11-13,PHC_010,doctor,3,1,2
2024-11-13,PHC_010,nurse,4,3,1
2024-11-13,PHC_010,pharmacist,1,1,0
2024-11-13,PHC_011,doctor,3,1,2
2024-11-13,PHC_011,nurse,7,7,0
2024-11-13,PHC_011,pharmacist,2,2,0
2024-11-13,PHC_012,doctor,1,1,0
2024-11-13,PHC_012,nurse,4,4,0
2024-11-13,PHC_012,pharmacist,2,0,2
2024-11-13,PHC_013,doctor,3,3,0
2024-11-13,PHC_013,nurse,3,3,0
2024-11-13,PHC_013,pharmacist,1,0,1
2024-11-13,PHC_014,doctor,3,3,0
2024-11-13,PHC_014,nurse,5,5,0
2024-11-13,PHC_014,pharmacist,2,2,0
2024-11-13,PHC_015,doctor,1,0,1
2024-11-13,PHC_015,nurse,9,8,1
2024-11-13,PHC_015,pharmacist,2,2,0
2024-11-14,PHC_001,doctor,3,3,0
2024-11-14,PHC_001,nurse,5,4,1
2024-11-14,PHC_001,pharmacist,1,0,1
2024-11-14,PHC_002,doctor,2,2,0
2024-11-14,PHC_002,nurse,5,4,1
2024-11-14,PHC_002,pharmacist,2,1,1
2024-11-14,PHC_003,doctor,1,0,1
2024-11-14,PHC_003,nurse,8,7,1
2024-11-14,PHC_003,pharmacist,2,2,0
2024-11-14,PHC_004,doctor,2,2,0
2024-11-14,PHC_004,nurse,6,5,1
2024-11-14,PHC_004,pharmacist,1,1,0
2024-11-14,PHC_005,doctor,1,1,0
2024-11-14,PHC_005,nurse,6,4,2
2024-11-14,PHC_005,pharmacist,1,1,0
2024-11-14,PHC_006,doctor,3,2,1
2024-11-14,PHC_006,nurse,9,7,2
2024-11-14,PHC_006,pharmacist,2,2,0
2024-11-14,PHC_007,doctor,2,1,1
2024-11-14,PHC_007,nurse,4,3,1
2024-11-14,PHC_007,pharmacist,1,1,0
2024-11-14,PHC_008,doctor,2,2,0
2024-11-14,PHC_008,nurse,4,3,1
2024-11-14,PHC_008,pharmacist,1,1,0
2024-11-14,PHC_009,doctor,2,2,0
2024-11-14,PHC_009,nurse,5,4,1
2024-11-14,PHC_009,pharmacist,3,2,1
2024-11-14,PHC_010,doctor,3,3,0
2024-11-14,PHC_010,nurse,5,3,2
2024-11-14,PHC_010,pharmacist,1,1,0
2024-11-14,PHC_011,doctor,3,1,2
2024-11-14,PHC_011,nurse,6,5,1
2024-11-14,PHC_011,pharmacist,2,2,0
2024-11-14,PHC_012,doctor,2,1,1
2024-11-14,PHC_012,nurse,4,3,1
2024-11-14,PHC_012,pharmacist,2,2,0
2024-11-14,PHC_013,doctor,3,2,1
2024-11-14,PHC_013,nurse,3,3,0
2024-11-14,PHC_013,pharmacist,1,1,0
2024-11-14,PHC_014,doctor,2,1,1
2024-11-14,PHC_014,nurse,4,3,1
2024-11-14,PHC_014,pharmacist,1,1,0
2024-11-14,PHC_015,doctor,2,2,0
2024-11-14,PHC_015,nurse,9,8,1
2024-11-14,PHC_015,pharmacist,1,1,0
2024-11-15,PHC_001,doctor,2,2,0
2024-11-15,PHC_001,nurse,7,5,2
2024-11-15,PHC_002,doctor,2,2,0
2024-11-15,PHC_002,nurse,7,6,1
2024-11-15,PHC_002,pharmacist,3,2,1
2024-11-15,PHC_003,doctor,2,2,0
2024-11-15,PHC_003,nurse,8,4,4
2024-11-15,PHC_003,pharmacist,2,2,0
2024-11-15,PHC_004,doctor,2,1,1
2024-11-15,PHC_004,nurse,4,2,2
2024-11-15,PHC_004,pharmacist,1,0,1
2024-11-15,PHC_005,doctor,2,2,0
2024-11-15,PHC_005,nurse,5,4,1
2024-11-15,PHC_006,doctor,3,2,1
2024-11-15,PHC_006,nurse,9,7,2
2024-11-15,PHC_006,pharmacist,2,1,1
2024-11-15,PHC_007,doctor,2,1,1
2024-11-15,PHC_007,nurse,5,5,0
2024-11-15,PHC_007,pharmacist,1,1,0
2024-11-15,PHC_008,doctor,2,2,0
2024-11-15,PHC_008,nurse,5,2,3
2024-11-15,PHC_008,pharmacist,1,1,0
2024-11-15,PHC_009,doctor,2,1,1
2024-11-15,PHC_009,nurse,8,6,2
2024-11-15,PHC_009,pharmacist,3,3,0
2024-11-15,PHC_010,doctor,3,3,0
2024-11-15,PHC_010,nurse,3,2,1
2024-11-15,PHC_010,pharmacist,1,1,0
2024-11-15,PHC_011,doctor,3,3,0
2024-11-15,PHC_011,nurse,7,7,0
2024-11-15,PHC_011,pharmacist,2,2,0
2024-11-15,PHC_012,doctor,2,1,1
2024-11-15,PHC_012,nurse,4,4,0
2024-11-15,PHC_012,pharmacist,1,1,0
2024-11-15,PHC_013,doctor,3,3,0
2024-11-15,PHC_013,nurse,6,5,1
2024-11-15,PHC_014,doctor,3,2,1
2024-11-15,PHC_014,nurse,3,3,0
2024-11-15,PHC_014,pharmacist,1,1,0
2024-11-15,PHC_015,doctor,2,2,0
2024-11-15,PHC_015,nurse,6,3,3
2024-11-15,PHC_015,pharmacist,2,2,0
2024-11-16,PHC_001,doctor,2,1,1
2024-11-16,PHC_001,nurse,7,3,4
2024-11-16,PHC_001,pharmacist,1,1,0
2024-11-16,PHC_002,doctor,1,1,0
2024-11-16,PHC_002,nurse,8,6,2
2024-11-16,PHC_002,pharmacist,3,1,2
2024-11-16,PHC_003,doctor,2,2,0
2024-11-16,PHC_003,nurse,8,7,1
2024-11-16,PHC_003,pharmacist,2,1,1
2024-11-16,PHC_004,doctor,1,0,1
2024-11-16,PHC_004,nurse,5,4,1
2024-11-16,PHC_004,pharmacist,1,1,0
2024-11-16,PHC_005,doctor,2,1,1
2024-11-16,PHC_005,nurse,4,3,1
2024-11-16,PHC_006,doctor,3,3,0
2024-11-16,PHC_006,nurse,9,7,2
2024-11-16,PHC_006,pharmacist,1,1,0
2024-11-16,PHC_007,doctor,2,2,0
2024-11-16,PHC_007,nurse,5,5,0
2024-11-16,PHC_007,pharmacist,1,1,0
2024-11-16,PHC_008,doctor,2,2,0
2024-11-16,PHC_008,nurse,4,2,2
2024-11-16,PHC_009,doctor,2,2,0
2024-11-16,PHC_009,nurse,8,8,0
2024-11-16,PHC_009,pharmacist,3,2,1
2024-11-16,PHC_010,doctor,3,3,0
2024-11-16,PHC_010,nurse,4,3,1
2024-11-16,PHC_010,pharmacist,1,1,0
2024-11-16,PHC_011,doctor,3,2,1
2024-11-16,PHC_011,nurse,6,4,2
2024-11-16,PHC_011,pharmacist,1,1,0
2024-11-16,PHC_012,doctor,2,2,0
2024-11-16,PHC_012,nurse,4,3,1
2024-11-16,PHC_012,pharmacist,2,2,0
2024-11-16,PHC_013,doctor,2,2,0
2024-11-16,PHC_013,nurse,5,3,2
2024-11-16,PHC_013,pharmacist,1,1,0
2024-11-16,PHC_014,doctor,3,2,1
2024-11-16,PHC_014,nurse,3,3,0
2024-11-16,PHC_014,pharmacist,2,1,1
2024-11-16,PHC_015,doctor,2,2,0
2024-11-16,PHC_015,nurse,7,4,3
2024-11-16,PHC_015,pharmacist,3,2,1
2024-11-17,PHC_001,doctor,3,1,2
2024-11-17,PHC_001,nurse,7,5,2
2024-11-17,PHC_001,pharmacist,1,0,1
2024-11-17,PHC_002,doctor,1,1,0
2024-11-17,PHC_002,nurse,5,3,2
2024-11-17,PHC_002,pharmacist,3,2,1
2024-11-17,PHC_003,doctor,2,1,1
2024-11-17,PHC_003,nurse,8,6,2
2024-11-17,PHC_003,pharmacist,1,1,0
2024-11-17,PHC_004,doctor,2,0,2
2024-11-17,PHC_004,nurse,6,2,4
2024-11-17,PHC_004,pharmacist,1,0,1
2024-11-17,PHC_005,doctor,1,1,0
2024-11-17,PHC_005,nurse,6,4,2
2024-11-17,PHC_005,pharmacist,1,1,0
2024-11-17,PHC_006,doctor,3,2,1
2024-11-17,PHC_006,nurse,9,7,2
2024-11-17,PHC_006,pharmacist,1,1,0
2024-11-17,PHC_007,doctor,2,2,0
2024-11-17,PHC_007,nurse,4,2,2
2024-11-17,PHC_007,pharmacist,1,1,0
2024-11-17,PHC_008,doctor,2,2,0
2024-11-17,PHC_008,nurse,4,2,2
2024-11-17,PHC_009,doctor,2,2,0
2024-11-17,PHC_009,nurse,5,5,0
2024-11-17,PHC_009,pharmacist,2,2,0
2024-11-17,PHC_010,doctor,2,1,1
2024-11-17,PHC_010,nurse,4,3,1
2024-11-17,PHC_011,doctor,2,2,0
2024-11-17,PHC_011,nurse,8,4,4
2024-11-17,PHC_011,pharmacist,1,1,0
2024-11-17,PHC_012,doctor,2,2,0
2024-11-17,PHC_012,nurse,4,2,2
2024-11-17,PHC_012,pharmacist,1,1,0
2024-11-17,PHC_013,doctor,3,2,1
2024-11-17,PHC_013,nurse,6,6,0
2024-11-17,PHC_013,pharmacist,1,1,0
2024-11-17,PHC_014,doctor,3,3,0
2024-11-17,PHC_014,nurse,4,3,1
2024-11-17,PHC_014,pharmacist,1,1,0
2024-11-17,PHC_015,doctor,1,1,0
2024-11-17,PHC_015,nurse,8,5,3
2024-11-17,PHC_015,pharmacist,2,2,0
2024-11-18,PHC_001,doctor,3,3,0
2024-11-18,PHC_001,nurse,5,5,0
2024-11-18,PHC_001,pharmacist,1,1,0
2024-11-18,PHC_002,doctor,1,1,0
2024-11-18,PHC_002,nurse,6,6,0
2024-11-18,PHC_002,pharmacist,3,1,2
2024-11-18,PHC_003,doctor,3,3,0
2024-11-18,PHC_003,nurse,8,7,1
2024-11-18,PHC_003,pharmacist,2,1,1
2024-11-18,PHC_004,doctor,1,1,0
2024-11-18,PHC_004,nurse,5,2,3
2024-11-18,PHC_004,pharmacist,1,1,0
2024-11-18,PHC_005,doctor,2,2,0
2024-11-18,PHC_005,nurse,6,5,1
2024-11-18,PHC_005,pharmacist,1,1,0
2024-11-18,PHC_006,doctor,3,3,0
2024-11-18,PHC_006,nurse,10,8,2
2024-11-18,PHC_006,pharmacist,2,1,1
2024-11-18,PHC_007,doctor,2,1,1
2024-11-18,PHC_007,nurse,4,4,0
2024-11-18,PHC_007,pharmacist,1,1,0
2024-11-18,PHC_008,doctor,2,2,0
2024-11-18,PHC_008,nurse,4,2,2
2024-11-18,PHC_008,pharmacist,1,1,0
2024-11-18,PHC_009,doctor,2,2,0
2024-11-18,PHC_009,nurse,6,6,0
2024-11-18,PHC_009,pharmacist,3,2,1
2024-11-18,PHC_010,doctor,3,2,1
2024-11-18,PHC_010,nurse,4,3,1
2024-11-18,PHC_011,doctor,3,2,1
2024-11-18,PHC_011,nurse,6,5,1
2024-11-18,PHC_011,pharmacist,1,0,1
2024-11-18,PHC_012,doctor,2,1,1
2024-11-18,PHC_012,nurse,4,3,1
2024-11-18,PHC_012,pharmacist,2,1,1
2024-11-18,PHC_013,doctor,3,3,0
2024-11-18,PHC_013,nurse,5,4,1
2024-11-18,PHC_013,pharmacist,1,1,0
2024-11-18,PHC_014,doctor,3,1,2
2024-11-18,PHC_014,nurse,4,3,1
2024-11-18,PHC_014,pharmacist,2,2,0
2024-11-18,PHC_015,doctor,2,1,1
2024-11-18,PHC_015,nurse,6,6,0
2024-11-18,PHC_015,pharmacist,3,3,0
2024-11-19,PHC_001,doctor,2,1,1
2024-11-19,PHC_001,nurse,6,4,2
2024-11-19,PHC_002,doctor,1,1,0
2024-11-19,PHC_002,nurse,8,7,1
2024-11-19,PHC_002,pharmacist,3,3,0
2024-11-19,PHC_003,doctor,2,2,0
2024-11-19,PHC_003,nurse,7,6,1
2024-11-19,PHC_003,pharmacist,2,2,0
2024-11-19,PHC_004,doctor,1,1,0
2024-11-19,PHC_004,nurse,5,5,0
2024-11-19,PHC_005,doctor,2,1,1
2024-11-19,PHC_005,nurse,6,4,2
2024-11-19,PHC_005,pharmacist,1,1,0
2024-11-19,PHC_006,doctor,3,3,0
2024-11-19,PHC_006,nurse,8,7,1
2024-11-19,PHC_006,pharmacist,2,1,1
2024-11-19,PHC_007,doctor,2,2,0
2024-11-19,PHC_007,nurse,5,4,1
2024-11-19,PHC_007,pharmacist,1,1,0
2024-11-19,PHC_008,doctor,2,2,0
2024-11-19,PHC_008,nurse,4,3,1
2024-11-19,PHC_008,pharmacist,1,1,0
2024-11-19,PHC_009,doctor,2,2,0
2024-11-19,PHC_009,nurse,8,7,1
2024-11-19,PHC_009,pharmacist,3,2,1
2024-11-19,PHC_010,doctor,2,2,0
2024-11-19,PHC_010,nurse,5,4,1
2024-11-19,PHC_011,doctor,2,2,0
2024-11-19,PHC_011,nurse,5,4,1
2024-11-19,PHC_011,pharmacist,2,1,1
2024-11-19,PHC_012,doctor,2,2,0
2024-11-19,PHC_012,nurse,4,4,0
2024-11-19,PHC_012,pharmacist,2,1,1
2024-11-19,PHC_013,doctor,3,3,0
2024-11-19,PHC_013,nurse,5,5,0
2024-11-19,PHC_013,pharmacist,1,1,0
2024-11-19,PHC_014,doctor,2,2,0
2024-11-19,PHC_014,nurse,5,5,0
2024-11-19,PHC_014,pharmacist,2,2,0
2024-11-19,PHC_015,doctor,2,2,0
2024-11-19,PHC_015,nurse,8,6,2
2024-11-19,PHC_015,pharmacist,3,3,0
2024-11-20,PHC_001,doctor,3,2,1
2024-11-20,PHC_001,nurse,7,3,4
2024-11-20,PHC_001,pharmacist,1,1,0
2024-11-20,PHC_002,doctor,2,2,0
2024-11-20,PHC_002,nurse,7,7,0
2024-11-20,PHC_002,pharmacist,3,2,1
2024-11-20,PHC_003,doctor,2,1,1
2024-11-20,PHC_003,nurse,8,7,1
2024-11-20,PHC_003,pharmacist,2,2,0
2024-11-20,PHC_004,doctor,2,2,0
2024-11-20,PHC_004,nurse,6,4,2
2024-11-20,PHC_004,pharmacist,1,1,0
2024-11-20,PHC_005,doctor,2,2,0
2024-11-20,PHC_005,nurse,6,4,2
2024-11-20,PHC_005,pharmacist,1,1,0
2024-11-20,PHC_006,doctor,3,3,0
2024-11-20,PHC_006,nurse,8,7,1
2024-11-20,PHC_006,pharmacist,2,1,1
2024-11-20,PHC_007,doctor,2,1,1
2024-11-20,PHC_007,nurse,4,3,1
2024-11-20,PHC_007,pharmacist,1,1,0
2024-11-20,PHC_008,doctor,2,2,0
2024-11-20,PHC_008,nurse,5,5,0
2024-11-20,PHC_008,pharmacist,1,1,0
2024-11-20,PHC_009,doctor,2,2,0
2024-11-20,PHC_009,nurse,6,5,1
2024-11-20,PHC_009,pharmacist,2,1,1
2024-11-20,PHC_010,doctor,3,3,0
2024-11-20,PHC_010,nurse,5,4,1
2024-11-20,PHC_010,pharmacist,1,1,0
2024-11-20,PHC_011,doctor,3,1,2
2024-11-20,PHC_011,nurse,7,5,2
2024-11-20,PHC_011,pharmacist,2,2,0
2024-11-20,PHC_012,doctor,2,2,0
2024-11-20,PHC_012,nurse,3,3,0
2024-11-20,PHC_012,pharmacist,1,0,1
2024-11-20,PHC_013,doctor,2,2,0
2024-11-20,PHC_013,nurse,5,4,1
2024-11-20,PHC_014,doctor,2,1,1
2024-11-20,PHC_014,nurse,4,3,1
2024-11-20,PHC_014,pharmacist,2,2,0
2024-11-20,PHC_015,doctor,2,1,1
2024-11-20,PHC_015,nurse,8,6,2
2024-11-20,PHC_015,pharmacist,3,3,0
2024-11-21,PHC_001,doctor,2,1,1
2024-11-21,PHC_001,nurse,6,4,2
2024-11-21,PHC_001,pharmacist,1,0,1
2024-11-21,PHC_002,doctor,1,0,1
2024-11-21,PHC_002,nurse,7,6,1
2024-11-21,PHC_002,pharmacist,2,2,0
2024-11-21,PHC_003,doctor,2,2,0
2024-11-21,PHC_003,nurse,8,3,5
2024-11-21,PHC_003,pharmacist,2,1,1
2024-11-21,PHC_004,doctor,2,2,0
2024-11-21,PHC_004,nurse,4,3,1
2024-11-21,PHC_004,pharmacist,1,1,0
2024-11-21,PHC_005,doctor,2,0,2
2024-11-21,PHC_005,nurse,4,2,2
2024-11-21,PHC_005,pharmacist,1,1,0
2024-11-21,PHC_006,doctor,3,2,1
2024-11-21,PHC_006,nurse,9,9,0
2024-11-21,PHC_006,pharmacist,2,1,1
2024-11-21,PHC_007,doctor,2,2,0
2024-11-21,PHC_007,nurse,5,4,1
2024-11-21,PHC_008,doctor,2,2,0
2024-11-21,PHC_008,nurse,5,3,2
2024-11-21,PHC_008,pharmacist,1,1,0
2024-11-21,PHC_009,doctor,1,1,0
2024-11-21,PHC_009,nurse,7,6,1
2024-11-21,PHC_009,pharmacist,3,2,1
2024-11-21,PHC_010,doctor,3,2,1
2024-11-21,PHC_010,nurse,3,3,0
2024-11-21,PHC_010,pharmacist,1,1,0
2024-11-21,PHC_011,doctor,3,3,0
2024-11-21,PHC_011,nurse,7,6,1
2024-11-21,PHC_011,pharmacist,1,1,0
2024-11-21,PHC_012,nurse,3,3,0
2024-11-21,PHC_012,pharmacist,2,2,0
2024-11-21,PHC_013,doctor,3,3,0
2024-11-21,PHC_013,nurse,5,2,3
2024-11-21,PHC_013,pharmacist,1,1,0
2024-11-21,PHC_014,doctor,3,3,0
2024-11-21,PHC_014,nurse,5,5,0
2024-11-21,PHC_014,pharmacist,2,1,1
2024-11-21,PHC_015,doctor,1,1,0
2024-11-21,PHC_015,nurse,8,6,2
2024-11-21,PHC_015,pharmacist,3,3,0
2024-11-22,PHC_001,doctor,1,1,0
2024-11-22,PHC_001,nurse,4,4,0
2024-11-22,PHC_001,pharmacist,1,0,1
2024-11-22,PHC_002,doctor,1,1,0
2024-11-22,PHC_002,nurse,8,5,3
2024-11-22,PHC_002,pharmacist,1,1,0
2024-11-22,PHC_003,doctor,2,2,0
2024-11-22,PHC_003,nurse,6,5,1
2024-11-22,PHC_003,pharmacist,2,1,1
2024-11-22,PHC_004,doctor,2,1,1
2024-11-22,PHC_004,nurse,4,3,1
2024-11-22,PHC_005,doctor,2,2,0
2024-11-22,PHC_005,nurse,5,5,0
2024-11-22,PHC_005,pharmacist,1,1,0
2024-11-22,PHC_006,doctor,2,2,0
2024-11-22,PHC_006,nurse,7,6,1
2024-11-22,PHC_006,pharmacist,1,1,0
2024-11-22,PHC_007,doctor,2,1,1
2024-11-22,PHC_007,nurse,5,4,1
2024-11-22,PHC_007,pharmacist,1,1,0
2024-11-22,PHC_008,doctor,2,2,0
2024-11-22,PHC_008,nurse,5,4,1
2024-11-22,PHC_008,pharmacist,1,1,0
2024-11-22,PHC_009,doctor,2,2,0
2024-11-22,PHC_009,nurse,7,7,0
2024-11-22,PHC_009,pharmacist,3,2,1
2024-11-22,PHC_010,doctor,3,3,0
2024-11-22,PHC_010,nurse,3,1,2
2024-11-22,PHC_010,pharmacist,1,1,0
2024-11-22,PHC_011,doctor,3,2,1
2024-11-22,PHC_011,nurse,7,6,1
2024-11-22,PHC_011,pharmacist,2,1,1
2024-11-22,PHC_012,doctor,2,2,0
2024-11-22,PHC_012,nurse,4,3,1
2024-11-22,PHC_012,pharmacist,2,2,0
2024-11-22,PHC_013,doctor,3,2,1
2024-11-22,PHC_013,nurse,6,4,2
2024-11-22,PHC_013,pharmacist,1,1,0
2024-11-22,PHC_014,doctor,3,3,0
2024-11-22,PHC_014,nurse,3,3,0
2024-11-22,PHC_015,doctor,1,1,0
2024-11-22,PHC_015,nurse,8,6,2
2024-11-22,PHC_015,pharmacist,3,3,0
2024-11-23,PHC_001,doctor,2,2,0
2024-11-23,PHC_001,nurse,6,4,2
2024-11-23,PHC_001,pharmacist,1,0,1
2024-11-23,PHC_002,doctor,2,1,1
2024-11-23,PHC_002,nurse,7,6,1
2024-11-23,PHC_002,pharmacist,2,1,1
2024-11-23,PHC_003,doctor,3,2,1
2024-11-23,PHC_003,nurse,8,8,0
2024-11-23,PHC_003,pharmacist,1,1,0
2024-11-23,PHC_004,doctor,1,1,0
2024-11-23,PHC_004,nurse,2,1,1
2024-11-23,PHC_004,pharmacist,1,1,0
2024-11-23,PHC_005,doctor,2,1,1
2024-11-23,PHC_005,nurse,6,5,1
2024-11-23,PHC_005,pharmacist,1,0,1
2024-11-23,PHC_006,doctor,3,3,0
2024-11-23,PHC_006,nurse,8,4,4
2024-11-23,PHC_006,pharmacist,2,2,0
2024-11-23,PHC_007,doctor,2,2,0
2024-11-23,PHC_007,nurse,5,2,3
2024-11-23,PHC_008,doctor,1,1,0
2024-11-23,PHC_008,nurse,5,4,1
2024-11-23,PHC_008,pharmacist,1,1,0
2024-11-23,PHC_009,doctor,2,2,0
2024-11-23,PHC_009,nurse,6,4,2
2024-11-23,PHC_009,pharmacist,3,1,2
2024-11-23,PHC_010,doctor,2,2,0
2024-11-23,PHC_010,nurse,5,3,2
2024-11-23,PHC_010,pharmacist,1,1,0
2024-11-23,PHC_011,doctor,3,3,0
2024-11-23,PHC_011,nurse,6,5,1
2024-11-23,PHC_011,pharmacist,1,1,0
2024-11-23,PHC_012,doctor,1,1,0
2024-11-23,PHC_012,nurse,3,3,0
2024-11-23,PHC_012,pharmacist,1,1,0
2024-11-23,PHC_013,doctor,3,3,0
2024-11-23,PHC_013,nurse,5,3,2
2024-11-23,PHC_013,pharmacist,1,1,0
2024-11-23,PHC_014,doctor,3,3,0
2024-11-23,PHC_014,nurse,5,5,0
2024-11-23,PHC_014,pharmacist,2,2,0
2024-11-23,PHC_015,doctor,1,1,0
2024-11-23,PHC_015,nurse,8,6,2
2024-11-23,PHC_015,pharmacist,1,1,0
2024-11-24,PHC_001,doctor,2,2,0
2024-11-24,PHC_001,nurse,7,6,1
2024-11-24,PHC_001,pharmacist,1,1,0
2024-11-24,PHC_002,doctor,2,2,0
2024-11-24,PHC_002,nurse,7,5,2
2024-11-24,PHC_002,pharmacist,3,1,2
2024-11-24,PHC_003,doctor,3,1,2
2024-11-24,PHC_003,nurse,8,6,2
2024-11-24,PHC_003,pharmacist,1,1,0
2024-11-24,PHC_004,doctor,2,2,0
2024-11-24,PHC_004,nurse,6,3,3
2024-11-24,PHC_005,doctor,2,1,1
2024-11-24,PHC_005,nurse,4,4,0
2024-11-24,PHC_005,pharmacist,1,1,0
2024-11-24,PHC_006,doctor,2,2,0
2024-11-24,PHC_006,nurse,9,7,2
2024-11-24,PHC_006,pharmacist,2,0,2
2024-11-24,PHC_007,doctor,1,1,0
2024-11-24,PHC_007,nurse,5,4,1
2024-11-24,PHC_007,pharmacist,1,1,0
2024-11-24,PHC_008,doctor,2,1,1
2024-11-24,PHC_008,nurse,5,4,1
2024-11-24,PHC_008,pharmacist,1,1,0
2024-11-24,PHC_009,doctor,1,1,0
2024-11-24,PHC_009,nurse,6,6,0
2024-11-24,PHC_009,pharmacist,2,1,1
2024-11-24,PHC_010,doctor,3,1,2
2024-11-24,PHC_010,nurse,4,4,0
2024-11-24,PHC_010,pharmacist,1,1,0
2024-11-24,PHC_011,doctor,2,1,1
2024-11-24,PHC_011,nurse,6,6,0
2024-11-24,PHC_011,pharmacist,2,2,0
2024-11-24,PHC_012,doctor,2,1,1
2024-11-24,PHC_012,nurse,4,2,2
2024-11-24,PHC_012,pharmacist,2,2,0
2024-11-24,PHC_013,doctor,3,2,1
2024-11-24,PHC_013,nurse,6,4,2
2024-11-24,PHC_014,doctor,3,2,1
2024-11-24,PHC_014,nurse,4,3,1
2024-11-24,PHC_014,pharmacist,2,2,0
2024-11-24,PHC_015,doctor,2,2,0
2024-11-24,PHC_015,nurse,9,5,4
2024-11-24,PHC_015,pharmacist,2,1,1
2024-11-25,PHC_001,doctor,2,1,1
2024-11-25,PHC_001,nurse,6,6,0
2024-11-25,PHC_001,pharmacist,1,1,0
2024-11-25,PHC_002,doctor,2,1,1
2024-11-25,PHC_002,nurse,8,5,3
2024-11-25,PHC_002,pharmacist,2,2,0
2024-11-25,PHC_003,doctor,3,3,0
2024-11-25,PHC_003,nurse,7,7,0
2024-11-25,PHC_003,pharmacist,2,2,0
2024-11-25,PHC_004,doctor,1,1,0
2024-11-25,PHC_004,nurse,6,3,3
2024-11-25,PHC_005,doctor,1,1,0
2024-11-25,PHC_005,nurse,5,3,2
2024-11-25,PHC_005,pharmacist,1,1,0
2024-11-25,PHC_006,doctor,1,1,0
2024-11-25,PHC_006,nurse,7,5,2
2024-11-25,PHC_006,pharmacist,2,1,1
2024-11-25,PHC_007,doctor,2,2,0
2024-11-25,PHC_007,nurse,5,4,1
2024-11-25,PHC_007,pharmacist,1,1,0
2024-11-25,PHC_008,doctor,2,2,0
2024-11-25,PHC_008,nurse,4,1,3
2024-11-25,PHC_008,pharmacist,1,0,1
2024-11-25,PHC_009,doctor,1,1,0
2024-11-25,PHC_009,nurse,6,6,0
2024-11-25,PHC_009,pharmacist,2,1,1
2024-11-25,PHC_010,doctor,3,3,0
2024-11-25,PHC_010,nurse,5,4,1
2024-11-25,PHC_010,pharmacist,1,1,0
2024-11-25,PHC_011,doctor,2,2,0
2024-11-25,PHC_011,nurse,7,7,0
2024-11-25,PHC_011,pharmacist,2,2,0
2024-11-25,PHC_012,doctor,2,2,0
2024-11-25,PHC_012,nurse,4,3,1
2024-11-25,PHC_012,pharmacist,2,2,0
2024-11-25,PHC_013,doctor,3,3,0
2024-11-25,PHC_013,nurse,6,6,0
2024-11-25,PHC_013,pharmacist,1,1,0
2024-11-25,PHC_014,doctor,3,3,0
2024-11-25,PHC_014,nurse,4,4,0
2024-11-25,PHC_014,pharmacist,2,2,0
2024-11-25,PHC_015,doctor,1,1,0
2024-11-25,PHC_015,nurse,8,6,2
2024-11-25,PHC_015,pharmacist,3,3,0
2024-11-26,PHC_001,doctor,2,2,0
2024-11-26,PHC_001,nurse,6,4,2
2024-11-26,PHC_002,doctor,2,2,0
2024-11-26,PHC_002,nurse,7,6,1
2024-11-26,PHC_002,pharmacist,1,1,0
2024-11-26,PHC_003,doctor,3,3,0
2024-11-26,PHC_003,nurse,8,6,2
2024-11-26,PHC_003,pharmacist,1,1,0
2024-11-26,PHC_004,doctor,2,2,0
2024-11-26,PHC_004,nurse,6,4,2
2024-11-26,PHC_005,doctor,2,2,0
2024-11-26,PHC_005,nurse,5,5,0
2024-11-26,PHC_005,pharmacist,1,1,0
2024-11-26,PHC_006,doctor,2,2,0
2024-11-26,PHC_006,nurse,7,6,1
2024-11-26,PHC_006,pharmacist,2,1,1
2024-11-26,PHC_007,doctor,1,1,0
2024-11-26,PHC_007,nurse,4,2,2
2024-11-26,PHC_008,doctor,2,1,1
2024-11-26,PHC_008,nurse,5,5,0
2024-11-26,PHC_008,pharmacist,1,1,0
2024-11-26,PHC_009,doctor,2,2,0
2024-11-26,PHC_009,nurse,5,5,0
2024-11-26,PHC_009,pharmacist,3,2,1
2024-11-26,PHC_010,doctor,3,2,1
2024-11-26,PHC_010,nurse,5,5,0
2024-11-26,PHC_010,pharmacist,1,0,1
2024-11-26,PHC_011,doctor,3,3,0
2024-11-26,PHC_011,nurse,7,6,1
2024-11-26,PHC_011,pharmacist,2,2,0
2024-11-26,PHC_012,doctor,2,2,0
2024-11-26,PHC_012,nurse,4,3,1
2024-11-26,PHC_012,pharmacist,2,2,0
2024-11-26,PHC_013,doctor,3,1,2
2024-11-26,PHC_013,nurse,4,2,2
2024-11-26,PHC_013,pharmacist,1,0,1
2024-11-26,PHC_014,doctor,3,2,1
2024-11-26,PHC_014,nurse,5,5,0
2024-11-26,PHC_014,pharmacist,1,1,0
2024-11-26,PHC_015,doctor,2,2,0
2024-11-26,PHC_015,nurse,7,4,3
2024-11-26,PHC_015,pharmacist,2,2,0
2024-11-27,PHC_001,doctor,1,1,0
2024-11-27,PHC_001,nurse,7,5,2
2024-11-27,PHC_001,pharmacist,1,1,0
2024-11-27,PHC_002,doctor,2,2,0
2024-11-27,PHC_002,nurse,8,6,2
2024-11-27,PHC_002,pharmacist,2,1,1
2024-11-27,PHC_003,doctor,3,3,0
2024-11-27,PHC_003,nurse,9,9,0
2024-11-27,PHC_003,pharmacist,2,1,1
2024-11-27,PHC_004,doctor,1,1,0
2024-11-27,PHC_004,nurse,5,5,0
2024-11-27,PHC_004,pharmacist,1,1,0
2024-11-27,PHC_005,doctor,1,1,0
2024-11-27,PHC_005,nurse,4,3,1
2024-11-27,PHC_005,pharmacist,1,0,1
2024-11-27,PHC_006,doctor,3,2,1
2024-11-27,PHC_006,nurse,7,4,3
2024-11-27,PHC_006,pharmacist,2,1,1
2024-11-27,PHC_007,doctor,2,2,0
2024-11-27,PHC_007,nurse,4,1,3
2024-11-27,PHC_007,pharmacist,1,1,0
2024-11-27,PHC_008,doctor,2,2,0
2024-11-27,PHC_008,nurse,5,3,2
2024-11-27,PHC_008,pharmacist,1,1,0
2024-11-27,PHC_009,doctor,2,2,0
2024-11-27,PHC_009,nurse,7,7,0
2024-11-27,PHC_009,pharmacist,2,2,0
2024-11-27,PHC_010,doctor,3,3,0
2024-11-27,PHC_010,nurse,5,5,0
2024-11-27,PHC_010,pharmacist,1,1,0
2024-11-27,PHC_011,doctor,2,1,1
2024-11-27,PHC_011,nurse,6,4,2
2024-11-27,PHC_011,pharmacist,2,1,1
2024-11-27,PHC_012,doctor,2,2,0
2024-11-27,PHC_012,nurse,3,2,1
2024-11-27,PHC_012,pharmacist,2,2,0
2024-11-27,PHC_013,doctor,2,2,0
2024-11-27,PHC_013,nurse,6,6,0
2024-11-27,PHC_013,pharmacist,1,1,0
2024-11-27,PHC_014,doctor,3,2,1
2024-11-27,PHC_014,nurse,3,2,1
2024-11-27,PHC_014,pharmacist,1,1,0
2024-11-27,PHC_015,doctor,2,2,0
2024-11-27,PHC_015,nurse,7,6,1
2024-11-27,PHC_015,pharmacist,2,1,1
2024-11-28,PHC_001,doctor,3,2,1
2024-11-28,PHC_001,nurse,6,5,1
2024-11-28,PHC_001,pharmacist,1,1,0
2024-11-28,PHC_002,doctor,2,2,0
2024-11-28,PHC_002,nurse,8,7,1
2024-11-28,PHC_002,pharmacist,3,2,1
2024-11-28,PHC_003,doctor,2,2,0
2024-11-28,PHC_003,nurse,8,8,0
2024-11-28,PHC_003,pharmacist,2,2,0
2024-11-28,PHC_004,doctor,1,1,0
2024-11-28,PHC_004,nurse,6,5,1
2024-11-28,PHC_004,pharmacist,1,1,0
2024-11-28,PHC_005,doctor,1,1,0
2024-11-28,PHC_005,nurse,4,2,2
2024-11-28,PHC_005,pharmacist,1,1,0
2024-11-28,PHC_006,doctor,2,2,0
2024-11-28,PHC_006,nurse,9,7,2
2024-11-28,PHC_006,pharmacist,2,1,1
2024-11-28,PHC_007,doctor,2,2,0
2024-11-28,PHC_007,nurse,4,2,2
2024-11-28,PHC_007,pharmacist,1,1,0
2024-11-28,PHC_008,doctor,1,1,0
2024-11-28,PHC_008,nurse,4,4,0
2024-11-28,PHC_009,doctor,2,2,0
2024-11-28,PHC_009,nurse,7,7,0
2024-11-28,PHC_009,pharmacist,3,3,0
2024-11-28,PHC_010,doctor,2,2,0
2024-11-28,PHC_010,nurse,5,5,0
2024-11-28,PHC_010,pharmacist,1,1,0
2024-11-28,PHC_011,doctor,3,3,0
2024-11-28,PHC_011,nurse,8,7,1
2024-11-28,PHC_011,pharmacist,2,1,1
2024-11-28,PHC_012,doctor,2,1,1
2024-11-28,PHC_012,nurse,4,2,2
2024-11-28,PHC_012,pharmacist,1,0,1
2024-11-28,PHC_013,doctor,3,3,0
2024-11-28,PHC_013,nurse,5,5,0
2024-11-28,PHC_013,pharmacist,1,1,0
2024-11-28,PHC_014,doctor,3,3,0
2024-11-28,PHC_014,nurse,4,3,1
2024-11-28,PHC_014,pharmacist,2,2,0
2024-11-28,PHC_015,doctor,2,1,1
2024-11-28,PHC_015,nurse,8,7,1
2024-11-28,PHC_015,pharmacist,3,3,0
2024-11-29,PHC_001,doctor,2,2,0
2024-11-29,PHC_001,nurse,3,2,1
2024-11-29,PHC_002,doctor,2,2,0
2024-11-29,PHC_002,nurse,8,6,2
2024-11-29,PHC_002,pharmacist,3,2,1
2024-11-29,PHC_003,doctor,2,1,1
2024-11-29,PHC_003,nurse,7,5,2
2024-11-29,PHC_003,pharmacist,2,2,0
2024-11-29,PHC_004,doctor,2,2,0
2024-11-29,PHC_004,nurse,6,5,1
2024-11-29,PHC_004,pharmacist,1,1,0
2024-11-29,PHC_005,doctor,2,1,1
2024-11-29,PHC_005,nurse,6,5,1
2024-11-29,PHC_005,pharmacist,1,1,0
2024-11-29,PHC_006,doctor,1,1,0
2024-11-29,PHC_006,nurse,9,7,2
2024-11-29,PHC_006,pharmacist,1,1,0
2024-11-29,PHC_007,doctor,2,1,1
2024-11-29,PHC_007,nurse,3,2,1
2024-11-29,PHC_007,pharmacist,1,1,0
2024-11-29,PHC_008,doctor,2,2,0
2024-11-29,PHC_008,nurse,5,4,1
2024-11-29,PHC_008,pharmacist,1,1,0
2024-11-29,PHC_009,doctor,2,1,1
2024-11-29,PHC_009,nurse,7,6,1
2024-11-29,PHC_009,pharmacist,2,2,0
2024-11-29,PHC_010,doctor,3,2,1
2024-11-29,PHC_010,nurse,5,4,1
2024-11-29,PHC_010,pharmacist,1,1,0
2024-11-29,PHC_011,doctor,3,3,0
2024-11-29,PHC_011,nurse,7,7,0
2024-11-29,PHC_011,pharmacist,2,2,0
2024-11-29,PHC_012,doctor,2,1,1
2024-11-29,PHC_012,nurse,3,3,0
2024-11-29,PHC_012,pharmacist,2,2,0
2024-11-29,PHC_013,doctor,3,3,0
2024-11-29,PHC_013,nurse,6,6,0
2024-11-29,PHC_014,doctor,1,1,0
2024-11-29,PHC_014,nurse,4,2,2
2024-11-29,PHC_014,pharmacist,2,2,0
2024-11-29,PHC_015,doctor,2,1,1
2024-11-29,PHC_015,nurse,7,7,0
2024-11-29,PHC_015,pharmacist,3,2,1
2024-11-30,PHC_001,doctor,2,2,0
2024-11-30,PHC_001,nurse,7,6,1
2024-11-30,PHC_001,pharmacist,1,0,1
2024-11-30,PHC_002,doctor,2,2,0
2024-11-30,PHC_002,nurse,6,6,0
2024-11-30,PHC_002,pharmacist,2,2,0
2024-11-30,PHC_003,doctor,3,3,0
2024-11-30,PHC_003,nurse,9,7,2
2024-11-30,PHC_003,pharmacist,2,2,0
2024-11-30,PHC_004,doctor,2,1,1
2024-11-30,PHC_004,nurse,5,4,1
2024-11-30,PHC_004,pharmacist,1,1,0
2024-11-30,PHC_005,doctor,2,2,0
2024-11-30,PHC_005,nurse,5,4,1
2024-11-30,PHC_006,doctor,1,1,0
2024-11-30,PHC_006,nurse,8,4,4
2024-11-30,PHC_006,pharmacist,1,1,0
2024-11-30,PHC_007,doctor,2,2,0
2024-11-30,PHC_007,nurse,4,4,0
2024-11-30,PHC_007,pharmacist,1,1,0
2024-11-30,PHC_008,doctor,1,1,0
2024-11-30,PHC_008,nurse,4,4,0
2024-11-30,PHC_008,pharmacist,1,1,0
2024-11-30,PHC_009,doctor,2,2,0
2024-11-30,PHC_009,nurse,8,6,2
2024-11-30,PHC_009,pharmacist,2,2,0
2024-11-30,PHC_010,doctor,3,3,0
2024-11-30,PHC_010,nurse,5,5,0
2024-11-30,PHC_010,pharmacist,1,1,0
2024-11-30,PHC_011,doctor,3,3,0
2024-11-30,PHC_011,nurse,5,3,2
2024-11-30,PHC_011,pharmacist,2,2,0
2024-11-30,PHC_012,doctor,2,2,0
2024-11-30,PHC_012,nurse,3,2,1
2024-11-30,PHC_012,pharmacist,1,1,0
2024-11-30,PHC_013,doctor,2,2,0
2024-11-30,PHC_013,nurse,4,4,0
2024-11-30,PHC_013,pharmacist,1,1,0
2024-11-30,PHC_014,doctor,1,1,0
2024-11-30,PHC_014,nurse,5,4,1
2024-11-30,PHC_014,pharmacist,2,2,0
2024-11-30,PHC_015,doctor,2,2,0
2024-11-30,PHC_015,nurse,7,6,1
2024-11-30,PHC_015,pharmacist,1,0,1
2024-12-01,PHC_001,doctor,3,3,0
2024-12-01,PHC_001,nurse,6,2,4
2024-12-01,PHC_001,pharmacist,1,1,0
2024-12-01,PHC_002,doctor,2,1,1
2024-12-01,PHC_002,nurse,9,6,3
2024-12-01,PHC_002,pharmacist,2,1,1
2024-12-01,PHC_003,doctor,3,2,1
2024-12-01,PHC_003,nurse,9,5,4
2024-12-01,PHC_003,pharmacist,2,2,0
2024-12-01,PHC_004,doctor,2,1,1
2024-12-01,PHC_004,nurse,6,5,1
2024-12-01,PHC_004,pharmacist,1,1,0
2024-12-01,PHC_005,doctor,2,2,0
2024-12-01,PHC_005,nurse,4,4,0
2024-12-01,PHC_005,pharmacist,1,0,1
2024-12-01,PHC_006,doctor,2,1,1
2024-12-01,PHC_006,nurse,10,8,2
2024-12-01,PHC_006,pharmacist,1,0,1
2024-12-01,PHC_007,doctor,2,2,0
2024-12-01,PHC_007,nurse,4,2,2
2024-12-01,PHC_007,pharmacist,1,1,0
2024-12-01,PHC_008,doctor,2,2,0
2024-12-01,PHC_008,nurse,4,3,1
2024-12-01,PHC_009,doctor,2,1,1
2024-12-01,PHC_009,nurse,7,6,1
2024-12-01,PHC_009,pharmacist,3,3,0
2024-12-01,PHC_010,doctor,1,1,0
2024-12-01,PHC_010,nurse,5,4,1
2024-12-01,PHC_010,pharmacist,1,1,0
2024-12-01,PHC_011,doctor,3,2,1
2024-12-01,PHC_011,nurse,6,3,3
2024-12-01,PHC_011,pharmacist,1,0,1
2024-12-01,PHC_012,doctor,2,2,0
2024-12-01,PHC_012,nurse,4,3,1
2024-12-01,PHC_012,pharmacist,2,1,1
2024-12-01,PHC_013,doctor,1,1,0
2024-12-01,PHC_013,nurse,4,4,0
2024-12-01,PHC_014,doctor,2,2,0
2024-12-01,PHC_014,nurse,3,3,0
2024-12-01,PHC_015,doctor,2,1,1
2024-12-01,PHC_015,nurse,9,7,2
2024-12-01,PHC_015,pharmacist,3,2,1
2024-12-02,PHC_001,doctor,2,2,0
2024-12-02,PHC_001,nurse,5,5,0
2024-12-02,PHC_001,pharmacist,1,0,1
2024-12-02,PHC_002,doctor,1,1,0
2024-12-02,PHC_002,nurse,9,8,1
2024-12-02,PHC_002,pharmacist,2,1,1
2024-12-02,PHC_003,doctor,1,1,0
2024-12-02,PHC_003,nurse,9,9,0
2024-12-02,PHC_003,pharmacist,2,2,0
2024-12-02,PHC_004,doctor,2,2,0
2024-12-02,PHC_004,nurse,6,3,3
2024-12-02,PHC_005,doctor,2,2,0
2024-12-02,PHC_005,nurse,5,4,1
2024-12-02,PHC_005,pharmacist,1,1,0
2024-12-02,PHC_006,doctor,3,3,0
2024-12-02,PHC_006,nurse,9,8,1
2024-12-02,PHC_006,pharmacist,2,1,1
2024-12-02,PHC_007,doctor,2,2,0
2024-12-02,PHC_007,nurse,5,3,2
2024-12-02,PHC_007,pharmacist,1,1,0
2024-12-02,PHC_008,doctor,2,1,1
2024-12-02,PHC_008,nurse,5,5,0
2024-12-02,PHC_008,pharmacist,1,1,0
2024-12-02,PHC_009,doctor,1,1,0
2024-12-02,PHC_009,nurse,6,4,2
2024-12-02,PHC_009,pharmacist,3,2,1
2024-12-02,PHC_010,doctor,3,2,1
2024-12-02,PHC_010,nurse,4,1,3
2024-12-02,PHC_010,pharmacist,1,1,0
2024-12-02,PHC_011,doctor,3,1,2
2024-12-02,PHC_011,nurse,8,6,2
2024-12-02,PHC_011,pharmacist,2,1,1
2024-12-02,PHC_012,doctor,1,0,1
2024-12-02,PHC_012,nurse,4,3,1
2024-12-02,PHC_012,pharmacist,1,1,0
2024-12-02,PHC_013,doctor,3,3,0
2024-12-02,PHC_013,nurse,5,2,3
2024-12-02,PHC_013,pharmacist,1,0,1
2024-12-02,PHC_014,doctor,3,3,0
2024-12-02,PHC_014,nurse,4,4,0
2024-12-02,PHC_014,pharmacist,2,2,0
2024-12-02,PHC_015,doctor,2,2,0
2024-12-02,PHC_015,nurse,9,9,0
2024-12-02,PHC_015,pharmacist,2,2,0
2024-12-03,PHC_001,doctor,3,2,1
2024-12-03,PHC_001,nurse,4,3,1
2024-12-03,PHC_001,pharmacist,1,0,1
2024-12-03,PHC_002,doctor,2,1,1
2024-12-03,PHC_002,nurse,8,6,2
2024-12-03,PHC_002,pharmacist,3,2,1
2024-12-03,PHC_003,doctor,3,3,0
2024-12-03,PHC_003,nurse,7,7,0
2024-12-03,PHC_003,pharmacist,2,2,0
2024-12-03,PHC_004,doctor,2,2,0
2024-12-03,PHC_004,nurse,5,5,0
2024-12-03,PHC_004,pharmacist,1,1,0
2024-12-03,PHC_005,doctor,1,1,0
2024-12-03,PHC_005,nurse,4,3,1
2024-12-03,PHC_005,pharmacist,1,1,0
2024-12-03,PHC_006,doctor,3,3,0
2024-12-03,PHC_006,nurse,10,8,2
2024-12-03,PHC_006,pharmacist,2,1,1
2024-12-03,PHC_007,doctor,2,1,1
2024-12-03,PHC_007,nurse,5,3,2
2024-12-03,PHC_007,pharmacist,1,1,0
2024-12-03,PHC_008,doctor,1,1,0
2024-12-03,PHC_008,nurse,5,5,0
2024-12-03,PHC_008,pharmacist,1,1,0
2024-12-03,PHC_009,doctor,1,1,0
2024-12-03,PHC_009,nurse,7,7,0
2024-12-03,PHC_009,pharmacist,2,2,0
2024-12-03,PHC_010,doctor,2,2,0
2024-12-03,PHC_010,nurse,4,4,0
2024-12-03,PHC_010,pharmacist,1,0,1
2024-12-03,PHC_011,doctor,3,2,1
2024-12-03,PHC_011,nurse,8,6,2
2024-12-03,PHC_011,pharmacist,2,1,1
2024-12-03,PHC_012,doctor,1,1,0
2024-12-03,PHC_012,nurse,2,2,0
2024-12-03,PHC_012,pharmacist,2,1,1
2024-12-03,PHC_013,doctor,3,3,0
2024-12-03,PHC_013,nurse,5,3,2
2024-12-03,PHC_014,doctor,3,3,0
2024-12-03,PHC_014,nurse,5,4,1
2024-12-03,PHC_014,pharmacist,2,1,1
2024-12-03,PHC_015,doctor,2,2,0
2024-12-03,PHC_015,nurse,8,5,3
2024-12-03,PHC_015,pharmacist,2,2,0
2024-12-04,PHC_001,doctor,2,2,0
2024-12-04,PHC_001,nurse,5,5,0
2024-12-04,PHC_001,pharmacist,1,1,0
2024-12-04,PHC_002,doctor,2,2,0
2024-12-04,PHC_002,nurse,8,6,2
2024-12-04,PHC_002,pharmacist,3,2,1
2024-12-04,PHC_003,doctor,3,3,0
2024-12-04,PHC_003,nurse,8,6,2
2024-12-04,PHC_003,pharmacist,2,2,0
2024-12-04,PHC_004,doctor,2,2,0
2024-12-04,PHC_004,nurse,5,5,0
2024-12-04,PHC_004,pharmacist,1,1,0
2024-12-04,PHC_005,doctor,2,2,0
2024-12-04,PHC_005,nurse,6,3,3
2024-12-04,PHC_005,pharmacist,1,1,0
2024-12-04,PHC_006,doctor,3,2,1
2024-12-04,PHC_006,nurse,10,9,1
2024-12-04,PHC_006,pharmacist,2,1,1
2024-12-04,PHC_007,doctor,2,1,1
2024-12-04,PHC_007,nurse,4,3,1
2024-12-04,PHC_007,pharmacist,1,1,0
2024-12-04,PHC_008,doctor,2,2,0
2024-12-04,PHC_008,nurse,5,5,0
2024-12-04,PHC_008,pharmacist,1,1,0
2024-12-04,PHC_009,doctor,2,2,0
2024-12-04,PHC_009,nurse,7,6,1
2024-12-04,PHC_009,pharmacist,3,2,1
2024-12-04,PHC_010,doctor,1,1,0
2024-12-04,PHC_010,nurse,4,3,1
2024-12-04,PHC_010,pharmacist,1,1,0
2024-12-04,PHC_011,doctor,3,2,1
2024-12-04,PHC_011,nurse,7,5,2
2024-12-04,PHC_011,pharmacist,1,1,0
2024-12-04,PHC_012,doctor,2,1,1
2024-12-04,PHC_012,nurse,3,1,2
2024-12-04,PHC_012,pharmacist,2,2,0
2024-12-04,PHC_013,doctor,3,3,0
2024-12-04,PHC_013,nurse,5,3,2
2024-12-04,PHC_013,pharmacist,1,1,0
2024-12-04,PHC_014,doctor,2,0,2
2024-12-04,PHC_014,nurse,5,4,1
2024-12-04,PHC_014,pharmacist,2,2,0
2024-12-04,PHC_015,doctor,2,2,0
2024-12-04,PHC_015,nurse,7,6,1
2024-12-04,PHC_015,pharmacist,2,2,0
2024-12-05,PHC_001,doctor,2,2,0
2024-12-05,PHC_001,nurse,6,5,1
2024-12-05,PHC_001,pharmacist,1,1,0
2024-12-05,PHC_002,doctor,2,2,0
2024-12-05,PHC_002,nurse,8,6,2
2024-12-05,PHC_002,pharmacist,3,3,0
2024-12-05,PHC_003,doctor,1,1,0
2024-12-05,PHC_003,nurse,6,5,1
2024-12-05,PHC_003,pharmacist,2,2,0
2024-12-05,PHC_004,doctor,2,2,0
2024-12-05,PHC_004,nurse,5,5,0
2024-12-05,PHC_004,pharmacist,1,1,0
2024-12-05,PHC_005,doctor,2,1,1
2024-12-05,PHC_005,nurse,3,2,1
2024-12-05,PHC_006,doctor,3,3,0
2024-12-05,PHC_006,nurse,10,10,0
2024-12-05,PHC_006,pharmacist,2,1,1
2024-12-05,PHC_007,doctor,1,0,1
2024-12-05,PHC_007,nurse,4,3,1
2024-12-05,PHC_007,pharmacist,1,1,0
2024-12-05,PHC_008,doctor,2,2,0
2024-12-05,PHC_008,nurse,3,2,1
2024-12-05,PHC_009,doctor,1,1,0
2024-12-05,PHC_009,nurse,7,7,0
2024-12-05,PHC_009,pharmacist,3,3,0
2024-12-05,PHC_010,doctor,2,2,0
2024-12-05,PHC_010,nurse,2,2,0
2024-12-05,PHC_010,pharmacist,1,1,0
2024-12-05,PHC_011,doctor,1,1,0
2024-12-05,PHC_011,nurse,6,5,1
2024-12-05,PHC_011,pharmacist,1,1,0
2024-12-05,PHC_012,doctor,2,2,0
2024-12-05,PHC_012,nurse,4,4,0
2024-12-05,PHC_012,pharmacist,2,1,1
2024-12-05,PHC_013,doctor,1,1,0
2024-12-05,PHC_013,nurse,5,3,2
2024-12-05,PHC_013,pharmacist,1,1,0
2024-12-05,PHC_014,doctor,2,2,0
2024-12-05,PHC_014,nurse,4,3,1
2024-12-05,PHC_014,pharmacist,2,2,0
2024-12-05,PHC_015,doctor,2,2,0
2024-12-05,PHC_015,nurse,6,5,1
2024-12-05,PHC_015,pharmacist,3,3,0
2024-12-06,PHC_001,doctor,2,1,1
2024-12-06,PHC_001,nurse,7,6,1
2024-12-06,PHC_001,pharmacist,1,0,1
2024-12-06,PHC_002,doctor,2,2,0
2024-12-06,PHC_002,nurse,7,4,3
2024-12-06,PHC_002,pharmacist,3,3,0
2024-12-06,PHC_003,doctor,2,2,0
2024-12-06,PHC_003,nurse,7,6,1
2024-12-06,PHC_003,pharmacist,2,2,0
2024-12-06,PHC_004,doctor,2,1,1
2024-12-06,PHC_004,nurse,5,4,1
2024-12-06,PHC_005,doctor,2,2,0
2024-12-06,PHC_005,nurse,6,4,2
2024-12-06,PHC_005,pharmacist,1,1,0
2024-12-06,PHC_006,doctor,3,3,0
2024-12-06,PHC_006,nurse,7,3,4
2024-12-06,PHC_006,pharmacist,1,0,1
2024-12-06,PHC_007,doctor,1,1,0
2024-12-06,PHC_007,nurse,5,4,1
2024-12-06,PHC_007,pharmacist,1,1,0
2024-12-06,PHC_008,doctor,2,1,1
2024-12-06,PHC_008,nurse,3,2,1
2024-12-06,PHC_009,doctor,1,1,0
2024-12-06,PHC_009,nurse,6,5,1
2024-12-06,PHC_009,pharmacist,3,2,1
2024-12-06,PHC_010,doctor,3,2,1
2024-12-06,PHC_010,nurse,4,4,0
2024-12-06,PHC_010,pharmacist,1,1,0
2024-12-06,PHC_011,doctor,3,3,0
2024-12-06,PHC_011,nurse,6,4,2
2024-12-06,PHC_011,pharmacist,2,2,0
2024-12-06,PHC_012,doctor,2,2,0
2024-12-06,PHC_012,nurse,3,2,1
2024-12-06,PHC_012,pharmacist,2,2,0
2024-12-06,PHC_013,doctor,2,1,1
2024-12-06,PHC_013,nurse,5,4,1
2024-12-06,PHC_014,doctor,3,3,0
2024-12-06,PHC_014,nurse,3,3,0
2024-12-06,PHC_014,pharmacist,2,1,1
2024-12-06,PHC_015,doctor,2,1,1
2024-12-06,PHC_015,nurse,5,4,1
2024-12-06,PHC_015,pharmacist,2,2,0
2024-12-07,PHC_001,doctor,2,2,0
2024-12-07,PHC_001,nurse,5,4,1
2024-12-07,PHC_002,doctor,1,1,0
2024-12-07,PHC_002,nurse,8,7,1
2024-12-07,PHC_002,pharmacist,2,2,0
2024-12-07,PHC_003,doctor,2,1,1
2024-12-07,PHC_003,nurse,9,9,0
2024-12-07,PHC_003,pharmacist,2,1,1
2024-12-07,PHC_004,doctor,2,2,0
2024-12-07,PHC_004,nurse,4,3,1
2024-12-07,PHC_004,pharmacist,1,1,0
2024-12-07,PHC_005,doctor,1,1,0
2024-12-07,PHC_005,nurse,6,6,0
2024-12-07,PHC_005,pharmacist,1,1,0
2024-12-07,PHC_006,doctor,3,2,1
2024-12-07,PHC_006,nurse,8,8,0
2024-12-07,PHC_006,pharmacist,2,2,0
2024-12-07,PHC_007,doctor,1,1,0
2024-12-07,PHC_007,nurse,5,5,0
2024-12-07,PHC_007,pharmacist,1,1,0
2024-12-07,PHC_008,doctor,1,1,0
2024-12-07,PHC_008,nurse,4,3,1
2024-12-07,PHC_008,pharmacist,1,1,0
2024-12-07,PHC_009,doctor,2,2,0
2024-12-07,PHC_009,nurse,7,6,1
2024-12-07,PHC_009,pharmacist,3,2,1
2024-12-07,PHC_010,doctor,3,2,1
2024-12-07,PHC_010,nurse,5,5,0
2024-12-07,PHC_010,pharmacist,1,0,1
2024-12-07,PHC_011,doctor,2,2,0
2024-12-07,PHC_011,nurse,5,4,1
2024-12-07,PHC_011,pharmacist,2,2,0
2024-12-07,PHC_012,nurse,3,2,1
2024-12-07,PHC_012,pharmacist,2,0,2
2024-12-07,PHC_013,doctor,3,3,0
2024-12-07,PHC_013,nurse,4,3,1
2024-12-07,PHC_013,pharmacist,1,1,0
2024-12-07,PHC_014,doctor,3,3,0
2024-12-07,PHC_014,nurse,5,4,1
2024-12-07,PHC_014,pharmacist,1,1,0
2024-12-07,PHC_015,doctor,2,2,0
2024-12-07,PHC_015,nurse,7,5,2
2024-12-07,PHC_015,pharmacist,3,3,0
2024-12-08,PHC_001,doctor,3,2,1
2024-12-08,PHC_001,nurse,5,3,2
2024-12-08,PHC_002,doctor,2,2,0
2024-12-08,PHC_002,nurse,8,6,2
2024-12-08,PHC_002,pharmacist,2,2,0
2024-12-08,PHC_003,doctor,3,3,0
2024-12-08,PHC_003,nurse,6,6,0
2024-12-08,PHC_003,pharmacist,2,1,1
2024-12-08,PHC_004,doctor,2,2,0
2024-12-08,PHC_004,nurse,6,4,2
2024-12-08,PHC_005,doctor,1,1,0
2024-12-08,PHC_005,nurse,4,3,1
2024-12-08,PHC_006,doctor,2,0,2
2024-12-08,PHC_006,nurse,9,6,3
2024-12-08,PHC_006,pharmacist,2,1,1
2024-12-08,PHC_007,doctor,1,1,0
2024-12-08,PHC_007,nurse,4,2,2
2024-12-08,PHC_007,pharmacist,1,1,0
2024-12-08,PHC_008,doctor,1,1,0
2024-12-08,PHC_008,nurse,5,3,2
2024-12-08,PHC_008,pharmacist,1,1,0
2024-12-08,PHC_009,doctor,2,2,0
2024-12-08,PHC_009,nurse,8,6,2
2024-12-08,PHC_009,pharmacist,2,1,1
2024-12-08,PHC_010,doctor,2,1,1
2024-12-08,PHC_010,nurse,4,3,1
2024-12-08,PHC_010,pharmacist,1,1,0
2024-12-08,PHC_011,doctor,2,1,1
2024-12-08,PHC_011,nurse,6,5,1
2024-12-08,PHC_011,pharmacist,2,2,0
2024-12-08,PHC_012,doctor,2,1,1
2024-12-08,PHC_012,nurse,4,2,2
2024-12-08,PHC_012,pharmacist,2,0,2
2024-12-08,PHC_013,doctor,3,2,1
2024-12-08,PHC_013,nurse,6,6,0
2024-12-08,PHC_013,pharmacist,1,1,0
2024-12-08,PHC_014,doctor,3,1,2
2024-12-08,PHC_014,nurse,4,4,0
2024-12-08,PHC_014,pharmacist,1,0,1
2024-12-08,PHC_015,doctor,2,2,0
2024-12-08,PHC_015,nurse,8,6,2
2024-12-08,PHC_015,pharmacist,1,1,0
2024-12-09,PHC_001,doctor,2,2,0
2024-12-09,PHC_001,nurse,7,7,0
2024-12-09,PHC_002,doctor,2,2,0
2024-12-09,PHC_002,nurse,7,5,2
2024-12-09,PHC_002,pharmacist,3,2,1
2024-12-09,PHC_003,doctor,1,1,0
2024-12-09,PHC_003,nurse,9,7,2
2024-12-09,PHC_003,pharmacist,2,2,0
2024-12-09,PHC_004,doctor,2,2,0
2024-12-09,PHC_004,nurse,6,4,2
2024-12-09,PHC_004,pharmacist,1,1,0
2024-12-09,PHC_005,doctor,2,1,1
2024-12-09,PHC_005,nurse,6,4,2
2024-12-09,PHC_005,pharmacist,1,1,0
2024-12-09,PHC_006,doctor,3,2,1
2024-12-09,PHC_006,nurse,9,8,1
2024-12-09,PHC_006,pharmacist,2,1,1
2024-12-09,PHC_007,doctor,1,1,0
2024-12-09,PHC_007,nurse,4,3,1
2024-12-09,PHC_007,pharmacist,1,1,0
2024-12-09,PHC_008,doctor,2,1,1
2024-12-09,PHC_008,nurse,4,4,0
2024-12-09,PHC_008,pharmacist,1,1,0
2024-12-09,PHC_009,doctor,2,2,0
2024-12-09,PHC_009,nurse,7,7,0
2024-12-09,PHC_009,pharmacist,1,1,0
2024-12-09,PHC_010,doctor,2,2,0
2024-12-09,PHC_010,nurse,4,3,1
2024-12-09,PHC_010,pharmacist,1,1,0
2024-12-09,PHC_011,doctor,2,1,1
2024-12-09,PHC_011,nurse,6,5,1
2024-12-09,PHC_011,pharmacist,2,1,1
2024-12-09,PHC_012,doctor,1,0,1
2024-12-09,PHC_012,nurse,3,2,1
2024-12-09,PHC_012,pharmacist,1,1,0
2024-12-09,PHC_013,doctor,2,2,0
2024-12-09,PHC_013,nurse,6,5,1
2024-12-09,PHC_014,doctor,2,2,0
2024-12-09,PHC_014,nurse,4,3,1
2024-12-09,PHC_014,pharmacist,1,0,1
2024-12-09,PHC_015,doctor,2,1,1
2024-12-09,PHC_015,nurse,9,5,4
2024-12-09,PHC_015,pharmacist,3,3,0
2024-12-10,PHC_001,doctor,2,2,0
2024-12-10,PHC_001,nurse,6,4,2
2024-12-10,PHC_001,pharmacist,1,1,0
2024-12-10,PHC_002,doctor,2,2,0
2024-12-10,PHC_002,nurse,9,6,3
2024-12-10,PHC_002,pharmacist,3,2,1
2024-12-10,PHC_003,doctor,3,2,1
2024-12-10,PHC_003,nurse,9,8,1
2024-12-10,PHC_003,pharmacist,2,1,1
2024-12-10,PHC_004,doctor,2,2,0
2024-12-10,PHC_004,nurse,5,3,2
2024-12-10,PHC_004,pharmacist,1,0,1
2024-12-10,PHC_005,doctor,2,2,0
2024-12-10,PHC_005,nurse,4,4,0
2024-12-10,PHC_005,pharmacist,1,1,0
2024-12-10,PHC_006,doctor,3,3,0
2024-12-10,PHC_006,nurse,8,8,0
2024-12-10,PHC_006,pharmacist,2,0,2
2024-12-10,PHC_007,doctor,2,2,0
2024-12-10,PHC_007,nurse,5,2,3
2024-12-10,PHC_008,doctor,1,1,0
2024-12-10,PHC_008,nurse,5,4,1
2024-12-10,PHC_008,pharmacist,1,1,0
2024-12-10,PHC_009,doctor,2,2,0
2024-12-10,PHC_009,nurse,8,8,0
2024-12-10,PHC_009,pharmacist,2,2,0
2024-12-10,PHC_010,doctor,3,3,0
2024-12-10,PHC_010,nurse,5,4,1
2024-12-10,PHC_010,pharmacist,1,1,0
2024-12-10,PHC_011,doctor,2,0,2
2024-12-10,PHC_011,nurse,7,6,1
2024-12-10,PHC_011,pharmacist,2,2,0
2024-12-10,PHC_012,doctor,2,2,0
2024-12-10,PHC_012,nurse,3,2,1
2024-12-10,PHC_012,pharmacist,2,1,1
2024-12-10,PHC_013,doctor,3,3,0
2024-12-10,PHC_013,nurse,5,5,0
2024-12-10,PHC_013,pharmacist,1,1,0
2024-12-10,PHC_014,doctor,3,3,0
2024-12-10,PHC_014,nurse,5,4,1
2024-12-10,PHC_014,pharmacist,2,1,1
2024-12-10,PHC_015,doctor,2,2,0
2024-12-10,PHC_015,nurse,9,7,2
2024-12-10,PHC_015,pharmacist,2,1,1
2024-12-11,PHC_001,doctor,3,2,1
2024-12-11,PHC_001,nurse,6,4,2
2024-12-11,PHC_001,pharmacist,1,1,0
2024-12-11,PHC_002,doctor,2,2,0
2024-12-11,PHC_002,nurse,9,8,1
2024-12-11,PHC_002,pharmacist,1,0,1
2024-12-11,PHC_003,doctor,3,3,0
2024-12-11,PHC_003,nurse,8,4,4
2024-12-11,PHC_003,pharmacist,2,1,1
2024-12-11,PHC_004,doctor,1,1,0
2024-12-11,PHC_004,nurse,6,5,1
2024-12-11,PHC_005,doctor,2,1,1
2024-12-11,PHC_005,nurse,6,3,3
2024-12-11,PHC_005,pharmacist,1,1,0
2024-12-11,PHC_006,doctor,3,3,0
2024-12-11,PHC_006,nurse,10,9,1
2024-12-11,PHC_006,pharmacist,1,0,1
2024-12-11,PHC_007,doctor,2,2,0
2024-12-11,PHC_007,nurse,4,3,1
2024-12-11,PHC_007,pharmacist,1,1,0
2024-12-11,PHC_008,doctor,1,1,0
2024-12-11,PHC_008,nurse,4,4,0
2024-12-11,PHC_009,doctor,2,2,0
2024-12-11,PHC_009,nurse,7,6,1
2024-12-11,PHC_009,pharmacist,1,1,0
2024-12-11,PHC_010,doctor,3,3,0
2024-12-11,PHC_010,nurse,5,4,1
2024-12-11,PHC_010,pharmacist,1,1,0
2024-12-11,PHC_011,doctor,2,2,0
2024-12-11,PHC_011,nurse,8,6,2
2024-12-11,PHC_011,pharmacist,2,1,1
2024-12-11,PHC_012,doctor,2,2,0
2024-12-11,PHC_012,nurse,3,3,0
2024-12-11,PHC_012,pharmacist,2,1,1
2024-12-11,PHC_013,doctor,2,1,1
2024-12-11,PHC_013,nurse,5,5,0
2024-12-11,PHC_013,pharmacist,1,1,0
2024-12-11,PHC_014,doctor,3,2,1
2024-12-11,PHC_014,nurse,5,3,2
2024-12-11,PHC_014,pharmacist,2,2,0
2024-12-11,PHC_015,doctor,2,1,1
2024-12-11,PHC_015,nurse,7,5,2
2024-12-11,PHC_015,pharmacist,3,2,1
2024-12-12,PHC_001,doctor,2,1,1
2024-12-12,PHC_001,nurse,7,5,2
2024-12-12,PHC_001,pharmacist,1,1,0
2024-12-12,PHC_002,doctor,2,2,0
2024-12-12,PHC_002,nurse,8,5,3
2024-12-12,PHC_002,pharmacist,2,1,1
2024-12-12,PHC_003,doctor,2,2,0
2024-12-12,PHC_003,nurse,6,6,0
2024-12-12,PHC_003,pharmacist,2,0,2
2024-12-12,PHC_004,doctor,2,2,0
2024-12-12,PHC_004,nurse,6,6,0
2024-12-12,PHC_004,pharmacist,1,1,0
2024-12-12,PHC_005,doctor,2,2,0
2024-12-12,PHC_005,nurse,6,5,1
2024-12-12,PHC_005,pharmacist,1,1,0
2024-12-12,PHC_006,doctor,3,2,1
2024-12-12,PHC_006,nurse,6,5,1
2024-12-12,PHC_006,pharmacist,1,0,1
2024-12-12,PHC_007,doctor,1,1,0
2024-12-12,PHC_007,nurse,5,3,2
2024-12-12,PHC_007,pharmacist,1,1,0
2024-12-12,PHC_008,doctor,2,2,0
2024-12-12,PHC_008,nurse,5,5,0
2024-12-12,PHC_009,doctor,2,2,0
2024-12-12,PHC_009,nurse,6,6,0
2024-12-12,PHC_009,pharmacist,3,3,0
2024-12-12,PHC_010,doctor,3,2,1
2024-12-12,PHC_010,nurse,4,4,0
2024-12-12,PHC_010,pharmacist,1,1,0
2024-12-12,PHC_011,doctor,3,2,1
2024-12-12,PHC_011,nurse,4,3,1
2024-12-12,PHC_011,pharmacist,2,2,0
2024-12-12,PHC_012,doctor,1,1,0
2024-12-12,PHC_012,nurse,3,3,0
2024-12-12,PHC_012,pharmacist,2,1,1
2024-12-12,PHC_013,doctor,2,2,0
2024-12-12,PHC_013,nurse,5,5,0
2024-12-12,PHC_013,pharmacist,1,1,0
2024-12-12,PHC_014,doctor,3,3,0
2024-12-12,PHC_014,nurse,5,4,1
2024-12-12,PHC_015,doctor,2,2,0
2024-12-12,PHC_015,nurse,8,6,2
2024-12-12,PHC_015,pharmacist,3,2,1
2024-12-13,PHC_001,doctor,3,2,1
2024-12-13,PHC_001,nurse,7,7,0
2024-12-13,PHC_001,pharmacist,1,1,0
2024-12-13,PHC_002,doctor,2,2,0
2024-12-13,PHC_002,nurse,9,8,1
2024-12-13,PHC_002,pharmacist,3,2,1
2024-12-13,PHC_003,doctor,1,1,0
2024-12-13,PHC_003,nurse,8,8,0
2024-12-13,PHC_003,pharmacist,2,1,1
2024-12-13,PHC_004,doctor,1,1,0
2024-12-13,PHC_004,nurse,4,3,1
2024-12-13,PHC_004,pharmacist,1,1,0
2024-12-13,PHC_005,doctor,1,1,0
2024-12-13,PHC_005,nurse,5,3,2
2024-12-13,PHC_006,doctor,2,1,1
2024-12-13,PHC_006,nurse,7,5,2
2024-12-13,PHC_006,pharmacist,1,1,0
2024-12-13,PHC_007,doctor,1,1,0
2024-12-13,PHC_007,nurse,4,3,1
2024-12-13,PHC_007,pharmacist,1,1,0
2024-12-13,PHC_008,doctor,1,0,1
2024-12-13,PHC_008,nurse,4,3,1
2024-12-13,PHC_008,pharmacist,1,1,0
2024-12-13,PHC_009,doctor,2,1,1
2024-12-13,PHC_009,nurse,5,5,0
2024-12-13,PHC_009,pharmacist,2,2,0
2024-12-13,PHC_010,doctor,3,3,0
2024-12-13,PHC_010,nurse,3,3,0
2024-12-13,PHC_011,doctor,2,2,0
2024-12-13,PHC_011,nurse,6,3,3
2024-12-13,PHC_011,pharmacist,2,2,0
2024-12-13,PHC_012,doctor,1,1,0
2024-12-13,PHC_012,nurse,1,1,0
2024-12-13,PHC_012,pharmacist,1,1,0
2024-12-13,PHC_013,doctor,3,3,0
2024-12-13,PHC_013,nurse,5,5,0
2024-12-13,PHC_013,pharmacist,1,1,0
2024-12-13,PHC_014,doctor,3,3,0
2024-12-13,PHC_014,nurse,4,3,1
2024-12-13,PHC_014,pharmacist,2,2,0
2024-12-13,PHC_015,doctor,2,2,0
2024-12-13,PHC_015,nurse,9,6,3
2024-12-13,PHC_015,pharmacist,2,2,0
2024-12-14,PHC_001,doctor,3,2,1
2024-12-14,PHC_001,nurse,6,4,2
2024-12-14,PHC_002,doctor,2,1,1
2024-12-14,PHC_002,nurse,7,5,2
2024-12-14,PHC_002,pharmacist,3,0,3
2024-12-14,PHC_003,doctor,2,2,0
2024-12-14,PHC_003,nurse,7,5,2
2024-12-14,PHC_003,pharmacist,1,0,1
2024-12-14,PHC_004,doctor,2,2,0
2024-12-14,PHC_004,nurse,6,4,2
2024-12-14,PHC_004,pharmacist,1,1,0
2024-12-14,PHC_005,doctor,2,2,0
2024-12-14,PHC_005,nurse,6,5,1
2024-12-14,PHC_005,pharmacist,1,1,0
2024-12-14,PHC_006,doctor,2,2,0
2024-12-14,PHC_006,nurse,9,6,3
2024-12-14,PHC_006,pharmacist,2,0,2
2024-12-14,PHC_007,doctor,2,2,0
2024-12-14,PHC_007,nurse,5,4,1
2024-12-14,PHC_007,pharmacist,1,1,0
2024-12-14,PHC_008,doctor,2,2,0
2024-12-14,PHC_008,nurse,4,2,2
2024-12-14,PHC_008,pharmacist,1,1,0
2024-12-14,PHC_009,doctor,2,2,0
2024-12-14,PHC_009,nurse,7,6,1
2024-12-14,PHC_009,pharmacist,2,2,0
2024-12-14,PHC_010,doctor,3,3,0
2024-12-14,PHC_010,nurse,5,3,2
2024-12-14,PHC_010,pharmacist,1,1,0
2024-12-14,PHC_011,doctor,2,1,1
2024-12-14,PHC_011,nurse,7,6,1
2024-12-14,PHC_011,pharmacist,1,1,0
2024-12-14,PHC_012,doctor,2,1,1
2024-12-14,PHC_012,nurse,4,3,1
2024-12-14,PHC_012,pharmacist,1,1,0
2024-12-14,PHC_013,doctor,3,1,2
2024-12-14,PHC_013,nurse,5,4,1
2024-12-14,PHC_013,pharmacist,1,1,0
2024-12-14,PHC_014,doctor,3,3,0
2024-12-14,PHC_014,nurse,4,3,1
2024-12-14,PHC_014,pharmacist,2,2,0
2024-12-14,PHC_015,doctor,2,1,1
2024-12-14,PHC_015,nurse,8,7,1
2024-12-15,PHC_001,doctor,1,0,1
2024-12-15,PHC_001,nurse,5,5,0
2024-12-15,PHC_001,pharmacist,1,1,0
2024-12-15,PHC_002,doctor,2,2,0
2024-12-15,PHC_002,nurse,6,6,0
2024-12-15,PHC_002,pharmacist,3,1,2
2024-12-15,PHC_003,doctor,3,3,0
2024-12-15,PHC_003,nurse,7,4,3
2024-12-15,PHC_003,pharmacist,2,2,0
2024-12-15,PHC_004,doctor,2,2,0
2024-12-15,PHC_004,nurse,4,2,2
2024-12-15,PHC_004,pharmacist,1,1,0
2024-12-15,PHC_005,doctor,2,1,1
2024-12-15,PHC_005,nurse,4,4,0
2024-12-15,PHC_006,doctor,3,3,0
2024-12-15,PHC_006,nurse,9,6,3
2024-12-15,PHC_006,pharmacist,2,1,1
2024-12-15,PHC_007,doctor,2,1,1
2024-12-15,PHC_007,nurse,3,1,2
2024-12-15,PHC_008,doctor,2,2,0
2024-12-15,PHC_008,nurse,5,5,0
2024-12-15,PHC_009,doctor,2,2,0
2024-12-15,PHC_009,nurse,7,5,2
2024-12-15,PHC_009,pharmacist,3,2,1
2024-12-15,PHC_010,doctor,3,2,1
2024-12-15,PHC_010,nurse,3,3,0
2024-12-15,PHC_010,pharmacist,1,1,0
2024-12-15,PHC_011,doctor,3,2,1
2024-12-15,PHC_011,nurse,6,4,2
2024-12-15,PHC_011,pharmacist,1,1,0
2024-12-15,PHC_012,doctor,2,2,0
2024-12-15,PHC_012,nurse,4,3,1
2024-12-15,PHC_012,pharmacist,2,1,1
2024-12-15,PHC_013,doctor,2,1,1
2024-12-15,PHC_013,nurse,5,5,0
2024-12-15,PHC_013,pharmacist,1,1,0
2024-12-15,PHC_014,doctor,3,3,0
2024-12-15,PHC_014,nurse,4,2,2
2024-12-15,PHC_014,pharmacist,1,1,0
2024-12-15,PHC_015,doctor,1,1,0
2024-12-15,PHC_015,nurse,6,5,1
2024-12-15,PHC_015,pharmacist,3,3,0
2024-12-16,PHC_001,doctor,2,2,0
2024-12-16,PHC_001,nurse,6,5,1
2024-12-16,PHC_001,pharmacist,1,1,0
2024-12-16,PHC_002,doctor,2,2,0
2024-12-16,PHC_002,nurse,8,8,0
2024-12-16,PHC_002,pharmacist,3,3,0
2024-12-16,PHC_003,doctor,2,2,0
2024-12-16,PHC_003,nurse,8,8,0
2024-12-16,PHC_003,pharmacist,2,1,1
2024-12-16,PHC_004,doctor,2,2,0
2024-12-16,PHC_004,nurse,6,3,3
2024-12-16,PHC_005,doctor,1,0,1
2024-12-16,PHC_005,nurse,4,4,0
2024-12-16,PHC_006,doctor,3,2,1
2024-12-16,PHC_006,nurse,7,6,1
2024-12-16,PHC_006,pharmacist,2,2,0
2024-12-16,PHC_007,doctor,2,1,1
2024-12-16,PHC_007,nurse,2,1,1
2024-12-16,PHC_007,pharmacist,1,1,0
2024-12-16,PHC_008,doctor,1,1,0
2024-12-16,PHC_008,nurse,4,4,0
2024-12-16,PHC_008,pharmacist,1,1,0
2024-12-16,PHC_009,doctor,2,2,0
2024-12-16,PHC_009,nurse,8,7,1
2024-12-16,PHC_009,pharmacist,3,3,0
2024-12-16,PHC_010,doctor,3,3,0
2024-12-16,PHC_010,nurse,4,3,1
2024-12-16,PHC_010,pharmacist,1,1,0
2024-12-16,PHC_011,doctor,3,2,1
2024-12-16,PHC_011,nurse,5,4,1
2024-12-16,PHC_011,pharmacist,2,1,1
2024-12-16,PHC_012,doctor,2,1,1
2024-12-16,PHC_012,nurse,3,3,0
2024-12-16,PHC_012,pharmacist,2,2,0
2024-12-16,PHC_013,doctor,3,3,0
2024-12-16,PHC_013,nurse,6,5,1
2024-12-16,PHC_013,pharmacist,1,1,0
2024-12-16,PHC_014,doctor,2,0,2
2024-12-16,PHC_014,nurse,4,4,0
2024-12-16,PHC_014,pharmacist,2,2,0
2024-12-16,PHC_015,doctor,2,2,0
2024-12-16,PHC_015,nurse,7,7,0
2024-12-16,PHC_015,pharmacist,2,2,0
2024-12-17,PHC_001,doctor,3,2,1
2024-12-17,PHC_001,nurse,6,6,0
2024-12-17,PHC_001,pharmacist,1,1,0
2024-12-17,PHC_002,doctor,1,1,0
2024-12-17,PHC_002,nurse,9,6,3
2024-12-17,PHC_002,pharmacist,3,3,0
2024-12-17,PHC_003,doctor,3,3,0
2024-12-17,PHC_003,nurse,8,6,2
2024-12-17,PHC_003,pharmacist,1,1,0
2024-12-17,PHC_004,doctor,2,1,1
2024-12-17,PHC_004,nurse,4,4,0
2024-12-17,PHC_004,pharmacist,1,1,0
2024-12-17,PHC_005,doctor,2,1,1
2024-12-17,PHC_005,nurse,6,3,3
2024-12-17,PHC_005,pharmacist,1,1,0
2024-12-17,PHC_006,doctor,2,2,0
2024-12-17,PHC_006,nurse,8,7,1
2024-12-17,PHC_006,pharmacist,2,0,2
2024-12-17,PHC_007,doctor,2,2,0
2024-12-17,PHC_007,nurse,5,4,1
2024-12-17,PHC_008,doctor,1,1,0
2024-12-17,PHC_008,nurse,4,3,1
2024-12-17,PHC_008,pharmacist,1,1,0
2024-12-17,PHC_009,doctor,2,2,0
2024-12-17,PHC_009,nurse,6,6,0
2024-12-17,PHC_009,pharmacist,3,2,1
2024-12-17,PHC_010,doctor,2,2,0
2024-12-17,PHC_010,nurse,4,4,0
2024-12-17,PHC_010,pharmacist,1,1,0
2024-12-17,PHC_011,doctor,3,2,1
2024-12-17,PHC_011,nurse,8,4,4
2024-12-17,PHC_011,pharmacist,1,1,0
2024-12-17,PHC_012,doctor,1,1,0
2024-12-17,PHC_012,nurse,3,2,1
2024-12-17,PHC_012,pharmacist,2,2,0
2024-12-17,PHC_013,doctor,1,0,1
2024-12-17,PHC_013,nurse,5,5,0
2024-12-17,PHC_013,pharmacist,1,0,1
2024-12-17,PHC_014,doctor,3,2,1
2024-12-17,PHC_014,nurse,5,5,0
2024-12-17,PHC_014,pharmacist,2,2,0
2024-12-17,PHC_015,doctor,1,0,1
2024-12-17,PHC_015,nurse,7,5,2
2024-12-17,PHC_015,pharmacist,2,1,1
2024-12-18,PHC_001,doctor,2,1,1
2024-12-18,PHC_001,nurse,5,5,0
2024-12-18,PHC_001,pharmacist,1,1,0
2024-12-18,PHC_002,doctor,2,2,0
2024-12-18,PHC_002,nurse,7,6,1
2024-12-18,PHC_002,pharmacist,3,3,0
2024-12-18,PHC_003,doctor,2,2,0
2024-12-18,PHC_003,nurse,5,3,2
2024-12-18,PHC_003,pharmacist,2,2,0
2024-12-18,PHC_004,doctor,1,1,0
2024-12-18,PHC_004,nurse,5,5,0
2024-12-18,PHC_004,pharmacist,1,0,1
2024-12-18,PHC_005,doctor,2,1,1
2024-12-18,PHC_005,nurse,6,5,1
2024-12-18,PHC_006,doctor,2,1,1
2024-12-18,PHC_006,nurse,8,7,1
2024-12-18,PHC_007,doctor,2,2,0
2024-12-18,PHC_007,nurse,2,2,0
2024-12-18,PHC_007,pharmacist,1,1,0
2024-12-18,PHC_008,doctor,2,2,0
2024-12-18,PHC_008,nurse,2,1,1
2024-12-18,PHC_008,pharmacist,1,1,0
2024-12-18,PHC_009,doctor,2,2,0
2024-12-18,PHC_009,nurse,7,7,0
2024-12-18,PHC_009,pharmacist,2,2,0
2024-12-18,PHC_010,doctor,3,3,0
2024-12-18,PHC_010,nurse,4,4,0
2024-12-18,PHC_010,pharmacist,1,1,0
2024-12-18,PHC_011,doctor,3,3,0
2024-12-18,PHC_011,nurse,8,7,1
2024-12-18,PHC_011,pharmacist,2,1,1
2024-12-18,PHC_012,doctor,1,1,0
2024-12-18,PHC_012,nurse,4,3,1
2024-12-18,PHC_012,pharmacist,2,2,0
2024-12-18,PHC_013,doctor,2,1,1
2024-12-18,PHC_013,nurse,5,4,1
2024-12-18,PHC_013,pharmacist,1,1,0
2024-12-18,PHC_014,doctor,3,2,1
2024-12-18,PHC_014,nurse,4,4,0
2024-12-18,PHC_014,pharmacist,2,2,0
2024-12-18,PHC_015,doctor,2,2,0
2024-12-18,PHC_015,nurse,8,6,2
2024-12-18,PHC_015,pharmacist,1,1,0
2024-12-19,PHC_001,doctor,2,1,1
2024-12-19,PHC_001,nurse,6,5,1
2024-12-19,PHC_001,pharmacist,1,1,0
2024-12-19,PHC_002,doctor,2,2,0
2024-12-19,PHC_002,nurse,7,6,1
2024-12-19,PHC_002,pharmacist,3,2,1
2024-12-19,PHC_003,nurse,7,5,2
2024-12-19,PHC_003,pharmacist,2,2,0
2024-12-19,PHC_004,doctor,1,1,0
2024-12-19,PHC_004,nurse,3,3,0
2024-12-19,PHC_005,doctor,2,2,0
2024-12-19,PHC_005,nurse,5,4,1
2024-12-19,PHC_005,pharmacist,1,1,0
2024-12-19,PHC_006,doctor,3,3,0
2024-12-19,PHC_006,nurse,8,7,1
2024-12-19,PHC_006,pharmacist,1,0,1
2024-12-19,PHC_007,doctor,2,2,0
2024-12-19,PHC_007,nurse,5,4,1
2024-12-19,PHC_007,pharmacist,1,0,1
2024-12-19,PHC_008,doctor,2,2,0
2024-12-19,PHC_008,nurse,4,3,1
2024-12-19,PHC_008,pharmacist,1,1,0
2024-12-19,PHC_009,doctor,2,2,0
2024-12-19,PHC_009,nurse,8,7,1
2024-12-19,PHC_009,pharmacist,3,2,1
2024-12-19,PHC_010,doctor,2,2,0
2024-12-19,PHC_010,nurse,4,4,0
2024-12-19,PHC_010,pharmacist,1,1,0
2024-12-19,PHC_011,doctor,1,1,0
2024-12-19,PHC_011,nurse,8,6,2
2024-12-19,PHC_011,pharmacist,2,1,1
2024-12-19,PHC_012,doctor,2,2,0
2024-12-19,PHC_012,nurse,3,2,1
2024-12-19,PHC_012,pharmacist,2,2,0
2024-12-19,PHC_013,doctor,3,3,0
2024-12-19,PHC_013,nurse,6,5,1
2024-12-19,PHC_013,pharmacist,1,1,0
2024-12-19,PHC_014,doctor,2,2,0
2024-12-19,PHC_014,nurse,5,4,1
2024-12-19,PHC_014,pharmacist,1,1,0
2024-12-19,PHC_015,doctor,2,2,0
2024-12-19,PHC_015,nurse,6,5,1
2024-12-19,PHC_015,pharmacist,3,2,1
2024-12-20,PHC_001,doctor,2,1,1
2024-12-20,PHC_001,nurse,7,5,2
2024-12-20,PHC_001,pharmacist,1,1,0
2024-12-20,PHC_002,doctor,2,1,1
2024-12-20,PHC_002,nurse,8,6,2
2024-12-20,PHC_002,pharmacist,2,1,1
2024-12-20,PHC_003,doctor,3,3,0
2024-12-20,PHC_003,nurse,8,7,1
2024-12-20,PHC_003,pharmacist,1,1,0
2024-12-20,PHC_004,doctor,1,1,0
2024-12-20,PHC_004,nurse,6,5,1
2024-12-20,PHC_004,pharmacist,1,0,1
2024-12-20,PHC_005,doctor,2,2,0
2024-12-20,PHC_005,nurse,6,5,1
2024-12-20,PHC_005,pharmacist,1,1,0
2024-12-20,PHC_006,doctor,2,1,1
2024-12-20,PHC_006,nurse,10,10,0
2024-12-20,PHC_006,pharmacist,2,2,0
2024-12-20,PHC_007,doctor,2,1,1
2024-12-20,PHC_007,nurse,5,3,2
2024-12-20,PHC_007,pharmacist,1,1,0
2024-12-20,PHC_008,doctor,1,1,0
2024-12-20,PHC_008,nurse,3,0,3
2024-12-20,PHC_008,pharmacist,1,1,0
2024-12-20,PHC_009,doctor,2,2,0
2024-12-20,PHC_009,nurse,6,6,0
2024-12-20,PHC_009,pharmacist,3,2,1
2024-12-20,PHC_010,doctor,2,1,1
2024-12-20,PHC_010,nurse,5,4,1
2024-12-20,PHC_010,pharmacist,1,1,0
2024-12-20,PHC_011,doctor,3,2,1
2024-12-20,PHC_011,nurse,7,5,2
2024-12-20,PHC_011,pharmacist,1,0,1
2024-12-20,PHC_012,doctor,2,2,0
2024-12-20,PHC_012,nurse,4,2,2
2024-12-20,PHC_012,pharmacist,1,1,0
2024-12-20,PHC_013,doctor,2,2,0
2024-12-20,PHC_013,nurse,6,5,1
2024-12-20,PHC_013,pharmacist,1,1,0
2024-12-20,PHC_014,doctor,2,2,0
2024-12-20,PHC_014,nurse,5,5,0
2024-12-20,PHC_014,pharmacist,2,2,0
2024-12-20,PHC_015,nurse,8,6,2
2024-12-20,PHC_015,pharmacist,3,2,1
2024-12-21,PHC_001,doctor,3,1,2
2024-12-21,PHC_001,nurse,7,6,1
2024-12-21,PHC_001,pharmacist,1,1,0
2024-12-21,PHC_002,doctor,1,1,0
2024-12-21,PHC_002,nurse,9,7,2
2024-12-21,PHC_002,pharmacist,2,2,0
2024-12-21,PHC_003,doctor,3,3,0
2024-12-21,PHC_003,nurse,8,8,0
2024-12-21,PHC_003,pharmacist,2,2,0
2024-12-21,PHC_004,doctor,2,2,0
2024-12-21,PHC_004,nurse,5,3,2
2024-12-21,PHC_004,pharmacist,1,0,1
2024-12-21,PHC_005,doctor,2,2,0
2024-12-21,PHC_005,nurse,5,3,2
2024-12-21,PHC_005,pharmacist,1,0,1
2024-12-21,PHC_006,doctor,3,2,1
2024-12-21,PHC_006,nurse,8,6,2
2024-12-21,PHC_006,pharmacist,2,2,0
2024-12-21,PHC_007,doctor,2,0,2
2024-12-21,PHC_007,nurse,5,2,3
2024-12-21,PHC_007,pharmacist,1,1,0
2024-12-21,PHC_008,doctor,2,1,1
2024-12-21,PHC_008,nurse,5,4,1
2024-12-21,PHC_008,pharmacist,1,1,0
2024-12-21,PHC_009,doctor,1,1,0
2024-12-21,PHC_009,nurse,7,7,0
2024-12-21,PHC_009,pharmacist,2,2,0
2024-12-21,PHC_010,doctor,2,2,0
2024-12-21,PHC_010,nurse,3,3,0
2024-12-21,PHC_010,pharmacist,1,0,1
2024-12-21,PHC_011,doctor,3,1,2
2024-12-21,PHC_011,nurse,8,6,2
2024-12-21,PHC_011,pharmacist,1,1,0
2024-12-21,PHC_012,doctor,1,1,0
2024-12-21,PHC_012,nurse,3,2,1
2024-12-21,PHC_012,pharmacist,2,1,1
2024-12-21,PHC_013,doctor,3,2,1
2024-12-21,PHC_013,nurse,6,6,0
2024-12-21,PHC_013,pharmacist,1,1,0
2024-12-21,PHC_014,doctor,3,2,1
2024-12-21,PHC_014,nurse,5,4,1
2024-12-21,PHC_014,pharmacist,2,2,0
2024-12-21,PHC_015,doctor,2,1,1
2024-12-21,PHC_015,nurse,8,8,0
2024-12-21,PHC_015,pharmacist,2,2,0
2024-12-22,PHC_001,doctor,2,2,0
2024-12-22,PHC_001,nurse,6,4,2
2024-12-22,PHC_001,pharmacist,1,0,1
2024-12-22,PHC_002,doctor,1,1,0
2024-12-22,PHC_002,nurse,7,5,2
2024-12-22,PHC_002,pharmacist,3,2,1
2024-12-22,PHC_003,doctor,3,3,0
2024-12-22,PHC_003,nurse,8,7,1
2024-12-22,PHC_003,pharmacist,1,0,1
2024-12-22,PHC_004,doctor,2,2,0
2024-12-22,PHC_004,nurse,5,3,2
2024-12-22,PHC_004,pharmacist,1,1,0
2024-12-22,PHC_005,doctor,1,0,1
2024-12-22,PHC_005,nurse,4,1,3
2024-12-22,PHC_005,pharmacist,1,1,0
2024-12-22,PHC_006,doctor,3,2,1
2024-12-22,PHC_006,nurse,9,7,2
2024-12-22,PHC_006,pharmacist,2,1,1
2024-12-22,PHC_007,doctor,1,1,0
2024-12-22,PHC_007,nurse,5,4,1
2024-12-22,PHC_007,pharmacist,1,0,1
2024-12-22,PHC_008,doctor,2,1,1
2024-12-22,PHC_008,nurse,4,2,2
2024-12-22,PHC_008,pharmacist,1,0,1
2024-12-22,PHC_009,doctor,2,0,2
2024-12-22,PHC_009,nurse,7,7,0
2024-12-22,PHC_009,pharmacist,2,1,1
2024-12-22,PHC_010,doctor,3,3,0
2024-12-22,PHC_010,nurse,4,4,0
2024-12-22,PHC_010,pharmacist,1,1,0
2024-12-22,PHC_011,doctor,3,3,0
2024-12-22,PHC_011,nurse,7,6,1
2024-12-22,PHC_011,pharmacist,1,1,0
2024-12-22,PHC_012,doctor,2,2,0
2024-12-22,PHC_012,nurse,2,2,0
2024-12-22,PHC_012,pharmacist,2,1,1
2024-12-22,PHC_013,doctor,3,2,1
2024-12-22,PHC_013,nurse,5,4,1
2024-12-22,PHC_013,pharmacist,1,1,0
2024-12-22,PHC_014,doctor,3,1,2
2024-12-22,PHC_014,nurse,3,3,0
2024-12-22,PHC_014,pharmacist,2,0,2
2024-12-22,PHC_015,doctor,1,1,0
2024-12-22,PHC_015,nurse,8,7,1
2024-12-22,PHC_015,pharmacist,2,2,0
2024-12-23,PHC_001,doctor,3,2,1
2024-12-23,PHC_001,nurse,5,5,0
2024-12-23,PHC_001,pharmacist,1,1,0
2024-12-23,PHC_002,doctor,1,1,0
2024-12-23,PHC_002,nurse,8,7,1
2024-12-23,PHC_002,pharmacist,3,1,2
2024-12-23,PHC_003,doctor,3,3,0
2024-12-23,PHC_003,nurse,6,4,2
2024-12-23,PHC_003,pharmacist,2,2,0
2024-12-23,PHC_004,doctor,2,2,0
2024-12-23,PHC_004,nurse,4,4,0
2024-12-23,PHC_004,pharmacist,1,1,0
2024-12-23,PHC_005,doctor,2,1,1
2024-12-23,PHC_005,nurse,6,3,3
2024-12-23,PHC_006,doctor,1,1,0
2024-12-23,PHC_006,nurse,7,6,1
2024-12-23,PHC_006,pharmacist,2,0,2
2024-12-23,PHC_007,doctor,2,2,0
2024-12-23,PHC_007,nurse,3,2,1
2024-12-23,PHC_007,pharmacist,1,1,0
2024-12-23,PHC_008,doctor,2,1,1
2024-12-23,PHC_008,nurse,5,5,0
2024-12-23,PHC_008,pharmacist,1,1,0
2024-12-23,PHC_009,doctor,2,2,0
2024-12-23,PHC_009,nurse,5,4,1
2024-12-23,PHC_009,pharmacist,3,3,0
2024-12-23,PHC_010,doctor,3,3,0
2024-12-23,PHC_010,nurse,2,2,0
2024-12-23,PHC_010,pharmacist,1,1,0
2024-12-23,PHC_011,doctor,3,2,1
2024-12-23,PHC_011,nurse,7,7,0
2024-12-23,PHC_011,pharmacist,1,1,0
2024-12-23,PHC_012,doctor,2,1,1
2024-12-23,PHC_012,nurse,4,3,1
2024-12-23,PHC_012,pharmacist,2,1,1
2024-12-23,PHC_013,doctor,3,2,1
2024-12-23,PHC_013,nurse,5,5,0
2024-12-23,PHC_013,pharmacist,1,0,1
2024-12-23,PHC_014,doctor,2,2,0
2024-12-23,PHC_014,nurse,4,3,1
2024-12-23,PHC_014,pharmacist,1,1,0
2024-12-23,PHC_015,doctor,2,2,0
2024-12-23,PHC_015,nurse,7,6,1
2024-12-23,PHC_015,pharmacist,2,2,0
2024-12-24,PHC_001,doctor,3,2,1
2024-12-24,PHC_001,nurse,6,5,1
2024-12-24,PHC_001,pharmacist,1,1,0
2024-12-24,PHC_002,doctor,1,1,0
2024-12-24,PHC_002,nurse,7,6,1
2024-12-24,PHC_002,pharmacist,3,3,0
2024-12-24,PHC_003,doctor,2,2,0
2024-12-24,PHC_003,nurse,8,6,2
2024-12-24,PHC_003,pharmacist,2,2,0
2024-12-24,PHC_004,doctor,2,1,1
2024-12-24,PHC_004,nurse,5,4,1
2024-12-24,PHC_005,doctor,2,2,0
2024-12-24,PHC_005,nurse,5,3,2
2024-12-24,PHC_006,nurse,8,8,0
2024-12-24,PHC_006,pharmacist,2,2,0
2024-12-24,PHC_007,doctor,2,1,1
2024-12-24,PHC_007,nurse,4,3,1
2024-12-24,PHC_007,pharmacist,1,0,1
2024-12-24,PHC_008,doctor,1,1,0
2024-12-24,PHC_008,nurse,4,4,0
2024-12-24,PHC_008,pharmacist,1,1,0
2024-12-24,PHC_009,doctor,2,2,0
2024-12-24,PHC_009,nurse,8,8,0
2024-12-24,PHC_009,pharmacist,3,3,0
2024-12-24,PHC_010,doctor,1,1,0
2024-12-24,PHC_010,nurse,4,3,1
2024-12-24,PHC_010,pharmacist,1,1,0
2024-12-24,PHC_011,doctor,2,2,0
2024-12-24,PHC_011,nurse,6,4,2
2024-12-24,PHC_011,pharmacist,2,2,0
2024-12-24,PHC_012,doctor,2,1,1
2024-12-24,PHC_012,nurse,3,2,1
2024-12-24,PHC_012,pharmacist,2,1,1
2024-12-24,PHC_013,doctor,3,3,0
2024-12-24,PHC_013,nurse,4,4,0
2024-12-24,PHC_013,pharmacist,1,1,0
2024-12-24,PHC_014,doctor,3,2,1
2024-12-24,PHC_014,nurse,4,4,0
2024-12-24,PHC_015,doctor,2,1,1
2024-12-24,PHC_015,nurse,8,6,2
2024-12-24,PHC_015,pharmacist,3,3,0
2024-12-25,PHC_001,doctor,2,2,0
2024-12-25,PHC_001,nurse,6,5,1
2024-12-25,PHC_001,pharmacist,1,1,0
2024-12-25,PHC_002,doctor,2,2,0
2024-12-25,PHC_002,nurse,8,7,1
2024-12-25,PHC_002,pharmacist,3,3,0
2024-12-25,PHC_003,doctor,3,3,0
2024-12-25,PHC_003,nurse,8,8,0
2024-12-25,PHC_003,pharmacist,1,1,0
2024-12-25,PHC_004,doctor,1,1,0
2024-12-25,PHC_004,nurse,4,4,0
2024-12-25,PHC_004,pharmacist,1,1,0
2024-12-25,PHC_005,doctor,1,1,0
2024-12-25,PHC_005,nurse,6,4,2
2024-12-25,PHC_005,pharmacist,1,0,1
2024-12-25,PHC_006,doctor,2,2,0
2024-12-25,PHC_006,nurse,9,8,1
2024-12-25,PHC_006,pharmacist,2,2,0
2024-12-25,PHC_007,doctor,2,2,0
2024-12-25,PHC_007,nurse,5,2,3
2024-12-25,PHC_008,doctor,1,1,0
2024-12-25,PHC_008,nurse,4,4,0
2024-12-25,PHC_009,doctor,2,2,0
2024-12-25,PHC_009,nurse,7,7,0
2024-12-25,PHC_009,pharmacist,2,2,0
2024-12-25,PHC_010,doctor,3,2,1
2024-12-25,PHC_010,nurse,4,4,0
2024-12-25,PHC_010,pharmacist,1,1,0
2024-12-25,PHC_011,doctor,2,1,1
2024-12-25,PHC_011,nurse,7,6,1
2024-12-25,PHC_011,pharmacist,2,2,0
2024-12-25,PHC_012,doctor,2,2,0
2024-12-25,PHC_012,nurse,4,4,0
2024-12-25,PHC_012,pharmacist,2,2,0
2024-12-25,PHC_013,doctor,3,2,1
2024-12-25,PHC_013,nurse,4,4,0
2024-12-25,PHC_013,pharmacist,1,1,0
2024-12-25,PHC_014,doctor,2,2,0
2024-12-25,PHC_014,nurse,5,5,0
2024-12-25,PHC_014,pharmacist,2,2,0
2024-12-25,PHC_015,doctor,2,1,1
2024-12-25,PHC_015,nurse,9,6,3
2024-12-25,PHC_015,pharmacist,3,2,1
2024-12-26,PHC_001,doctor,3,2,1
2024-12-26,PHC_001,nurse,6,6,0
2024-12-26,PHC_001,pharmacist,1,1,0
2024-12-26,PHC_002,doctor,2,2,0
2024-12-26,PHC_002,nurse,7,6,1
2024-12-26,PHC_002,pharmacist,2,2,0
2024-12-26,PHC_003,doctor,3,3,0
2024-12-26,PHC_003,nurse,8,7,1
2024-12-26,PHC_003,pharmacist,2,2,0
2024-12-26,PHC_004,doctor,1,1,0
2024-12-26,PHC_004,nurse,4,4,0
2024-12-26,PHC_004,pharmacist,1,0,1
2024-12-26,PHC_005,doctor,2,2,0
2024-12-26,PHC_005,nurse,6,5,1
2024-12-26,PHC_005,pharmacist,1,0,1
2024-12-26,PHC_006,doctor,2,2,0
2024-12-26,PHC_006,nurse,9,7,2
2024-12-26,PHC_006,pharmacist,1,0,1
2024-12-26,PHC_007,doctor,2,2,0
2024-12-26,PHC_007,nurse,5,3,2
2024-12-26,PHC_007,pharmacist,1,1,0
2024-12-26,PHC_008,doctor,2,2,0
2024-12-26,PHC_008,nurse,4,4,0
2024-12-26,PHC_008,pharmacist,1,1,0
2024-12-26,PHC_009,doctor,2,2,0
2024-12-26,PHC_009,nurse,8,7,1
2024-12-26,PHC_009,pharmacist,2,2,0
2024-12-26,PHC_010,doctor,3,2,1
2024-12-26,PHC_010,nurse,5,4,1
2024-12-26,PHC_011,doctor,3,3,0
2024-12-26,PHC_011,nurse,8,6,2
2024-12-26,PHC_011,pharmacist,2,2,0
2024-12-26,PHC_012,doctor,2,1,1
2024-12-26,PHC_012,nurse,4,2,2
2024-12-26,PHC_012,pharmacist,1,1,0
2024-12-26,PHC_013,doctor,3,3,0
2024-12-26,PHC_013,nurse,6,6,0
2024-12-26,PHC_013,pharmacist,1,0,1
2024-12-26,PHC_014,doctor,3,3,0
2024-12-26,PHC_014,nurse,5,5,0
2024-12-26,PHC_014,pharmacist,1,1,0
2024-12-26,PHC_015,doctor,1,1,0
2024-12-26,PHC_015,nurse,7,6,1
2024-12-26,PHC_015,pharmacist,2,2,0
2024-12-27,PHC_001,doctor,3,3,0
2024-12-27,PHC_001,nurse,7,6,1
2024-12-27,PHC_001,pharmacist,1,1,0
2024-12-27,PHC_002,doctor,2,2,0
2024-12-27,PHC_002,nurse,7,7,0
2024-12-27,PHC_002,pharmacist,3,2,1
2024-12-27,PHC_003,doctor,2,2,0
2024-12-27,PHC_003,nurse,8,4,4
2024-12-27,PHC_003,pharmacist,2,2,0
2024-12-27,PHC_004,doctor,2,2,0
2024-12-27,PHC_004,nurse,5,2,3
2024-12-27,PHC_004,pharmacist,1,1,0
2024-12-27,PHC_005,nurse,5,4,1
2024-12-27,PHC_005,pharmacist,1,1,0
2024-12-27,PHC_006,doctor,2,1,1
2024-12-27,PHC_006,nurse,6,5,1
2024-12-27,PHC_006,pharmacist,1,1,0
2024-12-27,PHC_007,doctor,1,1,0
2024-12-27,PHC_007,nurse,5,5,0
2024-12-27,PHC_007,pharmacist,1,1,0
2024-12-27,PHC_008,doctor,2,1,1
2024-12-27,PHC_008,nurse,4,2,2
2024-12-27,PHC_008,pharmacist,1,1,0
2024-12-27,PHC_009,doctor,2,1,1
2024-12-27,PHC_009,nurse,6,6,0
2024-12-27,PHC_009,pharmacist,2,2,0
2024-12-27,PHC_010,doctor,2,2,0
2024-12-27,PHC_010,nurse,5,5,0
2024-12-27,PHC_010,pharmacist,1,1,0
2024-12-27,PHC_011,doctor,2,2,0
2024-12-27,PHC_011,nurse,8,7,1
2024-12-27,PHC_011,pharmacist,2,2,0
2024-12-27,PHC_012,doctor,2,2,0
2024-12-27,PHC_012,nurse,2,2,0
2024-12-27,PHC_012,pharmacist,1,1,0
2024-12-27,PHC_013,doctor,3,2,1
2024-12-27,PHC_013,nurse,2,2,0
2024-12-27,PHC_013,pharmacist,1,1,0
2024-12-27,PHC_014,doctor,2,2,0
2024-12-27,PHC_014,nurse,5,5,0
2024-12-27,PHC_014,pharmacist,1,1,0
2024-12-27,PHC_015,doctor,2,2,0
2024-12-27,PHC_015,nurse,9,8,1
2024-12-27,PHC_015,pharmacist,3,3,0
2024-12-28,PHC_001,doctor,2,2,0
2024-12-28,PHC_001,nurse,7,6,1
2024-12-28,PHC_001,pharmacist,1,0,1
2024-12-28,PHC_002,doctor,2,1,1
2024-12-28,PHC_002,nurse,7,7,0
2024-12-28,PHC_002,pharmacist,2,1,1
2024-12-28,PHC_003,doctor,3,2,1
2024-12-28,PHC_003,nurse,8,7,1
2024-12-28,PHC_003,pharmacist,2,2,0
2024-12-28,PHC_004,doctor,2,2,0
2024-12-28,PHC_004,nurse,5,4,1
2024-12-28,PHC_004,pharmacist,1,0,1
2024-12-28,PHC_005,doctor,2,2,0
2024-12-28,PHC_005,nurse,5,5,0
2024-12-28,PHC_005,pharmacist,1,1,0
2024-12-28,PHC_006,doctor,3,0,3
2024-12-28,PHC_006,nurse,8,7,1
2024-12-28,PHC_006,pharmacist,1,1,0
2024-12-28,PHC_007,doctor,2,1,1
2024-12-28,PHC_007,nurse,5,5,0
2024-12-28,PHC_007,pharmacist,1,0,1
2024-12-28,PHC_008,doctor,1,1,0
2024-12-28,PHC_008,nurse,4,2,2
2024-12-28,PHC_008,pharmacist,1,1,0
2024-12-28,PHC_009,doctor,1,1,0
2024-12-28,PHC_009,nurse,7,6,1
2024-12-28,PHC_009,pharmacist,3,2,1
2024-12-28,PHC_010,doctor,2,1,1
2024-12-28,PHC_010,nurse,5,3,2
2024-12-28,PHC_011,doctor,3,3,0
2024-12-28,PHC_011,nurse,6,6,0
2024-12-28,PHC_011,pharmacist,2,2,0
2024-12-28,PHC_012,doctor,2,1,1
2024-12-28,PHC_012,nurse,3,2,1
2024-12-28,PHC_012,pharmacist,2,2,0
2024-12-28,PHC_013,doctor,3,2,1
2024-12-28,PHC_013,nurse,4,4,0
2024-12-28,PHC_013,pharmacist,1,1,0
2024-12-28,PHC_014,doctor,3,2,1
2024-12-28,PHC_014,nurse,5,5,0
2024-12-28,PHC_014,pharmacist,1,1,0
2024-12-28,PHC_015,doctor,2,1,1
2024-12-28,PHC_015,nurse,8,7,1
2024-12-28,PHC_015,pharmacist,3,2,1
2024-12-29,PHC_001,doctor,3,2,1
2024-12-29,PHC_001,nurse,4,4,0
2024-12-29,PHC_001,pharmacist,1,0,1
2024-12-29,PHC_002,doctor,2,2,0
2024-12-29,PHC_002,nurse,7,6,1
2024-12-29,PHC_002,pharmacist,3,1,2
2024-12-29,PHC_003,doctor,2,2,0
2024-12-29,PHC_003,nurse,9,6,3
2024-12-29,PHC_003,pharmacist,2,1,1
2024-12-29,PHC_004,doctor,1,1,0
2024-12-29,PHC_004,nurse,3,3,0
2024-12-29,PHC_004,pharmacist,1,0,1
2024-12-29,PHC_005,doctor,2,1,1
2024-12-29,PHC_005,nurse,6,3,3
2024-12-29,PHC_005,pharmacist,1,1,0
2024-12-29,PHC_006,doctor,2,2,0
2024-12-29,PHC_006,nurse,9,8,1
2024-12-29,PHC_006,pharmacist,2,1,1
2024-12-29,PHC_007,doctor,1,0,1
2024-12-29,PHC_007,nurse,5,5,0
2024-12-29,PHC_007,pharmacist,1,1,0
2024-12-29,PHC_008,doctor,1,1,0
2024-12-29,PHC_008,nurse,5,4,1
2024-12-29,PHC_009,doctor,2,2,0
2024-12-29,PHC_009,nurse,6,6,0
2024-12-29,PHC_009,pharmacist,3,3,0
2024-12-29,PHC_010,doctor,3,3,0
2024-12-29,PHC_010,nurse,5,4,1
2024-12-29,PHC_010,pharmacist,1,1,0
2024-12-29,PHC_011,doctor,3,1,2
2024-12-29,PHC_011,nurse,6,5,1
2024-12-29,PHC_011,pharmacist,2,1,1
2024-12-29,PHC_012,doctor,2,1,1
2024-12-29,PHC_012,nurse,4,3,1
2024-12-29,PHC_012,pharmacist,2,1,1
2024-12-29,PHC_013,doctor,2,2,0
2024-12-29,PHC_013,nurse,5,4,1
2024-12-29,PHC_013,pharmacist,1,1,0
2024-12-29,PHC_014,doctor,2,1,1
2024-12-29,PHC_014,nurse,3,2,1
2024-12-29,PHC_014,pharmacist,2,1,1
2024-12-29,PHC_015,doctor,1,1,0
2024-12-29,PHC_015,nurse,8,8,0
2024-12-29,PHC_015,pharmacist,2,2,0
2024-12-30,PHC_001,doctor,3,3,0
2024-12-30,PHC_001,nurse,6,6,0
2024-12-30,PHC_001,pharmacist,1,1,0
2024-12-30,PHC_002,doctor,1,1,0
2024-12-30,PHC_002,nurse,6,5,1
2024-12-30,PHC_002,pharmacist,2,0,2
2024-12-30,PHC_003,doctor,2,1,1
2024-12-30,PHC_003,nurse,8,8,0
2024-12-30,PHC_003,pharmacist,2,2,0
2024-12-30,PHC_004,doctor,2,1,1
2024-12-30,PHC_004,nurse,4,3,1
2024-12-30,PHC_004,pharmacist,1,1,0
2024-12-30,PHC_005,doctor,1,1,0
2024-12-30,PHC_005,nurse,6,6,0
2024-12-30,PHC_005,pharmacist,1,1,0
2024-12-30,PHC_006,doctor,1,1,0
2024-12-30,PHC_006,nurse,9,5,4
2024-12-30,PHC_006,pharmacist,2,1,1
2024-12-30,PHC_007,doctor,2,2,0
2024-12-30,PHC_007,nurse,5,4,1
2024-12-30,PHC_008,doctor,2,2,0
2024-12-30,PHC_008,nurse,4,3,1
2024-12-30,PHC_008,pharmacist,1,1,0
2024-12-30,PHC_009,doctor,2,2,0
2024-12-30,PHC_009,nurse,7,6,1
2024-12-30,PHC_009,pharmacist,2,1,1
2024-12-30,PHC_010,doctor,3,2,1
2024-12-30,PHC_010,nurse,2,2,0
2024-12-30,PHC_010,pharmacist,1,1,0
2024-12-30,PHC_011,doctor,3,3,0
2024-12-30,PHC_011,nurse,6,5,1
2024-12-30,PHC_011,pharmacist,2,1,1
2024-12-30,PHC_012,doctor,2,1,1
2024-12-30,PHC_012,nurse,4,4,0
2024-12-30,PHC_012,pharmacist,2,0,2
2024-12-30,PHC_013,doctor,3,3,0
2024-12-30,PHC_013,nurse,4,4,0
2024-12-30,PHC_014,doctor,3,2,1
2024-12-30,PHC_014,nurse,5,4,1
2024-12-30,PHC_014,pharmacist,2,2,0
2024-12-30,PHC_015,doctor,2,2,0
2024-12-30,PHC_015,nurse,7,6,1
2024-12-30,PHC_015,pharmacist,2,1,1
2024-12-31,PHC_001,doctor,3,2,1
2024-12-31,PHC_001,nurse,7,5,2
2024-12-31,PHC_001,pharmacist,1,0,1
2024-12-31,PHC_002,doctor,2,2,0
2024-12-31,PHC_002,nurse,6,5,1
2024-12-31,PHC_002,pharmacist,2,2,0
2024-12-31,PHC_003,doctor,3,2,1
2024-12-31,PHC_003,nurse,8,7,1
2024-12-31,PHC_003,pharmacist,2,1,1
2024-12-31,PHC_004,doctor,2,1,1
2024-12-31,PHC_004,nurse,6,5,1
2024-12-31,PHC_004,pharmacist,1,1,0
2024-12-31,PHC_005,doctor,2,2,0
2024-12-31,PHC_005,nurse,5,4,1
2024-12-31,PHC_005,pharmacist,1,1,0
2024-12-31,PHC_006,doctor,3,2,1
2024-12-31,PHC_006,nurse,8,6,2
2024-12-31,PHC_006,pharmacist,2,1,1
2024-12-31,PHC_007,doctor,1,1,0
2024-12-31,PHC_007,nurse,2,2,0
2024-12-31,PHC_007,pharmacist,1,1,0
2024-12-31,PHC_008,doctor,2,1,1
2024-12-31,PHC_008,nurse,4,1,3
2024-12-31,PHC_009,doctor,2,1,1
2024-12-31,PHC_009,nurse,8,7,1
2024-12-31,PHC_009,pharmacist,3,2,1
2024-12-31,PHC_010,doctor,3,3,0
2024-12-31,PHC_010,nurse,4,3,1
2024-12-31,PHC_011,doctor,3,2,1
2024-12-31,PHC_011,nurse,7,6,1
2024-12-31,PHC_011,pharmacist,1,1,0
2024-12-31,PHC_012,doctor,1,1,0
2024-12-31,PHC_012,nurse,4,4,0
2024-12-31,PHC_012,pharmacist,2,2,0
2024-12-31,PHC_013,doctor,3,3,0
2024-12-31,PHC_013,nurse,5,5,0
2024-12-31,PHC_013,pharmacist,1,1,0
2024-12-31,PHC_014,doctor,3,2,1
2024-12-31,PHC_014,nurse,4,4,0
2024-12-31,PHC_014,pharmacist,1,0,1
2024-12-31,PHC_015,doctor,1,1,0
2024-12-31,PHC_015,nurse,7,7,0
2024-12-31,PHC_015,pharmacist,3,3,0
2025-01-01,PHC_001,doctor,3,2,1
2025-01-01,PHC_001,nurse,5,5,0
2025-01-01,PHC_002,doctor,2,2,0
2025-01-01,PHC_002,nurse,6,6,0
2025-01-01,PHC_002,pharmacist,3,2,1
2025-01-01,PHC_003,doctor,3,3,0
2025-01-01,PHC_003,nurse,9,5,4
2025-01-01,PHC_003,pharmacist,2,2,0
2025-01-01,PHC_004,doctor,2,2,0
2025-01-01,PHC_004,nurse,5,4,1
2025-01-01,PHC_005,nurse,6,4,2
2025-01-01,PHC_005,pharmacist,1,0,1
2025-01-01,PHC_006,doctor,3,2,1
2025-01-01,PHC_006,nurse,9,8,1
2025-01-01,PHC_006,pharmacist,1,1,0
2025-01-01,PHC_007,doctor,2,1,1
2025-01-01,PHC_007,nurse,5,5,0
2025-01-01,PHC_007,pharmacist,1,1,0
2025-01-01,PHC_008,doctor,1,1,0
2025-01-01,PHC_008,nurse,5,2,3
2025-01-01,PHC_009,doctor,2,1,1
2025-01-01,PHC_009,nurse,7,6,1
2025-01-01,PHC_009,pharmacist,2,2,0
2025-01-01,PHC_010,doctor,3,3,0
2025-01-01,PHC_010,nurse,5,4,1
2025-01-01,PHC_010,pharmacist,1,1,0
2025-01-01,PHC_011,doctor,3,3,0
2025-01-01,PHC_011,nurse,8,7,1
2025-01-01,PHC_011,pharmacist,2,2,0
2025-01-01,PHC_012,doctor,1,1,0
2025-01-01,PHC_012,nurse,3,1,2
2025-01-01,PHC_012,pharmacist,1,1,0
2025-01-01,PHC_013,doctor,2,2,0
2025-01-01,PHC_013,nurse,6,5,1
2025-01-01,PHC_013,pharmacist,1,1,0
2025-01-01,PHC_014,doctor,3,3,0
2025-01-01,PHC_014,nurse,5,5,0
2025-01-01,PHC_014,pharmacist,1,0,1
2025-01-01,PHC_015,doctor,2,2,0
2025-01-01,PHC_015,nurse,6,5,1
2025-01-01,PHC_015,pharmacist,3,3,0
2025-01-02,PHC_001,doctor,3,3,0
2025-01-02,PHC_001,nurse,6,5,1
2025-01-02,PHC_001,pharmacist,1,0,1
2025-01-02,PHC_002,nurse,8,5,3
2025-01-02,PHC_002,pharmacist,3,2,1
2025-01-02,PHC_003,doctor,2,2,0
2025-01-02,PHC_003,nurse,7,5,2
2025-01-02,PHC_003,pharmacist,2,2,0
2025-01-02,PHC_004,doctor,2,2,0
2025-01-02,PHC_004,nurse,6,5,1
2025-01-02,PHC_004,pharmacist,1,1,0
2025-01-02,PHC_005,doctor,2,2,0
2025-01-02,PHC_005,nurse,5,5,0
2025-01-02,PHC_006,doctor,3,3,0
2025-01-02,PHC_006,nurse,9,5,4
2025-01-02,PHC_006,pharmacist,2,1,1
2025-01-02,PHC_007,doctor,1,1,0
2025-01-02,PHC_007,nurse,5,4,1
2025-01-02,PHC_007,pharmacist,1,1,0
2025-01-02,PHC_008,doctor,2,1,1
2025-01-02,PHC_008,nurse,4,4,0
2025-01-02,PHC_008,pharmacist,1,1,0
2025-01-02,PHC_009,doctor,1,0,1
2025-01-02,PHC_009,nurse,8,7,1
2025-01-02,PHC_009,pharmacist,3,1,2
2025-01-02,PHC_010,doctor,2,2,0
2025-01-02,PHC_010,nurse,5,3,2
2025-01-02,PHC_010,pharmacist,1,0,1
2025-01-02,PHC_011,doctor,2,1,1
2025-01-02,PHC_011,nurse,8,5,3
2025-01-02,PHC_011,pharmacist,2,1,1
2025-01-02,PHC_012,doctor,2,2,0
2025-01-02,PHC_012,nurse,4,4,0
2025-01-02,PHC_012,pharmacist,2,2,0
2025-01-02,PHC_013,doctor,2,1,1
2025-01-02,PHC_013,nurse,5,4,1
2025-01-02,PHC_013,pharmacist,1,1,0
2025-01-02,PHC_014,doctor,3,1,2
2025-01-02,PHC_014,nurse,3,3,0
2025-01-02,PHC_014,pharmacist,2,2,0
2025-01-02,PHC_015,doctor,2,2,0
2025-01-02,PHC_015,nurse,7,4,3
2025-01-02,PHC_015,pharmacist,3,3,0
2025-01-03,PHC_001,doctor,3,3,0
2025-01-03,PHC_001,nurse,7,4,3
2025-01-03,PHC_001,pharmacist,1,1,0
2025-01-03,PHC_002,nurse,7,5,2
2025-01-03,PHC_002,pharmacist,3,3,0
2025-01-03,PHC_003,doctor,2,1,1
2025-01-03,PHC_003,nurse,7,5,2
2025-01-03,PHC_003,pharmacist,2,1,1
2025-01-03,PHC_004,nurse,6,6,0
2025-01-03,PHC_004,pharmacist,1,1,0
2025-01-03,PHC_005,doctor,2,2,0
2025-01-03,PHC_005,nurse,6,6,0
2025-01-03,PHC_006,doctor,3,3,0
2025-01-03,PHC_006,nurse,9,8,1
2025-01-03,PHC_006,pharmacist,1,0,1
2025-01-03,PHC_007,doctor,2,1,1
2025-01-03,PHC_007,nurse,3,3,0
2025-01-03,PHC_007,pharmacist,1,1,0
2025-01-03,PHC_008,doctor,2,2,0
2025-01-03,PHC_008,nurse,5,4,1
2025-01-03,PHC_008,pharmacist,1,1,0
2025-01-03,PHC_009,doctor,2,1,1
2025-01-03,PHC_009,nurse,7,5,2
2025-01-03,PHC_009,pharmacist,2,2,0
2025-01-03,PHC_010,doctor,2,2,0
2025-01-03,PHC_010,nurse,4,4,0
2025-01-03,PHC_010,pharmacist,1,1,0
2025-01-03,PHC_011,doctor,2,2,0
2025-01-03,PHC_011,nurse,8,6,2
2025-01-03,PHC_011,pharmacist,2,2,0
2025-01-03,PHC_012,doctor,1,1,0
2025-01-03,PHC_012,nurse,3,3,0
2025-01-03,PHC_012,pharmacist,2,2,0
2025-01-03,PHC_013,doctor,2,2,0
2025-01-03,PHC_013,nurse,6,5,1
2025-01-03,PHC_013,pharmacist,1,1,0
2025-01-03,PHC_014,doctor,2,2,0
2025-01-03,PHC_014,nurse,5,5,0
2025-01-03,PHC_014,pharmacist,2,2,0
2025-01-03,PHC_015,doctor,2,1,1
2025-01-03,PHC_015,nurse,8,6,2
2025-01-03,PHC_015,pharmacist,3,2,1
2025-01-04,PHC_001,doctor,2,2,0
2025-01-04,PHC_001,nurse,5,3,2
2025-01-04,PHC_001,pharmacist,1,1,0
2025-01-04,PHC_002,doctor,2,2,0
2025-01-04,PHC_002,nurse,7,6,1
2025-01-04,PHC_002,pharmacist,3,3,0
2025-01-04,PHC_003,doctor,2,2,0
2025-01-04,PHC_003,nurse,8,8,0
2025-01-04,PHC_003,pharmacist,2,1,1
2025-01-04,PHC_004,doctor,2,2,0
2025-01-04,PHC_004,nurse,4,4,0
2025-01-04,PHC_004,pharmacist,1,0,1
2025-01-04,PHC_005,doctor,2,2,0
2025-01-04,PHC_005,nurse,4,3,1
2025-01-04,PHC_005,pharmacist,1,1,0
2025-01-04,PHC_006,doctor,3,2,1
2025-01-04,PHC_006,nurse,7,6,1
2025-01-04,PHC_006,pharmacist,2,2,0
2025-01-04,PHC_007,doctor,2,2,0
2025-01-04,PHC_007,nurse,4,4,0
2025-01-04,PHC_007,pharmacist,1,1,0
2025-01-04,PHC_008,doctor,2,2,0
2025-01-04,PHC_008,nurse,5,3,2
2025-01-04,PHC_008,pharmacist,1,1,0
2025-01-04,PHC_009,doctor,1,1,0
2025-01-04,PHC_009,nurse,5,5,0
2025-01-04,PHC_009,pharmacist,1,0,1
2025-01-04,PHC_010,doctor,2,2,0
2025-01-04,PHC_010,nurse,4,4,0
2025-01-04,PHC_010,pharmacist,1,1,0
2025-01-04,PHC_011,doctor,2,2,0
2025-01-04,PHC_011,nurse,8,7,1
2025-01-04,PHC_011,pharmacist,2,2,0
2025-01-04,PHC_012,doctor,2,1,1
2025-01-04,PHC_012,nurse,2,2,0
2025-01-04,PHC_012,pharmacist,2,1,1
2025-01-04,PHC_013,doctor,3,3,0
2025-01-04,PHC_013,nurse,5,4,1
2025-01-04,PHC_013,pharmacist,1,1,0
2025-01-04,PHC_014,doctor,2,2,0
2025-01-04,PHC_014,nurse,4,3,1
2025-01-04,PHC_014,pharmacist,2,2,0
2025-01-04,PHC_015,doctor,2,2,0
2025-01-04,PHC_015,nurse,7,6,1
2025-01-04,PHC_015,pharmacist,3,2,1
2025-01-05,PHC_001,doctor,3,2,1
2025-01-05,PHC_001,nurse,6,4,2
2025-01-05,PHC_001,pharmacist,1,0,1
2025-01-05,PHC_002,doctor,2,2,0
2025-01-05,PHC_002,nurse,7,6,1
2025-01-05,PHC_002,pharmacist,3,2,1
2025-01-05,PHC_003,doctor,3,2,1
2025-01-05,PHC_003,nurse,9,7,2
2025-01-05,PHC_003,pharmacist,2,1,1
2025-01-05,PHC_004,doctor,2,2,0
2025-01-05,PHC_004,nurse,6,5,1
2025-01-05,PHC_004,pharmacist,1,0,1
2025-01-05,PHC_005,doctor,2,1,1
2025-01-05,PHC_005,nurse,6,3,3
2025-01-05,PHC_005,pharmacist,1,1,0
2025-01-05,PHC_006,doctor,3,1,2
2025-01-05,PHC_006,nurse,8,7,1
2025-01-05,PHC_006,pharmacist,2,2,0
2025-01-05,PHC_007,doctor,2,2,0
2025-01-05,PHC_007,nurse,5,2,3
2025-01-05,PHC_007,pharmacist,1,1,0
2025-01-05,PHC_008,doctor,1,1,0
2025-01-05,PHC_008,nurse,4,2,2
2025-01-05,PHC_008,pharmacist,1,1,0
2025-01-05,PHC_009,doctor,1,1,0
2025-01-05,PHC_009,nurse,8,8,0
2025-01-05,PHC_009,pharmacist,3,2,1
2025-01-05,PHC_010,doctor,3,3,0
2025-01-05,PHC_010,nurse,5,1,4
2025-01-05,PHC_010,pharmacist,1,1,0
2025-01-05,PHC_011,doctor,3,2,1
2025-01-05,PHC_011,nurse,7,6,1
2025-01-05,PHC_011,pharmacist,2,2,0
2025-01-05,PHC_012,nurse,3,1,2
2025-01-05,PHC_012,pharmacist,2,1,1
2025-01-05,PHC_013,doctor,3,2,1
2025-01-05,PHC_013,nurse,6,5,1
2025-01-05,PHC_013,pharmacist,1,1,0
2025-01-05,PHC_014,doctor,3,3,0
2025-01-05,PHC_014,nurse,4,4,0
2025-01-05,PHC_014,pharmacist,2,1,1
2025-01-05,PHC_015,doctor,2,2,0
2025-01-05,PHC_015,nurse,7,5,2
2025-01-05,PHC_015,pharmacist,3,3,0
2025-01-06,PHC_001,doctor,1,1,0
2025-01-06,PHC_001,nurse,7,6,1
2025-01-06,PHC_001,pharmacist,1,1,0
2025-01-06,PHC_002,doctor,2,2,0
2025-01-06,PHC_002,nurse,9,7,2
2025-01-06,PHC_002,pharmacist,2,2,0
2025-01-06,PHC_003,doctor,2,1,1
2025-01-06,PHC_003,nurse,8,6,2
2025-01-06,PHC_003,pharmacist,2,2,0
2025-01-06,PHC_004,doctor,2,2,0
2025-01-06,PHC_004,nurse,6,4,2
2025-01-06,PHC_005,doctor,2,2,0
2025-01-06,PHC_005,nurse,4,3,1
2025-01-06,PHC_005,pharmacist,1,1,0
2025-01-06,PHC_006,doctor,2,2,0
2025-01-06,PHC_006,nurse,8,8,0
2025-01-06,PHC_006,pharmacist,2,1,1
2025-01-06,PHC_007,doctor,2,1,1
2025-01-06,PHC_007,nurse,4,2,2
2025-01-06,PHC_007,pharmacist,1,1,0
2025-01-06,PHC_008,doctor,2,2,0
2025-01-06,PHC_008,nurse,4,3,1
2025-01-06,PHC_008,pharmacist,1,1,0
2025-01-06,PHC_009,doctor,2,2,0
2025-01-06,PHC_009,nurse,6,5,1
2025-01-06,PHC_009,pharmacist,3,2,1
2025-01-06,PHC_010,doctor,2,2,0
2025-01-06,PHC_010,nurse,5,4,1
2025-01-06,PHC_010,pharmacist,1,1,0
2025-01-06,PHC_011,doctor,3,2,1
2025-01-06,PHC_011,nurse,7,7,0
2025-01-06,PHC_011,pharmacist,2,1,1
2025-01-06,PHC_012,nurse,4,2,2
2025-01-06,PHC_012,pharmacist,2,1,1
2025-01-06,PHC_013,doctor,3,3,0
2025-01-06,PHC_013,nurse,6,3,3
2025-01-06,PHC_013,pharmacist,1,1,0
2025-01-06,PHC_014,doctor,3,2,1
2025-01-06,PHC_014,nurse,3,3,0
2025-01-06,PHC_014,pharmacist,1,1,0
2025-01-06,PHC_015,doctor,2,2,0
2025-01-06,PHC_015,nurse,9,9,0
2025-01-06,PHC_015,pharmacist,1,1,0
2025-01-07,PHC_001,doctor,3,3,0
2025-01-07,PHC_001,nurse,7,6,1
2025-01-07,PHC_001,pharmacist,1,0,1
2025-01-07,PHC_002,doctor,2,2,0
2025-01-07,PHC_002,nurse,6,5,1
2025-01-07,PHC_002,pharmacist,3,0,3
2025-01-07,PHC_003,doctor,3,3,0
2025-01-07,PHC_003,nurse,7,4,3
2025-01-07,PHC_003,pharmacist,2,1,1
2025-01-07,PHC_004,doctor,2,2,0
2025-01-07,PHC_004,nurse,4,4,0
2025-01-07,PHC_004,pharmacist,1,1,0
2025-01-07,PHC_005,doctor,1,1,0
2025-01-07,PHC_005,nurse,5,3,2
2025-01-07,PHC_006,doctor,2,2,0
2025-01-07,PHC_006,nurse,8,7,1
2025-01-07,PHC_006,pharmacist,1,1,0
2025-01-07,PHC_007,doctor,2,2,0
2025-01-07,PHC_007,nurse,4,3,1
2025-01-07,PHC_007,pharmacist,1,0,1
2025-01-07,PHC_008,doctor,2,1,1
2025-01-07,PHC_008,nurse,5,3,2
2025-01-07,PHC_008,pharmacist,1,1,0
2025-01-07,PHC_009,doctor,2,2,0
2025-01-07,PHC_009,nurse,7,6,1
2025-01-07,PHC_009,pharmacist,3,3,0
2025-01-07,PHC_010,doctor,3,3,0
2025-01-07,PHC_010,nurse,5,4,1
2025-01-07,PHC_010,pharmacist,1,0,1
2025-01-07,PHC_011,doctor,3,3,0
2025-01-07,PHC_011,nurse,7,6,1
2025-01-07,PHC_011,pharmacist,1,1,0
2025-01-07,PHC_012,doctor,2,2,0
2025-01-07,PHC_012,nurse,4,3,1
2025-01-07,PHC_012,pharmacist,1,1,0
2025-01-07,PHC_013,doctor,2,2,0
2025-01-07,PHC_013,nurse,6,5,1
2025-01-07,PHC_013,pharmacist,1,1,0
2025-01-07,PHC_014,doctor,2,1,1
2025-01-07,PHC_014,nurse,4,3,1
2025-01-07,PHC_014,pharmacist,2,2,0
2025-01-07,PHC_015,doctor,2,2,0
2025-01-07,PHC_015,nurse,8,8,0
2025-01-07,PHC_015,pharmacist,3,2,1
2025-01-08,PHC_001,doctor,2,1,1
2025-01-08,PHC_001,nurse,5,4,1
2025-01-08,PHC_001,pharmacist,1,1,0
2025-01-08,PHC_002,doctor,2,2,0
2025-01-08,PHC_002,nurse,9,9,0
2025-01-08,PHC_002,pharmacist,3,2,1
2025-01-08,PHC_003,doctor,3,2,1
2025-01-08,PHC_003,nurse,9,8,1
2025-01-08,PHC_003,pharmacist,2,2,0
2025-01-08,PHC_004,doctor,1,1,0
2025-01-08,PHC_004,nurse,6,6,0
2025-01-08,PHC_005,nurse,4,4,0
2025-01-08,PHC_005,pharmacist,1,1,0
2025-01-08,PHC_006,doctor,2,2,0
2025-01-08,PHC_006,nurse,9,8,1
2025-01-08,PHC_006,pharmacist,2,2,0
2025-01-08,PHC_007,doctor,1,1,0
2025-01-08,PHC_007,nurse,4,2,2
2025-01-08,PHC_007,pharmacist,1,1,0
2025-01-08,PHC_008,doctor,1,0,1
2025-01-08,PHC_008,nurse,3,2,1
2025-01-08,PHC_009,doctor,1,1,0
2025-01-08,PHC_009,nurse,5,4,1
2025-01-08,PHC_009,pharmacist,3,2,1
2025-01-08,PHC_010,doctor,3,3,0
2025-01-08,PHC_010,nurse,5,4,1
2025-01-08,PHC_011,doctor,2,2,0
2025-01-08,PHC_011,nurse,8,7,1
2025-01-08,PHC_011,pharmacist,2,2,0
2025-01-08,PHC_012,doctor,2,2,0
2025-01-08,PHC_012,nurse,3,3,0
2025-01-08,PHC_012,pharmacist,1,1,0
2025-01-08,PHC_013,doctor,3,3,0
2025-01-08,PHC_013,nurse,5,4,1
2025-01-08,PHC_013,pharmacist,1,0,1
2025-01-08,PHC_014,doctor,3,2,1
2025-01-08,PHC_014,nurse,4,3,1
2025-01-08,PHC_014,pharmacist,2,1,1
2025-01-08,PHC_015,doctor,1,1,0
2025-01-08,PHC_015,nurse,7,6,1
2025-01-08,PHC_015,pharmacist,3,2,1
2025-01-09,PHC_001,doctor,3,3,0
2025-01-09,PHC_001,nurse,5,3,2
2025-01-09,PHC_001,pharmacist,1,1,0
2025-01-09,PHC_002,doctor,2,2,0
2025-01-09,PHC_002,nurse,8,7,1
2025-01-09,PHC_002,pharmacist,2,2,0
2025-01-09,PHC_003,doctor,3,3,0
2025-01-09,PHC_003,nurse,7,7,0
2025-01-09,PHC_003,pharmacist,2,2,0
2025-01-09,PHC_004,doctor,2,2,0
2025-01-09,PHC_004,nurse,6,6,0
2025-01-09,PHC_005,doctor,2,1,1
2025-01-09,PHC_005,nurse,6,4,2
2025-01-09,PHC_005,pharmacist,1,0,1
2025-01-09,PHC_006,doctor,3,3,0
2025-01-09,PHC_006,nurse,9,7,2
2025-01-09,PHC_006,pharmacist,2,1,1
2025-01-09,PHC_007,doctor,2,1,1
2025-01-09,PHC_007,nurse,3,2,1
2025-01-09,PHC_008,doctor,2,2,0
2025-01-09,PHC_008,nurse,2,2,0
2025-01-09,PHC_008,pharmacist,1,1,0
2025-01-09,PHC_009,doctor,2,1,1
2025-01-09,PHC_009,nurse,8,6,2
2025-01-09,PHC_009,pharmacist,3,2,1
2025-01-09,PHC_010,doctor,3,3,0
2025-01-09,PHC_010,nurse,5,5,0
2025-01-09,PHC_010,pharmacist,1,1,0
2025-01-09,PHC_011,doctor,3,2,1
2025-01-09,PHC_011,nurse,6,4,2
2025-01-09,PHC_011,pharmacist,1,1,0
2025-01-09,PHC_012,doctor,1,1,0
2025-01-09,PHC_012,nurse,4,4,0
2025-01-09,PHC_012,pharmacist,2,2,0
2025-01-09,PHC_013,doctor,3,3,0
2025-01-09,PHC_013,nurse,6,6,0
2025-01-09,PHC_013,pharmacist,1,1,0
2025-01-09,PHC_014,doctor,2,2,0
2025-01-09,PHC_014,nurse,5,4,1
2025-01-09,PHC_014,pharmacist,2,1,1
2025-01-09,PHC_015,doctor,2,2,0
2025-01-09,PHC_015,nurse,9,8,1
2025-01-09,PHC_015,pharmacist,2,2,0
2025-01-10,PHC_001,doctor,3,3,0
2025-01-10,PHC_001,nurse,6,5,1
2025-01-10,PHC_001,pharmacist,1,1,0
2025-01-10,PHC_002,doctor,2,2,0
2025-01-10,PHC_002,nurse,8,6,2
2025-01-10,PHC_002,pharmacist,3,2,1
2025-01-10,PHC_003,doctor,3,3,0
2025-01-10,PHC_003,nurse,7,7,0
2025-01-10,PHC_003,pharmacist,1,1,0
2025-01-10,PHC_004,doctor,2,2,0
2025-01-10,PHC_004,nurse,5,3,2
2025-01-10,PHC_004,pharmacist,1,1,0
2025-01-10,PHC_005,doctor,2,0,2
2025-01-10,PHC_005,nurse,4,4,0
2025-01-10,PHC_005,pharmacist,1,1,0
2025-01-10,PHC_006,doctor,3,2,1
2025-01-10,PHC_006,nurse,9,7,2
2025-01-10,PHC_006,pharmacist,2,2,0
2025-01-10,PHC_007,doctor,2,1,1
2025-01-10,PHC_007,nurse,3,3,0
2025-01-10,PHC_007,pharmacist,1,1,0
2025-01-10,PHC_008,doctor,2,2,0
2025-01-10,PHC_008,nurse,3,1,2
2025-01-10,PHC_008,pharmacist,1,1,0
2025-01-10,PHC_009,doctor,2,2,0
2025-01-10,PHC_009,nurse,8,8,0
2025-01-10,PHC_009,pharmacist,2,2,0
2025-01-10,PHC_010,doctor,3,2,1
2025-01-10,PHC_010,nurse,5,5,0
2025-01-10,PHC_010,pharmacist,1,1,0
2025-01-10,PHC_011,doctor,3,2,1
2025-01-10,PHC_011,nurse,7,5,2
2025-01-10,PHC_011,pharmacist,2,2,0
2025-01-10,PHC_012,doctor,2,0,2
2025-01-10,PHC_012,nurse,3,2,1
2025-01-10,PHC_012,pharmacist,2,2,0
2025-01-10,PHC_013,doctor,3,2,1
2025-01-10,PHC_013,nurse,5,5,0
2025-01-10,PHC_013,pharmacist,1,1,0
2025-01-10,PHC_014,doctor,3,2,1
2025-01-10,PHC_014,nurse,5,5,0
2025-01-10,PHC_014,pharmacist,2,2,0
2025-01-10,PHC_015,doctor,2,2,0
2025-01-10,PHC_015,nurse,7,5,2
2025-01-10,PHC_015,pharmacist,2,1,1
2025-01-11,PHC_001,doctor,3,1,2
2025-01-11,PHC_001,nurse,6,4,2
2025-01-11,PHC_001,pharmacist,1,1,0
2025-01-11,PHC_002,doctor,1,1,0
2025-01-11,PHC_002,nurse,7,6,1
2025-01-11,PHC_002,pharmacist,3,2,1
2025-01-11,PHC_003,doctor,3,3,0
2025-01-11,PHC_003,nurse,7,7,0
2025-01-11,PHC_003,pharmacist,1,1,0
2025-01-11,PHC_004,doctor,2,1,1
2025-01-11,PHC_004,nurse,5,3,2
2025-01-11,PHC_005,doctor,2,1,1
2025-01-11,PHC_005,nurse,5,5,0
2025-01-11,PHC_005,pharmacist,1,1,0
2025-01-11,PHC_006,doctor,3,2,1
2025-01-11,PHC_006,nurse,7,6,1
2025-01-11,PHC_006,pharmacist,2,1,1
2025-01-11,PHC_007,doctor,1,0,1
2025-01-11,PHC_007,nurse,5,4,1
2025-01-11,PHC_007,pharmacist,1,1,0
2025-01-11,PHC_008,doctor,2,2,0
2025-01-11,PHC_008,nurse,4,2,2
2025-01-11,PHC_008,pharmacist,1,1,0
2025-01-11,PHC_009,doctor,2,2,0
2025-01-11,PHC_009,nurse,8,8,0
2025-01-11,PHC_009,pharmacist,2,1,1
2025-01-11,PHC_010,doctor,2,2,0
2025-01-11,PHC_010,nurse,3,3,0
2025-01-11,PHC_011,doctor,2,1,1
2025-01-11,PHC_011,nurse,8,5,3
2025-01-11,PHC_011,pharmacist,1,1,0
2025-01-11,PHC_012,doctor,2,1,1
2025-01-11,PHC_012,nurse,4,2,2
2025-01-11,PHC_012,pharmacist,2,2,0
2025-01-11,PHC_013,doctor,3,3,0
2025-01-11,PHC_013,nurse,6,5,1
2025-01-11,PHC_013,pharmacist,1,1,0
2025-01-11,PHC_014,doctor,3,2,1
2025-01-11,PHC_014,nurse,4,4,0
2025-01-11,PHC_014,pharmacist,1,1,0
2025-01-11,PHC_015,doctor,1,1,0
2025-01-11,PHC_015,nurse,8,6,2
2025-01-11,PHC_015,pharmacist,3,2,1
2025-01-12,PHC_001,doctor,3,3,0
2025-01-12,PHC_001,nurse,7,5,2
2025-01-12,PHC_001,pharmacist,1,0,1
2025-01-12,PHC_002,doctor,2,2,0
2025-01-12,PHC_002,nurse,9,8,1
2025-01-12,PHC_002,pharmacist,2,1,1
2025-01-12,PHC_003,doctor,3,2,1
2025-01-12,PHC_003,nurse,7,5,2
2025-01-12,PHC_003,pharmacist,1,1,0
2025-01-12,PHC_004,doctor,2,2,0
2025-01-12,PHC_004,nurse,5,4,1
2025-01-12,PHC_004,pharmacist,1,1,0
2025-01-12,PHC_005,doctor,2,1,1
2025-01-12,PHC_005,nurse,5,4,1
2025-01-12,PHC_005,pharmacist,1,1,0
2025-01-12,PHC_006,doctor,2,2,0
2025-01-12,PHC_006,nurse,10,8,2
2025-01-12,PHC_006,pharmacist,2,1,1
2025-01-12,PHC_007,doctor,1,1,0
2025-01-12,PHC_007,nurse,5,3,2
2025-01-12,PHC_007,pharmacist,1,1,0
2025-01-12,PHC_008,doctor,2,1,1
2025-01-12,PHC_008,nurse,4,1,3
2025-01-12,PHC_008,pharmacist,1,1,0
2025-01-12,PHC_009,doctor,1,0,1
2025-01-12,PHC_009,nurse,6,6,0
2025-01-12,PHC_009,pharmacist,3,2,1
2025-01-12,PHC_010,doctor,2,2,0
2025-01-12,PHC_010,nurse,4,4,0
2025-01-12,PHC_011,doctor,2,1,1
2025-01-12,PHC_011,nurse,7,6,1
2025-01-12,PHC_011,pharmacist,2,2,0
2025-01-12,PHC_012,doctor,2,1,1
2025-01-12,PHC_012,nurse,4,3,1
2025-01-12,PHC_012,pharmacist,1,1,0
2025-01-12,PHC_013,doctor,2,2,0
2025-01-12,PHC_013,nurse,5,4,1
2025-01-12,PHC_013,pharmacist,1,1,0
2025-01-12,PHC_014,doctor,1,0,1
2025-01-12,PHC_014,nurse,5,5,0
2025-01-12,PHC_014,pharmacist,2,2,0
2025-01-12,PHC_015,doctor,2,0,2
2025-01-12,PHC_015,nurse,8,7,1
2025-01-12,PHC_015,pharmacist,2,2,0
2025-01-13,PHC_001,doctor,3,3,0
2025-01-13,PHC_001,nurse,6,6,0
2025-01-13,PHC_001,pharmacist,1,1,0
2025-01-13,PHC_002,doctor,2,2,0
2025-01-13,PHC_002,nurse,6,6,0
2025-01-13,PHC_002,pharmacist,3,2,1
2025-01-13,PHC_003,doctor,2,2,0
2025-01-13,PHC_003,nurse,7,6,1
2025-01-13,PHC_003,pharmacist,2,2,0
2025-01-13,PHC_004,doctor,2,2,0
2025-01-13,PHC_004,nurse,5,3,2
2025-01-13,PHC_004,pharmacist,1,1,0
2025-01-13,PHC_005,doctor,1,1,0
2025-01-13,PHC_005,nurse,6,5,1
2025-01-13,PHC_005,pharmacist,1,1,0
2025-01-13,PHC_006,doctor,3,1,2
2025-01-13,PHC_006,nurse,6,5,1
2025-01-13,PHC_006,pharmacist,1,1,0
2025-01-13,PHC_007,doctor,2,2,0
2025-01-13,PHC_007,nurse,5,3,2
2025-01-13,PHC_008,doctor,2,2,0
2025-01-13,PHC_008,nurse,5,5,0
2025-01-13,PHC_008,pharmacist,1,1,0
2025-01-13,PHC_009,doctor,1,1,0
2025-01-13,PHC_009,nurse,8,8,0
2025-01-13,PHC_009,pharmacist,2,2,0
2025-01-13,PHC_010,doctor,3,2,1
2025-01-13,PHC_010,nurse,4,3,1
2025-01-13,PHC_011,doctor,1,1,0
2025-01-13,PHC_011,nurse,6,3,3
2025-01-13,PHC_011,pharmacist,1,1,0
2025-01-13,PHC_012,doctor,1,1,0
2025-01-13,PHC_012,nurse,4,4,0
2025-01-13,PHC_012,pharmacist,2,2,0
2025-01-13,PHC_013,doctor,2,1,1
2025-01-13,PHC_013,nurse,6,5,1
2025-01-13,PHC_014,doctor,2,2,0
2025-01-13,PHC_014,nurse,4,4,0
2025-01-13,PHC_014,pharmacist,2,1,1
2025-01-13,PHC_015,doctor,1,1,0
2025-01-13,PHC_015,nurse,9,7,2
2025-01-13,PHC_015,pharmacist,2,1,1
2025-01-14,PHC_001,doctor,3,3,0
2025-01-14,PHC_001,nurse,6,5,1
2025-01-14,PHC_001,pharmacist,1,1,0
2025-01-14,PHC_002,doctor,2,2,0
2025-01-14,PHC_002,nurse,8,7,1
2025-01-14,PHC_002,pharmacist,2,1,1
2025-01-14,PHC_003,nurse,9,8,1
2025-01-14,PHC_003,pharmacist,1,1,0
2025-01-14,PHC_004,doctor,1,1,0
2025-01-14,PHC_004,nurse,6,5,1
2025-01-14,PHC_004,pharmacist,1,1,0
2025-01-14,PHC_005,doctor,2,2,0
2025-01-14,PHC_005,nurse,4,4,0
2025-01-14,PHC_005,pharmacist,1,1,0
2025-01-14,PHC_006,doctor,2,2,0
2025-01-14,PHC_006,nurse,9,7,2
2025-01-14,PHC_006,pharmacist,2,2,0
2025-01-14,PHC_007,doctor,1,0,1
2025-01-14,PHC_007,nurse,4,2,2
2025-01-14,PHC_007,pharmacist,1,1,0
2025-01-14,PHC_008,doctor,1,1,0
2025-01-14,PHC_008,nurse,4,4,0
2025-01-14,PHC_008,pharmacist,1,1,0
2025-01-14,PHC_009,doctor,2,2,0
2025-01-14,PHC_009,nurse,8,7,1
2025-01-14,PHC_009,pharmacist,3,2,1
2025-01-14,PHC_010,doctor,3,3,0
2025-01-14,PHC_010,nurse,2,2,0
2025-01-14,PHC_010,pharmacist,1,1,0
2025-01-14,PHC_011,doctor,2,1,1
2025-01-14,PHC_011,nurse,6,5,1
2025-01-14,PHC_011,pharmacist,2,2,0
2025-01-14,PHC_012,doctor,2,1,1
2025-01-14,PHC_012,nurse,4,3,1
2025-01-14,PHC_012,pharmacist,2,1,1
2025-01-14,PHC_013,doctor,2,1,1
2025-01-14,PHC_013,nurse,6,5,1
2025-01-14,PHC_014,doctor,3,2,1
2025-01-14,PHC_014,nurse,4,4,0
2025-01-14,PHC_014,pharmacist,1,0,1
2025-01-14,PHC_015,doctor,2,2,0
2025-01-14,PHC_015,nurse,8,6,2
2025-01-14,PHC_015,pharmacist,2,2,0
2025-01-15,PHC_001,doctor,1,1,0
2025-01-15,PHC_001,nurse,6,4,2
2025-01-15,PHC_001,pharmacist,1,0,1
2025-01-15,PHC_002,doctor,2,2,0
2025-01-15,PHC_002,nurse,7,6,1
2025-01-15,PHC_002,pharmacist,3,2,1
2025-01-15,PHC_003,doctor,3,3,0
2025-01-15,PHC_003,nurse,8,5,3
2025-01-15,PHC_004,doctor,2,2,0
2025-01-15,PHC_004,nurse,6,5,1
2025-01-15,PHC_004,pharmacist,1,0,1
2025-01-15,PHC_005,doctor,2,2,0
2025-01-15,PHC_005,nurse,3,2,1
2025-01-15,PHC_005,pharmacist,1,0,1
2025-01-15,PHC_006,doctor,3,2,1
2025-01-15,PHC_006,nurse,9,9,0
2025-01-15,PHC_006,pharmacist,2,2,0
2025-01-15,PHC_007,doctor,2,1,1
2025-01-15,PHC_007,nurse,5,4,1
2025-01-15,PHC_007,pharmacist,1,1,0
2025-01-15,PHC_008,doctor,2,2,0
2025-01-15,PHC_008,nurse,4,4,0
2025-01-15,PHC_008,pharmacist,1,0,1
2025-01-15,PHC_009,doctor,1,1,0
2025-01-15,PHC_009,nurse,6,6,0
2025-01-15,PHC_009,pharmacist,2,1,1
2025-01-15,PHC_010,doctor,3,3,0
2025-01-15,PHC_010,nurse,4,4,0
2025-01-15,PHC_010,pharmacist,1,1,0
2025-01-15,PHC_011,doctor,2,2,0
2025-01-15,PHC_011,nurse,7,5,2
2025-01-15,PHC_011,pharmacist,2,2,0
2025-01-15,PHC_012,doctor,2,1,1
2025-01-15,PHC_012,nurse,3,2,1
2025-01-15,PHC_012,pharmacist,1,1,0
2025-01-15,PHC_013,doctor,3,2,1
2025-01-15,PHC_013,nurse,6,5,1
2025-01-15,PHC_013,pharmacist,1,1,0
2025-01-15,PHC_014,doctor,3,2,1
2025-01-15,PHC_014,nurse,4,4,0
2025-01-15,PHC_014,pharmacist,2,2,0
2025-01-15,PHC_015,doctor,1,1,0
2025-01-15,PHC_015,nurse,9,8,1
2025-01-15,PHC_015,pharmacist,3,3,0
2025-01-16,PHC_001,doctor,1,1,0
2025-01-16,PHC_001,nurse,7,7,0
2025-01-16,PHC_001,pharmacist,1,1,0
2025-01-16,PHC_002,doctor,2,2,0
2025-01-16,PHC_002,nurse,6,5,1
2025-01-16,PHC_002,pharmacist,2,1,1
2025-01-16,PHC_003,doctor,3,2,1
2025-01-16,PHC_003,nurse,8,7,1
2025-01-16,PHC_003,pharmacist,2,1,1
2025-01-16,PHC_004,doctor,2,2,0
2025-01-16,PHC_004,nurse,4,4,0
2025-01-16,PHC_004,pharmacist,1,0,1
2025-01-16,PHC_005,doctor,2,1,1
2025-01-16,PHC_005,nurse,6,4,2
2025-01-16,PHC_005,pharmacist,1,1,0
2025-01-16,PHC_006,doctor,3,2,1
2025-01-16,PHC_006,nurse,9,8,1
2025-01-16,PHC_006,pharmacist,1,0,1
2025-01-16,PHC_007,doctor,1,0,1
2025-01-16,PHC_007,nurse,4,3,1
2025-01-16,PHC_007,pharmacist,1,1,0
2025-01-16,PHC_008,doctor,2,2,0
2025-01-16,PHC_008,nurse,5,5,0
2025-01-16,PHC_008,pharmacist,1,1,0
2025-01-16,PHC_009,doctor,1,1,0
2025-01-16,PHC_009,nurse,7,6,1
2025-01-16,PHC_009,pharmacist,3,3,0
2025-01-16,PHC_010,doctor,3,2,1
2025-01-16,PHC_010,nurse,4,4,0
2025-01-16,PHC_010,pharmacist,1,1,0
2025-01-16,PHC_011,doctor,3,3,0
2025-01-16,PHC_011,nurse,8,7,1
2025-01-16,PHC_011,pharmacist,1,1,0
2025-01-16,PHC_012,doctor,1,1,0
2025-01-16,PHC_012,nurse,4,3,1
2025-01-16,PHC_012,pharmacist,1,1,0
2025-01-16,PHC_013,doctor,2,2,0
2025-01-16,PHC_013,nurse,4,4,0
2025-01-16,PHC_013,pharmacist,1,1,0
2025-01-16,PHC_014,doctor,3,2,1
2025-01-16,PHC_014,nurse,5,5,0
2025-01-16,PHC_014,pharmacist,2,1,1
2025-01-16,PHC_015,doctor,2,2,0
2025-01-16,PHC_015,nurse,9,7,2
2025-01-16,PHC_015,pharmacist,2,2,0
2025-01-17,PHC_001,doctor,2,2,0
2025-01-17,PHC_001,nurse,5,4,1
2025-01-17,PHC_001,pharmacist,1,0,1
2025-01-17,PHC_002,doctor,1,1,0
2025-01-17,PHC_002,nurse,5,5,0
2025-01-17,PHC_002,pharmacist,2,1,1
2025-01-17,PHC_003,doctor,3,2,1
2025-01-17,PHC_003,nurse,9,7,2
2025-01-17,PHC_003,pharmacist,1,0,1
2025-01-17,PHC_004,doctor,2,2,0
2025-01-17,PHC_004,nurse,6,2,4
2025-01-17,PHC_005,doctor,1,1,0
2025-01-17,PHC_005,nurse,5,4,1
2025-01-17,PHC_006,doctor,2,2,0
2025-01-17,PHC_006,nurse,9,7,2
2025-01-17,PHC_006,pharmacist,2,1,1
2025-01-17,PHC_007,doctor,2,2,0
2025-01-17,PHC_007,nurse,4,4,0
2025-01-17,PHC_008,doctor,2,2,0
2025-01-17,PHC_008,nurse,5,3,2
2025-01-17,PHC_009,doctor,2,2,0
2025-01-17,PHC_009,nurse,6,6,0
2025-01-17,PHC_009,pharmacist,3,3,0
2025-01-17,PHC_010,doctor,2,2,0
2025-01-17,PHC_010,nurse,5,4,1
2025-01-17,PHC_010,pharmacist,1,1,0
2025-01-17,PHC_011,doctor,3,2,1
2025-01-17,PHC_011,nurse,7,5,2
2025-01-17,PHC_011,pharmacist,2,2,0
2025-01-17,PHC_012,doctor,2,2,0
2025-01-17,PHC_012,nurse,3,3,0
2025-01-17,PHC_012,pharmacist,1,1,0
2025-01-17,PHC_013,doctor,2,2,0
2025-01-17,PHC_013,nurse,5,4,1
2025-01-17,PHC_013,pharmacist,1,1,0
2025-01-17,PHC_014,doctor,3,3,0
2025-01-17,PHC_014,nurse,5,4,1
2025-01-17,PHC_014,pharmacist,2,2,0
2025-01-17,PHC_015,doctor,2,2,0
2025-01-17,PHC_015,nurse,8,8,0
2025-01-17,PHC_015,pharmacist,2,2,0
2025-01-18,PHC_001,doctor,3,3,0
2025-01-18,PHC_001,nurse,6,4,2
2025-01-18,PHC_001,pharmacist,1,1,0
2025-01-18,PHC_002,doctor,1,1,0
2025-01-18,PHC_002,nurse,7,7,0
2025-01-18,PHC_002,pharmacist,2,2,0
2025-01-18,PHC_003,doctor,2,2,0
2025-01-18,PHC_003,nurse,8,5,3
2025-01-18,PHC_003,pharmacist,2,1,1
2025-01-18,PHC_004,doctor,2,2,0
2025-01-18,PHC_004,nurse,6,6,0
2025-01-18,PHC_004,pharmacist,1,1,0
2025-01-18,PHC_005,doctor,2,2,0
2025-01-18,PHC_005,nurse,5,3,2
2025-01-18,PHC_005,pharmacist,1,1,0
2025-01-18,PHC_006,doctor,3,3,0
2025-01-18,PHC_006,nurse,7,7,0
2025-01-18,PHC_006,pharmacist,2,1,1
2025-01-18,PHC_007,doctor,2,1,1
2025-01-18,PHC_007,nurse,5,4,1
2025-01-18,PHC_007,pharmacist,1,1,0
2025-01-18,PHC_008,doctor,2,2,0
2025-01-18,PHC_008,nurse,5,5,0
2025-01-18,PHC_008,pharmacist,1,1,0
2025-01-18,PHC_009,doctor,2,2,0
2025-01-18,PHC_009,nurse,8,8,0
2025-01-18,PHC_009,pharmacist,3,3,0
2025-01-18,PHC_010,doctor,3,1,2
2025-01-18,PHC_010,nurse,5,5,0
2025-01-18,PHC_010,pharmacist,1,0,1
2025-01-18,PHC_011,doctor,2,2,0
2025-01-18,PHC_011,nurse,6,5,1
2025-01-18,PHC_011,pharmacist,2,2,0
2025-01-18,PHC_012,doctor,1,1,0
2025-01-18,PHC_012,nurse,4,3,1
2025-01-18,PHC_012,pharmacist,2,1,1
2025-01-18,PHC_013,doctor,2,2,0
2025-01-18,PHC_013,nurse,5,5,0
2025-01-18,PHC_013,pharmacist,1,1,0
2025-01-18,PHC_014,doctor,2,2,0
2025-01-18,PHC_014,nurse,5,4,1
2025-01-18,PHC_014,pharmacist,2,2,0
2025-01-18,PHC_015,doctor,2,1,1
2025-01-18,PHC_015,nurse,6,6,0
2025-01-18,PHC_015,pharmacist,3,2,1
2025-01-19,PHC_001,doctor,3,3,0
2025-01-19,PHC_001,nurse,6,6,0
2025-01-19,PHC_001,pharmacist,1,1,0
2025-01-19,PHC_002,doctor,2,2,0
2025-01-19,PHC_002,nurse,8,7,1
2025-01-19,PHC_002,pharmacist,3,1,2
2025-01-19,PHC_003,doctor,3,2,1
2025-01-19,PHC_003,nurse,8,8,0
2025-01-19,PHC_004,doctor,2,2,0
2025-01-19,PHC_004,nurse,6,3,3
2025-01-19,PHC_004,pharmacist,1,1,0
2025-01-19,PHC_005,doctor,1,0,1
2025-01-19,PHC_005,nurse,5,3,2
2025-01-19,PHC_006,doctor,2,1,1
2025-01-19,PHC_006,nurse,9,8,1
2025-01-19,PHC_006,pharmacist,2,1,1
2025-01-19,PHC_007,doctor,2,2,0
2025-01-19,PHC_007,nurse,3,3,0
2025-01-19,PHC_007,pharmacist,1,1,0
2025-01-19,PHC_008,doctor,2,2,0
2025-01-19,PHC_008,nurse,4,3,1
2025-01-19,PHC_008,pharmacist,1,1,0
2025-01-19,PHC_009,doctor,1,1,0
2025-01-19,PHC_009,nurse,5,5,0
2025-01-19,PHC_009,pharmacist,3,2,1
2025-01-19,PHC_010,doctor,3,2,1
2025-01-19,PHC_010,nurse,5,4,1
2025-01-19,PHC_010,pharmacist,1,0,1
2025-01-19,PHC_011,doctor,2,1,1
2025-01-19,PHC_011,nurse,6,4,2
2025-01-19,PHC_011,pharmacist,1,1,0
2025-01-19,PHC_012,doctor,1,1,0
2025-01-19,PHC_012,nurse,4,2,2
2025-01-19,PHC_012,pharmacist,1,1,0
2025-01-19,PHC_013,doctor,3,3,0
2025-01-19,PHC_013,nurse,5,4,1
2025-01-19,PHC_013,pharmacist,1,1,0
2025-01-19,PHC_014,doctor,3,3,0
2025-01-19,PHC_014,nurse,4,4,0
2025-01-19,PHC_014,pharmacist,2,1,1
2025-01-19,PHC_015,doctor,2,2,0
2025-01-19,PHC_015,nurse,7,5,2
2025-01-19,PHC_015,pharmacist,3,3,0
2025-01-20,PHC_001,doctor,3,3,0
2025-01-20,PHC_001,nurse,7,6,1
2025-01-20,PHC_002,doctor,2,2,0
2025-01-20,PHC_002,nurse,7,6,1
2025-01-20,PHC_002,pharmacist,2,2,0
2025-01-20,PHC_003,doctor,2,2,0
2025-01-20,PHC_003,nurse,8,6,2
2025-01-20,PHC_003,pharmacist,2,2,0
2025-01-20,PHC_004,doctor,2,2,0
2025-01-20,PHC_004,nurse,6,4,2
2025-01-20,PHC_005,doctor,2,1,1
2025-01-20,PHC_005,nurse,5,4,1
2025-01-20,PHC_005,pharmacist,1,0,1
2025-01-20,PHC_006,doctor,3,3,0
2025-01-20,PHC_006,nurse,8,7,1
2025-01-20,PHC_006,pharmacist,2,2,0
2025-01-20,PHC_007,doctor,1,1,0
2025-01-20,PHC_007,nurse,4,2,2
2025-01-20,PHC_007,pharmacist,1,1,0
2025-01-20,PHC_008,doctor,2,2,0
2025-01-20,PHC_008,nurse,4,2,2
2025-01-20,PHC_008,pharmacist,1,1,0
2025-01-20,PHC_009,doctor,1,0,1
2025-01-20,PHC_009,nurse,6,5,1
2025-01-20,PHC_009,pharmacist,3,3,0
2025-01-20,PHC_010,doctor,3,3,0
2025-01-20,PHC_010,nurse,4,3,1
2025-01-20,PHC_010,pharmacist,1,1,0
2025-01-20,PHC_011,doctor,1,1,0
2025-01-20,PHC_011,nurse,7,5,2
2025-01-20,PHC_011,pharmacist,2,2,0
2025-01-20,PHC_012,doctor,2,1,1
2025-01-20,PHC_012,nurse,3,2,1
2025-01-20,PHC_012,pharmacist,2,1,1
2025-01-20,PHC_013,doctor,3,2,1
2025-01-20,PHC_013,nurse,3,3,0
2025-01-20,PHC_013,pharmacist,1,1,0
2025-01-20,PHC_014,doctor,3,3,0
2025-01-20,PHC_014,nurse,3,3,0
2025-01-20,PHC_014,pharmacist,1,1,0
2025-01-20,PHC_015,doctor,2,1,1
2025-01-20,PHC_015,nurse,6,5,1
2025-01-20,PHC_015,pharmacist,3,2,1
2025-01-21,PHC_001,doctor,2,2,0
2025-01-21,PHC_001,nurse,6,5,1
2025-01-21,PHC_001,pharmacist,1,1,0
2025-01-21,PHC_002,doctor,2,1,1
2025-01-21,PHC_002,nurse,7,4,3
2025-01-21,PHC_002,pharmacist,2,1,1
2025-01-21,PHC_003,doctor,3,3,0
2025-01-21,PHC_003,nurse,8,5,3
2025-01-21,PHC_003,pharmacist,1,1,0
2025-01-21,PHC_004,doctor,2,2,0
2025-01-21,PHC_004,nurse,4,4,0
2025-01-21,PHC_004,pharmacist,1,1,0
2025-01-21,PHC_005,doctor,2,2,0
2025-01-21,PHC_005,nurse,5,4,1
2025-01-21,PHC_005,pharmacist,1,1,0
2025-01-21,PHC_006,doctor,3,1,2
2025-01-21,PHC_006,nurse,8,7,1
2025-01-21,PHC_006,pharmacist,2,0,2
2025-01-21,PHC_007,doctor,2,2,0
2025-01-21,PHC_007,nurse,4,1,3
2025-01-21,PHC_007,pharmacist,1,1,0
2025-01-21,PHC_008,nurse,5,3,2
2025-01-21,PHC_008,pharmacist,1,1,0
2025-01-21,PHC_009,doctor,2,2,0
2025-01-21,PHC_009,nurse,7,7,0
2025-01-21,PHC_009,pharmacist,2,1,1
2025-01-21,PHC_010,doctor,3,3,0
2025-01-21,PHC_010,nurse,4,4,0
2025-01-21,PHC_010,pharmacist,1,0,1
2025-01-21,PHC_011,doctor,3,2,1
2025-01-21,PHC_011,nurse,6,5,1
2025-01-21,PHC_011,pharmacist,2,1,1
2025-01-21,PHC_012,doctor,1,1,0
2025-01-21,PHC_012,nurse,3,3,0
2025-01-21,PHC_012,pharmacist,2,2,0
2025-01-21,PHC_013,doctor,2,2,0
2025-01-21,PHC_013,nurse,5,5,0
2025-01-21,PHC_014,doctor,2,2,0
2025-01-21,PHC_014,nurse,4,3,1
2025-01-21,PHC_014,pharmacist,2,1,1
2025-01-21,PHC_015,doctor,2,0,2
2025-01-21,PHC_015,nurse,8,7,1
2025-01-21,PHC_015,pharmacist,3,2,1
2025-01-22,PHC_001,doctor,3,1,2
2025-01-22,PHC_001,nurse,5,3,2
2025-01-22,PHC_002,doctor,2,2,0
2025-01-22,PHC_002,nurse,9,7,2
2025-01-22,PHC_002,pharmacist,3,1,2
2025-01-22,PHC_003,doctor,3,2,1
2025-01-22,PHC_003,nurse,9,7,2
2025-01-22,PHC_003,pharmacist,2,2,0
2025-01-22,PHC_004,doctor,2,2,0
2025-01-22,PHC_004,nurse,6,3,3
2025-01-22,PHC_004,pharmacist,1,1,0
2025-01-22,PHC_005,doctor,1,1,0
2025-01-22,PHC_005,nurse,5,4,1
2025-01-22,PHC_005,pharmacist,1,1,0
2025-01-22,PHC_006,doctor,2,2,0
2025-01-22,PHC_006,nurse,8,7,1
2025-01-22,PHC_006,pharmacist,2,1,1
2025-01-22,PHC_007,doctor,1,0,1
2025-01-22,PHC_007,nurse,4,3,1
2025-01-22,PHC_007,pharmacist,1,1,0
2025-01-22,PHC_008,doctor,2,2,0
2025-01-22,PHC_008,nurse,5,4,1
2025-01-22,PHC_008,pharmacist,1,1,0
2025-01-22,PHC_009,doctor,2,0,2
2025-01-22,PHC_009,nurse,5,4,1
2025-01-22,PHC_009,pharmacist,3,3,0
2025-01-22,PHC_010,doctor,2,1,1
2025-01-22,PHC_010,nurse,5,5,0
2025-01-22,PHC_010,pharmacist,1,0,1
2025-01-22,PHC_011,doctor,3,3,0
2025-01-22,PHC_011,nurse,7,6,1
2025-01-22,PHC_011,pharmacist,2,2,0
2025-01-22,PHC_012,doctor,2,2,0
2025-01-22,PHC_012,nurse,3,3,0
2025-01-22,PHC_012,pharmacist,1,1,0
2025-01-22,PHC_013,doctor,3,2,1
2025-01-22,PHC_013,nurse,5,2,3
2025-01-22,PHC_014,doctor,3,2,1
2025-01-22,PHC_014,nurse,5,3,2
2025-01-22,PHC_014,pharmacist,1,1,0
2025-01-22,PHC_015,doctor,1,0,1
2025-01-22,PHC_015,nurse,8,5,3
2025-01-22,PHC_015,pharmacist,3,3,0
2025-01-23,PHC_001,doctor,2,2,0
2025-01-23,PHC_001,nurse,5,4,1
2025-01-23,PHC_002,doctor,2,2,0
2025-01-23,PHC_002,nurse,8,7,1
2025-01-23,PHC_002,pharmacist,3,1,2
2025-01-23,PHC_003,doctor,3,2,1
2025-01-23,PHC_003,nurse,7,6,1
2025-01-23,PHC_003,pharmacist,2,1,1
2025-01-23,PHC_004,doctor,2,2,0
2025-01-23,PHC_004,nurse,6,4,2
2025-01-23,PHC_004,pharmacist,1,1,0
2025-01-23,PHC_005,doctor,2,2,0
2025-01-23,PHC_005,nurse,3,2,1
2025-01-23,PHC_005,pharmacist,1,0,1
2025-01-23,PHC_006,doctor,2,1,1
2025-01-23,PHC_006,nurse,10,8,2
2025-01-23,PHC_006,pharmacist,1,1,0
2025-01-23,PHC_007,doctor,1,1,0
2025-01-23,PHC_007,nurse,5,3,2
2025-01-23,PHC_007,pharmacist,1,1,0
2025-01-23,PHC_008,doctor,2,1,1
2025-01-23,PHC_008,nurse,4,3,1
2025-01-23,PHC_008,pharmacist,1,1,0
2025-01-23,PHC_009,doctor,1,1,0
2025-01-23,PHC_009,nurse,6,5,1
2025-01-23,PHC_009,pharmacist,2,2,0
2025-01-23,PHC_010,doctor,2,1,1
2025-01-23,PHC_010,nurse,4,3,1
2025-01-23,PHC_010,pharmacist,1,1,0
2025-01-23,PHC_011,doctor,3,2,1
2025-01-23,PHC_011,nurse,8,6,2
2025-01-23,PHC_011,pharmacist,1,0,1
2025-01-23,PHC_012,doctor,1,0,1
2025-01-23,PHC_012,nurse,2,1,1
2025-01-23,PHC_012,pharmacist,2,2,0
2025-01-23,PHC_013,doctor,3,2,1
2025-01-23,PHC_013,nurse,6,5,1
2025-01-23,PHC_013,pharmacist,1,1,0
2025-01-23,PHC_014,doctor,3,3,0
2025-01-23,PHC_014,nurse,5,5,0
2025-01-23,PHC_014,pharmacist,1,0,1
2025-01-23,PHC_015,doctor,2,2,0
2025-01-23,PHC_015,nurse,7,7,0
2025-01-23,PHC_015,pharmacist,3,3,0
2025-01-24,PHC_001,doctor,3,2,1
2025-01-24,PHC_001,nurse,5,5,0
2025-01-24,PHC_001,pharmacist,1,1,0
2025-01-24,PHC_002,doctor,2,2,0
2025-01-24,PHC_002,nurse,8,7,1
2025-01-24,PHC_002,pharmacist,3,2,1
2025-01-24,PHC_003,doctor,3,1,2
2025-01-24,PHC_003,nurse,9,6,3
2025-01-24,PHC_003,pharmacist,1,1,0
2025-01-24,PHC_004,doctor,2,2,0
2025-01-24,PHC_004,nurse,6,6,0
2025-01-24,PHC_004,pharmacist,1,1,0
2025-01-24,PHC_005,doctor,2,1,1
2025-01-24,PHC_005,nurse,5,3,2
2025-01-24,PHC_005,pharmacist,1,1,0
2025-01-24,PHC_006,doctor,3,2,1
2025-01-24,PHC_006,nurse,10,7,3
2025-01-24,PHC_006,pharmacist,1,1,0
2025-01-24,PHC_007,doctor,2,1,1
2025-01-24,PHC_007,nurse,4,3,1
2025-01-24,PHC_007,pharmacist,1,1,0
2025-01-24,PHC_008,doctor,2,2,0
2025-01-24,PHC_008,nurse,4,3,1
2025-01-24,PHC_008,pharmacist,1,1,0
2025-01-24,PHC_009,doctor,2,1,1
2025-01-24,PHC_009,nurse,7,5,2
2025-01-24,PHC_009,pharmacist,3,2,1
2025-01-24,PHC_010,doctor,3,3,0
2025-01-24,PHC_010,nurse,5,3,2
2025-01-24,PHC_010,pharmacist,1,0,1
2025-01-24,PHC_011,doctor,3,2,1
2025-01-24,PHC_011,nurse,7,7,0
2025-01-24,PHC_011,pharmacist,1,1,0
2025-01-24,PHC_012,doctor,2,2,0
2025-01-24,PHC_012,nurse,2,2,0
2025-01-24,PHC_012,pharmacist,2,1,1
2025-01-24,PHC_013,doctor,3,3,0
2025-01-24,PHC_013,nurse,5,4,1
2025-01-24,PHC_013,pharmacist,1,1,0
2025-01-24,PHC_014,doctor,3,2,1
2025-01-24,PHC_014,nurse,5,5,0
2025-01-24,PHC_014,pharmacist,1,0,1
2025-01-24,PHC_015,doctor,2,1,1
2025-01-24,PHC_015,nurse,6,6,0
2025-01-24,PHC_015,pharmacist,3,3,0
2025-01-25,PHC_001,doctor,3,3,0
2025-01-25,PHC_001,nurse,7,7,0
2025-01-25,PHC_001,pharmacist,1,0,1
2025-01-25,PHC_002,doctor,2,2,0
2025-01-25,PHC_002,nurse,6,5,1
2025-01-25,PHC_002,pharmacist,2,1,1
2025-01-25,PHC_003,doctor,3,1,2
2025-01-25,PHC_003,nurse,7,7,0
2025-01-25,PHC_003,pharmacist,1,1,0
2025-01-25,PHC_004,doctor,2,2,0
2025-01-25,PHC_004,nurse,4,4,0
2025-01-25,PHC_004,pharmacist,1,1,0
2025-01-25,PHC_005,doctor,2,2,0
2025-01-25,PHC_005,nurse,6,6,0
2025-01-25,PHC_005,pharmacist,1,1,0
2025-01-25,PHC_006,doctor,2,1,1
2025-01-25,PHC_006,nurse,8,7,1
2025-01-25,PHC_006,pharmacist,1,1,0
2025-01-25,PHC_007,doctor,2,1,1
2025-01-25,PHC_007,nurse,3,3,0
2025-01-25,PHC_008,doctor,2,2,0
2025-01-25,PHC_008,nurse,5,5,0
2025-01-25,PHC_009,doctor,1,0,1
2025-01-25,PHC_009,nurse,6,5,1
2025-01-25,PHC_009,pharmacist,2,2,0
2025-01-25,PHC_010,doctor,2,2,0
2025-01-25,PHC_010,nurse,5,5,0
2025-01-25,PHC_011,doctor,2,1,1
2025-01-25,PHC_011,nurse,6,4,2
2025-01-25,PHC_011,pharmacist,2,2,0
2025-01-25,PHC_012,doctor,2,1,1
2025-01-25,PHC_012,nurse,4,3,1
2025-01-25,PHC_012,pharmacist,2,2,0
2025-01-25,PHC_013,doctor,3,3,0
2025-01-25,PHC_013,nurse,6,4,2
2025-01-25,PHC_013,pharmacist,1,1,0
2025-01-25,PHC_014,doctor,2,1,1
2025-01-25,PHC_014,nurse,5,4,1
2025-01-25,PHC_014,pharmacist,2,2,0
2025-01-25,PHC_015,doctor,2,2,0
2025-01-25,PHC_015,nurse,7,6,1
2025-01-25,PHC_015,pharmacist,3,3,0
2025-01-26,PHC_001,doctor,2,2,0
2025-01-26,PHC_001,nurse,7,4,3
2025-01-26,PHC_001,pharmacist,1,0,1
2025-01-26,PHC_002,doctor,1,1,0
2025-01-26,PHC_002,nurse,7,4,3
2025-01-26,PHC_002,pharmacist,2,2,0
2025-01-26,PHC_003,doctor,3,2,1
2025-01-26,PHC_003,nurse,6,6,0
2025-01-26,PHC_003,pharmacist,2,1,1
2025-01-26,PHC_004,doctor,1,1,0
2025-01-26,PHC_004,nurse,6,4,2
2025-01-26,PHC_004,pharmacist,1,1,0
2025-01-26,PHC_005,doctor,2,2,0
2025-01-26,PHC_005,nurse,5,3,2
2025-01-26,PHC_005,pharmacist,1,1,0
2025-01-26,PHC_006,doctor,2,0,2
2025-01-26,PHC_006,nurse,10,8,2
2025-01-26,PHC_006,pharmacist,1,0,1
2025-01-26,PHC_007,doctor,2,1,1
2025-01-26,PHC_007,nurse,5,3,2
2025-01-26,PHC_007,pharmacist,1,0,1
2025-01-26,PHC_008,doctor,2,2,0
2025-01-26,PHC_008,nurse,5,2,3
2025-01-26,PHC_008,pharmacist,1,0,1
2025-01-26,PHC_009,doctor,2,2,0
2025-01-26,PHC_009,nurse,8,8,0
2025-01-26,PHC_009,pharmacist,2,2,0
2025-01-26,PHC_010,doctor,3,2,1
2025-01-26,PHC_010,nurse,5,4,1
2025-01-26,PHC_010,pharmacist,1,1,0
2025-01-26,PHC_011,doctor,3,2,1
2025-01-26,PHC_011,nurse,7,7,0
2025-01-26,PHC_011,pharmacist,2,2,0
2025-01-26,PHC_012,doctor,2,2,0
2025-01-26,PHC_012,nurse,3,3,0
2025-01-26,PHC_012,pharmacist,2,1,1
2025-01-26,PHC_013,doctor,2,1,1
2025-01-26,PHC_013,nurse,5,5,0
2025-01-26,PHC_013,pharmacist,1,1,0
2025-01-26,PHC_014,doctor,2,2,0
2025-01-26,PHC_014,nurse,4,4,0
2025-01-26,PHC_014,pharmacist,2,2,0
2025-01-26,PHC_015,doctor,1,0,1
2025-01-26,PHC_015,nurse,7,4,3
2025-01-26,PHC_015,pharmacist,3,1,2
2025-01-27,PHC_001,doctor,3,2,1
2025-01-27,PHC_001,nurse,5,3,2
2025-01-27,PHC_001,pharmacist,1,1,0
2025-01-27,PHC_002,doctor,2,2,0
2025-01-27,PHC_002,nurse,8,7,1
2025-01-27,PHC_002,pharmacist,3,3,0
2025-01-27,PHC_003,doctor,2,1,1
2025-01-27,PHC_003,nurse,7,7,0
2025-01-27,PHC_003,pharmacist,2,1,1
2025-01-27,PHC_004,doctor,2,2,0
2025-01-27,PHC_004,nurse,6,4,2
2025-01-27,PHC_004,pharmacist,1,1,0
2025-01-27,PHC_005,doctor,2,1,1
2025-01-27,PHC_005,nurse,6,5,1
2025-01-27,PHC_005,pharmacist,1,0,1
2025-01-27,PHC_006,doctor,3,2,1
2025-01-27,PHC_006,nurse,8,8,0
2025-01-27,PHC_006,pharmacist,2,2,0
2025-01-27,PHC_007,doctor,2,1,1
2025-01-27,PHC_007,nurse,5,4,1
2025-01-27,PHC_007,pharmacist,1,1,0
2025-01-27,PHC_008,doctor,2,2,0
2025-01-27,PHC_008,nurse,5,4,1
2025-01-27,PHC_008,pharmacist,1,1,0
2025-01-27,PHC_009,doctor,1,1,0
2025-01-27,PHC_009,nurse,8,7,1
2025-01-27,PHC_009,pharmacist,3,3,0
2025-01-27,PHC_010,doctor,3,3,0
2025-01-27,PHC_010,nurse,5,5,0
2025-01-27,PHC_010,pharmacist,1,1,0
2025-01-27,PHC_011,doctor,3,1,2
2025-01-27,PHC_011,nurse,8,6,2
2025-01-27,PHC_011,pharmacist,1,1,0
2025-01-27,PHC_012,doctor,1,1,0
2025-01-27,PHC_012,nurse,2,2,0
2025-01-27,PHC_012,pharmacist,2,2,0
2025-01-27,PHC_013,doctor,2,1,1
2025-01-27,PHC_013,nurse,4,3,1
2025-01-27,PHC_014,doctor,3,3,0
2025-01-27,PHC_014,nurse,4,3,1
2025-01-27,PHC_014,pharmacist,2,2,0
2025-01-27,PHC_015,doctor,2,2,0
2025-01-27,PHC_015,nurse,8,6,2
2025-01-27,PHC_015,pharmacist,3,2,1
2025-01-28,PHC_001,doctor,3,3,0
2025-01-28,PHC_001,nurse,6,6,0
2025-01-28,PHC_001,pharmacist,1,1,0
2025-01-28,PHC_002,doctor,1,1,0
2025-01-28,PHC_002,nurse,9,8,1
2025-01-28,PHC_002,pharmacist,3,3,0
2025-01-28,PHC_003,doctor,2,2,0
2025-01-28,PHC_003,nurse,9,6,3
2025-01-28,PHC_003,pharmacist,2,2,0
2025-01-28,PHC_004,doctor,1,1,0
2025-01-28,PHC_004,nurse,4,4,0
2025-01-28,PHC_004,pharmacist,1,1,0
2025-01-28,PHC_005,doctor,2,1,1
2025-01-28,PHC_005,nurse,4,3,1
2025-01-28,PHC_005,pharmacist,1,1,0
2025-01-28,PHC_006,doctor,3,2,1
2025-01-28,PHC_006,nurse,8,6,2
2025-01-28,PHC_006,pharmacist,2,1,1
2025-01-28,PHC_007,doctor,1,1,0
2025-01-28,PHC_007,nurse,2,1,1
2025-01-28,PHC_007,pharmacist,1,1,0
2025-01-28,PHC_008,doctor,2,1,1
2025-01-28,PHC_008,nurse,5,5,0
2025-01-28,PHC_008,pharmacist,1,1,0
2025-01-28,PHC_009,doctor,2,2,0
2025-01-28,PHC_009,nurse,7,5,2
2025-01-28,PHC_009,pharmacist,3,3,0
2025-01-28,PHC_010,doctor,3,3,0
2025-01-28,PHC_010,nurse,4,3,1
2025-01-28,PHC_010,pharmacist,1,1,0
2025-01-28,PHC_011,doctor,1,1,0
2025-01-28,PHC_011,nurse,6,4,2
2025-01-28,PHC_011,pharmacist,1,1,0
2025-01-28,PHC_012,doctor,1,0,1
2025-01-28,PHC_012,nurse,1,0,1
2025-01-28,PHC_012,pharmacist,1,1,0
2025-01-28,PHC_013,doctor,2,2,0
2025-01-28,PHC_013,nurse,6,6,0
2025-01-28,PHC_013,pharmacist,1,1,0
2025-01-28,PHC_014,doctor,2,2,0
2025-01-28,PHC_014,nurse,5,5,0
2025-01-28,PHC_014,pharmacist,2,2,0
2025-01-28,PHC_015,doctor,2,2,0
2025-01-28,PHC_015,nurse,8,6,2
2025-01-28,PHC_015,pharmacist,1,1,0
2025-01-29,PHC_001,doctor,3,2,1
2025-01-29,PHC_001,nurse,7,4,3
2025-01-29,PHC_001,pharmacist,1,0,1
2025-01-29,PHC_002,doctor,2,2,0
2025-01-29,PHC_002,nurse,8,8,0
2025-01-29,PHC_002,pharmacist,2,2,0
2025-01-29,PHC_003,doctor,2,2,0
2025-01-29,PHC_003,nurse,9,7,2
2025-01-29,PHC_003,pharmacist,2,2,0
2025-01-29,PHC_004,doctor,1,1,0
2025-01-29,PHC_004,nurse,6,3,3
2025-01-29,PHC_004,pharmacist,1,1,0
2025-01-29,PHC_005,doctor,2,0,2
2025-01-29,PHC_005,nurse,6,5,1
2025-01-29,PHC_005,pharmacist,1,1,0
2025-01-29,PHC_006,doctor,2,1,1
2025-01-29,PHC_006,nurse,8,6,2
2025-01-29,PHC_006,pharmacist,2,1,1
2025-01-29,PHC_007,doctor,2,2,0
2025-01-29,PHC_007,nurse,2,1,1
2025-01-29,PHC_007,pharmacist,1,1,0
2025-01-29,PHC_008,doctor,2,2,0
2025-01-29,PHC_008,nurse,5,5,0
2025-01-29,PHC_008,pharmacist,1,1,0
2025-01-29,PHC_009,doctor,2,2,0
2025-01-29,PHC_009,nurse,6,6,0
2025-01-29,PHC_009,pharmacist,3,3,0
2025-01-29,PHC_010,doctor,2,2,0
2025-01-29,PHC_010,nurse,4,4,0
2025-01-29,PHC_011,doctor,3,1,2
2025-01-29,PHC_011,nurse,6,5,1
2025-01-29,PHC_011,pharmacist,2,2,0
2025-01-29,PHC_012,doctor,1,1,0
2025-01-29,PHC_012,nurse,4,2,2
2025-01-29,PHC_012,pharmacist,2,1,1
2025-01-29,PHC_013,doctor,2,2,0
2025-01-29,PHC_013,nurse,6,6,0
2025-01-29,PHC_013,pharmacist,1,0,1
2025-01-29,PHC_014,doctor,3,3,0
2025-01-29,PHC_014,nurse,5,5,0
2025-01-29,PHC_014,pharmacist,2,2,0
2025-01-29,PHC_015,doctor,1,0,1
2025-01-29,PHC_015,nurse,6,5,1
2025-01-29,PHC_015,pharmacist,3,2,1
2025-01-30,PHC_001,doctor,2,1,1
2025-01-30,PHC_001,nurse,6,5,1
2025-01-30,PHC_002,doctor,2,2,0
2025-01-30,PHC_002,nurse,9,7,2
2025-01-30,PHC_002,pharmacist,3,3,0
2025-01-30,PHC_003,doctor,3,3,0
2025-01-30,PHC_003,nurse,8,6,2
2025-01-30,PHC_003,pharmacist,1,1,0
2025-01-30,PHC_004,doctor,1,1,0
2025-01-30,PHC_004,nurse,5,3,2
2025-01-30,PHC_004,pharmacist,1,1,0
2025-01-30,PHC_005,doctor,1,1,0
2025-01-30,PHC_005,nurse,5,4,1
2025-01-30,PHC_005,pharmacist,1,1,0
2025-01-30,PHC_006,doctor,1,1,0
2025-01-30,PHC_006,nurse,10,9,1
2025-01-30,PHC_006,pharmacist,2,2,0
2025-01-30,PHC_007,doctor,2,2,0
2025-01-30,PHC_007,nurse,4,3,1
2025-01-30,PHC_007,pharmacist,1,1,0
2025-01-30,PHC_008,doctor,2,1,1
2025-01-30,PHC_008,nurse,5,4,1
2025-01-30,PHC_008,pharmacist,1,0,1
2025-01-30,PHC_009,doctor,2,2,0
2025-01-30,PHC_009,nurse,6,5,1
2025-01-30,PHC_009,pharmacist,3,2,1
2025-01-30,PHC_010,doctor,3,2,1
2025-01-30,PHC_010,nurse,5,5,0
2025-01-30,PHC_011,doctor,3,2,1
2025-01-30,PHC_011,nurse,8,6,2
2025-01-30,PHC_011,pharmacist,2,2,0
2025-01-30,PHC_012,doctor,2,2,0
2025-01-30,PHC_012,nurse,4,2,2
2025-01-30,PHC_012,pharmacist,2,1,1
2025-01-30,PHC_013,doctor,2,2,0
2025-01-30,PHC_013,nurse,5,4,1
2025-01-30,PHC_013,pharmacist,1,1,0
2025-01-30,PHC_014,doctor,1,1,0
2025-01-30,PHC_014,nurse,4,4,0
2025-01-30,PHC_014,pharmacist,2,2,0
2025-01-30,PHC_015,doctor,2,2,0
2025-01-30,PHC_015,nurse,9,7,2
2025-01-30,PHC_015,pharmacist,2,2,0
2025-01-31,PHC_001,doctor,2,1,1
2025-01-31,PHC_001,nurse,5,5,0
2025-01-31,PHC_001,pharmacist,1,1,0
2025-01-31,PHC_002,doctor,2,2,0
2025-01-31,PHC_002,nurse,8,7,1
2025-01-31,PHC_002,pharmacist,3,3,0
2025-01-31,PHC_003,doctor,3,2,1
2025-01-31,PHC_003,nurse,9,8,1
2025-01-31,PHC_003,pharmacist,1,1,0
2025-01-31,PHC_004,doctor,2,2,0
2025-01-31,PHC_004,nurse,6,4,2
2025-01-31,PHC_004,pharmacist,1,1,0
2025-01-31,PHC_005,doctor,2,2,0
2025-01-31,PHC_005,nurse,5,4,1
2025-01-31,PHC_006,doctor,2,2,0
2025-01-31,PHC_006,nurse,8,6,2
2025-01-31,PHC_006,pharmacist,2,1,1
2025-01-31,PHC_007,doctor,2,2,0
2025-01-31,PHC_007,nurse,5,2,3
2025-01-31,PHC_007,pharmacist,1,1,0
2025-01-31,PHC_008,doctor,2,2,0
2025-01-31,PHC_008,nurse,5,5,0
2025-01-31,PHC_008,pharmacist,1,1,0
2025-01-31,PHC_009,doctor,2,1,1
2025-01-31,PHC_009,nurse,6,5,1
2025-01-31,PHC_009,pharmacist,3,2,1
2025-01-31,PHC_010,doctor,2,2,0
2025-01-31,PHC_010,nurse,4,3,1
2025-01-31,PHC_010,pharmacist,1,1,0
2025-01-31,PHC_011,doctor,2,1,1
2025-01-31,PHC_011,nurse,5,5,0
2025-01-31,PHC_011,pharmacist,2,2,0
2025-01-31,PHC_012,doctor,2,2,0
2025-01-31,PHC_012,nurse,3,3,0
2025-01-31,PHC_012,pharmacist,2,2,0
2025-01-31,PHC_013,doctor,3,3,0
2025-01-31,PHC_013,nurse,4,4,0
2025-01-31,PHC_013,pharmacist,1,1,0
2025-01-31,PHC_014,doctor,3,2,1
2025-01-31,PHC_014,nurse,4,4,0
2025-01-31,PHC_014,pharmacist,2,2,0
2025-01-31,PHC_015,doctor,1,1,0
2025-01-31,PHC_015,nurse,6,5,1
2025-01-31,PHC_015,pharmacist,3,3,0
2025-02-01,PHC_001,doctor,3,3,0
2025-02-01,PHC_001,nurse,6,6,0
2025-02-01,PHC_001,pharmacist,1,1,0
2025-02-01,PHC_002,doctor,1,1,0
2025-02-01,PHC_002,nurse,8,6,2
2025-02-01,PHC_002,pharmacist,2,1,1
2025-02-01,PHC_003,doctor,3,3,0
2025-02-01,PHC_003,nurse,7,7,0
2025-02-01,PHC_003,pharmacist,2,1,1
2025-02-01,PHC_004,doctor,2,1,1
2025-02-01,PHC_004,nurse,5,4,1
2025-02-01,PHC_004,pharmacist,1,0,1
2025-02-01,PHC_005,doctor,2,2,0
2025-02-01,PHC_005,nurse,5,3,2
2025-02-01,PHC_005,pharmacist,1,1,0
2025-02-01,PHC_006,doctor,2,1,1
2025-02-01,PHC_006,nurse,10,7,3
2025-02-01,PHC_006,pharmacist,1,1,0
2025-02-01,PHC_007,doctor,1,1,0
2025-02-01,PHC_007,nurse,3,2,1
2025-02-01,PHC_007,pharmacist,1,1,0
2025-02-01,PHC_008,doctor,2,2,0
2025-02-01,PHC_008,nurse,4,2,2
2025-02-01,PHC_008,pharmacist,1,1,0
2025-02-01,PHC_009,doctor,2,1,1
2025-02-01,PHC_009,nurse,7,7,0
2025-02-01,PHC_009,pharmacist,3,2,1
2025-02-01,PHC_010,doctor,3,2,1
2025-02-01,PHC_010,nurse,5,5,0
2025-02-01,PHC_010,pharmacist,1,0,1
2025-02-01,PHC_011,doctor,3,2,1
2025-02-01,PHC_011,nurse,7,5,2
2025-02-01,PHC_011,pharmacist,1,1,0
2025-02-01,PHC_012,doctor,1,1,0
2025-02-01,PHC_012,nurse,4,3,1
2025-02-01,PHC_012,pharmacist,2,0,2
2025-02-01,PHC_013,doctor,2,2,0
2025-02-01,PHC_013,nurse,5,4,1
2025-02-01,PHC_013,pharmacist,1,1,0
2025-02-01,PHC_014,doctor,2,2,0
2025-02-01,PHC_014,nurse,4,2,2
2025-02-01,PHC_014,pharmacist,2,2,0
2025-02-01,PHC_015,doctor,2,2,0
2025-02-01,PHC_015,nurse,8,6,2
2025-02-01,PHC_015,pharmacist,3,2,1
2025-02-02,PHC_001,doctor,3,3,0
2025-02-02,PHC_001,nurse,7,4,3
2025-02-02,PHC_001,pharmacist,1,0,1
2025-02-02,PHC_002,doctor,1,1,0
2025-02-02,PHC_002,nurse,6,2,4
2025-02-02,PHC_002,pharmacist,3,3,0
2025-02-02,PHC_003,doctor,3,3,0
2025-02-02,PHC_003,nurse,5,5,0
2025-02-02,PHC_003,pharmacist,1,1,0
2025-02-02,PHC_004,doctor,2,2,0
2025-02-02,PHC_004,nurse,4,2,2
2025-02-02,PHC_004,pharmacist,1,1,0
2025-02-02,PHC_005,doctor,1,0,1
2025-02-02,PHC_005,nurse,4,3,1
2025-02-02,PHC_005,pharmacist,1,1,0
2025-02-02,PHC_006,doctor,2,2,0
2025-02-02,PHC_006,nurse,8,6,2
2025-02-02,PHC_006,pharmacist,2,1,1
2025-02-02,PHC_007,doctor,2,2,0
2025-02-02,PHC_007,nurse,4,2,2
2025-02-02,PHC_007,pharmacist,1,1,0
2025-02-02,PHC_008,doctor,2,2,0
2025-02-02,PHC_008,nurse,5,4,1
2025-02-02,PHC_008,pharmacist,1,1,0
2025-02-02,PHC_009,doctor,2,2,0
2025-02-02,PHC_009,nurse,8,8,0
2025-02-02,PHC_009,pharmacist,3,3,0
2025-02-02,PHC_010,doctor,3,2,1
2025-02-02,PHC_010,nurse,4,3,1
2025-02-02,PHC_010,pharmacist,1,1,0
2025-02-02,PHC_011,doctor,3,2,1
2025-02-02,PHC_011,nurse,8,6,2
2025-02-02,PHC_011,pharmacist,2,1,1
2025-02-02,PHC_012,doctor,2,2,0
2025-02-02,PHC_012,nurse,3,3,0
2025-02-02,PHC_012,pharmacist,2,2,0
2025-02-02,PHC_013,doctor,2,2,0
2025-02-02,PHC_013,nurse,4,4,0
2025-02-02,PHC_013,pharmacist,1,1,0
2025-02-02,PHC_014,doctor,2,1,1
2025-02-02,PHC_014,nurse,5,3,2
2025-02-02,PHC_014,pharmacist,2,1,1
2025-02-02,PHC_015,doctor,2,2,0
2025-02-02,PHC_015,nurse,7,5,2
2025-02-02,PHC_015,pharmacist,3,3,0
2025-02-03,PHC_001,doctor,3,2,1
2025-02-03,PHC_001,nurse,5,3,2
2025-02-03,PHC_001,pharmacist,1,1,0
2025-02-03,PHC_002,doctor,2,2,0
2025-02-03,PHC_002,nurse,9,6,3
2025-02-03,PHC_002,pharmacist,3,3,0
2025-02-03,PHC_003,doctor,3,3,0
2025-02-03,PHC_003,nurse,8,6,2
2025-02-03,PHC_003,pharmacist,2,1,1
2025-02-03,PHC_004,doctor,1,1,0
2025-02-03,PHC_004,nurse,5,3,2
2025-02-03,PHC_004,pharmacist,1,1,0
2025-02-03,PHC_005,doctor,2,2,0
2025-02-03,PHC_005,nurse,5,3,2
2025-02-03,PHC_005,pharmacist,1,1,0
2025-02-03,PHC_006,doctor,2,2,0
2025-02-03,PHC_006,nurse,9,9,0
2025-02-03,PHC_006,pharmacist,2,1,1
2025-02-03,PHC_007,doctor,2,1,1
2025-02-03,PHC_007,nurse,4,2,2
2025-02-03,PHC_007,pharmacist,1,1,0
2025-02-03,PHC_008,doctor,1,1,0
2025-02-03,PHC_008,nurse,5,4,1
2025-02-03,PHC_008,pharmacist,1,1,0
2025-02-03,PHC_009,doctor,1,1,0
2025-02-03,PHC_009,nurse,6,4,2
2025-02-03,PHC_009,pharmacist,3,1,2
2025-02-03,PHC_010,doctor,2,2,0
2025-02-03,PHC_010,nurse,5,2,3
2025-02-03,PHC_010,pharmacist,1,1,0
2025-02-03,PHC_011,doctor,2,2,0
2025-02-03,PHC_011,nurse,8,8,0
2025-02-03,PHC_011,pharmacist,2,2,0
2025-02-03,PHC_012,doctor,2,1,1
2025-02-03,PHC_012,nurse,4,3,1
2025-02-03,PHC_013,doctor,1,1,0
2025-02-03,PHC_013,nurse,4,4,0
2025-02-03,PHC_013,pharmacist,1,1,0
2025-02-03,PHC_014,doctor,3,3,0
2025-02-03,PHC_014,nurse,4,3,1
2025-02-03,PHC_014,pharmacist,2,2,0
2025-02-03,PHC_015,doctor,2,2,0
2025-02-03,PHC_015,nurse,7,6,1
2025-02-03,PHC_015,pharmacist,3,2,1
2025-02-04,PHC_001,doctor,2,2,0
2025-02-04,PHC_001,nurse,7,7,0
2025-02-04,PHC_001,pharmacist,1,1,0
2025-02-04,PHC_002,doctor,2,2,0
2025-02-04,PHC_002,nurse,5,5,0
2025-02-04,PHC_002,pharmacist,2,2,0
2025-02-04,PHC_003,doctor,3,2,1
2025-02-04,PHC_003,nurse,8,8,0
2025-02-04,PHC_003,pharmacist,1,1,0
2025-02-04,PHC_004,doctor,2,2,0
2025-02-04,PHC_004,nurse,6,5,1
2025-02-04,PHC_004,pharmacist,1,0,1
2025-02-04,PHC_005,doctor,2,1,1
2025-02-04,PHC_005,nurse,4,4,0
2025-02-04,PHC_006,doctor,3,2,1
2025-02-04,PHC_006,nurse,8,5,3
2025-02-04,PHC_006,pharmacist,2,1,1
2025-02-04,PHC_007,doctor,2,2,0
2025-02-04,PHC_007,nurse,4,2,2
2025-02-04,PHC_007,pharmacist,1,1,0
2025-02-04,PHC_008,doctor,1,1,0
2025-02-04,PHC_008,nurse,5,3,2
2025-02-04,PHC_008,pharmacist,1,1,0
2025-02-04,PHC_009,doctor,2,2,0
2025-02-04,PHC_009,nurse,7,7,0
2025-02-04,PHC_009,pharmacist,3,3,0
2025-02-04,PHC_010,doctor,3,3,0
2025-02-04,PHC_010,nurse,4,4,0
2025-02-04,PHC_010,pharmacist,1,1,0
2025-02-04,PHC_011,doctor,3,1,2
2025-02-04,PHC_011,nurse,5,4,1
2025-02-04,PHC_011,pharmacist,2,2,0
2025-02-04,PHC_012,doctor,1,1,0
2025-02-04,PHC_012,nurse,3,2,1
2025-02-04,PHC_012,pharmacist,2,2,0
2025-02-04,PHC_013,doctor,3,1,2
2025-02-04,PHC_013,nurse,5,5,0
2025-02-04,PHC_013,pharmacist,1,0,1
2025-02-04,PHC_014,doctor,2,1,1
2025-02-04,PHC_014,nurse,2,2,0
2025-02-04,PHC_014,pharmacist,1,1,0
2025-02-04,PHC_015,doctor,1,1,0
2025-02-04,PHC_015,nurse,7,7,0
2025-02-04,PHC_015,pharmacist,2,1,1
2025-02-05,PHC_001,doctor,3,3,0
2025-02-05,PHC_001,nurse,5,4,1
2025-02-05,PHC_001,pharmacist,1,1,0
2025-02-05,PHC_002,doctor,2,2,0
2025-02-05,PHC_002,nurse,8,5,3
2025-02-05,PHC_002,pharmacist,2,1,1
2025-02-05,PHC_003,doctor,3,2,1
2025-02-05,PHC_003,nurse,8,7,1
2025-02-05,PHC_003,pharmacist,2,2,0
2025-02-05,PHC_004,doctor,1,1,0
2025-02-05,PHC_004,nurse,5,4,1
2025-02-05,PHC_004,pharmacist,1,1,0
2025-02-05,PHC_005,doctor,2,2,0
2025-02-05,PHC_005,nurse,5,3,2
2025-02-05,PHC_005,pharmacist,1,1,0
2025-02-05,PHC_006,doctor,3,3,0
2025-02-05,PHC_006,nurse,9,8,1
2025-02-05,PHC_006,pharmacist,2,1,1
2025-02-05,PHC_007,doctor,2,2,0
2025-02-05,PHC_007,nurse,3,0,3
2025-02-05,PHC_008,doctor,2,2,0
2025-02-05,PHC_008,nurse,3,0,3
2025-02-05,PHC_008,pharmacist,1,1,0
2025-02-05,PHC_009,doctor,1,1,0
2025-02-05,PHC_009,nurse,7,6,1
2025-02-05,PHC_009,pharmacist,2,1,1
2025-02-05,PHC_010,doctor,2,1,1
2025-02-05,PHC_010,nurse,5,4,1
2025-02-05,PHC_010,pharmacist,1,0,1
2025-02-05,PHC_011,doctor,2,2,0
2025-02-05,PHC_011,nurse,7,5,2
2025-02-05,PHC_011,pharmacist,2,2,0
2025-02-05,PHC_012,doctor,2,0,2
2025-02-05,PHC_012,nurse,3,2,1
2025-02-05,PHC_012,pharmacist,2,2,0
2025-02-05,PHC_013,doctor,2,1,1
2025-02-05,PHC_013,nurse,4,3,1
2025-02-05,PHC_013,pharmacist,1,0,1
2025-02-05,PHC_014,doctor,2,1,1
2025-02-05,PHC_014,nurse,3,2,1
2025-02-05,PHC_014,pharmacist,2,2,0
2025-02-05,PHC_015,doctor,1,1,0
2025-02-05,PHC_015,nurse,8,8,0
2025-02-05,PHC_015,pharmacist,3,3,0
2025-02-06,PHC_001,doctor,1,1,0
2025-02-06,PHC_001,nurse,5,5,0
2025-02-06,PHC_001,pharmacist,1,1,0
2025-02-06,PHC_002,doctor,2,2,0
2025-02-06,PHC_002,nurse,6,5,1
2025-02-06,PHC_002,pharmacist,3,2,1
2025-02-06,PHC_003,doctor,3,3,0
2025-02-06,PHC_003,nurse,7,6,1
2025-02-06,PHC_003,pharmacist,2,2,0
2025-02-06,PHC_004,doctor,2,2,0
2025-02-06,PHC_004,nurse,4,3,1
2025-02-06,PHC_004,pharmacist,1,1,0
2025-02-06,PHC_005,doctor,2,1,1
2025-02-06,PHC_005,nurse,6,5,1
2025-02-06,PHC_005,pharmacist,1,1,0
2025-02-06,PHC_006,doctor,1,0,1
2025-02-06,PHC_006,nurse,6,6,0
2025-02-06,PHC_006,pharmacist,1,1,0
2025-02-06,PHC_007,doctor,2,1,1
2025-02-06,PHC_007,nurse,4,4,0
2025-02-06,PHC_008,doctor,2,2,0
2025-02-06,PHC_008,nurse,5,3,2
2025-02-06,PHC_008,pharmacist,1,0,1
2025-02-06,PHC_009,doctor,1,0,1
2025-02-06,PHC_009,nurse,6,4,2
2025-02-06,PHC_009,pharmacist,3,3,0
2025-02-06,PHC_010,doctor,2,2,0
2025-02-06,PHC_010,nurse,5,3,2
2025-02-06,PHC_010,pharmacist,1,1,0
2025-02-06,PHC_011,doctor,3,1,2
2025-02-06,PHC_011,nurse,4,1,3
2025-02-06,PHC_011,pharmacist,1,1,0
2025-02-06,PHC_012,doctor,1,1,0
2025-02-06,PHC_012,nurse,4,4,0
2025-02-06,PHC_012,pharmacist,2,1,1
2025-02-06,PHC_013,doctor,3,2,1
2025-02-06,PHC_013,nurse,6,6,0
2025-02-06,PHC_013,pharmacist,1,1,0
2025-02-06,PHC_014,doctor,2,2,0
2025-02-06,PHC_014,nurse,5,5,0
2025-02-06,PHC_014,pharmacist,2,2,0
2025-02-06,PHC_015,doctor,2,1,1
2025-02-06,PHC_015,nurse,8,6,2
2025-02-06,PHC_015,pharmacist,3,3,0
2025-02-07,PHC_001,doctor,2,1,1
2025-02-07,PHC_001,nurse,6,5,1
2025-02-07,PHC_001,pharmacist,1,1,0
2025-02-07,PHC_002,doctor,1,1,0
2025-02-07,PHC_002,nurse,6,4,2
2025-02-07,PHC_002,pharmacist,2,0,2
2025-02-07,PHC_003,doctor,2,2,0
2025-02-07,PHC_003,nurse,7,6,1
2025-02-07,PHC_003,pharmacist,2,2,0
2025-02-07,PHC_004,doctor,1,1,0
2025-02-07,PHC_004,nurse,5,4,1
2025-02-07,PHC_004,pharmacist,1,1,0
2025-02-07,PHC_005,doctor,2,2,0
2025-02-07,PHC_005,nurse,5,5,0
2025-02-07,PHC_005,pharmacist,1,0,1
2025-02-07,PHC_006,doctor,3,3,0
2025-02-07,PHC_006,nurse,8,5,3
2025-02-07,PHC_006,pharmacist,1,1,0
2025-02-07,PHC_007,doctor,2,2,0
2025-02-07,PHC_007,nurse,3,2,1
2025-02-07,PHC_007,pharmacist,1,1,0
2025-02-07,PHC_008,doctor,1,0,1
2025-02-07,PHC_008,nurse,2,2,0
2025-02-07,PHC_008,pharmacist,1,1,0
2025-02-07,PHC_009,doctor,2,2,0
2025-02-07,PHC_009,nurse,6,6,0
2025-02-07,PHC_009,pharmacist,2,2,0
2025-02-07,PHC_010,doctor,3,2,1
2025-02-07,PHC_010,nurse,4,2,2
2025-02-07,PHC_010,pharmacist,1,1,0
2025-02-07,PHC_011,doctor,3,3,0
2025-02-07,PHC_011,nurse,6,4,2
2025-02-07,PHC_011,pharmacist,2,1,1
2025-02-07,PHC_012,doctor,2,2,0
2025-02-07,PHC_012,nurse,3,2,1
2025-02-07,PHC_012,pharmacist,2,1,1
2025-02-07,PHC_013,doctor,2,2,0
2025-02-07,PHC_013,nurse,6,5,1
2025-02-07,PHC_013,pharmacist,1,1,0
2025-02-07,PHC_014,doctor,3,1,2
2025-02-07,PHC_014,nurse,3,3,0
2025-02-07,PHC_014,pharmacist,2,2,0
2025-02-07,PHC_015,doctor,2,2,0
2025-02-07,PHC_015,nurse,7,4,3
2025-02-07,PHC_015,pharmacist,3,3,0
2025-02-08,PHC_001,doctor,3,1,2
2025-02-08,PHC_001,nurse,7,6,1
2025-02-08,PHC_001,pharmacist,1,1,0
2025-02-08,PHC_002,doctor,2,1,1
2025-02-08,PHC_002,nurse,8,6,2
2025-02-08,PHC_002,pharmacist,1,1,0
2025-02-08,PHC_003,doctor,3,2,1
2025-02-08,PHC_003,nurse,4,3,1
2025-02-08,PHC_003,pharmacist,2,2,0
2025-02-08,PHC_004,doctor,2,2,0
2025-02-08,PHC_004,nurse,5,3,2
2025-02-08,PHC_004,pharmacist,1,1,0
2025-02-08,PHC_005,doctor,2,1,1
2025-02-08,PHC_005,nurse,3,1,2
2025-02-08,PHC_005,pharmacist,1,1,0
2025-02-08,PHC_006,doctor,2,2,0
2025-02-08,PHC_006,nurse,8,7,1
2025-02-08,PHC_006,pharmacist,1,1,0
2025-02-08,PHC_007,doctor,1,1,0
2025-02-08,PHC_007,nurse,4,2,2
2025-02-08,PHC_007,pharmacist,1,1,0
2025-02-08,PHC_008,doctor,2,2,0
2025-02-08,PHC_008,nurse,4,3,1
2025-02-08,PHC_008,pharmacist,1,1,0
2025-02-08,PHC_009,doctor,2,2,0
2025-02-08,PHC_009,nurse,7,6,1
2025-02-08,PHC_009,pharmacist,3,1,2
2025-02-08,PHC_010,doctor,3,3,0
2025-02-08,PHC_010,nurse,3,3,0
2025-02-08,PHC_010,pharmacist,1,1,0
2025-02-08,PHC_011,doctor,3,2,1
2025-02-08,PHC_011,nurse,7,4,3
2025-02-08,PHC_011,pharmacist,2,2,0
2025-02-08,PHC_012,doctor,2,2,0
2025-02-08,PHC_012,nurse,3,2,1
2025-02-08,PHC_012,pharmacist,2,0,2
2025-02-08,PHC_013,doctor,3,3,0
2025-02-08,PHC_013,nurse,5,5,0
2025-02-08,PHC_013,pharmacist,1,1,0
2025-02-08,PHC_014,doctor,2,2,0
2025-02-08,PHC_014,nurse,5,4,1
2025-02-08,PHC_014,pharmacist,1,1,0
2025-02-08,PHC_015,doctor,1,1,0
2025-02-08,PHC_015,nurse,9,7,2
2025-02-08,PHC_015,pharmacist,2,1,1
2025-02-09,PHC_001,doctor,2,1,1
2025-02-09,PHC_001,nurse,5,5,0
2025-02-09,PHC_002,doctor,1,1,0
2025-02-09,PHC_002,nurse,6,4,2
2025-02-09,PHC_002,pharmacist,2,0,2
2025-02-09,PHC_003,doctor,3,2,1
2025-02-09,PHC_003,nurse,8,8,0
2025-02-09,PHC_003,pharmacist,2,1,1
2025-02-09,PHC_004,doctor,2,2,0
2025-02-09,PHC_004,nurse,5,4,1
2025-02-09,PHC_004,pharmacist,1,0,1
2025-02-09,PHC_005,doctor,1,1,0
2025-02-09,PHC_005,nurse,6,2,4
2025-02-09,PHC_005,pharmacist,1,1,0
2025-02-09,PHC_006,doctor,3,1,2
2025-02-09,PHC_006,nurse,10,8,2
2025-02-09,PHC_006,pharmacist,2,1,1
2025-02-09,PHC_007,doctor,2,2,0
2025-02-09,PHC_007,nurse,5,4,1
2025-02-09,PHC_007,pharmacist,1,1,0
2025-02-09,PHC_008,doctor,1,1,0
2025-02-09,PHC_008,nurse,5,4,1
2025-02-09,PHC_008,pharmacist,1,1,0
2025-02-09,PHC_009,doctor,2,2,0
2025-02-09,PHC_009,nurse,6,5,1
2025-02-09,PHC_009,pharmacist,3,3,0
2025-02-09,PHC_010,doctor,3,2,1
2025-02-09,PHC_010,nurse,4,3,1
2025-02-09,PHC_010,pharmacist,1,0,1
2025-02-09,PHC_011,doctor,2,1,1
2025-02-09,PHC_011,nurse,8,7,1
2025-02-09,PHC_011,pharmacist,1,0,1
2025-02-09,PHC_012,doctor,2,1,1
2025-02-09,PHC_012,nurse,4,3,1
2025-02-09,PHC_012,pharmacist,2,1,1
2025-02-09,PHC_013,doctor,3,2,1
2025-02-09,PHC_013,nurse,6,3,3
2025-02-09,PHC_014,doctor,3,2,1
2025-02-09,PHC_014,nurse,3,3,0
2025-02-09,PHC_014,pharmacist,2,2,0
2025-02-09,PHC_015,doctor,2,1,1
2025-02-09,PHC_015,nurse,8,7,1
2025-02-09,PHC_015,pharmacist,3,2,1
2025-02-10,PHC_001,doctor,2,2,0
2025-02-10,PHC_001,nurse,6,5,1
2025-02-10,PHC_001,pharmacist,1,0,1
2025-02-10,PHC_002,doctor,1,1,0
2025-02-10,PHC_002,nurse,8,5,3
2025-02-10,PHC_002,pharmacist,2,2,0
2025-02-10,PHC_003,doctor,3,1,2
2025-02-10,PHC_003,nurse,8,5,3
2025-02-10,PHC_003,pharmacist,2,1,1
2025-02-10,PHC_004,doctor,1,1,0
2025-02-10,PHC_004,nurse,5,4,1
2025-02-10,PHC_004,pharmacist,1,1,0
2025-02-10,PHC_005,doctor,2,2,0
2025-02-10,PHC_005,nurse,4,4,0
2025-02-10,PHC_005,pharmacist,1,1,0
2025-02-10,PHC_006,doctor,2,1,1
2025-02-10,PHC_006,nurse,10,8,2
2025-02-10,PHC_006,pharmacist,2,2,0
2025-02-10,PHC_007,doctor,2,2,0
2025-02-10,PHC_007,nurse,4,3,1
2025-02-10,PHC_007,pharmacist,1,1,0
2025-02-10,PHC_008,doctor,2,1,1
2025-02-10,PHC_008,nurse,4,2,2
2025-02-10,PHC_008,pharmacist,1,1,0
2025-02-10,PHC_009,doctor,2,0,2
2025-02-10,PHC_009,nurse,6,4,2
2025-02-10,PHC_009,pharmacist,3,2,1
2025-02-10,PHC_010,doctor,2,2,0
2025-02-10,PHC_010,nurse,5,5,0
2025-02-10,PHC_010,pharmacist,1,0,1
2025-02-10,PHC_011,doctor,3,3,0
2025-02-10,PHC_011,nurse,7,5,2
2025-02-10,PHC_011,pharmacist,2,2,0
2025-02-10,PHC_012,doctor,1,1,0
2025-02-10,PHC_012,nurse,4,3,1
2025-02-10,PHC_012,pharmacist,2,0,2
2025-02-10,PHC_013,doctor,3,3,0
2025-02-10,PHC_013,nurse,5,3,2
2025-02-10,PHC_013,pharmacist,1,1,0
2025-02-10,PHC_014,doctor,2,2,0
2025-02-10,PHC_014,nurse,5,5,0
2025-02-10,PHC_014,pharmacist,2,2,0
2025-02-10,PHC_015,doctor,2,2,0
2025-02-10,PHC_015,nurse,7,3,4
2025-02-10,PHC_015,pharmacist,3,2,1
2025-02-11,PHC_001,doctor,2,0,2
2025-02-11,PHC_001,nurse,4,4,0
2025-02-11,PHC_001,pharmacist,1,1,0
2025-02-11,PHC_002,doctor,2,2,0
2025-02-11,PHC_002,nurse,7,6,1
2025-02-11,PHC_002,pharmacist,3,2,1
2025-02-11,PHC_003,doctor,2,2,0
2025-02-11,PHC_003,nurse,8,7,1
2025-02-11,PHC_003,pharmacist,2,1,1
2025-02-11,PHC_004,doctor,2,2,0
2025-02-11,PHC_004,nurse,6,5,1
2025-02-11,PHC_004,pharmacist,1,1,0
2025-02-11,PHC_005,doctor,2,1,1
2025-02-11,PHC_005,nurse,3,3,0
2025-02-11,PHC_005,pharmacist,1,1,0
2025-02-11,PHC_006,doctor,2,2,0
2025-02-11,PHC_006,nurse,9,9,0
2025-02-11,PHC_006,pharmacist,2,1,1
2025-02-11,PHC_007,doctor,2,1,1
2025-02-11,PHC_007,nurse,5,4,1
2025-02-11,PHC_007,pharmacist,1,1,0
2025-02-11,PHC_008,doctor,2,2,0
2025-02-11,PHC_008,nurse,5,4,1
2025-02-11,PHC_008,pharmacist,1,1,0
2025-02-11,PHC_009,doctor,2,2,0
2025-02-11,PHC_009,nurse,8,8,0
2025-02-11,PHC_009,pharmacist,2,2,0
2025-02-11,PHC_010,doctor,3,3,0
2025-02-11,PHC_010,nurse,4,4,0
2025-02-11,PHC_010,pharmacist,1,1,0
2025-02-11,PHC_011,doctor,3,2,1
2025-02-11,PHC_011,nurse,6,3,3
2025-02-11,PHC_011,pharmacist,1,1,0
2025-02-11,PHC_012,doctor,2,1,1
2025-02-11,PHC_012,nurse,3,2,1
2025-02-11,PHC_012,pharmacist,2,1,1
2025-02-11,PHC_013,doctor,3,3,0
2025-02-11,PHC_013,nurse,5,5,0
2025-02-11,PHC_014,doctor,3,1,2
2025-02-11,PHC_014,nurse,5,5,0
2025-02-11,PHC_014,pharmacist,1,1,0
2025-02-11,PHC_015,doctor,2,2,0
2025-02-11,PHC_015,nurse,6,6,0
2025-02-11,PHC_015,pharmacist,3,3,0
2025-02-12,PHC_001,doctor,3,2,1
2025-02-12,PHC_001,nurse,7,6,1
2025-02-12,PHC_001,pharmacist,1,1,0
2025-02-12,PHC_002,doctor,1,0,1
2025-02-12,PHC_002,nurse,8,7,1
2025-02-12,PHC_002,pharmacist,3,3,0
2025-02-12,PHC_003,doctor,3,3,0
2025-02-12,PHC_003,nurse,7,5,2
2025-02-12,PHC_003,pharmacist,2,2,0
2025-02-12,PHC_004,doctor,1,1,0
2025-02-12,PHC_004,nurse,4,4,0
2025-02-12,PHC_004,pharmacist,1,1,0
2025-02-12,PHC_005,doctor,2,2,0
2025-02-12,PHC_005,nurse,4,1,3
2025-02-12,PHC_006,doctor,2,1,1
2025-02-12,PHC_006,nurse,9,7,2
2025-02-12,PHC_006,pharmacist,2,2,0
2025-02-12,PHC_007,doctor,1,0,1
2025-02-12,PHC_007,nurse,5,4,1
2025-02-12,PHC_008,doctor,1,1,0
2025-02-12,PHC_008,nurse,4,4,0
2025-02-12,PHC_008,pharmacist,1,0,1
2025-02-12,PHC_009,doctor,2,1,1
2025-02-12,PHC_009,nurse,8,7,1
2025-02-12,PHC_009,pharmacist,2,1,1
2025-02-12,PHC_010,doctor,2,2,0
2025-02-12,PHC_010,nurse,2,2,0
2025-02-12,PHC_010,pharmacist,1,1,0
2025-02-12,PHC_011,doctor,3,3,0
2025-02-12,PHC_011,nurse,6,5,1
2025-02-12,PHC_011,pharmacist,2,1,1
2025-02-12,PHC_012,doctor,2,2,0
2025-02-12,PHC_012,nurse,3,3,0
2025-02-12,PHC_013,doctor,3,3,0
2025-02-12,PHC_013,nurse,6,6,0
2025-02-12,PHC_013,pharmacist,1,1,0
2025-02-12,PHC_014,doctor,2,2,0
2025-02-12,PHC_014,nurse,4,4,0
2025-02-12,PHC_014,pharmacist,1,1,0
2025-02-12,PHC_015,doctor,1,0,1
2025-02-12,PHC_015,nurse,6,6,0
2025-02-12,PHC_015,pharmacist,3,3,0
2025-02-13,PHC_001,doctor,2,2,0
2025-02-13,PHC_001,nurse,4,3,1
2025-02-13,PHC_001,pharmacist,1,0,1
2025-02-13,PHC_002,doctor,2,2,0
2025-02-13,PHC_002,nurse,9,6,3
2025-02-13,PHC_002,pharmacist,2,0,2
2025-02-13,PHC_003,doctor,3,1,2
2025-02-13,PHC_003,nurse,7,5,2
2025-02-13,PHC_003,pharmacist,2,2,0
2025-02-13,PHC_004,doctor,2,2,0
2025-02-13,PHC_004,nurse,4,3,1
2025-02-13,PHC_004,pharmacist,1,1,0
2025-02-13,PHC_005,doctor,1,1,0
2025-02-13,PHC_005,nurse,3,1,2
2025-02-13,PHC_006,doctor,2,2,0
2025-02-13,PHC_006,nurse,9,7,2
2025-02-13,PHC_007,doctor,2,2,0
2025-02-13,PHC_007,nurse,5,2,3
2025-02-13,PHC_007,pharmacist,1,1,0
2025-02-13,PHC_008,doctor,2,2,0
2025-02-13,PHC_008,nurse,5,3,2
2025-02-13,PHC_008,pharmacist,1,1,0
2025-02-13,PHC_009,nurse,7,7,0
2025-02-13,PHC_009,pharmacist,3,3,0
2025-02-13,PHC_010,doctor,3,3,0
2025-02-13,PHC_010,nurse,5,4,1
2025-02-13,PHC_010,pharmacist,1,0,1
2025-02-13,PHC_011,doctor,2,1,1
2025-02-13,PHC_011,nurse,6,4,2
2025-02-13,PHC_011,pharmacist,2,2,0
2025-02-13,PHC_012,doctor,2,2,0
2025-02-13,PHC_012,nurse,4,2,2
2025-02-13,PHC_012,pharmacist,2,1,1
2025-02-13,PHC_013,doctor,3,3,0
2025-02-13,PHC_013,nurse,5,5,0
2025-02-13,PHC_013,pharmacist,1,1,0
2025-02-13,PHC_014,doctor,3,2,1
2025-02-13,PHC_014,nurse,3,2,1
2025-02-13,PHC_014,pharmacist,1,0,1
2025-02-13,PHC_015,doctor,2,2,0
2025-02-13,PHC_015,nurse,9,9,0
2025-02-13,PHC_015,pharmacist,3,3,0
2025-02-14,PHC_001,doctor,3,3,0
2025-02-14,PHC_001,nurse,6,5,1
2025-02-14,PHC_001,pharmacist,1,1,0
2025-02-14,PHC_002,doctor,2,2,0
2025-02-14,PHC_002,nurse,7,6,1
2025-02-14,PHC_002,pharmacist,3,2,1
2025-02-14,PHC_003,doctor,3,2,1
2025-02-14,PHC_003,nurse,8,7,1
2025-02-14,PHC_003,pharmacist,1,1,0
2025-02-14,PHC_004,doctor,2,1,1
2025-02-14,PHC_004,nurse,5,4,1
2025-02-14,PHC_004,pharmacist,1,1,0
2025-02-14,PHC_005,doctor,1,1,0
2025-02-14,PHC_005,nurse,3,3,0
2025-02-14,PHC_006,doctor,1,1,0
2025-02-14,PHC_006,nurse,9,7,2
2025-02-14,PHC_006,pharmacist,2,1,1
2025-02-14,PHC_007,doctor,2,1,1
2025-02-14,PHC_007,nurse,5,4,1
2025-02-14,PHC_007,pharmacist,1,1,0
2025-02-14,PHC_008,doctor,2,2,0
2025-02-14,PHC_008,nurse,5,4,1
2025-02-14,PHC_008,pharmacist,1,1,0
2025-02-14,PHC_009,doctor,1,0,1
2025-02-14,PHC_009,nurse,8,6,2
2025-02-14,PHC_009,pharmacist,3,2,1
2025-02-14,PHC_010,doctor,2,2,0
2025-02-14,PHC_010,nurse,4,4,0
2025-02-14,PHC_010,pharmacist,1,1,0
2025-02-14,PHC_011,doctor,3,2,1
2025-02-14,PHC_011,nurse,5,4,1
2025-02-14,PHC_011,pharmacist,2,1,1
2025-02-14,PHC_012,doctor,2,2,0
2025-02-14,PHC_012,nurse,3,1,2
2025-02-14,PHC_012,pharmacist,2,2,0
2025-02-14,PHC_013,doctor,2,2,0
2025-02-14,PHC_013,nurse,6,6,0
2025-02-14,PHC_013,pharmacist,1,1,0
2025-02-14,PHC_014,doctor,2,1,1
2025-02-14,PHC_014,nurse,5,5,0
2025-02-14,PHC_015,doctor,1,1,0
2025-02-14,PHC_015,nurse,8,7,1
2025-02-14,PHC_015,pharmacist,2,1,1
2025-02-15,PHC_001,doctor,1,0,1
2025-02-15,PHC_001,nurse,7,4,3
2025-02-15,PHC_001,pharmacist,1,1,0
2025-02-15,PHC_002,doctor,2,2,0
2025-02-15,PHC_002,nurse,9,5,4
2025-02-15,PHC_002,pharmacist,2,1,1
2025-02-15,PHC_003,doctor,3,3,0
2025-02-15,PHC_003,nurse,9,8,1
2025-02-15,PHC_003,pharmacist,2,2,0
2025-02-15,PHC_004,doctor,2,2,0
2025-02-15,PHC_004,nurse,5,4,1
2025-02-15,PHC_004,pharmacist,1,1,0
2025-02-15,PHC_005,doctor,2,1,1
2025-02-15,PHC_005,nurse,6,4,2
2025-02-15,PHC_005,pharmacist,1,1,0
2025-02-15,PHC_006,doctor,2,2,0
2025-02-15,PHC_006,nurse,9,7,2
2025-02-15,PHC_006,pharmacist,1,1,0
2025-02-15,PHC_007,doctor,2,1,1
2025-02-15,PHC_007,nurse,4,0,4
2025-02-15,PHC_007,pharmacist,1,1,0
2025-02-15,PHC_008,doctor,1,1,0
2025-02-15,PHC_008,nurse,5,4,1
2025-02-15,PHC_008,pharmacist,1,1,0
2025-02-15,PHC_009,doctor,2,2,0
2025-02-15,PHC_009,nurse,8,5,3
2025-02-15,PHC_009,pharmacist,3,3,0
2025-02-15,PHC_010,doctor,3,2,1
2025-02-15,PHC_010,nurse,3,3,0
2025-02-15,PHC_011,doctor,2,2,0
2025-02-15,PHC_011,nurse,5,4,1
2025-02-15,PHC_011,pharmacist,2,0,2
2025-02-15,PHC_012,doctor,1,1,0
2025-02-15,PHC_012,nurse,3,3,0
2025-02-15,PHC_012,pharmacist,1,1,0
2025-02-15,PHC_013,doctor,3,3,0
2025-02-15,PHC_013,nurse,6,4,2
2025-02-15,PHC_013,pharmacist,1,1,0
2025-02-15,PHC_014,doctor,3,2,1
2025-02-15,PHC_014,nurse,5,5,0
2025-02-15,PHC_014,pharmacist,2,2,0
2025-02-15,PHC_015,doctor,2,2,0
2025-02-15,PHC_015,nurse,7,7,0
2025-02-15,PHC_015,pharmacist,2,2,0
2025-02-16,PHC_001,doctor,3,2,1
2025-02-16,PHC_001,nurse,6,5,1
2025-02-16,PHC_001,pharmacist,1,0,1
2025-02-16,PHC_002,doctor,1,1,0
2025-02-16,PHC_002,nurse,6,5,1
2025-02-16,PHC_002,pharmacist,2,0,2
2025-02-16,PHC_003,doctor,3,3,0
2025-02-16,PHC_003,nurse,8,8,0
2025-02-16,PHC_003,pharmacist,1,1,0
2025-02-16,PHC_004,doctor,1,1,0
2025-02-16,PHC_004,nurse,4,4,0
2025-02-16,PHC_004,pharmacist,1,1,0
2025-02-16,PHC_005,doctor,1,0,1
2025-02-16,PHC_005,nurse,6,3,3
2025-02-16,PHC_005,pharmacist,1,1,0
2025-02-16,PHC_006,doctor,3,2,1
2025-02-16,PHC_006,nurse,9,8,1
2025-02-16,PHC_006,pharmacist,2,2,0
2025-02-16,PHC_007,doctor,2,2,0
2025-02-16,PHC_007,nurse,5,5,0
2025-02-16,PHC_008,doctor,2,2,0
2025-02-16,PHC_008,nurse,5,4,1
2025-02-16,PHC_008,pharmacist,1,1,0
2025-02-16,PHC_009,nurse,8,8,0
2025-02-16,PHC_009,pharmacist,3,2,1
2025-02-16,PHC_010,doctor,3,3,0
2025-02-16,PHC_010,nurse,4,2,2
2025-02-16,PHC_010,pharmacist,1,1,0
2025-02-16,PHC_011,doctor,3,1,2
2025-02-16,PHC_011,nurse,6,4,2
2025-02-16,PHC_011,pharmacist,2,1,1
2025-02-16,PHC_012,doctor,2,1,1
2025-02-16,PHC_012,nurse,4,3,1
2025-02-16,PHC_012,pharmacist,1,0,1
2025-02-16,PHC_013,doctor,2,2,0
2025-02-16,PHC_013,nurse,6,6,0
2025-02-16,PHC_014,doctor,3,1,2
2025-02-16,PHC_014,nurse,3,2,1
2025-02-16,PHC_014,pharmacist,2,1,1
2025-02-16,PHC_015,doctor,2,2,0
2025-02-16,PHC_015,nurse,7,6,1
2025-02-16,PHC_015,pharmacist,3,3,0
2025-02-17,PHC_001,doctor,3,1,2
2025-02-17,PHC_001,nurse,6,4,2
2025-02-17,PHC_001,pharmacist,1,1,0
2025-02-17,PHC_002,doctor,2,2,0
2025-02-17,PHC_002,nurse,7,7,0
2025-02-17,PHC_002,pharmacist,2,1,1
2025-02-17,PHC_003,doctor,1,1,0
2025-02-17,PHC_003,nurse,8,7,1
2025-02-17,PHC_003,pharmacist,2,2,0
2025-02-17,PHC_004,doctor,2,2,0
2025-02-17,PHC_004,nurse,6,6,0
2025-02-17,PHC_004,pharmacist,1,1,0
2025-02-17,PHC_005,doctor,2,1,1
2025-02-17,PHC_005,nurse,6,4,2
2025-02-17,PHC_005,pharmacist,1,1,0
2025-02-17,PHC_006,doctor,1,0,1
2025-02-17,PHC_006,nurse,6,4,2
2025-02-17,PHC_006,pharmacist,2,2,0
2025-02-17,PHC_007,doctor,2,2,0
2025-02-17,PHC_007,nurse,3,2,1
2025-02-17,PHC_007,pharmacist,1,1,0
2025-02-17,PHC_008,doctor,1,1,0
2025-02-17,PHC_008,nurse,4,4,0
2025-02-17,PHC_008,pharmacist,1,1,0
2025-02-17,PHC_009,doctor,1,1,0
2025-02-17,PHC_009,nurse,7,7,0
2025-02-17,PHC_009,pharmacist,3,2,1
2025-02-17,PHC_010,doctor,2,2,0
2025-02-17,PHC_010,nurse,4,4,0
2025-02-17,PHC_010,pharmacist,1,1,0
2025-02-17,PHC_011,doctor,3,2,1
2025-02-17,PHC_011,nurse,8,6,2
2025-02-17,PHC_011,pharmacist,2,2,0
2025-02-17,PHC_012,doctor,2,1,1
2025-02-17,PHC_012,nurse,3,2,1
2025-02-17,PHC_012,pharmacist,2,2,0
2025-02-17,PHC_013,doctor,1,0,1
2025-02-17,PHC_013,nurse,5,4,1
2025-02-17,PHC_013,pharmacist,1,1,0
2025-02-17,PHC_014,doctor,2,2,0
2025-02-17,PHC_014,nurse,4,4,0
2025-02-17,PHC_014,pharmacist,2,2,0
2025-02-17,PHC_015,doctor,2,2,0
2025-02-17,PHC_015,nurse,7,6,1
2025-02-17,PHC_015,pharmacist,2,1,1
2025-02-18,PHC_001,doctor,2,1,1
2025-02-18,PHC_001,nurse,5,5,0
2025-02-18,PHC_001,pharmacist,1,0,1
2025-02-18,PHC_002,doctor,1,1,0
2025-02-18,PHC_002,nurse,8,7,1
2025-02-18,PHC_002,pharmacist,2,0,2
2025-02-18,PHC_003,doctor,2,1,1
2025-02-18,PHC_003,nurse,8,6,2
2025-02-18,PHC_004,doctor,2,2,0
2025-02-18,PHC_004,nurse,6,3,3
2025-02-18,PHC_004,pharmacist,1,1,0
2025-02-18,PHC_005,doctor,1,1,0
2025-02-18,PHC_005,nurse,5,4,1
2025-02-18,PHC_005,pharmacist,1,1,0
2025-02-18,PHC_006,doctor,1,1,0
2025-02-18,PHC_006,nurse,6,5,1
2025-02-18,PHC_006,pharmacist,2,0,2
2025-02-18,PHC_007,doctor,1,1,0
2025-02-18,PHC_007,nurse,5,3,2
2025-02-18,PHC_007,pharmacist,1,1,0
2025-02-18,PHC_008,doctor,2,2,0
2025-02-18,PHC_008,nurse,4,4,0
2025-02-18,PHC_008,pharmacist,1,1,0
2025-02-18,PHC_009,doctor,1,1,0
2025-02-18,PHC_009,nurse,7,7,0
2025-02-18,PHC_009,pharmacist,3,3,0
2025-02-18,PHC_010,doctor,3,3,0
2025-02-18,PHC_010,nurse,4,3,1
2025-02-18,PHC_010,pharmacist,1,1,0
2025-02-18,PHC_011,doctor,3,2,1
2025-02-18,PHC_011,nurse,7,6,1
2025-02-18,PHC_011,pharmacist,2,2,0
2025-02-18,PHC_012,doctor,2,1,1
2025-02-18,PHC_012,nurse,4,3,1
2025-02-18,PHC_012,pharmacist,2,2,0
2025-02-18,PHC_013,doctor,2,2,0
2025-02-18,PHC_013,nurse,6,6,0
2025-02-18,PHC_014,doctor,3,3,0
2025-02-18,PHC_014,nurse,4,3,1
2025-02-18,PHC_014,pharmacist,2,2,0
2025-02-18,PHC_015,doctor,2,1,1
2025-02-18,PHC_015,nurse,9,7,2
2025-02-18,PHC_015,pharmacist,1,1,0
2025-02-19,PHC_001,doctor,3,3,0
2025-02-19,PHC_001,nurse,6,5,1
2025-02-19,PHC_001,pharmacist,1,1,0
2025-02-19,PHC_002,doctor,2,2,0
2025-02-19,PHC_002,nurse,8,6,2
2025-02-19,PHC_002,pharmacist,3,2,1
2025-02-19,PHC_003,doctor,2,2,0
2025-02-19,PHC_003,nurse,8,6,2
2025-02-19,PHC_003,pharmacist,2,1,1
2025-02-19,PHC_004,doctor,1,1,0
2025-02-19,PHC_004,nurse,6,4,2
2025-02-19,PHC_004,pharmacist,1,1,0
2025-02-19,PHC_005,doctor,2,1,1
2025-02-19,PHC_005,nurse,6,5,1
2025-02-19,PHC_005,pharmacist,1,1,0
2025-02-19,PHC_006,doctor,3,3,0
2025-02-19,PHC_006,nurse,9,6,3
2025-02-19,PHC_006,pharmacist,2,2,0
2025-02-19,PHC_007,doctor,2,1,1
2025-02-19,PHC_007,nurse,4,4,0
2025-02-19,PHC_007,pharmacist,1,0,1
2025-02-19,PHC_008,doctor,2,2,0
2025-02-19,PHC_008,nurse,4,4,0
2025-02-19,PHC_008,pharmacist,1,1,0
2025-02-19,PHC_009,doctor,2,2,0
2025-02-19,PHC_009,nurse,7,7,0
2025-02-19,PHC_009,pharmacist,3,2,1
2025-02-19,PHC_010,doctor,1,0,1
2025-02-19,PHC_010,nurse,4,2,2
2025-02-19,PHC_010,pharmacist,1,1,0
2025-02-19,PHC_011,doctor,3,3,0
2025-02-19,PHC_011,nurse,6,5,1
2025-02-19,PHC_011,pharmacist,2,2,0
2025-02-19,PHC_012,doctor,1,0,1
2025-02-19,PHC_012,nurse,4,2,2
2025-02-19,PHC_012,pharmacist,1,1,0
2025-02-19,PHC_013,doctor,2,2,0
2025-02-19,PHC_013,nurse,5,5,0
2025-02-19,PHC_013,pharmacist,1,1,0
2025-02-19,PHC_014,doctor,2,1,1
2025-02-19,PHC_014,nurse,4,4,0
2025-02-19,PHC_014,pharmacist,2,2,0
2025-02-19,PHC_015,doctor,2,1,1
2025-02-19,PHC_015,nurse,8,6,2
2025-02-19,PHC_015,pharmacist,2,2,0
2025-02-20,PHC_001,doctor,3,2,1
2025-02-20,PHC_001,nurse,7,7,0
2025-02-20,PHC_001,pharmacist,1,1,0
2025-02-20,PHC_002,doctor,1,1,0
2025-02-20,PHC_002,nurse,7,5,2
2025-02-20,PHC_002,pharmacist,3,2,1
2025-02-20,PHC_003,doctor,3,2,1
2025-02-20,PHC_003,nurse,4,3,1
2025-02-20,PHC_003,pharmacist,2,2,0
2025-02-20,PHC_004,doctor,2,2,0
2025-02-20,PHC_004,nurse,5,4,1
2025-02-20,PHC_004,pharmacist,1,1,0
2025-02-20,PHC_005,doctor,2,2,0
2025-02-20,PHC_005,nurse,5,4,1
2025-02-20,PHC_005,pharmacist,1,1,0
2025-02-20,PHC_006,doctor,3,3,0
2025-02-20,PHC_006,nurse,8,6,2
2025-02-20,PHC_006,pharmacist,2,2,0
2025-02-20,PHC_007,doctor,2,2,0
2025-02-20,PHC_007,nurse,4,3,1
2025-02-20,PHC_007,pharmacist,1,1,0
2025-02-20,PHC_008,doctor,2,2,0
2025-02-20,PHC_008,nurse,3,2,1
2025-02-20,PHC_009,doctor,2,1,1
2025-02-20,PHC_009,nurse,7,6,1
2025-02-20,PHC_009,pharmacist,3,3,0
2025-02-20,PHC_010,doctor,2,1,1
2025-02-20,PHC_010,nurse,3,2,1
2025-02-20,PHC_010,pharmacist,1,1,0
2025-02-20,PHC_011,doctor,2,1,1
2025-02-20,PHC_011,nurse,7,6,1
2025-02-20,PHC_011,pharmacist,2,1,1
2025-02-20,PHC_012,doctor,2,2,0
2025-02-20,PHC_012,nurse,3,3,0
2025-02-20,PHC_012,pharmacist,2,2,0
2025-02-20,PHC_013,doctor,2,2,0
2025-02-20,PHC_013,nurse,4,4,0
2025-02-20,PHC_014,nurse,5,3,2
2025-02-20,PHC_014,pharmacist,2,1,1
2025-02-20,PHC_015,doctor,2,2,0
2025-02-20,PHC_015,nurse,9,7,2
2025-02-20,PHC_015,pharmacist,3,2,1
2025-02-21,PHC_001,doctor,1,1,0
2025-02-21,PHC_001,nurse,6,5,1
2025-02-21,PHC_002,doctor,2,2,0
2025-02-21,PHC_002,nurse,8,7,1
2025-02-21,PHC_002,pharmacist,3,3,0
2025-02-21,PHC_003,doctor,3,2,1
2025-02-21,PHC_003,nurse,7,6,1
2025-02-21,PHC_003,pharmacist,2,2,0
2025-02-21,PHC_004,doctor,2,2,0
2025-02-21,PHC_004,nurse,4,4,0
2025-02-21,PHC_004,pharmacist,1,0,1
2025-02-21,PHC_005,doctor,1,1,0
2025-02-21,PHC_005,nurse,5,4,1
2025-02-21,PHC_005,pharmacist,1,1,0
2025-02-21,PHC_006,doctor,3,3,0
2025-02-21,PHC_006,nurse,9,8,1
2025-02-21,PHC_006,pharmacist,2,2,0
2025-02-21,PHC_007,doctor,2,1,1
2025-02-21,PHC_007,nurse,4,2,2
2025-02-21,PHC_007,pharmacist,1,1,0
2025-02-21,PHC_008,doctor,2,2,0
2025-02-21,PHC_008,nurse,5,5,0
2025-02-21,PHC_008,pharmacist,1,1,0
2025-02-21,PHC_009,doctor,1,1,0
2025-02-21,PHC_009,nurse,6,5,1
2025-02-21,PHC_009,pharmacist,3,3,0
2025-02-21,PHC_010,doctor,3,3,0
2025-02-21,PHC_010,nurse,4,4,0
2025-02-21,PHC_010,pharmacist,1,1,0
2025-02-21,PHC_011,doctor,2,1,1
2025-02-21,PHC_011,nurse,6,6,0
2025-02-21,PHC_011,pharmacist,2,2,0
2025-02-21,PHC_012,doctor,2,1,1
2025-02-21,PHC_012,nurse,2,1,1
2025-02-21,PHC_012,pharmacist,2,2,0
2025-02-21,PHC_013,doctor,2,2,0
2025-02-21,PHC_013,nurse,5,3,2
2025-02-21,PHC_013,pharmacist,1,0,1
2025-02-21,PHC_014,doctor,3,3,0
2025-02-21,PHC_014,nurse,4,4,0
2025-02-21,PHC_014,pharmacist,1,1,0
2025-02-21,PHC_015,doctor,2,2,0
2025-02-21,PHC_015,nurse,7,7,0
2025-02-21,PHC_015,pharmacist,1,1,0
2025-02-22,PHC_001,doctor,2,1,1
2025-02-22,PHC_001,nurse,5,5,0
2025-02-22,PHC_002,nurse,8,5,3
2025-02-22,PHC_002,pharmacist,2,1,1
2025-02-22,PHC_003,doctor,1,1,0
2025-02-22,PHC_003,nurse,6,6,0
2025-02-22,PHC_003,pharmacist,2,2,0
2025-02-22,PHC_004,doctor,2,2,0
2025-02-22,PHC_004,nurse,6,5,1
2025-02-22,PHC_004,pharmacist,1,1,0
2025-02-22,PHC_005,doctor,1,1,0
2025-02-22,PHC_005,nurse,4,3,1
2025-02-22,PHC_005,pharmacist,1,1,0
2025-02-22,PHC_006,doctor,3,2,1
2025-02-22,PHC_006,nurse,9,9,0
2025-02-22,PHC_007,doctor,2,2,0
2025-02-22,PHC_007,nurse,4,3,1
2025-02-22,PHC_007,pharmacist,1,1,0
2025-02-22,PHC_008,doctor,2,2,0
2025-02-22,PHC_008,nurse,3,3,0
2025-02-22,PHC_008,pharmacist,1,1,0
2025-02-22,PHC_009,nurse,7,7,0
2025-02-22,PHC_009,pharmacist,3,3,0
2025-02-22,PHC_010,doctor,3,3,0
2025-02-22,PHC_010,nurse,5,4,1
2025-02-22,PHC_010,pharmacist,1,1,0
2025-02-22,PHC_011,doctor,3,1,2
2025-02-22,PHC_011,nurse,8,7,1
2025-02-22,PHC_011,pharmacist,2,2,0
2025-02-22,PHC_012,doctor,1,0,1
2025-02-22,PHC_012,nurse,4,3,1
2025-02-22,PHC_012,pharmacist,2,2,0
2025-02-22,PHC_013,doctor,3,3,0
2025-02-22,PHC_013,nurse,6,6,0
2025-02-22,PHC_013,pharmacist,1,1,0
2025-02-22,PHC_014,doctor,3,1,2
2025-02-22,PHC_014,nurse,5,5,0
2025-02-22,PHC_014,pharmacist,1,1,0
2025-02-22,PHC_015,doctor,2,1,1
2025-02-22,PHC_015,nurse,7,5,2
2025-02-22,PHC_015,pharmacist,3,3,0
2025-02-23,PHC_001,doctor,2,1,1
2025-02-23,PHC_001,nurse,5,3,2
2025-02-23,PHC_002,doctor,1,1,0
2025-02-23,PHC_002,nurse,8,5,3
2025-02-23,PHC_002,pharmacist,3,2,1
2025-02-23,PHC_003,doctor,3,2,1
2025-02-23,PHC_003,nurse,9,8,1
2025-02-23,PHC_004,doctor,1,1,0
2025-02-23,PHC_004,nurse,5,4,1
2025-02-23,PHC_004,pharmacist,1,1,0
2025-02-23,PHC_005,doctor,1,1,0
2025-02-23,PHC_005,nurse,6,4,2
2025-02-23,PHC_005,pharmacist,1,0,1
2025-02-23,PHC_006,doctor,3,2,1
2025-02-23,PHC_006,nurse,8,7,1
2025-02-23,PHC_006,pharmacist,2,1,1
2025-02-23,PHC_007,doctor,2,1,1
2025-02-23,PHC_007,nurse,3,3,0
2025-02-23,PHC_008,doctor,2,2,0
2025-02-23,PHC_008,nurse,4,2,2
2025-02-23,PHC_008,pharmacist,1,1,0
2025-02-23,PHC_009,doctor,2,2,0
2025-02-23,PHC_009,nurse,6,5,1
2025-02-23,PHC_009,pharmacist,2,2,0
2025-02-23,PHC_010,doctor,3,2,1
2025-02-23,PHC_010,nurse,4,4,0
2025-02-23,PHC_010,pharmacist,1,0,1
2025-02-23,PHC_011,doctor,3,3,0
2025-02-23,PHC_011,nurse,7,4,3
2025-02-23,PHC_012,doctor,2,1,1
2025-02-23,PHC_012,nurse,3,3,0
2025-02-23,PHC_012,pharmacist,2,2,0
2025-02-23,PHC_013,doctor,3,3,0
2025-02-23,PHC_013,nurse,5,5,0
2025-02-23,PHC_013,pharmacist,1,1,0
2025-02-23,PHC_014,doctor,3,3,0
2025-02-23,PHC_014,nurse,3,3,0
2025-02-23,PHC_014,pharmacist,2,2,0
2025-02-23,PHC_015,doctor,2,2,0
2025-02-23,PHC_015,nurse,8,6,2
2025-02-23,PHC_015,pharmacist,2,1,1
2025-02-24,PHC_001,doctor,2,2,0
2025-02-24,PHC_001,nurse,5,4,1
2025-02-24,PHC_001,pharmacist,1,1,0
2025-02-24,PHC_002,doctor,1,1,0
2025-02-24,PHC_002,nurse,8,7,1
2025-02-24,PHC_002,pharmacist,1,1,0
2025-02-24,PHC_003,doctor,3,3,0
2025-02-24,PHC_003,nurse,6,6,0
2025-02-24,PHC_003,pharmacist,2,1,1
2025-02-24,PHC_004,doctor,2,2,0
2025-02-24,PHC_004,nurse,5,4,1
2025-02-24,PHC_004,pharmacist,1,1,0
2025-02-24,PHC_005,doctor,2,2,0
2025-02-24,PHC_005,nurse,5,4,1
2025-02-24,PHC_005,pharmacist,1,0,1
2025-02-24,PHC_006,doctor,2,2,0
2025-02-24,PHC_006,nurse,9,8,1
2025-02-24,PHC_006,pharmacist,1,1,0
2025-02-24,PHC_007,doctor,1,0,1
2025-02-24,PHC_007,nurse,5,4,1
2025-02-24,PHC_008,doctor,2,2,0
2025-02-24,PHC_008,nurse,3,3,0
2025-02-24,PHC_008,pharmacist,1,1,0
2025-02-24,PHC_009,doctor,2,2,0
2025-02-24,PHC_009,nurse,7,7,0
2025-02-24,PHC_009,pharmacist,3,2,1
2025-02-24,PHC_010,doctor,2,1,1
2025-02-24,PHC_010,nurse,5,5,0
2025-02-24,PHC_010,pharmacist,1,1,0
2025-02-24,PHC_011,doctor,2,2,0
2025-02-24,PHC_011,nurse,7,6,1
2025-02-24,PHC_011,pharmacist,2,2,0
2025-02-24,PHC_012,doctor,1,1,0
2025-02-24,PHC_012,nurse,2,2,0
2025-02-24,PHC_012,pharmacist,1,1,0
2025-02-24,PHC_013,doctor,3,3,0
2025-02-24,PHC_013,nurse,6,6,0
2025-02-24,PHC_013,pharmacist,1,1,0
2025-02-24,PHC_014,doctor,2,2,0
2025-02-24,PHC_014,nurse,3,3,0
2025-02-24,PHC_014,pharmacist,2,1,1
2025-02-24,PHC_015,doctor,2,2,0
2025-02-24,PHC_015,nurse,7,5,2
2025-02-24,PHC_015,pharmacist,2,2,0
2025-02-25,PHC_001,doctor,3,1,2
2025-02-25,PHC_001,nurse,6,3,3
2025-02-25,PHC_002,doctor,1,1,0
2025-02-25,PHC_002,nurse,9,5,4
2025-02-25,PHC_002,pharmacist,3,3,0
2025-02-25,PHC_003,doctor,3,3,0
2025-02-25,PHC_003,nurse,8,5,3
2025-02-25,PHC_004,doctor,2,2,0
2025-02-25,PHC_004,nurse,6,2,4
2025-02-25,PHC_004,pharmacist,1,1,0
2025-02-25,PHC_005,doctor,2,2,0
2025-02-25,PHC_005,nurse,6,4,2
2025-02-25,PHC_005,pharmacist,1,1,0
2025-02-25,PHC_006,doctor,3,2,1
2025-02-25,PHC_006,nurse,7,7,0
2025-02-25,PHC_006,pharmacist,2,0,2
2025-02-25,PHC_007,doctor,1,1,0
2025-02-25,PHC_007,nurse,3,3,0
2025-02-25,PHC_008,doctor,2,2,0
2025-02-25,PHC_008,nurse,5,2,3
2025-02-25,PHC_008,pharmacist,1,1,0
2025-02-25,PHC_009,doctor,2,2,0
2025-02-25,PHC_009,nurse,7,7,0
2025-02-25,PHC_009,pharmacist,2,2,0
2025-02-25,PHC_010,doctor,3,0,3
2025-02-25,PHC_010,nurse,4,3,1
2025-02-25,PHC_010,pharmacist,1,0,1
2025-02-25,PHC_011,doctor,3,2,1
2025-02-25,PHC_011,nurse,7,6,1
2025-02-25,PHC_011,pharmacist,2,1,1
2025-02-25,PHC_012,doctor,1,0,1
2025-02-25,PHC_012,nurse,2,1,1
2025-02-25,PHC_012,pharmacist,2,1,1
2025-02-25,PHC_013,doctor,2,2,0
2025-02-25,PHC_013,nurse,4,4,0
2025-02-25,PHC_014,doctor,2,2,0
2025-02-25,PHC_014,nurse,4,3,1
2025-02-25,PHC_014,pharmacist,2,1,1
2025-02-25,PHC_015,doctor,2,2,0
2025-02-25,PHC_015,nurse,8,7,1
2025-02-25,PHC_015,pharmacist,3,1,2
2025-02-26,PHC_001,doctor,2,2,0
2025-02-26,PHC_001,nurse,6,6,0
2025-02-26,PHC_001,pharmacist,1,0,1
2025-02-26,PHC_002,nurse,8,6,2
2025-02-26,PHC_002,pharmacist,2,1,1
2025-02-26,PHC_003,doctor,3,3,0
2025-02-26,PHC_003,nurse,8,6,2
2025-02-26,PHC_003,pharmacist,2,2,0
2025-02-26,PHC_004,doctor,1,1,0
2025-02-26,PHC_004,nurse,6,3,3
2025-02-26,PHC_004,pharmacist,1,0,1
2025-02-26,PHC_005,doctor,2,2,0
2025-02-26,PHC_005,nurse,5,4,1
2025-02-26,PHC_005,pharmacist,1,0,1
2025-02-26,PHC_006,doctor,3,3,0
2025-02-26,PHC_006,nurse,9,6,3
2025-02-26,PHC_006,pharmacist,1,1,0
2025-02-26,PHC_007,doctor,2,2,0
2025-02-26,PHC_007,nurse,4,3,1
2025-02-26,PHC_007,pharmacist,1,1,0
2025-02-26,PHC_008,doctor,2,2,0
2025-02-26,PHC_008,nurse,3,2,1
2025-02-26,PHC_008,pharmacist,1,1,0
2025-02-26,PHC_009,doctor,2,2,0
2025-02-26,PHC_009,nurse,5,3,2
2025-02-26,PHC_009,pharmacist,3,2,1
2025-02-26,PHC_010,doctor,3,3,0
2025-02-26,PHC_010,nurse,2,2,0
2025-02-26,PHC_011,doctor,2,1,1
2025-02-26,PHC_011,nurse,7,6,1
2025-02-26,PHC_011,pharmacist,2,2,0
2025-02-26,PHC_012,doctor,2,2,0
2025-02-26,PHC_012,nurse,4,2,2
2025-02-26,PHC_012,pharmacist,2,2,0
2025-02-26,PHC_013,doctor,2,2,0
2025-02-26,PHC_013,nurse,6,4,2
2025-02-26,PHC_013,pharmacist,1,1,0
2025-02-26,PHC_014,doctor,1,1,0
2025-02-26,PHC_014,nurse,5,5,0
2025-02-26,PHC_014,pharmacist,2,2,0
2025-02-26,PHC_015,nurse,7,6,1
2025-02-26,PHC_015,pharmacist,3,3,0
2025-02-27,PHC_001,doctor,3,1,2
2025-02-27,PHC_001,nurse,7,7,0
2025-02-27,PHC_001,pharmacist,1,0,1
2025-02-27,PHC_002,doctor,2,2,0
2025-02-27,PHC_002,nurse,8,7,1
2025-02-27,PHC_002,pharmacist,2,2,0
2025-02-27,PHC_003,doctor,3,2,1
2025-02-27,PHC_003,nurse,7,7,0
2025-02-27,PHC_003,pharmacist,2,2,0
2025-02-27,PHC_004,doctor,2,2,0
2025-02-27,PHC_004,nurse,4,1,3
2025-02-27,PHC_004,pharmacist,1,1,0
2025-02-27,PHC_005,doctor,2,2,0
2025-02-27,PHC_005,nurse,5,3,2
2025-02-27,PHC_005,pharmacist,1,1,0
2025-02-27,PHC_006,doctor,2,2,0
2025-02-27,PHC_006,nurse,10,9,1
2025-02-27,PHC_006,pharmacist,2,2,0
2025-02-27,PHC_007,doctor,2,2,0
2025-02-27,PHC_007,nurse,4,2,2
2025-02-27,PHC_007,pharmacist,1,1,0
2025-02-27,PHC_008,doctor,2,2,0
2025-02-27,PHC_008,nurse,3,2,1
2025-02-27,PHC_008,pharmacist,1,1,0
2025-02-27,PHC_009,doctor,2,2,0
2025-02-27,PHC_009,nurse,7,6,1
2025-02-27,PHC_009,pharmacist,3,2,1
2025-02-27,PHC_010,doctor,3,3,0
2025-02-27,PHC_010,nurse,3,3,0
2025-02-27,PHC_010,pharmacist,1,0,1
2025-02-27,PHC_011,doctor,3,3,0
2025-02-27,PHC_011,nurse,8,5,3
2025-02-27,PHC_011,pharmacist,2,2,0
2025-02-27,PHC_012,doctor,2,2,0
2025-02-27,PHC_012,nurse,3,2,1
2025-02-27,PHC_012,pharmacist,2,2,0
2025-02-27,PHC_013,doctor,2,2,0
2025-02-27,PHC_013,nurse,5,5,0
2025-02-27,PHC_013,pharmacist,1,1,0
2025-02-27,PHC_014,doctor,2,1,1
2025-02-27,PHC_014,nurse,4,4,0
2025-02-27,PHC_014,pharmacist,1,1,0
2025-02-27,PHC_015,doctor,2,2,0
2025-02-27,PHC_015,nurse,9,8,1
2025-02-27,PHC_015,pharmacist,2,2,0
2025-02-28,PHC_001,doctor,3,3,0
2025-02-28,PHC_001,nurse,5,5,0
2025-02-28,PHC_001,pharmacist,1,1,0
2025-02-28,PHC_002,doctor,2,2,0
2025-02-28,PHC_002,nurse,9,7,2
2025-02-28,PHC_002,pharmacist,2,2,0
2025-02-28,PHC_003,doctor,3,3,0
2025-02-28,PHC_003,nurse,7,7,0
2025-02-28,PHC_003,pharmacist,2,2,0
2025-02-28,PHC_004,doctor,2,1,1
2025-02-28,PHC_004,nurse,5,4,1
2025-02-28,PHC_004,pharmacist,1,1,0
2025-02-28,PHC_005,doctor,1,1,0
2025-02-28,PHC_005,nurse,6,5,1
2025-02-28,PHC_005,pharmacist,1,0,1
2025-02-28,PHC_006,doctor,3,3,0
2025-02-28,PHC_006,nurse,8,6,2
2025-02-28,PHC_006,pharmacist,2,2,0
2025-02-28,PHC_007,doctor,2,1,1
2025-02-28,PHC_007,nurse,5,3,2
2025-02-28,PHC_007,pharmacist,1,1,0
2025-02-28,PHC_008,doctor,1,1,0
2025-02-28,PHC_008,nurse,4,3,1
2025-02-28,PHC_008,pharmacist,1,0,1
2025-02-28,PHC_009,doctor,2,2,0
2025-02-28,PHC_009,nurse,7,6,1
2025-02-28,PHC_009,pharmacist,3,3,0
2025-02-28,PHC_010,doctor,3,3,0
2025-02-28,PHC_010,nurse,4,3,1
2025-02-28,PHC_010,pharmacist,1,1,0
2025-02-28,PHC_011,doctor,3,1,2
2025-02-28,PHC_011,nurse,8,7,1
2025-02-28,PHC_011,pharmacist,2,1,1
2025-02-28,PHC_012,doctor,2,1,1
2025-02-28,PHC_012,nurse,4,3,1
2025-02-28,PHC_012,pharmacist,2,0,2
2025-02-28,PHC_013,doctor,3,3,0
2025-02-28,PHC_013,nurse,5,5,0
2025-02-28,PHC_014,doctor,2,1,1
2025-02-28,PHC_014,nurse,5,5,0
2025-02-28,PHC_014,pharmacist,1,1,0
2025-02-28,PHC_015,doctor,2,1,1
2025-02-28,PHC_015,nurse,9,8,1
2025-02-28,PHC_015,pharmacist,3,2,1
2025-03-01,PHC_001,doctor,2,2,0
2025-03-01,PHC_001,nurse,5,4,1
2025-03-01,PHC_001,pharmacist,1,0,1
2025-03-01,PHC_002,doctor,2,2,0
2025-03-01,PHC_002,nurse,9,7,2
2025-03-01,PHC_002,pharmacist,3,2,1
2025-03-01,PHC_003,doctor,3,3,0
2025-03-01,PHC_003,nurse,5,4,1
2025-03-01,PHC_003,pharmacist,2,2,0
2025-03-01,PHC_004,doctor,1,1,0
2025-03-01,PHC_004,nurse,6,5,1
2025-03-01,PHC_004,pharmacist,1,1,0
2025-03-01,PHC_005,doctor,2,0,2
2025-03-01,PHC_005,nurse,4,3,1
2025-03-01,PHC_005,pharmacist,1,1,0
2025-03-01,PHC_006,doctor,2,2,0
2025-03-01,PHC_006,nurse,8,6,2
2025-03-01,PHC_006,pharmacist,2,1,1
2025-03-01,PHC_007,doctor,2,1,1
2025-03-01,PHC_007,nurse,5,4,1
2025-03-01,PHC_007,pharmacist,1,1,0
2025-03-01,PHC_008,doctor,2,2,0
2025-03-01,PHC_008,nurse,4,3,1
2025-03-01,PHC_009,doctor,2,2,0
2025-03-01,PHC_009,nurse,7,6,1
2025-03-01,PHC_009,pharmacist,3,2,1
2025-03-01,PHC_010,doctor,3,2,1
2025-03-01,PHC_010,nurse,5,5,0
2025-03-01,PHC_010,pharmacist,1,0,1
2025-03-01,PHC_011,doctor,2,2,0
2025-03-01,PHC_011,nurse,8,8,0
2025-03-01,PHC_011,pharmacist,1,1,0
2025-03-01,PHC_012,doctor,2,1,1
2025-03-01,PHC_012,nurse,4,3,1
2025-03-01,PHC_012,pharmacist,1,1,0
2025-03-01,PHC_013,doctor,3,3,0
2025-03-01,PHC_013,nurse,6,4,2
2025-03-01,PHC_013,pharmacist,1,1,0
2025-03-01,PHC_014,doctor,3,3,0
2025-03-01,PHC_014,nurse,5,4,1
2025-03-01,PHC_014,pharmacist,1,1,0
2025-03-01,PHC_015,doctor,1,1,0
2025-03-01,PHC_015,nurse,5,4,1
2025-03-01,PHC_015,pharmacist,3,2,1
2025-03-02,PHC_001,nurse,6,5,1
2025-03-02,PHC_001,pharmacist,1,1,0
2025-03-02,PHC_002,doctor,2,1,1
2025-03-02,PHC_002,nurse,5,5,0
2025-03-02,PHC_002,pharmacist,2,0,2
2025-03-02,PHC_003,doctor,2,2,0
2025-03-02,PHC_003,nurse,6,6,0
2025-03-02,PHC_003,pharmacist,2,2,0
2025-03-02,PHC_004,doctor,2,2,0
2025-03-02,PHC_004,nurse,6,6,0
2025-03-02,PHC_004,pharmacist,1,1,0
2025-03-02,PHC_005,doctor,2,2,0
2025-03-02,PHC_005,nurse,5,3,2
2025-03-02,PHC_005,pharmacist,1,1,0
2025-03-02,PHC_006,doctor,3,2,1
2025-03-02,PHC_006,nurse,9,7,2
2025-03-02,PHC_006,pharmacist,2,1,1
2025-03-02,PHC_007,doctor,1,1,0
2025-03-02,PHC_007,nurse,4,4,0
2025-03-02,PHC_008,doctor,2,2,0
2025-03-02,PHC_008,nurse,4,2,2
2025-03-02,PHC_008,pharmacist,1,1,0
2025-03-02,PHC_009,doctor,2,2,0
2025-03-02,PHC_009,nurse,4,4,0
2025-03-02,PHC_009,pharmacist,2,2,0
2025-03-02,PHC_010,doctor,3,2,1
2025-03-02,PHC_010,nurse,4,2,2
2025-03-02,PHC_011,doctor,3,2,1
2025-03-02,PHC_011,nurse,7,5,2
2025-03-02,PHC_011,pharmacist,1,1,0
2025-03-02,PHC_012,nurse,4,3,1
2025-03-02,PHC_012,pharmacist,2,2,0
2025-03-02,PHC_013,doctor,2,2,0
2025-03-02,PHC_013,nurse,5,5,0
2025-03-02,PHC_013,pharmacist,1,1,0
2025-03-02,PHC_014,doctor,3,2,1
2025-03-02,PHC_014,nurse,4,4,0
2025-03-02,PHC_014,pharmacist,2,1,1
2025-03-02,PHC_015,doctor,1,1,0
2025-03-02,PHC_015,nurse,9,6,3
2025-03-02,PHC_015,pharmacist,3,3,0
2025-03-03,PHC_001,doctor,1,1,0
2025-03-03,PHC_001,nurse,6,5,1
2025-03-03,PHC_001,pharmacist,1,1,0
2025-03-03,PHC_002,doctor,2,2,0
2025-03-03,PHC_002,nurse,5,5,0
2025-03-03,PHC_002,pharmacist,3,0,3
2025-03-03,PHC_003,doctor,3,3,0
2025-03-03,PHC_003,nurse,6,6,0
2025-03-03,PHC_003,pharmacist,2,2,0
2025-03-03,PHC_004,doctor,1,1,0
2025-03-03,PHC_004,nurse,5,3,2
2025-03-03,PHC_005,doctor,1,0,1
2025-03-03,PHC_005,nurse,5,4,1
2025-03-03,PHC_005,pharmacist,1,1,0
2025-03-03,PHC_006,doctor,1,0,1
2025-03-03,PHC_006,nurse,7,6,1
2025-03-03,PHC_006,pharmacist,2,2,0
2025-03-03,PHC_007,doctor,1,1,0
2025-03-03,PHC_007,nurse,5,4,1
2025-03-03,PHC_007,pharmacist,1,1,0
2025-03-03,PHC_008,doctor,2,2,0
2025-03-03,PHC_008,nurse,3,3,0
2025-03-03,PHC_008,pharmacist,1,1,0
2025-03-03,PHC_009,doctor,2,2,0
2025-03-03,PHC_009,nurse,7,7,0
2025-03-03,PHC_009,pharmacist,2,2,0
2025-03-03,PHC_010,doctor,3,3,0
2025-03-03,PHC_010,nurse,4,4,0
2025-03-03,PHC_010,pharmacist,1,1,0
2025-03-03,PHC_011,doctor,2,2,0
2025-03-03,PHC_011,nurse,5,3,2
2025-03-03,PHC_011,pharmacist,2,2,0
2025-03-03,PHC_012,doctor,1,1,0
2025-03-03,PHC_012,nurse,2,2,0
2025-03-03,PHC_012,pharmacist,2,2,0
2025-03-03,PHC_013,doctor,3,2,1
2025-03-03,PHC_013,nurse,3,3,0
2025-03-03,PHC_014,doctor,2,1,1
2025-03-03,PHC_014,nurse,5,4,1
2025-03-03,PHC_014,pharmacist,2,1,1
2025-03-03,PHC_015,doctor,2,1,1
2025-03-03,PHC_015,nurse,8,7,1
2025-03-03,PHC_015,pharmacist,3,2,1
2025-03-04,PHC_001,doctor,2,2,0
2025-03-04,PHC_001,nurse,7,7,0
2025-03-04,PHC_001,pharmacist,1,0,1
2025-03-04,PHC_002,doctor,2,2,0
2025-03-04,PHC_002,nurse,9,8,1
2025-03-04,PHC_002,pharmacist,3,2,1
2025-03-04,PHC_003,doctor,3,2,1
2025-03-04,PHC_003,nurse,7,6,1
2025-03-04,PHC_003,pharmacist,2,2,0
2025-03-04,PHC_004,doctor,2,2,0
2025-03-04,PHC_004,nurse,6,6,0
2025-03-04,PHC_004,pharmacist,1,1,0
2025-03-04,PHC_005,doctor,2,2,0
2025-03-04,PHC_005,nurse,4,3,1
2025-03-04,PHC_005,pharmacist,1,0,1
2025-03-04,PHC_006,doctor,1,1,0
2025-03-04,PHC_006,nurse,9,6,3
2025-03-04,PHC_006,pharmacist,2,2,0
2025-03-04,PHC_007,doctor,2,2,0
2025-03-04,PHC_007,nurse,4,2,2
2025-03-04,PHC_007,pharmacist,1,1,0
2025-03-04,PHC_008,doctor,2,1,1
2025-03-04,PHC_008,nurse,3,2,1
2025-03-04,PHC_009,doctor,2,2,0
2025-03-04,PHC_009,nurse,8,8,0
2025-03-04,PHC_009,pharmacist,1,1,0
2025-03-04,PHC_010,doctor,3,3,0
2025-03-04,PHC_010,nurse,5,5,0
2025-03-04,PHC_010,pharmacist,1,1,0
2025-03-04,PHC_011,doctor,2,2,0
2025-03-04,PHC_011,nurse,6,5,1
2025-03-04,PHC_011,pharmacist,1,1,0
2025-03-04,PHC_012,doctor,2,1,1
2025-03-04,PHC_012,nurse,3,1,2
2025-03-04,PHC_012,pharmacist,2,1,1
2025-03-04,PHC_013,doctor,3,2,1
2025-03-04,PHC_013,nurse,5,5,0
2025-03-04,PHC_013,pharmacist,1,1,0
2025-03-04,PHC_014,doctor,3,1,2
2025-03-04,PHC_014,nurse,2,2,0
2025-03-04,PHC_014,pharmacist,1,1,0
2025-03-04,PHC_015,doctor,2,2,0
2025-03-04,PHC_015,nurse,7,6,1
2025-03-04,PHC_015,pharmacist,2,2,0
2025-03-05,PHC_001,doctor,3,3,0
2025-03-05,PHC_001,nurse,6,5,1
2025-03-05,PHC_001,pharmacist,1,1,0
2025-03-05,PHC_002,doctor,2,2,0
2025-03-05,PHC_002,nurse,8,8,0
2025-03-05,PHC_002,pharmacist,3,2,1
2025-03-05,PHC_003,doctor,3,2,1
2025-03-05,PHC_003,nurse,7,5,2
2025-03-05,PHC_003,pharmacist,2,2,0
2025-03-05,PHC_004,doctor,2,2,0
2025-03-05,PHC_004,nurse,4,4,0
2025-03-05,PHC_004,pharmacist,1,1,0
2025-03-05,PHC_005,doctor,2,2,0
2025-03-05,PHC_005,nurse,5,4,1
2025-03-05,PHC_006,doctor,2,2,0
2025-03-05,PHC_006,nurse,9,7,2
2025-03-05,PHC_006,pharmacist,2,0,2
2025-03-05,PHC_007,doctor,2,2,0
2025-03-05,PHC_007,nurse,2,2,0
2025-03-05,PHC_007,pharmacist,1,1,0
2025-03-05,PHC_008,doctor,2,2,0
2025-03-05,PHC_008,nurse,2,1,1
2025-03-05,PHC_008,pharmacist,1,1,0
2025-03-05,PHC_009,doctor,1,1,0
2025-03-05,PHC_009,nurse,7,4,3
2025-03-05,PHC_009,pharmacist,2,1,1
2025-03-05,PHC_010,doctor,3,3,0
2025-03-05,PHC_010,nurse,4,4,0
2025-03-05,PHC_010,pharmacist,1,0,1
2025-03-05,PHC_011,doctor,1,0,1
2025-03-05,PHC_011,nurse,5,5,0
2025-03-05,PHC_011,pharmacist,2,2,0
2025-03-05,PHC_012,doctor,2,1,1
2025-03-05,PHC_012,nurse,4,3,1
2025-03-05,PHC_012,pharmacist,2,2,0
2025-03-05,PHC_013,doctor,2,2,0
2025-03-05,PHC_013,nurse,5,4,1
2025-03-05,PHC_013,pharmacist,1,1,0
2025-03-05,PHC_014,doctor,2,1,1
2025-03-05,PHC_014,nurse,3,2,1
2025-03-05,PHC_014,pharmacist,1,0,1
2025-03-05,PHC_015,doctor,2,2,0
2025-03-05,PHC_015,nurse,7,5,2
2025-03-05,PHC_015,pharmacist,3,3,0
2025-03-06,PHC_001,doctor,3,2,1
2025-03-06,PHC_001,nurse,7,6,1
2025-03-06,PHC_001,pharmacist,1,1,0
2025-03-06,PHC_002,doctor,2,2,0
2025-03-06,PHC_002,nurse,7,7,0
2025-03-06,PHC_002,pharmacist,2,1,1
2025-03-06,PHC_003,doctor,3,3,0
2025-03-06,PHC_003,nurse,8,6,2
2025-03-06,PHC_003,pharmacist,1,0,1
2025-03-06,PHC_004,doctor,2,2,0
2025-03-06,PHC_004,nurse,6,3,3
2025-03-06,PHC_004,pharmacist,1,0,1
2025-03-06,PHC_005,doctor,2,2,0
2025-03-06,PHC_005,nurse,4,4,0
2025-03-06,PHC_005,pharmacist,1,1,0
2025-03-06,PHC_006,doctor,3,2,1
2025-03-06,PHC_006,nurse,8,5,3
2025-03-06,PHC_006,pharmacist,2,0,2
2025-03-06,PHC_007,doctor,2,2,0
2025-03-06,PHC_007,nurse,3,2,1
2025-03-06,PHC_007,pharmacist,1,1,0
2025-03-06,PHC_008,doctor,1,0,1
2025-03-06,PHC_008,nurse,4,3,1
2025-03-06,PHC_008,pharmacist,1,1,0
2025-03-06,PHC_009,doctor,2,2,0
2025-03-06,PHC_009,nurse,8,8,0
2025-03-06,PHC_009,pharmacist,3,2,1
2025-03-06,PHC_010,doctor,2,2,0
2025-03-06,PHC_010,nurse,3,3,0
2025-03-06,PHC_011,doctor,1,1,0
2025-03-06,PHC_011,nurse,7,6,1
2025-03-06,PHC_011,pharmacist,2,2,0
2025-03-06,PHC_012,doctor,2,2,0
2025-03-06,PHC_012,nurse,4,2,2
2025-03-06,PHC_012,pharmacist,2,0,2
2025-03-06,PHC_013,doctor,3,3,0
2025-03-06,PHC_013,nurse,4,3,1
2025-03-06,PHC_013,pharmacist,1,1,0
2025-03-06,PHC_014,doctor,3,2,1
2025-03-06,PHC_014,nurse,4,4,0
2025-03-06,PHC_014,pharmacist,1,1,0
2025-03-06,PHC_015,doctor,1,1,0
2025-03-06,PHC_015,nurse,8,6,2
2025-03-06,PHC_015,pharmacist,2,2,0
2025-03-07,PHC_001,doctor,3,3,0
2025-03-07,PHC_001,nurse,7,6,1
2025-03-07,PHC_001,pharmacist,1,1,0
2025-03-07,PHC_002,doctor,2,2,0
2025-03-07,PHC_002,nurse,6,5,1
2025-03-07,PHC_002,pharmacist,1,0,1
2025-03-07,PHC_003,doctor,1,1,0
2025-03-07,PHC_003,nurse,6,5,1
2025-03-07,PHC_003,pharmacist,2,2,0
2025-03-07,PHC_004,doctor,2,2,0
2025-03-07,PHC_004,nurse,5,4,1
2025-03-07,PHC_004,pharmacist,1,1,0
2025-03-07,PHC_005,doctor,2,2,0
2025-03-07,PHC_005,nurse,2,2,0
2025-03-07,PHC_005,pharmacist,1,1,0
2025-03-07,PHC_006,doctor,3,3,0
2025-03-07,PHC_006,nurse,6,4,2
2025-03-07,PHC_006,pharmacist,2,2,0
2025-03-07,PHC_007,doctor,1,1,0
2025-03-07,PHC_007,nurse,3,2,1
2025-03-07,PHC_007,pharmacist,1,1,0
2025-03-07,PHC_008,doctor,2,2,0
2025-03-07,PHC_008,nurse,4,3,1
2025-03-07,PHC_008,pharmacist,1,1,0
2025-03-07,PHC_009,doctor,2,1,1
2025-03-07,PHC_009,nurse,8,6,2
2025-03-07,PHC_009,pharmacist,2,1,1
2025-03-07,PHC_010,doctor,3,2,1
2025-03-07,PHC_010,nurse,5,4,1
2025-03-07,PHC_010,pharmacist,1,1,0
2025-03-07,PHC_011,doctor,3,3,0
2025-03-07,PHC_011,nurse,7,6,1
2025-03-07,PHC_011,pharmacist,2,2,0
2025-03-07,PHC_012,doctor,2,2,0
2025-03-07,PHC_012,nurse,3,3,0
2025-03-07,PHC_012,pharmacist,2,1,1
2025-03-07,PHC_013,nurse,5,4,1
2025-03-07,PHC_013,pharmacist,1,1,0
2025-03-07,PHC_014,doctor,3,3,0
2025-03-07,PHC_014,nurse,4,4,0
2025-03-07,PHC_014,pharmacist,2,2,0
2025-03-07,PHC_015,doctor,2,2,0
2025-03-07,PHC_015,nurse,9,6,3
2025-03-07,PHC_015,pharmacist,3,1,2
2025-03-08,PHC_001,doctor,2,1,1
2025-03-08,PHC_001,nurse,4,3,1
2025-03-08,PHC_001,pharmacist,1,1,0
2025-03-08,PHC_002,doctor,2,2,0
2025-03-08,PHC_002,nurse,8,6,2
2025-03-08,PHC_002,pharmacist,3,1,2
2025-03-08,PHC_003,doctor,3,3,0
2025-03-08,PHC_003,nurse,8,8,0
2025-03-08,PHC_003,pharmacist,2,0,2
2025-03-08,PHC_004,doctor,2,2,0
2025-03-08,PHC_004,nurse,4,2,2
2025-03-08,PHC_004,pharmacist,1,0,1
2025-03-08,PHC_005,doctor,1,1,0
2025-03-08,PHC_005,nurse,4,4,0
2025-03-08,PHC_005,pharmacist,1,1,0
2025-03-08,PHC_006,doctor,3,3,0
2025-03-08,PHC_006,nurse,10,7,3
2025-03-08,PHC_006,pharmacist,2,0,2
2025-03-08,PHC_007,doctor,2,1,1
2025-03-08,PHC_007,nurse,4,2,2
2025-03-08,PHC_007,pharmacist,1,1,0
2025-03-08,PHC_008,doctor,2,2,0
2025-03-08,PHC_008,nurse,4,3,1
2025-03-08,PHC_008,pharmacist,1,1,0
2025-03-08,PHC_009,doctor,2,2,0
2025-03-08,PHC_009,nurse,7,7,0
2025-03-08,PHC_009,pharmacist,2,2,0
2025-03-08,PHC_010,doctor,3,3,0
2025-03-08,PHC_010,nurse,2,2,0
2025-03-08,PHC_011,doctor,3,3,0
2025-03-08,PHC_011,nurse,7,4,3
2025-03-08,PHC_011,pharmacist,1,1,0
2025-03-08,PHC_012,doctor,2,1,1
2025-03-08,PHC_012,nurse,4,3,1
2025-03-08,PHC_013,doctor,3,1,2
2025-03-08,PHC_013,nurse,5,5,0
2025-03-08,PHC_013,pharmacist,1,1,0
2025-03-08,PHC_014,doctor,3,2,1
2025-03-08,PHC_014,nurse,5,5,0
2025-03-08,PHC_014,pharmacist,1,1,0
2025-03-08,PHC_015,doctor,2,2,0
2025-03-08,PHC_015,nurse,9,7,2
2025-03-08,PHC_015,pharmacist,3,2,1
2025-03-09,PHC_001,doctor,3,3,0
2025-03-09,PHC_001,nurse,6,3,3
2025-03-09,PHC_001,pharmacist,1,1,0
2025-03-09,PHC_002,doctor,1,1,0
2025-03-09,PHC_002,nurse,7,4,3
2025-03-09,PHC_002,pharmacist,2,1,1
2025-03-09,PHC_003,doctor,3,1,2
2025-03-09,PHC_003,nurse,9,4,5
2025-03-09,PHC_003,pharmacist,2,2,0
2025-03-09,PHC_004,doctor,2,2,0
2025-03-09,PHC_004,nurse,5,2,3
2025-03-09,PHC_004,pharmacist,1,1,0
2025-03-09,PHC_005,doctor,1,0,1
2025-03-09,PHC_005,nurse,5,3,2
2025-03-09,PHC_005,pharmacist,1,0,1
2025-03-09,PHC_006,doctor,3,1,2
2025-03-09,PHC_006,nurse,9,8,1
2025-03-09,PHC_007,doctor,2,2,0
2025-03-09,PHC_007,nurse,5,3,2
2025-03-09,PHC_007,pharmacist,1,1,0
2025-03-09,PHC_008,doctor,2,2,0
2025-03-09,PHC_008,nurse,4,3,1
2025-03-09,PHC_009,doctor,2,2,0
2025-03-09,PHC_009,nurse,8,7,1
2025-03-09,PHC_009,pharmacist,3,2,1
2025-03-09,PHC_010,doctor,3,2,1
2025-03-09,PHC_010,nurse,5,2,3
2025-03-09,PHC_011,doctor,2,1,1
2025-03-09,PHC_011,nurse,8,4,4
2025-03-09,PHC_011,pharmacist,2,1,1
2025-03-09,PHC_012,doctor,1,1,0
2025-03-09,PHC_012,nurse,3,3,0
2025-03-09,PHC_012,pharmacist,1,1,0
2025-03-09,PHC_013,doctor,2,2,0
2025-03-09,PHC_013,nurse,6,5,1
2025-03-09,PHC_013,pharmacist,1,1,0
2025-03-09,PHC_014,doctor,3,3,0
2025-03-09,PHC_014,nurse,5,4,1
2025-03-09,PHC_014,pharmacist,1,0,1
2025-03-09,PHC_015,doctor,1,1,0
2025-03-09,PHC_015,nurse,6,6,0
2025-03-09,PHC_015,pharmacist,3,3,0
2025-03-10,PHC_001,doctor,3,1,2
2025-03-10,PHC_001,nurse,5,5,0
2025-03-10,PHC_001,pharmacist,1,0,1
2025-03-10,PHC_002,doctor,2,1,1
2025-03-10,PHC_002,nurse,7,7,0
2025-03-10,PHC_002,pharmacist,3,1,2
2025-03-10,PHC_003,doctor,3,3,0
2025-03-10,PHC_003,nurse,8,8,0
2025-03-10,PHC_003,pharmacist,2,2,0
2025-03-10,PHC_004,doctor,1,1,0
2025-03-10,PHC_004,nurse,5,5,0
2025-03-10,PHC_004,pharmacist,1,1,0
2025-03-10,PHC_005,doctor,2,1,1
2025-03-10,PHC_005,nurse,6,4,2
2025-03-10,PHC_005,pharmacist,1,1,0
2025-03-10,PHC_006,doctor,3,2,1
2025-03-10,PHC_006,nurse,7,5,2
2025-03-10,PHC_006,pharmacist,2,1,1
2025-03-10,PHC_007,doctor,2,2,0
2025-03-10,PHC_007,nurse,5,3,2
2025-03-10,PHC_007,pharmacist,1,1,0
2025-03-10,PHC_008,doctor,2,2,0
2025-03-10,PHC_008,nurse,4,3,1
2025-03-10,PHC_008,pharmacist,1,1,0
2025-03-10,PHC_009,doctor,2,2,0
2025-03-10,PHC_009,nurse,4,3,1
2025-03-10,PHC_009,pharmacist,3,2,1
2025-03-10,PHC_010,doctor,2,1,1
2025-03-10,PHC_010,nurse,3,3,0
2025-03-10,PHC_010,pharmacist,1,0,1
2025-03-10,PHC_011,doctor,2,2,0
2025-03-10,PHC_011,nurse,7,7,0
2025-03-10,PHC_011,pharmacist,2,2,0
2025-03-10,PHC_012,doctor,1,1,0
2025-03-10,PHC_012,nurse,2,2,0
2025-03-10,PHC_012,pharmacist,2,1,1
2025-03-10,PHC_013,doctor,2,1,1
2025-03-10,PHC_013,nurse,6,5,1
2025-03-10,PHC_013,pharmacist,1,1,0
2025-03-10,PHC_014,doctor,2,1,1
2025-03-10,PHC_014,nurse,4,3,1
2025-03-10,PHC_014,pharmacist,2,2,0
2025-03-10,PHC_015,doctor,1,1,0
2025-03-10,PHC_015,nurse,7,6,1
2025-03-10,PHC_015,pharmacist,3,3,0
2025-03-11,PHC_001,doctor,3,3,0
2025-03-11,PHC_001,nurse,7,6,1
2025-03-11,PHC_001,pharmacist,1,1,0
2025-03-11,PHC_002,doctor,2,2,0
2025-03-11,PHC_002,nurse,7,6,1
2025-03-11,PHC_002,pharmacist,3,3,0
2025-03-11,PHC_003,doctor,3,3,0
2025-03-11,PHC_003,nurse,6,4,2
2025-03-11,PHC_003,pharmacist,2,2,0
2025-03-11,PHC_004,doctor,2,2,0
2025-03-11,PHC_004,nurse,6,4,2
2025-03-11,PHC_004,pharmacist,1,1,0
2025-03-11,PHC_005,doctor,1,0,1
2025-03-11,PHC_005,nurse,6,5,1
2025-03-11,PHC_005,pharmacist,1,1,0
2025-03-11,PHC_006,doctor,3,3,0
2025-03-11,PHC_006,nurse,9,7,2
2025-03-11,PHC_006,pharmacist,2,0,2
2025-03-11,PHC_007,doctor,2,1,1
2025-03-11,PHC_007,nurse,5,3,2
2025-03-11,PHC_007,pharmacist,1,1,0
2025-03-11,PHC_008,doctor,2,2,0
2025-03-11,PHC_008,nurse,4,3,1
2025-03-11,PHC_009,doctor,2,2,0
2025-03-11,PHC_009,nurse,7,7,0
2025-03-11,PHC_009,pharmacist,3,2,1
2025-03-11,PHC_010,doctor,2,2,0
2025-03-11,PHC_010,nurse,4,4,0
2025-03-11,PHC_010,pharmacist,1,1,0
2025-03-11,PHC_011,doctor,3,3,0
2025-03-11,PHC_011,nurse,5,3,2
2025-03-11,PHC_011,pharmacist,2,1,1
2025-03-11,PHC_012,doctor,2,1,1
2025-03-11,PHC_012,nurse,4,2,2
2025-03-11,PHC_012,pharmacist,2,1,1
2025-03-11,PHC_013,doctor,3,2,1
2025-03-11,PHC_013,nurse,4,4,0
2025-03-11,PHC_013,pharmacist,1,1,0
2025-03-11,PHC_014,doctor,2,2,0
2025-03-11,PHC_014,nurse,4,3,1
2025-03-11,PHC_014,pharmacist,2,2,0
2025-03-11,PHC_015,doctor,1,1,0
2025-03-11,PHC_015,nurse,8,8,0
2025-03-11,PHC_015,pharmacist,2,1,1
2025-03-12,PHC_001,doctor,3,3,0
2025-03-12,PHC_001,nurse,7,6,1
2025-03-12,PHC_002,doctor,1,1,0
2025-03-12,PHC_002,nurse,6,6,0
2025-03-12,PHC_002,pharmacist,3,1,2
2025-03-12,PHC_003,doctor,2,1,1
2025-03-12,PHC_003,nurse,9,8,1
2025-03-12,PHC_003,pharmacist,2,2,0
2025-03-12,PHC_004,doctor,2,2,0
2025-03-12,PHC_004,nurse,5,4,1
2025-03-12,PHC_004,pharmacist,1,1,0
2025-03-12,PHC_005,doctor,1,1,0
2025-03-12,PHC_005,nurse,4,4,0
2025-03-12,PHC_005,pharmacist,1,1,0
2025-03-12,PHC_006,doctor,3,2,1
2025-03-12,PHC_006,nurse,9,8,1
2025-03-12,PHC_006,pharmacist,1,1,0
2025-03-12,PHC_007,nurse,4,1,3
2025-03-12,PHC_007,pharmacist,1,1,0
2025-03-12,PHC_008,doctor,2,2,0
2025-03-12,PHC_008,nurse,4,2,2
2025-03-12,PHC_008,pharmacist,1,1,0
2025-03-12,PHC_009,nurse,6,6,0
2025-03-12,PHC_009,pharmacist,3,2,1
2025-03-12,PHC_010,doctor,3,3,0
2025-03-12,PHC_010,nurse,5,5,0
2025-03-12,PHC_010,pharmacist,1,1,0
2025-03-12,PHC_011,doctor,3,2,1
2025-03-12,PHC_011,nurse,7,6,1
2025-03-12,PHC_011,pharmacist,2,2,0
2025-03-12,PHC_012,doctor,1,1,0
2025-03-12,PHC_012,nurse,4,3,1
2025-03-12,PHC_012,pharmacist,2,2,0
2025-03-12,PHC_013,doctor,3,3,0
2025-03-12,PHC_013,nurse,6,6,0
2025-03-12,PHC_013,pharmacist,1,0,1
2025-03-12,PHC_014,doctor,3,1,2
2025-03-12,PHC_014,nurse,5,5,0
2025-03-12,PHC_014,pharmacist,1,1,0
2025-03-12,PHC_015,doctor,2,2,0
2025-03-12,PHC_015,nurse,8,5,3
2025-03-12,PHC_015,pharmacist,2,1,1
2025-03-13,PHC_001,doctor,3,2,1
2025-03-13,PHC_001,nurse,4,3,1
2025-03-13,PHC_002,doctor,2,2,0
2025-03-13,PHC_002,nurse,8,6,2
2025-03-13,PHC_002,pharmacist,3,2,1
2025-03-13,PHC_003,doctor,3,3,0
2025-03-13,PHC_003,nurse,7,6,1
2025-03-13,PHC_003,pharmacist,2,1,1
2025-03-13,PHC_004,doctor,1,1,0
2025-03-13,PHC_004,nurse,5,4,1
2025-03-13,PHC_004,pharmacist,1,1,0
2025-03-13,PHC_005,doctor,2,2,0
2025-03-13,PHC_005,nurse,5,2,3
2025-03-13,PHC_005,pharmacist,1,0,1
2025-03-13,PHC_006,doctor,3,2,1
2025-03-13,PHC_006,nurse,8,8,0
2025-03-13,PHC_006,pharmacist,1,1,0
2025-03-13,PHC_007,doctor,1,0,1
2025-03-13,PHC_007,nurse,5,4,1
2025-03-13,PHC_007,pharmacist,1,1,0
2025-03-13,PHC_008,doctor,2,2,0
2025-03-13,PHC_008,nurse,5,3,2
2025-03-13,PHC_008,pharmacist,1,1,0
2025-03-13,PHC_009,doctor,1,1,0
2025-03-13,PHC_009,nurse,7,7,0
2025-03-13,PHC_009,pharmacist,3,3,0
2025-03-13,PHC_010,doctor,2,2,0
2025-03-13,PHC_010,nurse,5,4,1
2025-03-13,PHC_010,pharmacist,1,1,0
2025-03-13,PHC_011,doctor,3,2,1
2025-03-13,PHC_011,nurse,7,5,2
2025-03-13,PHC_011,pharmacist,2,2,0
2025-03-13,PHC_012,doctor,2,1,1
2025-03-13,PHC_012,nurse,4,3,1
2025-03-13,PHC_012,pharmacist,1,1,0
2025-03-13,PHC_013,doctor,3,3,0
2025-03-13,PHC_013,nurse,5,5,0
2025-03-13,PHC_013,pharmacist,1,0,1
2025-03-13,PHC_014,doctor,2,1,1
2025-03-13,PHC_014,nurse,4,4,0
2025-03-13,PHC_014,pharmacist,1,1,0
2025-03-13,PHC_015,doctor,1,0,1
2025-03-13,PHC_015,nurse,9,7,2
2025-03-13,PHC_015,pharmacist,2,2,0
2025-03-14,PHC_001,doctor,2,2,0
2025-03-14,PHC_001,nurse,7,4,3
2025-03-14,PHC_001,pharmacist,1,1,0
2025-03-14,PHC_002,doctor,1,1,0
2025-03-14,PHC_002,nurse,9,7,2
2025-03-14,PHC_002,pharmacist,3,2,1
2025-03-14,PHC_003,doctor,1,0,1
2025-03-14,PHC_003,nurse,7,6,1
2025-03-14,PHC_003,pharmacist,1,1,0
2025-03-14,PHC_004,doctor,2,2,0
2025-03-14,PHC_004,nurse,5,4,1
2025-03-14,PHC_004,pharmacist,1,1,0
2025-03-14,PHC_005,doctor,2,1,1
2025-03-14,PHC_005,nurse,5,4,1
2025-03-14,PHC_005,pharmacist,1,1,0
2025-03-14,PHC_006,doctor,3,3,0
2025-03-14,PHC_006,nurse,9,8,1
2025-03-14,PHC_006,pharmacist,2,1,1
2025-03-14,PHC_007,doctor,2,2,0
2025-03-14,PHC_007,nurse,5,2,3
2025-03-14,PHC_007,pharmacist,1,1,0
2025-03-14,PHC_008,doctor,2,1,1
2025-03-14,PHC_008,nurse,5,4,1
2025-03-14,PHC_008,pharmacist,1,1,0
2025-03-14,PHC_009,doctor,1,1,0
2025-03-14,PHC_009,nurse,6,5,1
2025-03-14,PHC_009,pharmacist,3,2,1
2025-03-14,PHC_010,doctor,1,1,0
2025-03-14,PHC_010,nurse,5,4,1
2025-03-14,PHC_010,pharmacist,1,1,0
2025-03-14,PHC_011,doctor,3,2,1
2025-03-14,PHC_011,nurse,5,3,2
2025-03-14,PHC_011,pharmacist,2,1,1
2025-03-14,PHC_012,doctor,1,1,0
2025-03-14,PHC_012,nurse,4,2,2
2025-03-14,PHC_012,pharmacist,1,1,0
2025-03-14,PHC_013,doctor,3,3,0
2025-03-14,PHC_013,nurse,5,4,1
2025-03-14,PHC_013,pharmacist,1,1,0
2025-03-14,PHC_014,doctor,3,3,0
2025-03-14,PHC_014,nurse,3,3,0
2025-03-14,PHC_014,pharmacist,2,2,0
2025-03-14,PHC_015,doctor,2,2,0
2025-03-14,PHC_015,nurse,7,6,1
2025-03-14,PHC_015,pharmacist,3,3,0
2025-03-15,PHC_001,doctor,2,0,2
2025-03-15,PHC_001,nurse,7,5,2
2025-03-15,PHC_001,pharmacist,1,1,0
2025-03-15,PHC_002,doctor,2,2,0
2025-03-15,PHC_002,nurse,8,6,2
2025-03-15,PHC_002,pharmacist,3,3,0
2025-03-15,PHC_003,doctor,3,2,1
2025-03-15,PHC_003,nurse,6,3,3
2025-03-15,PHC_003,pharmacist,1,1,0
2025-03-15,PHC_004,doctor,2,2,0
2025-03-15,PHC_004,nurse,5,4,1
2025-03-15,PHC_004,pharmacist,1,1,0
2025-03-15,PHC_005,doctor,2,2,0
2025-03-15,PHC_005,nurse,5,4,1
2025-03-15,PHC_005,pharmacist,1,0,1
2025-03-15,PHC_006,doctor,2,0,2
2025-03-15,PHC_006,nurse,7,7,0
2025-03-15,PHC_006,pharmacist,2,2,0
2025-03-15,PHC_007,doctor,2,2,0
2025-03-15,PHC_007,nurse,4,2,2
2025-03-15,PHC_007,pharmacist,1,1,0
2025-03-15,PHC_008,doctor,2,2,0
2025-03-15,PHC_008,nurse,5,5,0
2025-03-15,PHC_008,pharmacist,1,1,0
2025-03-15,PHC_009,doctor,2,2,0
2025-03-15,PHC_009,nurse,7,6,1
2025-03-15,PHC_009,pharmacist,3,0,3
2025-03-15,PHC_010,doctor,2,1,1
2025-03-15,PHC_010,nurse,4,3,1
2025-03-15,PHC_010,pharmacist,1,0,1
2025-03-15,PHC_011,doctor,3,2,1
2025-03-15,PHC_011,nurse,5,5,0
2025-03-15,PHC_011,pharmacist,1,0,1
2025-03-15,PHC_012,nurse,4,4,0
2025-03-15,PHC_012,pharmacist,2,2,0
2025-03-15,PHC_013,doctor,3,3,0
2025-03-15,PHC_013,nurse,6,3,3
2025-03-15,PHC_013,pharmacist,1,1,0
2025-03-15,PHC_014,doctor,3,1,2
2025-03-15,PHC_014,nurse,5,5,0
2025-03-15,PHC_014,pharmacist,2,2,0
2025-03-15,PHC_015,doctor,1,1,0
2025-03-15,PHC_015,nurse,8,6,2
2025-03-15,PHC_015,pharmacist,3,3,0
2025-03-16,PHC_001,doctor,1,1,0
2025-03-16,PHC_001,nurse,6,5,1
2025-03-16,PHC_001,pharmacist,1,0,1
2025-03-16,PHC_002,doctor,2,2,0
2025-03-16,PHC_002,nurse,8,4,4
2025-03-16,PHC_002,pharmacist,2,1,1
2025-03-16,PHC_003,doctor,3,2,1
2025-03-16,PHC_003,nurse,7,5,2
2025-03-16,PHC_003,pharmacist,2,2,0
2025-03-16,PHC_004,doctor,2,2,0
2025-03-16,PHC_004,nurse,6,4,2
2025-03-16,PHC_004,pharmacist,1,0,1
2025-03-16,PHC_005,doctor,2,1,1
2025-03-16,PHC_005,nurse,4,0,4
2025-03-16,PHC_005,pharmacist,1,1,0
2025-03-16,PHC_006,doctor,3,2,1
2025-03-16,PHC_006,nurse,8,8,0
2025-03-16,PHC_006,pharmacist,1,1,0
2025-03-16,PHC_007,doctor,2,1,1
2025-03-16,PHC_007,nurse,5,3,2
2025-03-16,PHC_007,pharmacist,1,0,1
2025-03-16,PHC_008,doctor,1,1,0
2025-03-16,PHC_008,nurse,5,3,2
2025-03-16,PHC_008,pharmacist,1,0,1
2025-03-16,PHC_009,doctor,2,0,2
2025-03-16,PHC_009,nurse,7,7,0
2025-03-16,PHC_009,pharmacist,3,2,1
2025-03-16,PHC_010,doctor,3,3,0
2025-03-16,PHC_010,nurse,4,3,1
2025-03-16,PHC_010,pharmacist,1,1,0
2025-03-16,PHC_011,doctor,3,2,1
2025-03-16,PHC_011,nurse,7,4,3
2025-03-16,PHC_011,pharmacist,2,1,1
2025-03-16,PHC_012,doctor,1,1,0
2025-03-16,PHC_012,nurse,4,2,2
2025-03-16,PHC_012,pharmacist,2,1,1
2025-03-16,PHC_013,doctor,3,2,1
2025-03-16,PHC_013,nurse,5,4,1
2025-03-16,PHC_013,pharmacist,1,1,0
2025-03-16,PHC_014,doctor,1,1,0
2025-03-16,PHC_014,nurse,3,3,0
2025-03-16,PHC_014,pharmacist,1,1,0
2025-03-16,PHC_015,doctor,1,1,0
2025-03-16,PHC_015,nurse,7,5,2
2025-03-16,PHC_015,pharmacist,2,1,1
2025-03-17,PHC_001,doctor,3,2,1
2025-03-17,PHC_001,nurse,6,6,0
2025-03-17,PHC_001,pharmacist,1,1,0
2025-03-17,PHC_002,doctor,2,2,0
2025-03-17,PHC_002,nurse,6,4,2
2025-03-17,PHC_002,pharmacist,3,0,3
2025-03-17,PHC_003,doctor,3,3,0
2025-03-17,PHC_003,nurse,7,5,2
2025-03-17,PHC_003,pharmacist,2,2,0
2025-03-17,PHC_004,nurse,5,4,1
2025-03-17,PHC_004,pharmacist,1,1,0
2025-03-17,PHC_005,nurse,5,4,1
2025-03-17,PHC_005,pharmacist,1,0,1
2025-03-17,PHC_006,doctor,2,1,1
2025-03-17,PHC_006,nurse,8,7,1
2025-03-17,PHC_006,pharmacist,1,1,0
2025-03-17,PHC_007,doctor,2,1,1
2025-03-17,PHC_007,nurse,3,3,0
2025-03-17,PHC_007,pharmacist,1,1,0
2025-03-17,PHC_008,doctor,2,2,0
2025-03-17,PHC_008,nurse,2,1,1
2025-03-17,PHC_008,pharmacist,1,1,0
2025-03-17,PHC_009,doctor,2,2,0
2025-03-17,PHC_009,nurse,5,4,1
2025-03-17,PHC_009,pharmacist,3,2,1
2025-03-17,PHC_010,doctor,3,3,0
2025-03-17,PHC_010,nurse,5,4,1
2025-03-17,PHC_010,pharmacist,1,1,0
2025-03-17,PHC_011,doctor,3,0,3
2025-03-17,PHC_011,nurse,7,5,2
2025-03-17,PHC_011,pharmacist,1,0,1
2025-03-17,PHC_012,doctor,2,2,0
2025-03-17,PHC_012,nurse,4,4,0
2025-03-17,PHC_012,pharmacist,2,2,0
2025-03-17,PHC_013,doctor,3,3,0
2025-03-17,PHC_013,nurse,4,4,0
2025-03-17,PHC_014,doctor,3,3,0
2025-03-17,PHC_014,nurse,4,4,0
2025-03-17,PHC_014,pharmacist,2,2,0
2025-03-17,PHC_015,doctor,2,2,0
2025-03-17,PHC_015,nurse,9,8,1
2025-03-17,PHC_015,pharmacist,2,1,1
2025-03-18,PHC_001,doctor,3,3,0
2025-03-18,PHC_001,nurse,7,6,1
2025-03-18,PHC_001,pharmacist,1,0,1
2025-03-18,PHC_002,doctor,2,0,2
2025-03-18,PHC_002,nurse,8,7,1
2025-03-18,PHC_002,pharmacist,1,0,1
2025-03-18,PHC_003,doctor,3,3,0
2025-03-18,PHC_003,nurse,9,8,1
2025-03-18,PHC_003,pharmacist,2,1,1
2025-03-18,PHC_004,doctor,2,2,0
2025-03-18,PHC_004,nurse,5,5,0
2025-03-18,PHC_004,pharmacist,1,1,0
2025-03-18,PHC_005,doctor,2,2,0
2025-03-18,PHC_005,nurse,4,3,1
2025-03-18,PHC_005,pharmacist,1,1,0
2025-03-18,PHC_006,doctor,3,3,0
2025-03-18,PHC_006,nurse,9,8,1
2025-03-18,PHC_006,pharmacist,1,0,1
2025-03-18,PHC_007,doctor,2,2,0
2025-03-18,PHC_007,nurse,4,1,3
2025-03-18,PHC_007,pharmacist,1,1,0
2025-03-18,PHC_008,doctor,2,2,0
2025-03-18,PHC_008,nurse,5,3,2
2025-03-18,PHC_009,doctor,2,1,1
2025-03-18,PHC_009,nurse,7,7,0
2025-03-18,PHC_009,pharmacist,2,2,0
2025-03-18,PHC_010,doctor,2,2,0
2025-03-18,PHC_010,nurse,5,5,0
2025-03-18,PHC_011,doctor,2,1,1
2025-03-18,PHC_011,nurse,7,5,2
2025-03-18,PHC_011,pharmacist,2,2,0
2025-03-18,PHC_012,doctor,1,1,0
2025-03-18,PHC_012,nurse,3,3,0
2025-03-18,PHC_012,pharmacist,2,2,0
2025-03-18,PHC_013,doctor,3,3,0
2025-03-18,PHC_013,nurse,4,4,0
2025-03-18,PHC_013,pharmacist,1,1,0
2025-03-18,PHC_014,doctor,1,1,0
2025-03-18,PHC_014,nurse,5,5,0
2025-03-18,PHC_014,pharmacist,2,2,0
2025-03-18,PHC_015,doctor,2,0,2
2025-03-18,PHC_015,nurse,8,5,3
2025-03-18,PHC_015,pharmacist,2,1,1
2025-03-19,PHC_001,doctor,3,3,0
2025-03-19,PHC_001,nurse,7,4,3
2025-03-19,PHC_002,doctor,2,1,1
2025-03-19,PHC_002,nurse,7,5,2
2025-03-19,PHC_002,pharmacist,3,2,1
2025-03-19,PHC_003,doctor,3,3,0
2025-03-19,PHC_003,nurse,6,5,1
2025-03-19,PHC_003,pharmacist,2,2,0
2025-03-19,PHC_004,doctor,2,1,1
2025-03-19,PHC_004,nurse,4,3,1
2025-03-19,PHC_004,pharmacist,1,1,0
2025-03-19,PHC_005,doctor,1,1,0
2025-03-19,PHC_005,nurse,6,5,1
2025-03-19,PHC_005,pharmacist,1,1,0
2025-03-19,PHC_006,doctor,3,3,0
2025-03-19,PHC_006,nurse,9,8,1
2025-03-19,PHC_006,pharmacist,2,0,2
2025-03-19,PHC_007,doctor,2,1,1
2025-03-19,PHC_007,nurse,4,2,2
2025-03-19,PHC_007,pharmacist,1,1,0
2025-03-19,PHC_008,doctor,2,2,0
2025-03-19,PHC_008,nurse,4,3,1
2025-03-19,PHC_008,pharmacist,1,1,0
2025-03-19,PHC_009,doctor,2,1,1
2025-03-19,PHC_009,nurse,8,6,2
2025-03-19,PHC_009,pharmacist,3,3,0
2025-03-19,PHC_010,doctor,3,3,0
2025-03-19,PHC_010,nurse,5,4,1
2025-03-19,PHC_010,pharmacist,1,1,0
2025-03-19,PHC_011,doctor,2,2,0
2025-03-19,PHC_011,nurse,8,4,4
2025-03-19,PHC_011,pharmacist,2,1,1
2025-03-19,PHC_012,doctor,2,2,0
2025-03-19,PHC_012,nurse,4,2,2
2025-03-19,PHC_012,pharmacist,2,2,0
2025-03-19,PHC_013,doctor,2,2,0
2025-03-19,PHC_013,nurse,3,3,0
2025-03-19,PHC_013,pharmacist,1,1,0
2025-03-19,PHC_014,doctor,2,1,1
2025-03-19,PHC_014,nurse,4,4,0
2025-03-19,PHC_014,pharmacist,2,2,0
2025-03-19,PHC_015,doctor,1,1,0
2025-03-19,PHC_015,nurse,6,4,2
2025-03-19,PHC_015,pharmacist,2,2,0
2025-03-20,PHC_001,doctor,3,3,0
2025-03-20,PHC_001,nurse,5,4,1
2025-03-20,PHC_001,pharmacist,1,1,0
2025-03-20,PHC_002,doctor,2,1,1
2025-03-20,PHC_002,nurse,8,6,2
2025-03-20,PHC_002,pharmacist,3,1,2
2025-03-20,PHC_003,doctor,2,2,0
2025-03-20,PHC_003,nurse,8,7,1
2025-03-20,PHC_003,pharmacist,1,1,0
2025-03-20,PHC_004,doctor,2,2,0
2025-03-20,PHC_004,nurse,5,2,3
2025-03-20,PHC_004,pharmacist,1,0,1
2025-03-20,PHC_005,doctor,2,1,1
2025-03-20,PHC_005,nurse,6,3,3
2025-03-20,PHC_005,pharmacist,1,1,0
2025-03-20,PHC_006,doctor,2,1,1
2025-03-20,PHC_006,nurse,9,8,1
2025-03-20,PHC_006,pharmacist,1,1,0
2025-03-20,PHC_007,doctor,1,1,0
2025-03-20,PHC_007,nurse,5,3,2
2025-03-20,PHC_007,pharmacist,1,1,0
2025-03-20,PHC_008,doctor,2,1,1
2025-03-20,PHC_008,nurse,5,2,3
2025-03-20,PHC_008,pharmacist,1,0,1
2025-03-20,PHC_009,doctor,2,1,1
2025-03-20,PHC_009,nurse,7,5,2
2025-03-20,PHC_009,pharmacist,2,2,0
2025-03-20,PHC_010,doctor,3,2,1
2025-03-20,PHC_010,nurse,4,4,0
2025-03-20,PHC_010,pharmacist,1,1,0
2025-03-20,PHC_011,doctor,3,0,3
2025-03-20,PHC_011,nurse,6,5,1
2025-03-20,PHC_011,pharmacist,2,1,1
2025-03-20,PHC_012,doctor,2,2,0
2025-03-20,PHC_012,nurse,4,4,0
2025-03-20,PHC_012,pharmacist,1,1,0
2025-03-20,PHC_013,doctor,2,2,0
2025-03-20,PHC_013,nurse,5,4,1
2025-03-20,PHC_014,doctor,3,1,2
2025-03-20,PHC_014,nurse,4,3,1
2025-03-20,PHC_014,pharmacist,1,1,0
2025-03-20,PHC_015,doctor,2,2,0
2025-03-20,PHC_015,nurse,8,6,2
2025-03-20,PHC_015,pharmacist,3,3,0
2025-03-21,PHC_001,doctor,2,2,0
2025-03-21,PHC_001,nurse,6,4,2
2025-03-21,PHC_001,pharmacist,1,1,0
2025-03-21,PHC_002,nurse,7,5,2
2025-03-21,PHC_002,pharmacist,3,3,0
2025-03-21,PHC_003,doctor,3,2,1
2025-03-21,PHC_003,nurse,8,6,2
2025-03-21,PHC_003,pharmacist,2,2,0
2025-03-21,PHC_004,doctor,2,1,1
2025-03-21,PHC_004,nurse,4,3,1
2025-03-21,PHC_004,pharmacist,1,1,0
2025-03-21,PHC_005,doctor,2,2,0
2025-03-21,PHC_005,nurse,5,4,1
2025-03-21,PHC_006,doctor,3,2,1
2025-03-21,PHC_006,nurse,10,6,4
2025-03-21,PHC_006,pharmacist,2,1,1
2025-03-21,PHC_007,doctor,2,2,0
2025-03-21,PHC_007,nurse,4,1,3
2025-03-21,PHC_007,pharmacist,1,0,1
2025-03-21,PHC_008,doctor,2,2,0
2025-03-21,PHC_008,nurse,4,3,1
2025-03-21,PHC_008,pharmacist,1,1,0
2025-03-21,PHC_009,doctor,1,1,0
2025-03-21,PHC_009,nurse,7,6,1
2025-03-21,PHC_009,pharmacist,3,2,1
2025-03-21,PHC_010,doctor,3,3,0
2025-03-21,PHC_010,nurse,4,2,2
2025-03-21,PHC_010,pharmacist,1,1,0
2025-03-21,PHC_011,doctor,3,3,0
2025-03-21,PHC_011,nurse,8,7,1
2025-03-21,PHC_011,pharmacist,2,2,0
2025-03-21,PHC_012,doctor,2,1,1
2025-03-21,PHC_012,nurse,4,3,1
2025-03-21,PHC_012,pharmacist,2,2,0
2025-03-21,PHC_013,doctor,3,2,1
2025-03-21,PHC_013,nurse,5,3,2
2025-03-21,PHC_013,pharmacist,1,1,0
2025-03-21,PHC_014,doctor,2,0,2
2025-03-21,PHC_014,nurse,4,4,0
2025-03-21,PHC_014,pharmacist,1,1,0
2025-03-21,PHC_015,doctor,2,2,0
2025-03-21,PHC_015,nurse,7,4,3
2025-03-21,PHC_015,pharmacist,2,2,0
2025-03-22,PHC_001,doctor,2,2,0
2025-03-22,PHC_001,nurse,7,7,0
2025-03-22,PHC_001,pharmacist,1,1,0
2025-03-22,PHC_002,doctor,2,2,0
2025-03-22,PHC_002,nurse,8,6,2
2025-03-22,PHC_002,pharmacist,2,0,2
2025-03-22,PHC_003,doctor,2,2,0
2025-03-22,PHC_003,nurse,8,6,2
2025-03-22,PHC_003,pharmacist,2,1,1
2025-03-22,PHC_004,doctor,2,2,0
2025-03-22,PHC_004,nurse,3,3,0
2025-03-22,PHC_004,pharmacist,1,1,0
2025-03-22,PHC_005,doctor,2,1,1
2025-03-22,PHC_005,nurse,5,2,3
2025-03-22,PHC_005,pharmacist,1,1,0
2025-03-22,PHC_006,doctor,3,3,0
2025-03-22,PHC_006,nurse,7,6,1
2025-03-22,PHC_006,pharmacist,2,2,0
2025-03-22,PHC_007,doctor,2,2,0
2025-03-22,PHC_007,nurse,4,4,0
2025-03-22,PHC_007,pharmacist,1,0,1
2025-03-22,PHC_008,doctor,1,0,1
2025-03-22,PHC_008,nurse,4,4,0
2025-03-22,PHC_008,pharmacist,1,1,0
2025-03-22,PHC_009,doctor,2,2,0
2025-03-22,PHC_009,nurse,7,6,1
2025-03-22,PHC_009,pharmacist,3,3,0
2025-03-22,PHC_010,doctor,2,2,0
2025-03-22,PHC_010,nurse,3,2,1
2025-03-22,PHC_011,doctor,3,1,2
2025-03-22,PHC_011,nurse,5,3,2
2025-03-22,PHC_011,pharmacist,2,0,2
2025-03-22,PHC_012,doctor,1,1,0
2025-03-22,PHC_012,nurse,4,4,0
2025-03-22,PHC_012,pharmacist,1,1,0
2025-03-22,PHC_013,doctor,2,2,0
2025-03-22,PHC_013,nurse,5,4,1
2025-03-22,PHC_013,pharmacist,1,1,0
2025-03-22,PHC_014,doctor,3,3,0
2025-03-22,PHC_014,nurse,3,2,1
2025-03-22,PHC_015,doctor,2,2,0
2025-03-22,PHC_015,nurse,8,5,3
2025-03-22,PHC_015,pharmacist,2,0,2
2025-03-23,PHC_001,doctor,3,3,0
2025-03-23,PHC_001,nurse,6,4,2
2025-03-23,PHC_001,pharmacist,1,1,0
2025-03-23,PHC_002,doctor,2,1,1
2025-03-23,PHC_002,nurse,4,3,1
2025-03-23,PHC_002,pharmacist,3,1,2
2025-03-23,PHC_003,doctor,3,3,0
2025-03-23,PHC_003,nurse,9,5,4
2025-03-23,PHC_003,pharmacist,2,1,1
2025-03-23,PHC_004,doctor,2,2,0
2025-03-23,PHC_004,nurse,3,2,1
2025-03-23,PHC_004,pharmacist,1,1,0
2025-03-23,PHC_005,doctor,2,1,1
2025-03-23,PHC_005,nurse,4,1,3
2025-03-23,PHC_005,pharmacist,1,1,0
2025-03-23,PHC_006,doctor,3,3,0
2025-03-23,PHC_006,nurse,7,6,1
2025-03-23,PHC_006,pharmacist,2,0,2
2025-03-23,PHC_007,doctor,2,0,2
2025-03-23,PHC_007,nurse,4,3,1
2025-03-23,PHC_007,pharmacist,1,0,1
2025-03-23,PHC_008,doctor,2,2,0
2025-03-23,PHC_008,nurse,3,0,3
2025-03-23,PHC_008,pharmacist,1,1,0
2025-03-23,PHC_009,doctor,2,2,0
2025-03-23,PHC_009,nurse,7,7,0
2025-03-23,PHC_009,pharmacist,3,2,1
2025-03-23,PHC_010,doctor,3,3,0
2025-03-23,PHC_010,nurse,5,4,1
2025-03-23,PHC_010,pharmacist,1,1,0
2025-03-23,PHC_011,doctor,3,2,1
2025-03-23,PHC_011,nurse,7,4,3
2025-03-23,PHC_011,pharmacist,2,1,1
2025-03-23,PHC_012,doctor,2,2,0
2025-03-23,PHC_012,nurse,4,4,0
2025-03-23,PHC_012,pharmacist,1,1,0
2025-03-23,PHC_013,nurse,5,5,0
2025-03-23,PHC_013,pharmacist,1,0,1
2025-03-23,PHC_014,doctor,3,2,1
2025-03-23,PHC_014,nurse,4,3,1
2025-03-23,PHC_014,pharmacist,2,2,0
2025-03-23,PHC_015,doctor,2,2,0
2025-03-23,PHC_015,nurse,7,5,2
2025-03-23,PHC_015,pharmacist,3,3,0
2025-03-24,PHC_001,doctor,2,1,1
2025-03-24,PHC_001,nurse,7,5,2
2025-03-24,PHC_001,pharmacist,1,0,1
2025-03-24,PHC_002,doctor,2,2,0
2025-03-24,PHC_002,nurse,8,8,0
2025-03-24,PHC_002,pharmacist,2,2,0
2025-03-24,PHC_003,doctor,3,3,0
2025-03-24,PHC_003,nurse,8,7,1
2025-03-24,PHC_003,pharmacist,2,1,1
2025-03-24,PHC_004,doctor,1,0,1
2025-03-24,PHC_004,nurse,5,3,2
2025-03-24,PHC_004,pharmacist,1,1,0
2025-03-24,PHC_005,doctor,2,1,1
2025-03-24,PHC_005,nurse,5,3,2
2025-03-24,PHC_006,doctor,2,2,0
2025-03-24,PHC_006,nurse,7,5,2
2025-03-24,PHC_006,pharmacist,1,0,1
2025-03-24,PHC_007,doctor,2,1,1
2025-03-24,PHC_007,nurse,4,3,1
2025-03-24,PHC_007,pharmacist,1,0,1
2025-03-24,PHC_008,doctor,1,1,0
2025-03-24,PHC_008,nurse,4,4,0
2025-03-24,PHC_009,doctor,2,2,0
2025-03-24,PHC_009,nurse,7,7,0
2025-03-24,PHC_009,pharmacist,2,1,1
2025-03-24,PHC_010,doctor,3,2,1
2025-03-24,PHC_010,nurse,4,3,1
2025-03-24,PHC_010,pharmacist,1,1,0
2025-03-24,PHC_011,doctor,3,2,1
2025-03-24,PHC_011,nurse,6,5,1
2025-03-24,PHC_011,pharmacist,2,2,0
2025-03-24,PHC_012,doctor,2,2,0
2025-03-24,PHC_012,nurse,4,3,1
2025-03-24,PHC_012,pharmacist,2,1,1
2025-03-24,PHC_013,doctor,2,1,1
2025-03-24,PHC_013,nurse,5,5,0
2025-03-24,PHC_013,pharmacist,1,1,0
2025-03-24,PHC_014,doctor,3,3,0
2025-03-24,PHC_014,nurse,2,2,0
2025-03-24,PHC_014,pharmacist,2,2,0
2025-03-24,PHC_015,doctor,2,2,0
2025-03-24,PHC_015,nurse,9,8,1
2025-03-24,PHC_015,pharmacist,2,1,1
2025-03-25,PHC_001,doctor,3,3,0
2025-03-25,PHC_001,nurse,6,4,2
2025-03-25,PHC_002,doctor,2,1,1
2025-03-25,PHC_002,nurse,9,8,1
2025-03-25,PHC_002,pharmacist,3,2,1
2025-03-25,PHC_003,doctor,3,1,2
2025-03-25,PHC_003,nurse,9,8,1
2025-03-25,PHC_003,pharmacist,2,1,1
2025-03-25,PHC_004,doctor,2,2,0
2025-03-25,PHC_004,nurse,5,5,0
2025-03-25,PHC_004,pharmacist,1,1,0
2025-03-25,PHC_005,doctor,2,1,1
2025-03-25,PHC_005,nurse,6,2,4
2025-03-25,PHC_005,pharmacist,1,1,0
2025-03-25,PHC_006,doctor,2,1,1
2025-03-25,PHC_006,nurse,7,5,2
2025-03-25,PHC_006,pharmacist,2,1,1
2025-03-25,PHC_007,doctor,2,2,0
2025-03-25,PHC_007,nurse,5,5,0
2025-03-25,PHC_007,pharmacist,1,1,0
2025-03-25,PHC_008,doctor,2,2,0
2025-03-25,PHC_008,nurse,5,3,2
2025-03-25,PHC_008,pharmacist,1,1,0
2025-03-25,PHC_009,doctor,1,1,0
2025-03-25,PHC_009,nurse,7,6,1
2025-03-25,PHC_009,pharmacist,2,2,0
2025-03-25,PHC_010,doctor,3,2,1
2025-03-25,PHC_010,nurse,5,5,0
2025-03-25,PHC_010,pharmacist,1,1,0
2025-03-25,PHC_011,doctor,2,1,1
2025-03-25,PHC_011,nurse,6,5,1
2025-03-25,PHC_011,pharmacist,1,1,0
2025-03-25,PHC_012,doctor,1,1,0
2025-03-25,PHC_012,nurse,3,2,1
2025-03-25,PHC_012,pharmacist,1,1,0
2025-03-25,PHC_013,doctor,2,2,0
2025-03-25,PHC_013,nurse,6,3,3
2025-03-25,PHC_013,pharmacist,1,1,0
2025-03-25,PHC_014,doctor,3,3,0
2025-03-25,PHC_014,nurse,5,2,3
2025-03-25,PHC_014,pharmacist,2,1,1
2025-03-25,PHC_015,doctor,2,2,0
2025-03-25,PHC_015,nurse,7,5,2
2025-03-25,PHC_015,pharmacist,3,3,0
2025-03-26,PHC_001,doctor,2,2,0
2025-03-26,PHC_001,nurse,7,6,1
2025-03-26,PHC_001,pharmacist,1,1,0
2025-03-26,PHC_002,doctor,2,1,1
2025-03-26,PHC_002,nurse,8,7,1
2025-03-26,PHC_002,pharmacist,2,1,1
2025-03-26,PHC_003,doctor,3,2,1
2025-03-26,PHC_003,nurse,7,5,2
2025-03-26,PHC_003,pharmacist,1,1,0
2025-03-26,PHC_004,doctor,2,2,0
2025-03-26,PHC_004,nurse,6,4,2
2025-03-26,PHC_004,pharmacist,1,0,1
2025-03-26,PHC_005,doctor,2,2,0
2025-03-26,PHC_005,nurse,6,5,1
2025-03-26,PHC_005,pharmacist,1,1,0
2025-03-26,PHC_006,doctor,1,1,0
2025-03-26,PHC_006,nurse,10,8,2
2025-03-26,PHC_006,pharmacist,2,0,2
2025-03-26,PHC_007,doctor,1,0,1
2025-03-26,PHC_007,nurse,3,2,1
2025-03-26,PHC_007,pharmacist,1,1,0
2025-03-26,PHC_008,doctor,2,2,0
2025-03-26,PHC_008,nurse,5,5,0
2025-03-26,PHC_008,pharmacist,1,1,0
2025-03-26,PHC_009,doctor,1,1,0
2025-03-26,PHC_009,nurse,8,8,0
2025-03-26,PHC_009,pharmacist,2,1,1
2025-03-26,PHC_010,doctor,3,2,1
2025-03-26,PHC_010,nurse,5,5,0
2025-03-26,PHC_011,doctor,3,2,1
2025-03-26,PHC_011,nurse,6,5,1
2025-03-26,PHC_011,pharmacist,2,2,0
2025-03-26,PHC_012,doctor,2,1,1
2025-03-26,PHC_012,nurse,3,2,1
2025-03-26,PHC_012,pharmacist,1,1,0
2025-03-26,PHC_013,doctor,3,3,0
2025-03-26,PHC_013,nurse,5,2,3
2025-03-26,PHC_013,pharmacist,1,1,0
2025-03-26,PHC_014,doctor,3,2,1
2025-03-26,PHC_014,nurse,4,4,0
2025-03-26,PHC_014,pharmacist,2,2,0
2025-03-26,PHC_015,doctor,1,0,1
2025-03-26,PHC_015,nurse,8,7,1
2025-03-26,PHC_015,pharmacist,2,2,0
2025-03-27,PHC_001,doctor,3,1,2
2025-03-27,PHC_001,nurse,5,3,2
2025-03-27,PHC_001,pharmacist,1,1,0
2025-03-27,PHC_002,doctor,1,1,0
2025-03-27,PHC_002,nurse,6,6,0
2025-03-27,PHC_002,pharmacist,3,0,3
2025-03-27,PHC_003,doctor,3,3,0
2025-03-27,PHC_003,nurse,6,6,0
2025-03-27,PHC_003,pharmacist,2,1,1
2025-03-27,PHC_004,doctor,1,1,0
2025-03-27,PHC_004,nurse,6,4,2
2025-03-27,PHC_004,pharmacist,1,0,1
2025-03-27,PHC_005,doctor,2,1,1
2025-03-27,PHC_005,nurse,5,4,1
2025-03-27,PHC_005,pharmacist,1,1,0
2025-03-27,PHC_006,doctor,2,1,1
2025-03-27,PHC_006,nurse,9,4,5
2025-03-27,PHC_006,pharmacist,1,0,1
2025-03-27,PHC_007,doctor,1,0,1
2025-03-27,PHC_007,nurse,5,2,3
2025-03-27,PHC_007,pharmacist,1,1,0
2025-03-27,PHC_008,doctor,2,2,0
2025-03-27,PHC_008,nurse,5,3,2
2025-03-27,PHC_008,pharmacist,1,1,0
2025-03-27,PHC_009,doctor,2,2,0
2025-03-27,PHC_009,nurse,8,6,2
2025-03-27,PHC_009,pharmacist,3,2,1
2025-03-27,PHC_010,doctor,2,2,0
2025-03-27,PHC_010,nurse,4,2,2
2025-03-27,PHC_010,pharmacist,1,1,0
2025-03-27,PHC_011,doctor,2,2,0
2025-03-27,PHC_011,nurse,6,6,0
2025-03-27,PHC_011,pharmacist,2,2,0
2025-03-27,PHC_012,doctor,2,2,0
2025-03-27,PHC_012,nurse,3,2,1
2025-03-27,PHC_012,pharmacist,2,2,0
2025-03-27,PHC_013,doctor,1,1,0
2025-03-27,PHC_013,nurse,6,4,2
2025-03-27,PHC_014,doctor,1,1,0
2025-03-27,PHC_014,nurse,5,5,0
2025-03-27,PHC_014,pharmacist,2,1,1
2025-03-27,PHC_015,doctor,2,2,0
2025-03-27,PHC_015,nurse,7,4,3
2025-03-27,PHC_015,pharmacist,3,2,1
2025-03-28,PHC_001,doctor,3,1,2
2025-03-28,PHC_001,nurse,5,5,0
2025-03-28,PHC_001,pharmacist,1,0,1
2025-03-28,PHC_002,doctor,2,2,0
2025-03-28,PHC_002,nurse,7,4,3
2025-03-28,PHC_002,pharmacist,2,1,1
2025-03-28,PHC_003,doctor,2,2,0
2025-03-28,PHC_003,nurse,7,6,1
2025-03-28,PHC_003,pharmacist,2,2,0
2025-03-28,PHC_004,doctor,2,2,0
2025-03-28,PHC_004,nurse,4,3,1
2025-03-28,PHC_004,pharmacist,1,0,1
2025-03-28,PHC_005,doctor,1,0,1
2025-03-28,PHC_005,nurse,6,3,3
2025-03-28,PHC_005,pharmacist,1,1,0
2025-03-28,PHC_006,doctor,3,2,1
2025-03-28,PHC_006,nurse,8,5,3
2025-03-28,PHC_006,pharmacist,1,0,1
2025-03-28,PHC_007,doctor,2,1,1
2025-03-28,PHC_007,nurse,3,1,2
2025-03-28,PHC_007,pharmacist,1,1,0
2025-03-28,PHC_008,doctor,2,2,0
2025-03-28,PHC_008,nurse,4,4,0
2025-03-28,PHC_008,pharmacist,1,1,0
2025-03-28,PHC_009,doctor,2,2,0
2025-03-28,PHC_009,nurse,6,5,1
2025-03-28,PHC_009,pharmacist,2,2,0
2025-03-28,PHC_010,doctor,3,2,1
2025-03-28,PHC_010,nurse,3,3,0
2025-03-28,PHC_010,pharmacist,1,1,0
2025-03-28,PHC_011,doctor,3,1,2
2025-03-28,PHC_011,nurse,7,6,1
2025-03-28,PHC_011,pharmacist,2,2,0
2025-03-28,PHC_012,doctor,2,1,1
2025-03-28,PHC_012,nurse,2,1,1
2025-03-28,PHC_012,pharmacist,2,2,0
2025-03-28,PHC_013,doctor,2,2,0
2025-03-28,PHC_013,nurse,6,5,1
2025-03-28,PHC_013,pharmacist,1,0,1
2025-03-28,PHC_014,doctor,3,2,1
2025-03-28,PHC_014,nurse,3,3,0
2025-03-28,PHC_014,pharmacist,1,1,0
2025-03-28,PHC_015,doctor,2,2,0
2025-03-28,PHC_015,nurse,8,7,1
2025-03-28,PHC_015,pharmacist,1,1,0
2025-03-29,PHC_001,doctor,3,2,1
2025-03-29,PHC_001,nurse,6,5,1
2025-03-29,PHC_001,pharmacist,1,1,0
2025-03-29,PHC_002,doctor,2,2,0
2025-03-29,PHC_002,nurse,8,5,3
2025-03-29,PHC_002,pharmacist,2,2,0
2025-03-29,PHC_003,doctor,3,1,2
2025-03-29,PHC_003,nurse,9,9,0
2025-03-29,PHC_003,pharmacist,2,1,1
2025-03-29,PHC_004,doctor,2,2,0
2025-03-29,PHC_004,nurse,6,4,2
2025-03-29,PHC_004,pharmacist,1,1,0
2025-03-29,PHC_005,doctor,1,0,1
2025-03-29,PHC_005,nurse,6,5,1
2025-03-29,PHC_005,pharmacist,1,1,0
2025-03-29,PHC_006,doctor,3,2,1
2025-03-29,PHC_006,nurse,5,3,2
2025-03-29,PHC_006,pharmacist,2,2,0
2025-03-29,PHC_007,doctor,1,1,0
2025-03-29,PHC_007,nurse,4,4,0
2025-03-29,PHC_007,pharmacist,1,1,0
2025-03-29,PHC_008,doctor,2,1,1
2025-03-29,PHC_008,nurse,4,3,1
2025-03-29,PHC_008,pharmacist,1,1,0
2025-03-29,PHC_009,doctor,2,2,0
2025-03-29,PHC_009,nurse,7,7,0
2025-03-29,PHC_009,pharmacist,2,2,0
2025-03-29,PHC_010,doctor,3,2,1
2025-03-29,PHC_010,nurse,4,4,0
2025-03-29,PHC_011,doctor,3,2,1
2025-03-29,PHC_011,nurse,8,5,3
2025-03-29,PHC_011,pharmacist,2,2,0
2025-03-29,PHC_012,doctor,2,2,0
2025-03-29,PHC_012,nurse,3,3,0
2025-03-29,PHC_012,pharmacist,2,1,1
2025-03-29,PHC_013,doctor,3,3,0
2025-03-29,PHC_013,nurse,5,5,0
2025-03-29,PHC_013,pharmacist,1,1,0
2025-03-29,PHC_014,doctor,2,2,0
2025-03-29,PHC_014,nurse,4,4,0
2025-03-29,PHC_014,pharmacist,2,2,0
2025-03-29,PHC_015,doctor,2,1,1
2025-03-29,PHC_015,nurse,6,6,0
2025-03-29,PHC_015,pharmacist,3,3,0
2025-03-30,PHC_001,doctor,3,1,2
2025-03-30,PHC_001,nurse,7,5,2
2025-03-30,PHC_001,pharmacist,1,1,0
2025-03-30,PHC_002,doctor,2,2,0
2025-03-30,PHC_002,nurse,7,4,3
2025-03-30,PHC_002,pharmacist,2,1,1
2025-03-30,PHC_003,doctor,3,2,1
2025-03-30,PHC_003,nurse,7,6,1
2025-03-30,PHC_003,pharmacist,2,2,0
2025-03-30,PHC_004,doctor,2,2,0
2025-03-30,PHC_004,nurse,5,5,0
2025-03-30,PHC_004,pharmacist,1,0,1
2025-03-30,PHC_005,doctor,2,1,1
2025-03-30,PHC_005,nurse,5,3,2
2025-03-30,PHC_006,doctor,3,2,1
2025-03-30,PHC_006,nurse,9,6,3
2025-03-30,PHC_006,pharmacist,2,1,1
2025-03-30,PHC_007,doctor,1,0,1
2025-03-30,PHC_007,nurse,5,3,2
2025-03-30,PHC_008,doctor,1,1,0
2025-03-30,PHC_008,nurse,5,4,1
2025-03-30,PHC_008,pharmacist,1,0,1
2025-03-30,PHC_009,nurse,8,7,1
2025-03-30,PHC_009,pharmacist,3,2,1
2025-03-30,PHC_010,nurse,4,2,2
2025-03-30,PHC_010,pharmacist,1,1,0
2025-03-30,PHC_011,doctor,2,0,2
2025-03-30,PHC_011,nurse,7,4,3
2025-03-30,PHC_011,pharmacist,1,1,0
2025-03-30,PHC_012,doctor,2,1,1
2025-03-30,PHC_012,nurse,4,3,1
2025-03-30,PHC_012,pharmacist,1,1,0
2025-03-30,PHC_013,doctor,2,1,1
2025-03-30,PHC_013,nurse,5,5,0
2025-03-30,PHC_013,pharmacist,1,1,0
2025-03-30,PHC_014,doctor,3,2,1
2025-03-30,PHC_014,nurse,4,3,1
2025-03-30,PHC_014,pharmacist,1,0,1
2025-03-30,PHC_015,doctor,2,1,1
2025-03-30,PHC_015,nurse,8,6,2
2025-03-30,PHC_015,pharmacist,3,2,1
2025-03-31,PHC_001,doctor,3,3,0
2025-03-31,PHC_001,nurse,5,5,0
2025-03-31,PHC_001,pharmacist,1,1,0
2025-03-31,PHC_002,doctor,2,2,0
2025-03-31,PHC_002,nurse,5,3,2
2025-03-31,PHC_002,pharmacist,3,2,1
2025-03-31,PHC_003,doctor,1,1,0
2025-03-31,PHC_003,nurse,8,5,3
2025-03-31,PHC_003,pharmacist,2,1,1
2025-03-31,PHC_004,doctor,2,2,0
2025-03-31,PHC_004,nurse,6,5,1
2025-03-31,PHC_004,pharmacist,1,1,0
2025-03-31,PHC_005,doctor,1,0,1
2025-03-31,PHC_005,nurse,5,4,1
2025-03-31,PHC_005,pharmacist,1,1,0
2025-03-31,PHC_006,doctor,1,1,0
2025-03-31,PHC_006,nurse,9,6,3
2025-03-31,PHC_006,pharmacist,2,1,1
2025-03-31,PHC_007,doctor,2,1,1
2025-03-31,PHC_007,nurse,5,0,5
2025-03-31,PHC_007,pharmacist,1,1,0
2025-03-31,PHC_008,doctor,1,1,0
2025-03-31,PHC_008,nurse,5,3,2
2025-03-31,PHC_008,pharmacist,1,1,0
2025-03-31,PHC_009,doctor,2,1,1
2025-03-31,PHC_009,nurse,8,8,0
2025-03-31,PHC_009,pharmacist,3,3,0
2025-03-31,PHC_010,doctor,2,2,0
2025-03-31,PHC_010,nurse,4,4,0
2025-03-31,PHC_011,doctor,3,1,2
2025-03-31,PHC_011,nurse,7,4,3
2025-03-31,PHC_011,pharmacist,2,2,0
2025-03-31,PHC_012,doctor,2,1,1
2025-03-31,PHC_012,nurse,3,3,0
2025-03-31,PHC_012,pharmacist,2,2,0
2025-03-31,PHC_013,doctor,3,3,0
2025-03-31,PHC_013,nurse,5,4,1
2025-03-31,PHC_014,doctor,3,3,0
2025-03-31,PHC_014,nurse,4,3,1
2025-03-31,PHC_014,pharmacist,1,0,1
2025-03-31,PHC_015,doctor,1,1,0
2025-03-31,PHC_015,nurse,7,4,3
2025-03-31,PHC_015,pharmacist,2,1,1
2025-04-01,PHC_001,doctor,2,1,1
2025-04-01,PHC_001,nurse,5,5,0
2025-04-01,PHC_001,pharmacist,1,1,0
2025-04-01,PHC_002,doctor,1,1,0
2025-04-01,PHC_002,nurse,7,5,2
2025-04-01,PHC_002,pharmacist,3,2,1
2025-04-01,PHC_003,doctor,3,2,1
2025-04-01,PHC_003,nurse,8,8,0
2025-04-01,PHC_003,pharmacist,2,2,0
2025-04-01,PHC_004,doctor,2,2,0
2025-04-01,PHC_004,nurse,3,3,0
2025-04-01,PHC_004,pharmacist,1,0,1
2025-04-01,PHC_005,doctor,2,1,1
2025-04-01,PHC_005,nurse,4,2,2
2025-04-01,PHC_005,pharmacist,1,1,0
2025-04-01,PHC_006,doctor,3,2,1
2025-04-01,PHC_006,nurse,9,9,0
2025-04-01,PHC_006,pharmacist,1,1,0
2025-04-01,PHC_007,doctor,2,2,0
2025-04-01,PHC_007,nurse,5,3,2
2025-04-01,PHC_008,doctor,2,2,0
2025-04-01,PHC_008,nurse,5,4,1
2025-04-01,PHC_008,pharmacist,1,1,0
2025-04-01,PHC_009,doctor,2,1,1
2025-04-01,PHC_009,nurse,8,8,0
2025-04-01,PHC_009,pharmacist,3,2,1
2025-04-01,PHC_010,doctor,3,3,0
2025-04-01,PHC_010,nurse,3,3,0
2025-04-01,PHC_010,pharmacist,1,1,0
2025-04-01,PHC_011,doctor,3,1,2
2025-04-01,PHC_011,nurse,7,4,3
2025-04-01,PHC_011,pharmacist,1,1,0
2025-04-01,PHC_012,doctor,2,2,0
2025-04-01,PHC_012,nurse,4,3,1
2025-04-01,PHC_012,pharmacist,1,1,0
2025-04-01,PHC_013,doctor,3,3,0
2025-04-01,PHC_013,nurse,6,6,0
2025-04-01,PHC_013,pharmacist,1,1,0
2025-04-01,PHC_014,doctor,3,2,1
2025-04-01,PHC_014,nurse,5,3,2
2025-04-01,PHC_014,pharmacist,2,2,0
2025-04-01,PHC_015,doctor,2,2,0
2025-04-01,PHC_015,nurse,7,5,2
2025-04-01,PHC_015,pharmacist,3,3,0
2025-04-02,PHC_001,doctor,3,3,0
2025-04-02,PHC_001,nurse,7,6,1
2025-04-02,PHC_001,pharmacist,1,1,0
2025-04-02,PHC_002,doctor,2,2,0
2025-04-02,PHC_002,nurse,7,6,1
2025-04-02,PHC_002,pharmacist,2,1,1
2025-04-02,PHC_003,doctor,3,3,0
2025-04-02,PHC_003,nurse,9,8,1
2025-04-02,PHC_003,pharmacist,2,2,0
2025-04-02,PHC_004,doctor,1,1,0
2025-04-02,PHC_004,nurse,6,5,1
2025-04-02,PHC_005,doctor,2,2,0
2025-04-02,PHC_005,nurse,5,3,2
2025-04-02,PHC_005,pharmacist,1,1,0
2025-04-02,PHC_006,doctor,3,2,1
2025-04-02,PHC_006,nurse,9,6,3
2025-04-02,PHC_006,pharmacist,2,0,2
2025-04-02,PHC_007,doctor,1,1,0
2025-04-02,PHC_007,nurse,4,3,1
2025-04-02,PHC_008,doctor,2,1,1
2025-04-02,PHC_008,nurse,4,2,2
2025-04-02,PHC_008,pharmacist,1,1,0
2025-04-02,PHC_009,doctor,2,2,0
2025-04-02,PHC_009,nurse,7,5,2
2025-04-02,PHC_009,pharmacist,3,2,1
2025-04-02,PHC_010,doctor,1,1,0
2025-04-02,PHC_010,nurse,3,3,0
2025-04-02,PHC_010,pharmacist,1,1,0
2025-04-02,PHC_011,doctor,3,1,2
2025-04-02,PHC_011,nurse,5,4,1
2025-04-02,PHC_011,pharmacist,2,1,1
2025-04-02,PHC_012,doctor,2,1,1
2025-04-02,PHC_012,nurse,4,3,1
2025-04-02,PHC_012,pharmacist,2,2,0
2025-04-02,PHC_013,doctor,2,1,1
2025-04-02,PHC_013,nurse,6,6,0
2025-04-02,PHC_013,pharmacist,1,1,0
2025-04-02,PHC_014,doctor,3,2,1
2025-04-02,PHC_014,nurse,4,3,1
2025-04-02,PHC_014,pharmacist,2,2,0
2025-04-02,PHC_015,doctor,1,1,0
2025-04-02,PHC_015,nurse,8,7,1
2025-04-02,PHC_015,pharmacist,3,3,0
2025-04-03,PHC_001,doctor,1,1,0
2025-04-03,PHC_001,nurse,6,3,3
2025-04-03,PHC_001,pharmacist,1,1,0
2025-04-03,PHC_002,doctor,1,1,0
2025-04-03,PHC_002,nurse,8,5,3
2025-04-03,PHC_002,pharmacist,3,0,3
2025-04-03,PHC_003,doctor,2,2,0
2025-04-03,PHC_003,nurse,7,6,1
2025-04-03,PHC_003,pharmacist,2,1,1
2025-04-03,PHC_004,doctor,2,0,2
2025-04-03,PHC_004,nurse,5,4,1
2025-04-03,PHC_004,pharmacist,1,1,0
2025-04-03,PHC_005,doctor,2,0,2
2025-04-03,PHC_005,nurse,5,3,2
2025-04-03,PHC_005,pharmacist,1,1,0
2025-04-03,PHC_006,doctor,3,3,0
2025-04-03,PHC_006,nurse,5,4,1
2025-04-03,PHC_006,pharmacist,1,1,0
2025-04-03,PHC_007,doctor,2,2,0
2025-04-03,PHC_007,nurse,5,5,0
2025-04-03,PHC_007,pharmacist,1,1,0
2025-04-03,PHC_008,doctor,2,2,0
2025-04-03,PHC_008,nurse,5,5,0
2025-04-03,PHC_008,pharmacist,1,1,0
2025-04-03,PHC_009,doctor,1,1,0
2025-04-03,PHC_009,nurse,7,7,0
2025-04-03,PHC_009,pharmacist,2,2,0
2025-04-03,PHC_010,doctor,3,2,1
2025-04-03,PHC_010,nurse,3,3,0
2025-04-03,PHC_010,pharmacist,1,1,0
2025-04-03,PHC_011,doctor,3,2,1
2025-04-03,PHC_011,nurse,8,5,3
2025-04-03,PHC_011,pharmacist,2,1,1
2025-04-03,PHC_012,doctor,2,1,1
2025-04-03,PHC_012,nurse,2,2,0
2025-04-03,PHC_012,pharmacist,2,2,0
2025-04-03,PHC_013,doctor,3,3,0
2025-04-03,PHC_013,nurse,6,6,0
2025-04-03,PHC_013,pharmacist,1,1,0
2025-04-03,PHC_014,doctor,3,2,1
2025-04-03,PHC_014,nurse,5,4,1
2025-04-03,PHC_014,pharmacist,2,2,0
2025-04-03,PHC_015,doctor,2,2,0
2025-04-03,PHC_015,nurse,8,8,0
2025-04-03,PHC_015,pharmacist,3,3,0
2025-04-04,PHC_001,doctor,3,3,0
2025-04-04,PHC_001,nurse,7,6,1
2025-04-04,PHC_001,pharmacist,1,1,0
2025-04-04,PHC_002,doctor,2,2,0
2025-04-04,PHC_002,nurse,7,3,4
2025-04-04,PHC_002,pharmacist,2,2,0
2025-04-04,PHC_003,doctor,2,2,0
2025-04-04,PHC_003,nurse,8,6,2
2025-04-04,PHC_004,doctor,2,2,0
2025-04-04,PHC_004,nurse,5,3,2
2025-04-04,PHC_004,pharmacist,1,1,0
2025-04-04,PHC_005,doctor,2,1,1
2025-04-04,PHC_005,nurse,3,2,1
2025-04-04,PHC_005,pharmacist,1,0,1
2025-04-04,PHC_006,doctor,2,2,0
2025-04-04,PHC_006,nurse,9,6,3
2025-04-04,PHC_006,pharmacist,2,2,0
2025-04-04,PHC_007,doctor,2,1,1
2025-04-04,PHC_007,nurse,3,3,0
2025-04-04,PHC_007,pharmacist,1,1,0
2025-04-04,PHC_008,doctor,2,2,0
2025-04-04,PHC_008,nurse,5,5,0
2025-04-04,PHC_008,pharmacist,1,1,0
2025-04-04,PHC_009,doctor,1,1,0
2025-04-04,PHC_009,nurse,7,7,0
2025-04-04,PHC_009,pharmacist,3,2,1
2025-04-04,PHC_010,doctor,2,2,0
2025-04-04,PHC_010,nurse,4,4,0
2025-04-04,PHC_010,pharmacist,1,1,0
2025-04-04,PHC_011,doctor,2,1,1
2025-04-04,PHC_011,nurse,8,7,1
2025-04-04,PHC_011,pharmacist,2,1,1
2025-04-04,PHC_012,doctor,2,1,1
2025-04-04,PHC_012,nurse,3,2,1
2025-04-04,PHC_012,pharmacist,2,2,0
2025-04-04,PHC_013,doctor,3,2,1
2025-04-04,PHC_013,nurse,4,4,0
2025-04-04,PHC_013,pharmacist,1,1,0
2025-04-04,PHC_014,doctor,2,2,0
2025-04-04,PHC_014,nurse,4,4,0
2025-04-04,PHC_014,pharmacist,1,0,1
2025-04-04,PHC_015,doctor,2,2,0
2025-04-04,PHC_015,nurse,8,7,1
2025-04-04,PHC_015,pharmacist,3,3,0
2025-04-05,PHC_001,doctor,3,3,0
2025-04-05,PHC_001,nurse,7,3,4
2025-04-05,PHC_001,pharmacist,1,1,0
2025-04-05,PHC_002,doctor,2,2,0
2025-04-05,PHC_002,nurse,7,5,2
2025-04-05,PHC_002,pharmacist,2,1,1
2025-04-05,PHC_003,doctor,2,2,0
2025-04-05,PHC_003,nurse,9,6,3
2025-04-05,PHC_003,pharmacist,2,2,0
2025-04-05,PHC_004,doctor,2,2,0
2025-04-05,PHC_004,nurse,5,4,1
2025-04-05,PHC_004,pharmacist,1,1,0
2025-04-05,PHC_005,doctor,1,1,0
2025-04-05,PHC_005,nurse,4,3,1
2025-04-05,PHC_005,pharmacist,1,1,0
2025-04-05,PHC_006,doctor,2,2,0
2025-04-05,PHC_006,nurse,9,8,1
2025-04-05,PHC_006,pharmacist,1,1,0
2025-04-05,PHC_007,doctor,2,1,1
2025-04-05,PHC_007,nurse,5,1,4
2025-04-05,PHC_007,pharmacist,1,1,0
2025-04-05,PHC_008,doctor,2,2,0
2025-04-05,PHC_008,nurse,5,3,2
2025-04-05,PHC_008,pharmacist,1,1,0
2025-04-05,PHC_009,doctor,2,2,0
2025-04-05,PHC_009,nurse,6,6,0
2025-04-05,PHC_009,pharmacist,2,2,0
2025-04-05,PHC_010,doctor,3,3,0
2025-04-05,PHC_010,nurse,5,4,1
2025-04-05,PHC_010,pharmacist,1,1,0
2025-04-05,PHC_011,doctor,3,1,2
2025-04-05,PHC_011,nurse,6,5,1
2025-04-05,PHC_011,pharmacist,2,2,0
2025-04-05,PHC_012,doctor,2,1,1
2025-04-05,PHC_012,nurse,4,3,1
2025-04-05,PHC_012,pharmacist,2,2,0
2025-04-05,PHC_013,doctor,3,3,0
2025-04-05,PHC_013,nurse,4,2,2
2025-04-05,PHC_013,pharmacist,1,0,1
2025-04-05,PHC_014,doctor,3,1,2
2025-04-05,PHC_014,nurse,3,3,0
2025-04-05,PHC_014,pharmacist,1,1,0
2025-04-05,PHC_015,doctor,2,2,0
2025-04-05,PHC_015,nurse,8,6,2
2025-04-05,PHC_015,pharmacist,3,1,2
2025-04-06,PHC_001,doctor,3,1,2
2025-04-06,PHC_001,nurse,4,4,0
2025-04-06,PHC_001,pharmacist,1,1,0
2025-04-06,PHC_002,doctor,2,1,1
2025-04-06,PHC_002,nurse,8,7,1
2025-04-06,PHC_002,pharmacist,3,1,2
2025-04-06,PHC_003,doctor,3,3,0
2025-04-06,PHC_003,nurse,6,4,2
2025-04-06,PHC_003,pharmacist,1,1,0
2025-04-06,PHC_004,nurse,3,2,1
2025-04-06,PHC_004,pharmacist,1,1,0
2025-04-06,PHC_005,doctor,1,1,0
2025-04-06,PHC_005,nurse,6,6,0
2025-04-06,PHC_005,pharmacist,1,1,0
2025-04-06,PHC_006,doctor,3,3,0
2025-04-06,PHC_006,nurse,8,7,1
2025-04-06,PHC_006,pharmacist,2,1,1
2025-04-06,PHC_007,doctor,2,2,0
2025-04-06,PHC_007,nurse,5,3,2
2025-04-06,PHC_007,pharmacist,1,1,0
2025-04-06,PHC_008,doctor,2,2,0
2025-04-06,PHC_008,nurse,5,4,1
2025-04-06,PHC_008,pharmacist,1,1,0
2025-04-06,PHC_009,doctor,1,1,0
2025-04-06,PHC_009,nurse,4,4,0
2025-04-06,PHC_009,pharmacist,3,3,0
2025-04-06,PHC_010,nurse,5,5,0
2025-04-06,PHC_010,pharmacist,1,1,0
2025-04-06,PHC_011,doctor,3,2,1
2025-04-06,PHC_011,nurse,7,4,3
2025-04-06,PHC_011,pharmacist,2,1,1
2025-04-06,PHC_012,doctor,2,2,0
2025-04-06,PHC_012,nurse,4,3,1
2025-04-06,PHC_012,pharmacist,1,0,1
2025-04-06,PHC_013,doctor,3,2,1
2025-04-06,PHC_013,nurse,6,4,2
2025-04-06,PHC_014,doctor,2,1,1
2025-04-06,PHC_014,nurse,3,3,0
2025-04-06,PHC_014,pharmacist,2,2,0
2025-04-06,PHC_015,doctor,2,2,0
2025-04-06,PHC_015,nurse,6,6,0
2025-04-06,PHC_015,pharmacist,2,1,1
2025-04-07,PHC_001,doctor,3,1,2
2025-04-07,PHC_001,nurse,4,3,1
2025-04-07,PHC_001,pharmacist,1,1,0
2025-04-07,PHC_002,doctor,2,1,1
2025-04-07,PHC_002,nurse,9,7,2
2025-04-07,PHC_002,pharmacist,3,2,1
2025-04-07,PHC_003,doctor,2,1,1
2025-04-07,PHC_003,nurse,7,6,1
2025-04-07,PHC_003,pharmacist,1,1,0
2025-04-07,PHC_004,doctor,1,1,0
2025-04-07,PHC_004,nurse,4,3,1
2025-04-07,PHC_004,pharmacist,1,1,0
2025-04-07,PHC_005,doctor,1,1,0
2025-04-07,PHC_005,nurse,3,2,1
2025-04-07,PHC_005,pharmacist,1,0,1
2025-04-07,PHC_006,doctor,3,2,1
2025-04-07,PHC_006,nurse,8,8,0
2025-04-07,PHC_006,pharmacist,2,0,2
2025-04-07,PHC_007,doctor,2,1,1
2025-04-07,PHC_007,nurse,5,4,1
2025-04-07,PHC_008,doctor,2,1,1
2025-04-07,PHC_008,nurse,5,4,1
2025-04-07,PHC_008,pharmacist,1,1,0
2025-04-07,PHC_009,doctor,1,1,0
2025-04-07,PHC_009,nurse,6,3,3
2025-04-07,PHC_009,pharmacist,3,2,1
2025-04-07,PHC_010,doctor,2,2,0
2025-04-07,PHC_010,nurse,5,4,1
2025-04-07,PHC_010,pharmacist,1,1,0
2025-04-07,PHC_011,doctor,3,2,1
2025-04-07,PHC_011,nurse,8,6,2
2025-04-07,PHC_011,pharmacist,2,1,1
2025-04-07,PHC_012,doctor,2,2,0
2025-04-07,PHC_012,nurse,3,1,2
2025-04-07,PHC_012,pharmacist,2,2,0
2025-04-07,PHC_013,doctor,3,3,0
2025-04-07,PHC_013,nurse,6,4,2
2025-04-07,PHC_013,pharmacist,1,0,1
2025-04-07,PHC_014,doctor,3,1,2
2025-04-07,PHC_014,nurse,4,4,0
2025-04-07,PHC_014,pharmacist,2,1,1
2025-04-07,PHC_015,doctor,2,1,1
2025-04-07,PHC_015,nurse,8,8,0
2025-04-07,PHC_015,pharmacist,3,3,0
2025-04-08,PHC_001,doctor,3,2,1
2025-04-08,PHC_001,nurse,6,5,1
2025-04-08,PHC_001,pharmacist,1,1,0
2025-04-08,PHC_002,doctor,2,2,0
2025-04-08,PHC_002,nurse,4,4,0
2025-04-08,PHC_002,pharmacist,1,1,0
2025-04-08,PHC_003,doctor,2,1,1
2025-04-08,PHC_003,nurse,9,8,1
2025-04-08,PHC_003,pharmacist,2,2,0
2025-04-08,PHC_004,doctor,2,2,0
2025-04-08,PHC_004,nurse,5,2,3
2025-04-08,PHC_004,pharmacist,1,1,0
2025-04-08,PHC_005,doctor,2,2,0
2025-04-08,PHC_005,nurse,6,4,2
2025-04-08,PHC_006,doctor,2,1,1
2025-04-08,PHC_006,nurse,8,4,4
2025-04-08,PHC_006,pharmacist,1,1,0
2025-04-08,PHC_007,doctor,2,2,0
2025-04-08,PHC_007,nurse,5,3,2
2025-04-08,PHC_007,pharmacist,1,1,0
2025-04-08,PHC_008,doctor,2,1,1
2025-04-08,PHC_008,nurse,3,2,1
2025-04-08,PHC_008,pharmacist,1,1,0
2025-04-08,PHC_009,doctor,2,2,0
2025-04-08,PHC_009,nurse,7,7,0
2025-04-08,PHC_009,pharmacist,3,2,1
2025-04-08,PHC_010,doctor,2,2,0
2025-04-08,PHC_010,nurse,5,5,0
2025-04-08,PHC_010,pharmacist,1,1,0
2025-04-08,PHC_011,doctor,2,2,0
2025-04-08,PHC_011,nurse,7,7,0
2025-04-08,PHC_011,pharmacist,2,2,0
2025-04-08,PHC_012,doctor,1,1,0
2025-04-08,PHC_012,nurse,1,0,1
2025-04-08,PHC_012,pharmacist,2,2,0
2025-04-08,PHC_013,doctor,3,3,0
2025-04-08,PHC_013,nurse,5,5,0
2025-04-08,PHC_013,pharmacist,1,0,1
2025-04-08,PHC_014,doctor,3,2,1
2025-04-08,PHC_014,nurse,4,3,1
2025-04-08,PHC_014,pharmacist,2,1,1
2025-04-08,PHC_015,doctor,2,1,1
2025-04-08,PHC_015,nurse,7,6,1
2025-04-08,PHC_015,pharmacist,3,3,0
2025-04-09,PHC_001,doctor,2,2,0
2025-04-09,PHC_001,nurse,4,4,0
2025-04-09,PHC_001,pharmacist,1,1,0
2025-04-09,PHC_002,doctor,1,1,0
2025-04-09,PHC_002,nurse,6,5,1
2025-04-09,PHC_002,pharmacist,3,3,0
2025-04-09,PHC_003,doctor,3,2,1
2025-04-09,PHC_003,nurse,8,7,1
2025-04-09,PHC_003,pharmacist,2,1,1
2025-04-09,PHC_004,doctor,2,2,0
2025-04-09,PHC_004,nurse,5,5,0
2025-04-09,PHC_004,pharmacist,1,1,0
2025-04-09,PHC_005,doctor,1,1,0
2025-04-09,PHC_005,nurse,4,4,0
2025-04-09,PHC_005,pharmacist,1,1,0
2025-04-09,PHC_006,doctor,2,0,2
2025-04-09,PHC_006,nurse,9,8,1
2025-04-09,PHC_006,pharmacist,2,0,2
2025-04-09,PHC_007,doctor,1,1,0
2025-04-09,PHC_007,nurse,4,1,3
2025-04-09,PHC_008,doctor,1,1,0
2025-04-09,PHC_008,nurse,5,4,1
2025-04-09,PHC_008,pharmacist,1,0,1
2025-04-09,PHC_009,doctor,1,1,0
2025-04-09,PHC_009,nurse,8,6,2
2025-04-09,PHC_009,pharmacist,2,2,0
2025-04-09,PHC_010,doctor,2,2,0
2025-04-09,PHC_010,nurse,5,5,0
2025-04-09,PHC_010,pharmacist,1,1,0
2025-04-09,PHC_011,doctor,2,2,0
2025-04-09,PHC_011,nurse,7,6,1
2025-04-09,PHC_011,pharmacist,2,1,1
2025-04-09,PHC_012,doctor,2,1,1
2025-04-09,PHC_012,nurse,4,4,0
2025-04-09,PHC_012,pharmacist,1,1,0
2025-04-09,PHC_013,doctor,3,3,0
2025-04-09,PHC_013,nurse,5,5,0
2025-04-09,PHC_013,pharmacist,1,1,0
2025-04-09,PHC_014,doctor,2,2,0
2025-04-09,PHC_014,nurse,4,4,0
2025-04-09,PHC_014,pharmacist,1,1,0
2025-04-09,PHC_015,doctor,2,2,0
2025-04-09,PHC_015,nurse,9,9,0
2025-04-09,PHC_015,pharmacist,3,2,1
2025-04-10,PHC_001,doctor,3,3,0
2025-04-10,PHC_001,nurse,5,5,0
2025-04-10,PHC_001,pharmacist,1,1,0
2025-04-10,PHC_002,doctor,2,2,0
2025-04-10,PHC_002,nurse,8,5,3
2025-04-10,PHC_002,pharmacist,2,2,0
2025-04-10,PHC_003,doctor,3,3,0
2025-04-10,PHC_003,nurse,8,7,1
2025-04-10,PHC_003,pharmacist,1,1,0
2025-04-10,PHC_004,doctor,2,2,0
2025-04-10,PHC_004,nurse,6,5,1
2025-04-10,PHC_005,doctor,2,2,0
2025-04-10,PHC_005,nurse,6,4,2
2025-04-10,PHC_005,pharmacist,1,1,0
2025-04-10,PHC_006,doctor,2,2,0
2025-04-10,PHC_006,nurse,9,7,2
2025-04-10,PHC_006,pharmacist,2,2,0
2025-04-10,PHC_007,doctor,1,1,0
2025-04-10,PHC_007,nurse,5,4,1
2025-04-10,PHC_007,pharmacist,1,1,0
2025-04-10,PHC_008,doctor,2,2,0
2025-04-10,PHC_008,nurse,2,1,1
2025-04-10,PHC_008,pharmacist,1,1,0
2025-04-10,PHC_009,doctor,1,1,0
2025-04-10,PHC_009,nurse,6,5,1
2025-04-10,PHC_009,pharmacist,3,2,1
2025-04-10,PHC_010,doctor,3,3,0
2025-04-10,PHC_010,nurse,5,3,2
2025-04-10,PHC_010,pharmacist,1,0,1
2025-04-10,PHC_011,doctor,3,0,3
2025-04-10,PHC_011,nurse,7,5,2
2025-04-10,PHC_011,pharmacist,1,1,0
2025-04-10,PHC_012,doctor,2,2,0
2025-04-10,PHC_012,nurse,4,4,0
2025-04-10,PHC_012,pharmacist,2,1,1
2025-04-10,PHC_013,doctor,3,2,1
2025-04-10,PHC_013,nurse,6,4,2
2025-04-10,PHC_014,doctor,3,3,0
2025-04-10,PHC_014,nurse,4,4,0
2025-04-10,PHC_014,pharmacist,2,2,0
2025-04-10,PHC_015,doctor,2,2,0
2025-04-10,PHC_015,nurse,7,5,2
2025-04-10,PHC_015,pharmacist,3,2,1
2025-04-11,PHC_001,doctor,3,3,0
2025-04-11,PHC_001,nurse,6,4,2
2025-04-11,PHC_001,pharmacist,1,1,0
2025-04-11,PHC_002,doctor,1,1,0
2025-04-11,PHC_002,nurse,8,8,0
2025-04-11,PHC_002,pharmacist,3,3,0
2025-04-11,PHC_003,doctor,1,1,0
2025-04-11,PHC_003,nurse,8,8,0
2025-04-11,PHC_003,pharmacist,1,1,0
2025-04-11,PHC_004,doctor,2,2,0
2025-04-11,PHC_004,nurse,5,4,1
2025-04-11,PHC_004,pharmacist,1,0,1
2025-04-11,PHC_005,doctor,1,1,0
2025-04-11,PHC_005,nurse,6,5,1
2025-04-11,PHC_005,pharmacist,1,1,0
2025-04-11,PHC_006,doctor,3,2,1
2025-04-11,PHC_006,nurse,9,8,1
2025-04-11,PHC_006,pharmacist,2,0,2
2025-04-11,PHC_007,doctor,2,2,0
2025-04-11,PHC_007,nurse,3,1,2
2025-04-11,PHC_007,pharmacist,1,1,0
2025-04-11,PHC_008,doctor,2,2,0
2025-04-11,PHC_008,nurse,5,4,1
2025-04-11,PHC_008,pharmacist,1,1,0
2025-04-11,PHC_009,doctor,1,1,0
2025-04-11,PHC_009,nurse,8,8,0
2025-04-11,PHC_009,pharmacist,3,3,0
2025-04-11,PHC_010,doctor,2,2,0
2025-04-11,PHC_010,nurse,4,4,0
2025-04-11,PHC_010,pharmacist,1,1,0
2025-04-11,PHC_011,doctor,2,1,1
2025-04-11,PHC_011,nurse,6,4,2
2025-04-11,PHC_011,pharmacist,2,2,0
2025-04-11,PHC_012,doctor,2,1,1
2025-04-11,PHC_012,nurse,3,2,1
2025-04-11,PHC_012,pharmacist,2,2,0
2025-04-11,PHC_013,doctor,3,3,0
2025-04-11,PHC_013,nurse,3,3,0
2025-04-11,PHC_013,pharmacist,1,1,0
2025-04-11,PHC_014,doctor,3,3,0
2025-04-11,PHC_014,nurse,4,4,0
2025-04-11,PHC_014,pharmacist,1,1,0
2025-04-11,PHC_015,doctor,2,1,1
2025-04-11,PHC_015,nurse,7,5,2
2025-04-11,PHC_015,pharmacist,3,3,0
2025-04-12,PHC_001,doctor,3,3,0
2025-04-12,PHC_001,nurse,5,5,0
2025-04-12,PHC_001,pharmacist,1,1,0
2025-04-12,PHC_002,doctor,2,2,0
2025-04-12,PHC_002,nurse,7,5,2
2025-04-12,PHC_002,pharmacist,3,1,2
2025-04-12,PHC_003,doctor,3,2,1
2025-04-12,PHC_003,nurse,9,9,0
2025-04-12,PHC_003,pharmacist,2,2,0
2025-04-12,PHC_004,doctor,2,2,0
2025-04-12,PHC_004,nurse,5,2,3
2025-04-12,PHC_004,pharmacist,1,1,0
2025-04-12,PHC_005,doctor,2,2,0
2025-04-12,PHC_005,nurse,5,4,1
2025-04-12,PHC_005,pharmacist,1,1,0
2025-04-12,PHC_006,doctor,2,1,1
2025-04-12,PHC_006,nurse,9,8,1
2025-04-12,PHC_006,pharmacist,1,0,1
2025-04-12,PHC_007,doctor,2,1,1
2025-04-12,PHC_007,nurse,4,3,1
2025-04-12,PHC_007,pharmacist,1,0,1
2025-04-12,PHC_008,doctor,2,2,0
2025-04-12,PHC_008,nurse,3,1,2
2025-04-12,PHC_009,doctor,1,0,1
2025-04-12,PHC_009,nurse,7,7,0
2025-04-12,PHC_009,pharmacist,2,2,0
2025-04-12,PHC_010,doctor,2,2,0
2025-04-12,PHC_010,nurse,4,4,0
2025-04-12,PHC_010,pharmacist,1,1,0
2025-04-12,PHC_011,doctor,2,2,0
2025-04-12,PHC_011,nurse,7,4,3
2025-04-12,PHC_011,pharmacist,1,1,0
2025-04-12,PHC_012,doctor,1,1,0
2025-04-12,PHC_012,nurse,4,3,1
2025-04-12,PHC_012,pharmacist,1,1,0
2025-04-12,PHC_013,doctor,3,2,1
2025-04-12,PHC_013,nurse,6,5,1
2025-04-12,PHC_013,pharmacist,1,1,0
2025-04-12,PHC_014,doctor,3,3,0
2025-04-12,PHC_014,nurse,4,4,0
2025-04-12,PHC_014,pharmacist,1,1,0
2025-04-12,PHC_015,doctor,2,1,1
2025-04-12,PHC_015,nurse,7,5,2
2025-04-12,PHC_015,pharmacist,3,2,1
2025-04-13,PHC_001,doctor,2,1,1
2025-04-13,PHC_001,nurse,5,3,2
2025-04-13,PHC_002,doctor,2,2,0
2025-04-13,PHC_002,nurse,7,3,4
2025-04-13,PHC_002,pharmacist,1,0,1
2025-04-13,PHC_003,doctor,3,2,1
2025-04-13,PHC_003,nurse,8,5,3
2025-04-13,PHC_003,pharmacist,1,0,1
2025-04-13,PHC_004,doctor,2,2,0
2025-04-13,PHC_004,nurse,5,3,2
2025-04-13,PHC_004,pharmacist,1,1,0
2025-04-13,PHC_005,doctor,1,1,0
2025-04-13,PHC_005,nurse,6,2,4
2025-04-13,PHC_005,pharmacist,1,1,0
2025-04-13,PHC_006,doctor,3,1,2
2025-04-13,PHC_006,nurse,9,9,0
2025-04-13,PHC_006,pharmacist,2,0,2
2025-04-13,PHC_007,doctor,2,1,1
2025-04-13,PHC_007,nurse,4,2,2
2025-04-13,PHC_007,pharmacist,1,1,0
2025-04-13,PHC_008,doctor,2,1,1
2025-04-13,PHC_008,nurse,5,5,0
2025-04-13,PHC_008,pharmacist,1,1,0
2025-04-13,PHC_009,doctor,2,2,0
2025-04-13,PHC_009,nurse,8,6,2
2025-04-13,PHC_009,pharmacist,2,1,1
2025-04-13,PHC_010,doctor,3,3,0
2025-04-13,PHC_010,nurse,5,5,0
2025-04-13,PHC_010,pharmacist,1,1,0
2025-04-13,PHC_011,doctor,1,1,0
2025-04-13,PHC_011,nurse,7,6,1
2025-04-13,PHC_011,pharmacist,2,2,0
2025-04-13,PHC_012,doctor,1,1,0
2025-04-13,PHC_012,nurse,4,1,3
2025-04-13,PHC_012,pharmacist,1,1,0
2025-04-13,PHC_013,doctor,3,2,1
2025-04-13,PHC_013,nurse,6,4,2
2025-04-13,PHC_013,pharmacist,1,1,0
2025-04-13,PHC_014,doctor,2,2,0
2025-04-13,PHC_014,nurse,4,2,2
2025-04-13,PHC_014,pharmacist,2,2,0
2025-04-13,PHC_015,nurse,8,7,1
2025-04-13,PHC_015,pharmacist,3,3,0
2025-04-14,PHC_001,doctor,3,1,2
2025-04-14,PHC_001,nurse,4,2,2
2025-04-14,PHC_001,pharmacist,1,1,0
2025-04-14,PHC_002,doctor,2,2,0
2025-04-14,PHC_002,nurse,6,5,1
2025-04-14,PHC_002,pharmacist,2,1,1
2025-04-14,PHC_003,doctor,3,3,0
2025-04-14,PHC_003,nurse,7,6,1
2025-04-14,PHC_003,pharmacist,1,1,0
2025-04-14,PHC_004,doctor,2,2,0
2025-04-14,PHC_004,nurse,6,6,0
2025-04-14,PHC_004,pharmacist,1,0,1
2025-04-14,PHC_005,doctor,2,2,0
2025-04-14,PHC_005,nurse,6,5,1
2025-04-14,PHC_005,pharmacist,1,1,0
2025-04-14,PHC_006,doctor,3,3,0
2025-04-14,PHC_006,nurse,9,8,1
2025-04-14,PHC_006,pharmacist,2,2,0
2025-04-14,PHC_007,doctor,1,1,0
2025-04-14,PHC_007,nurse,3,2,1
2025-04-14,PHC_007,pharmacist,1,0,1
2025-04-14,PHC_008,doctor,2,2,0
2025-04-14,PHC_008,nurse,5,5,0
2025-04-14,PHC_008,pharmacist,1,1,0
2025-04-14,PHC_009,doctor,2,2,0
2025-04-14,PHC_009,nurse,7,6,1
2025-04-14,PHC_009,pharmacist,3,3,0
2025-04-14,PHC_010,doctor,3,3,0
2025-04-14,PHC_010,nurse,4,3,1
2025-04-14,PHC_010,pharmacist,1,0,1
2025-04-14,PHC_011,doctor,1,1,0
2025-04-14,PHC_011,nurse,4,4,0
2025-04-14,PHC_011,pharmacist,2,1,1
2025-04-14,PHC_012,doctor,2,2,0
2025-04-14,PHC_012,nurse,3,3,0
2025-04-14,PHC_012,pharmacist,1,1,0
2025-04-14,PHC_013,doctor,3,2,1
2025-04-14,PHC_013,nurse,5,5,0
2025-04-14,PHC_013,pharmacist,1,1,0
2025-04-14,PHC_014,doctor,3,2,1
2025-04-14,PHC_014,nurse,3,3,0
2025-04-14,PHC_014,pharmacist,2,2,0
2025-04-14,PHC_015,doctor,2,1,1
2025-04-14,PHC_015,nurse,6,4,2
2025-04-14,PHC_015,pharmacist,3,3,0
2025-04-15,PHC_001,doctor,2,2,0
2025-04-15,PHC_001,nurse,5,4,1
2025-04-15,PHC_001,pharmacist,1,1,0
2025-04-15,PHC_002,doctor,2,2,0
2025-04-15,PHC_002,nurse,8,7,1
2025-04-15,PHC_002,pharmacist,3,3,0
2025-04-15,PHC_003,doctor,3,2,1
2025-04-15,PHC_003,nurse,9,8,1
2025-04-15,PHC_003,pharmacist,2,2,0
2025-04-15,PHC_004,doctor,2,2,0
2025-04-15,PHC_004,nurse,4,2,2
2025-04-15,PHC_004,pharmacist,1,1,0
2025-04-15,PHC_005,doctor,2,1,1
2025-04-15,PHC_005,nurse,5,3,2
2025-04-15,PHC_005,pharmacist,1,1,0
2025-04-15,PHC_006,doctor,2,1,1
2025-04-15,PHC_006,nurse,9,8,1
2025-04-15,PHC_006,pharmacist,2,2,0
2025-04-15,PHC_007,doctor,2,2,0
2025-04-15,PHC_007,nurse,5,4,1
2025-04-15,PHC_007,pharmacist,1,1,0
2025-04-15,PHC_008,doctor,2,2,0
2025-04-15,PHC_008,nurse,3,2,1
2025-04-15,PHC_009,doctor,1,1,0
2025-04-15,PHC_009,nurse,6,5,1
2025-04-15,PHC_009,pharmacist,2,2,0
2025-04-15,PHC_010,doctor,3,2,1
2025-04-15,PHC_010,nurse,5,2,3
2025-04-15,PHC_010,pharmacist,1,1,0
2025-04-15,PHC_011,doctor,1,1,0
2025-04-15,PHC_011,nurse,3,3,0
2025-04-15,PHC_011,pharmacist,2,2,0
2025-04-15,PHC_012,doctor,1,1,0
2025-04-15,PHC_012,nurse,4,4,0
2025-04-15,PHC_012,pharmacist,2,2,0
2025-04-15,PHC_013,doctor,2,1,1
2025-04-15,PHC_013,nurse,4,2,2
2025-04-15,PHC_013,pharmacist,1,1,0
2025-04-15,PHC_014,doctor,2,2,0
2025-04-15,PHC_014,nurse,3,2,1
2025-04-15,PHC_014,pharmacist,1,1,0
2025-04-15,PHC_015,doctor,2,1,1
2025-04-15,PHC_015,nurse,8,5,3
2025-04-15,PHC_015,pharmacist,3,3,0
2025-04-16,PHC_001,doctor,3,2,1
2025-04-16,PHC_001,nurse,5,5,0
2025-04-16,PHC_001,pharmacist,1,0,1
2025-04-16,PHC_002,doctor,2,2,0
2025-04-16,PHC_002,nurse,8,7,1
2025-04-16,PHC_002,pharmacist,2,0,2
2025-04-16,PHC_003,doctor,3,3,0
2025-04-16,PHC_003,nurse,7,6,1
2025-04-16,PHC_003,pharmacist,2,2,0
2025-04-16,PHC_004,doctor,2,1,1
2025-04-16,PHC_004,nurse,5,2,3
2025-04-16,PHC_004,pharmacist,1,1,0
2025-04-16,PHC_005,doctor,2,2,0
2025-04-16,PHC_005,nurse,5,5,0
2025-04-16,PHC_005,pharmacist,1,1,0
2025-04-16,PHC_006,doctor,2,2,0
2025-04-16,PHC_006,nurse,7,6,1
2025-04-16,PHC_006,pharmacist,2,1,1
2025-04-16,PHC_007,doctor,2,2,0
2025-04-16,PHC_007,nurse,5,3,2
2025-04-16,PHC_008,doctor,2,2,0
2025-04-16,PHC_008,nurse,4,4,0
2025-04-16,PHC_008,pharmacist,1,1,0
2025-04-16,PHC_009,doctor,2,2,0
2025-04-16,PHC_009,nurse,7,6,1
2025-04-16,PHC_009,pharmacist,2,2,0
2025-04-16,PHC_010,doctor,3,3,0
2025-04-16,PHC_010,nurse,4,4,0
2025-04-16,PHC_010,pharmacist,1,1,0
2025-04-16,PHC_011,doctor,3,3,0
2025-04-16,PHC_011,nurse,8,8,0
2025-04-16,PHC_011,pharmacist,2,1,1
2025-04-16,PHC_012,doctor,2,2,0
2025-04-16,PHC_012,nurse,3,3,0
2025-04-16,PHC_012,pharmacist,2,1,1
2025-04-16,PHC_013,doctor,3,3,0
2025-04-16,PHC_013,nurse,5,3,2
2025-04-16,PHC_013,pharmacist,1,1,0
2025-04-16,PHC_014,doctor,3,3,0
2025-04-16,PHC_014,nurse,4,4,0
2025-04-16,PHC_014,pharmacist,2,2,0
2025-04-16,PHC_015,doctor,2,1,1
2025-04-16,PHC_015,nurse,7,6,1
2025-04-16,PHC_015,pharmacist,3,2,1
2025-04-17,PHC_001,doctor,3,1,2
2025-04-17,PHC_001,nurse,5,5,0
2025-04-17,PHC_001,pharmacist,1,1,0
2025-04-17,PHC_002,doctor,2,2,0
2025-04-17,PHC_002,nurse,6,6,0
2025-04-17,PHC_002,pharmacist,3,2,1
2025-04-17,PHC_003,doctor,3,3,0
2025-04-17,PHC_003,nurse,6,6,0
2025-04-17,PHC_003,pharmacist,2,1,1
2025-04-17,PHC_004,doctor,1,1,0
2025-04-17,PHC_004,nurse,5,4,1
2025-04-17,PHC_004,pharmacist,1,1,0
2025-04-17,PHC_005,doctor,2,2,0
2025-04-17,PHC_005,nurse,6,4,2
2025-04-17,PHC_005,pharmacist,1,1,0
2025-04-17,PHC_006,doctor,2,2,0
2025-04-17,PHC_006,nurse,10,7,3
2025-04-17,PHC_006,pharmacist,1,1,0
2025-04-17,PHC_007,doctor,2,2,0
2025-04-17,PHC_007,nurse,4,3,1
2025-04-17,PHC_007,pharmacist,1,0,1
2025-04-17,PHC_008,doctor,1,1,0
2025-04-17,PHC_008,nurse,5,5,0
2025-04-17,PHC_008,pharmacist,1,1,0
2025-04-17,PHC_009,doctor,2,2,0
2025-04-17,PHC_009,nurse,7,7,0
2025-04-17,PHC_009,pharmacist,3,3,0
2025-04-17,PHC_010,doctor,2,2,0
2025-04-17,PHC_010,nurse,5,3,2
2025-04-17,PHC_010,pharmacist,1,1,0
2025-04-17,PHC_011,doctor,3,2,1
2025-04-17,PHC_011,nurse,5,5,0
2025-04-17,PHC_011,pharmacist,2,2,0
2025-04-17,PHC_012,doctor,2,2,0
2025-04-17,PHC_012,nurse,4,2,2
2025-04-17,PHC_012,pharmacist,2,2,0
2025-04-17,PHC_013,doctor,3,3,0
2025-04-17,PHC_013,nurse,5,5,0
2025-04-17,PHC_013,pharmacist,1,1,0
2025-04-17,PHC_014,doctor,1,1,0
2025-04-17,PHC_014,nurse,5,4,1
2025-04-17,PHC_014,pharmacist,2,1,1
2025-04-17,PHC_015,doctor,2,1,1
2025-04-17,PHC_015,nurse,8,5,3
2025-04-17,PHC_015,pharmacist,3,3,0
2025-04-18,PHC_001,doctor,3,2,1
2025-04-18,PHC_001,nurse,7,5,2
2025-04-18,PHC_001,pharmacist,1,1,0
2025-04-18,PHC_002,doctor,1,1,0
2025-04-18,PHC_002,nurse,9,8,1
2025-04-18,PHC_002,pharmacist,1,1,0
2025-04-18,PHC_003,doctor,2,2,0
2025-04-18,PHC_003,nurse,9,9,0
2025-04-18,PHC_003,pharmacist,2,1,1
2025-04-18,PHC_004,doctor,1,1,0
2025-04-18,PHC_004,nurse,5,4,1
2025-04-18,PHC_004,pharmacist,1,0,1
2025-04-18,PHC_005,doctor,2,1,1
2025-04-18,PHC_005,nurse,5,4,1
2025-04-18,PHC_005,pharmacist,1,1,0
2025-04-18,PHC_006,doctor,3,2,1
2025-04-18,PHC_006,nurse,8,7,1
2025-04-18,PHC_006,pharmacist,1,1,0
2025-04-18,PHC_007,doctor,1,1,0
2025-04-18,PHC_007,nurse,5,3,2
2025-04-18,PHC_007,pharmacist,1,0,1
2025-04-18,PHC_008,doctor,1,1,0
2025-04-18,PHC_008,nurse,4,3,1
2025-04-18,PHC_008,pharmacist,1,1,0
2025-04-18,PHC_009,doctor,2,1,1
2025-04-18,PHC_009,nurse,6,5,1
2025-04-18,PHC_009,pharmacist,3,3,0
2025-04-18,PHC_010,doctor,3,3,0
2025-04-18,PHC_010,nurse,4,4,0
2025-04-18,PHC_010,pharmacist,1,1,0
2025-04-18,PHC_011,doctor,2,1,1
2025-04-18,PHC_011,nurse,7,4,3
2025-04-18,PHC_011,pharmacist,2,2,0
2025-04-18,PHC_012,doctor,2,2,0
2025-04-18,PHC_012,nurse,3,2,1
2025-04-18,PHC_012,pharmacist,2,2,0
2025-04-18,PHC_013,doctor,3,2,1
2025-04-18,PHC_013,nurse,6,6,0
2025-04-18,PHC_013,pharmacist,1,1,0
2025-04-18,PHC_014,doctor,2,2,0
2025-04-18,PHC_014,nurse,5,5,0
2025-04-18,PHC_014,pharmacist,2,1,1
2025-04-18,PHC_015,doctor,2,2,0
2025-04-18,PHC_015,nurse,7,3,4
2025-04-18,PHC_015,pharmacist,2,2,0
2025-04-19,PHC_001,doctor,2,2,0
2025-04-19,PHC_001,nurse,5,4,1
2025-04-19,PHC_002,doctor,1,1,0
2025-04-19,PHC_002,nurse,9,8,1
2025-04-19,PHC_002,pharmacist,3,1,2
2025-04-19,PHC_003,doctor,3,2,1
2025-04-19,PHC_003,nurse,8,8,0
2025-04-19,PHC_003,pharmacist,2,2,0
2025-04-19,PHC_004,doctor,2,2,0
2025-04-19,PHC_004,nurse,6,5,1
2025-04-19,PHC_004,pharmacist,1,1,0
2025-04-19,PHC_005,doctor,2,1,1
2025-04-19,PHC_005,nurse,5,4,1
2025-04-19,PHC_006,doctor,3,3,0
2025-04-19,PHC_006,nurse,9,8,1
2025-04-19,PHC_006,pharmacist,2,1,1
2025-04-19,PHC_007,doctor,1,0,1
2025-04-19,PHC_007,nurse,4,3,1
2025-04-19,PHC_007,pharmacist,1,1,0
2025-04-19,PHC_008,doctor,2,2,0
2025-04-19,PHC_008,nurse,5,4,1
2025-04-19,PHC_008,pharmacist,1,1,0
2025-04-19,PHC_009,doctor,2,2,0
2025-04-19,PHC_009,nurse,6,5,1
2025-04-19,PHC_009,pharmacist,3,3,0
2025-04-19,PHC_010,doctor,3,3,0
2025-04-19,PHC_010,nurse,3,3,0
2025-04-19,PHC_010,pharmacist,1,1,0
2025-04-19,PHC_011,doctor,2,2,0
2025-04-19,PHC_011,nurse,7,6,1
2025-04-19,PHC_011,pharmacist,1,1,0
2025-04-19,PHC_012,doctor,2,2,0
2025-04-19,PHC_012,nurse,4,4,0
2025-04-19,PHC_012,pharmacist,2,2,0
2025-04-19,PHC_013,doctor,3,2,1
2025-04-19,PHC_013,nurse,5,4,1
2025-04-19,PHC_013,pharmacist,1,1,0
2025-04-19,PHC_014,doctor,3,1,2
2025-04-19,PHC_014,nurse,1,1,0
2025-04-19,PHC_014,pharmacist,2,0,2
2025-04-19,PHC_015,doctor,1,1,0
2025-04-19,PHC_015,nurse,8,7,1
2025-04-19,PHC_015,pharmacist,3,3,0
2025-04-20,PHC_001,doctor,3,3,0
2025-04-20,PHC_001,nurse,6,4,2
2025-04-20,PHC_001,pharmacist,1,1,0
2025-04-20,PHC_002,doctor,2,2,0
2025-04-20,PHC_002,nurse,9,8,1
2025-04-20,PHC_002,pharmacist,3,2,1
2025-04-20,PHC_003,doctor,2,2,0
2025-04-20,PHC_003,nurse,7,4,3
2025-04-20,PHC_003,pharmacist,1,0,1
2025-04-20,PHC_004,doctor,2,2,0
2025-04-20,PHC_004,nurse,6,3,3
2025-04-20,PHC_004,pharmacist,1,1,0
2025-04-20,PHC_005,doctor,2,2,0
2025-04-20,PHC_005,nurse,6,5,1
2025-04-20,PHC_005,pharmacist,1,1,0
2025-04-20,PHC_006,doctor,3,2,1
2025-04-20,PHC_006,nurse,9,8,1
2025-04-20,PHC_006,pharmacist,2,1,1
2025-04-20,PHC_007,doctor,2,2,0
2025-04-20,PHC_007,nurse,5,3,2
2025-04-20,PHC_007,pharmacist,1,0,1
2025-04-20,PHC_008,doctor,2,2,0
2025-04-20,PHC_008,nurse,5,3,2
2025-04-20,PHC_009,doctor,2,2,0
2025-04-20,PHC_009,nurse,7,5,2
2025-04-20,PHC_009,pharmacist,2,1,1
2025-04-20,PHC_010,doctor,3,2,1
2025-04-20,PHC_010,nurse,5,5,0
2025-04-20,PHC_010,pharmacist,1,1,0
2025-04-20,PHC_011,doctor,2,1,1
2025-04-20,PHC_011,nurse,8,7,1
2025-04-20,PHC_011,pharmacist,1,1,0
2025-04-20,PHC_012,doctor,2,1,1
2025-04-20,PHC_012,nurse,3,3,0
2025-04-20,PHC_012,pharmacist,2,2,0
2025-04-20,PHC_013,doctor,1,1,0
2025-04-20,PHC_013,nurse,6,3,3
2025-04-20,PHC_013,pharmacist,1,1,0
2025-04-20,PHC_014,doctor,2,1,1
2025-04-20,PHC_014,nurse,4,3,1
2025-04-20,PHC_014,pharmacist,2,2,0
2025-04-20,PHC_015,doctor,2,1,1
2025-04-20,PHC_015,nurse,9,7,2
2025-04-20,PHC_015,pharmacist,3,2,1
2025-04-21,PHC_001,doctor,2,2,0
2025-04-21,PHC_001,nurse,7,7,0
2025-04-21,PHC_001,pharmacist,1,1,0
2025-04-21,PHC_002,doctor,2,2,0
2025-04-21,PHC_002,nurse,5,3,2
2025-04-21,PHC_002,pharmacist,3,2,1
2025-04-21,PHC_003,doctor,3,3,0
2025-04-21,PHC_003,nurse,8,7,1
2025-04-21,PHC_003,pharmacist,2,2,0
2025-04-21,PHC_004,doctor,2,2,0
2025-04-21,PHC_004,nurse,6,5,1
2025-04-21,PHC_004,pharmacist,1,1,0
2025-04-21,PHC_005,doctor,1,1,0
2025-04-21,PHC_005,nurse,6,4,2
2025-04-21,PHC_005,pharmacist,1,1,0
2025-04-21,PHC_006,doctor,3,2,1
2025-04-21,PHC_006,nurse,9,9,0
2025-04-21,PHC_006,pharmacist,2,2,0
2025-04-21,PHC_007,doctor,1,1,0
2025-04-21,PHC_007,nurse,5,4,1
2025-04-21,PHC_007,pharmacist,1,1,0
2025-04-21,PHC_008,doctor,1,1,0
2025-04-21,PHC_008,nurse,4,3,1
2025-04-21,PHC_008,pharmacist,1,1,0
2025-04-21,PHC_009,doctor,2,2,0
2025-04-21,PHC_009,nurse,6,6,0
2025-04-21,PHC_009,pharmacist,2,2,0
2025-04-21,PHC_010,doctor,3,1,2
2025-04-21,PHC_010,nurse,5,5,0
2025-04-21,PHC_010,pharmacist,1,0,1
2025-04-21,PHC_011,doctor,3,2,1
2025-04-21,PHC_011,nurse,7,5,2
2025-04-21,PHC_011,pharmacist,1,1,0
2025-04-21,PHC_012,doctor,1,1,0
2025-04-21,PHC_012,nurse,4,4,0
2025-04-21,PHC_012,pharmacist,2,1,1
2025-04-21,PHC_013,doctor,3,3,0
2025-04-21,PHC_013,nurse,5,5,0
2025-04-21,PHC_013,pharmacist,1,0,1
2025-04-21,PHC_014,doctor,3,2,1
2025-04-21,PHC_014,nurse,3,3,0
2025-04-21,PHC_014,pharmacist,1,1,0
2025-04-21,PHC_015,doctor,2,2,0
2025-04-21,PHC_015,nurse,5,5,0
2025-04-21,PHC_015,pharmacist,3,2,1
2025-04-22,PHC_001,doctor,2,2,0
2025-04-22,PHC_001,nurse,6,2,4
2025-04-22,PHC_001,pharmacist,1,1,0
2025-04-22,PHC_002,doctor,2,2,0
2025-04-22,PHC_002,nurse,9,7,2
2025-04-22,PHC_002,pharmacist,2,1,1
2025-04-22,PHC_003,doctor,2,1,1
2025-04-22,PHC_003,nurse,8,6,2
2025-04-22,PHC_003,pharmacist,2,2,0
2025-04-22,PHC_004,doctor,2,2,0
2025-04-22,PHC_004,nurse,6,6,0
2025-04-22,PHC_004,pharmacist,1,1,0
2025-04-22,PHC_005,doctor,2,2,0
2025-04-22,PHC_005,nurse,5,5,0
2025-04-22,PHC_005,pharmacist,1,0,1
2025-04-22,PHC_006,doctor,3,2,1
2025-04-22,PHC_006,nurse,10,8,2
2025-04-22,PHC_006,pharmacist,2,2,0
2025-04-22,PHC_007,nurse,3,3,0
2025-04-22,PHC_007,pharmacist,1,1,0
2025-04-22,PHC_008,doctor,2,2,0
2025-04-22,PHC_008,nurse,4,4,0
2025-04-22,PHC_008,pharmacist,1,1,0
2025-04-22,PHC_009,doctor,2,2,0
2025-04-22,PHC_009,nurse,7,7,0
2025-04-22,PHC_009,pharmacist,3,2,1
2025-04-22,PHC_010,doctor,2,2,0
2025-04-22,PHC_010,nurse,5,4,1
2025-04-22,PHC_010,pharmacist,1,1,0
2025-04-22,PHC_011,doctor,3,2,1
2025-04-22,PHC_011,nurse,6,4,2
2025-04-22,PHC_011,pharmacist,2,2,0
2025-04-22,PHC_012,doctor,2,1,1
2025-04-22,PHC_012,nurse,2,2,0
2025-04-22,PHC_012,pharmacist,2,2,0
2025-04-22,PHC_013,doctor,2,2,0
2025-04-22,PHC_013,nurse,6,5,1
2025-04-22,PHC_013,pharmacist,1,0,1
2025-04-22,PHC_014,doctor,3,3,0
2025-04-22,PHC_014,nurse,3,3,0
2025-04-22,PHC_014,pharmacist,2,2,0
2025-04-22,PHC_015,doctor,2,1,1
2025-04-22,PHC_015,nurse,7,5,2
2025-04-22,PHC_015,pharmacist,3,3,0
2025-04-23,PHC_001,doctor,2,2,0
2025-04-23,PHC_001,nurse,5,4,1
2025-04-23,PHC_001,pharmacist,1,1,0
2025-04-23,PHC_002,doctor,2,2,0
2025-04-23,PHC_002,nurse,5,4,1
2025-04-23,PHC_002,pharmacist,3,1,2
2025-04-23,PHC_003,doctor,3,3,0
2025-04-23,PHC_003,nurse,9,6,3
2025-04-23,PHC_004,doctor,2,2,0
2025-04-23,PHC_004,nurse,5,4,1
2025-04-23,PHC_004,pharmacist,1,1,0
2025-04-23,PHC_005,doctor,2,2,0
2025-04-23,PHC_005,nurse,4,1,3
2025-04-23,PHC_005,pharmacist,1,1,0
2025-04-23,PHC_006,doctor,3,2,1
2025-04-23,PHC_006,nurse,10,8,2
2025-04-23,PHC_006,pharmacist,2,1,1
2025-04-23,PHC_007,doctor,1,0,1
2025-04-23,PHC_007,nurse,5,2,3
2025-04-23,PHC_007,pharmacist,1,0,1
2025-04-23,PHC_008,nurse,5,5,0
2025-04-23,PHC_008,pharmacist,1,1,0
2025-04-23,PHC_009,doctor,2,2,0
2025-04-23,PHC_009,nurse,5,5,0
2025-04-23,PHC_009,pharmacist,3,2,1
2025-04-23,PHC_010,doctor,2,2,0
2025-04-23,PHC_010,nurse,3,3,0
2025-04-23,PHC_010,pharmacist,1,1,0
2025-04-23,PHC_011,doctor,3,2,1
2025-04-23,PHC_011,nurse,8,7,1
2025-04-23,PHC_011,pharmacist,2,2,0
2025-04-23,PHC_012,doctor,2,2,0
2025-04-23,PHC_012,nurse,3,2,1
2025-04-23,PHC_012,pharmacist,2,1,1
2025-04-23,PHC_013,doctor,1,1,0
2025-04-23,PHC_013,nurse,5,5,0
2025-04-23,PHC_013,pharmacist,1,1,0
2025-04-23,PHC_014,doctor,3,3,0
2025-04-23,PHC_014,nurse,2,2,0
2025-04-23,PHC_014,pharmacist,2,2,0
2025-04-23,PHC_015,doctor,2,1,1
2025-04-23,PHC_015,nurse,9,7,2
2025-04-23,PHC_015,pharmacist,2,2,0
2025-04-24,PHC_001,doctor,3,3,0
2025-04-24,PHC_001,nurse,6,5,1
2025-04-24,PHC_001,pharmacist,1,1,0
2025-04-24,PHC_002,doctor,2,2,0
2025-04-24,PHC_002,nurse,8,6,2
2025-04-24,PHC_002,pharmacist,3,3,0
2025-04-24,PHC_003,doctor,3,3,0
2025-04-24,PHC_003,nurse,8,7,1
2025-04-24,PHC_003,pharmacist,2,2,0
2025-04-24,PHC_004,doctor,2,2,0
2025-04-24,PHC_004,nurse,3,3,0
2025-04-24,PHC_004,pharmacist,1,1,0
2025-04-24,PHC_005,doctor,2,0,2
2025-04-24,PHC_005,nurse,4,2,2
2025-04-24,PHC_005,pharmacist,1,1,0
2025-04-24,PHC_006,doctor,3,2,1
2025-04-24,PHC_006,nurse,6,5,1
2025-04-24,PHC_006,pharmacist,1,0,1
2025-04-24,PHC_007,doctor,2,1,1
2025-04-24,PHC_007,nurse,3,2,1
2025-04-24,PHC_007,pharmacist,1,1,0
2025-04-24,PHC_008,doctor,2,2,0
2025-04-24,PHC_008,nurse,5,4,1
2025-04-24,PHC_008,pharmacist,1,1,0
2025-04-24,PHC_009,doctor,1,0,1
2025-04-24,PHC_009,nurse,7,7,0
2025-04-24,PHC_009,pharmacist,2,2,0
2025-04-24,PHC_010,doctor,2,2,0
2025-04-24,PHC_010,nurse,3,2,1
2025-04-24,PHC_010,pharmacist,1,1,0
2025-04-24,PHC_011,doctor,2,2,0
2025-04-24,PHC_011,nurse,7,4,3
2025-04-24,PHC_011,pharmacist,1,1,0
2025-04-24,PHC_012,doctor,2,1,1
2025-04-24,PHC_012,nurse,3,3,0
2025-04-24,PHC_012,pharmacist,2,1,1
2025-04-24,PHC_013,doctor,3,3,0
2025-04-24,PHC_013,nurse,5,5,0
2025-04-24,PHC_013,pharmacist,1,1,0
2025-04-24,PHC_014,doctor,2,2,0
2025-04-24,PHC_014,nurse,3,3,0
2025-04-24,PHC_015,doctor,2,1,1
2025-04-24,PHC_015,nurse,8,5,3
2025-04-24,PHC_015,pharmacist,2,1,1
2025-04-25,PHC_001,doctor,3,2,1
2025-04-25,PHC_001,nurse,7,6,1
2025-04-25,PHC_001,pharmacist,1,1,0
2025-04-25,PHC_002,doctor,1,1,0
2025-04-25,PHC_002,nurse,9,8,1
2025-04-25,PHC_002,pharmacist,2,1,1
2025-04-25,PHC_003,doctor,3,3,0
2025-04-25,PHC_003,nurse,7,6,1
2025-04-25,PHC_003,pharmacist,1,1,0
2025-04-25,PHC_004,doctor,1,1,0
2025-04-25,PHC_004,nurse,6,6,0
2025-04-25,PHC_005,doctor,1,1,0
2025-04-25,PHC_005,nurse,6,6,0
2025-04-25,PHC_005,pharmacist,1,1,0
2025-04-25,PHC_006,doctor,3,3,0
2025-04-25,PHC_006,nurse,7,5,2
2025-04-25,PHC_006,pharmacist,2,2,0
2025-04-25,PHC_007,doctor,2,2,0
2025-04-25,PHC_007,nurse,3,2,1
2025-04-25,PHC_007,pharmacist,1,1,0
2025-04-25,PHC_008,doctor,2,2,0
2025-04-25,PHC_008,nurse,5,5,0
2025-04-25,PHC_008,pharmacist,1,1,0
2025-04-25,PHC_009,doctor,2,2,0
2025-04-25,PHC_009,nurse,8,8,0
2025-04-25,PHC_009,pharmacist,1,1,0
2025-04-25,PHC_010,doctor,2,1,1
2025-04-25,PHC_010,nurse,5,4,1
2025-04-25,PHC_010,pharmacist,1,1,0
2025-04-25,PHC_011,doctor,2,1,1
2025-04-25,PHC_011,nurse,7,6,1
2025-04-25,PHC_011,pharmacist,2,1,1
2025-04-25,PHC_012,nurse,4,2,2
2025-04-25,PHC_012,pharmacist,2,2,0
2025-04-25,PHC_013,doctor,3,3,0
2025-04-25,PHC_013,nurse,6,6,0
2025-04-25,PHC_013,pharmacist,1,1,0
2025-04-25,PHC_014,doctor,2,2,0
2025-04-25,PHC_014,nurse,4,4,0
2025-04-25,PHC_014,pharmacist,1,0,1
2025-04-25,PHC_015,doctor,1,1,0
2025-04-25,PHC_015,nurse,8,7,1
2025-04-25,PHC_015,pharmacist,1,0,1
2025-04-26,PHC_001,doctor,3,3,0
2025-04-26,PHC_001,nurse,6,6,0
2025-04-26,PHC_001,pharmacist,1,1,0
2025-04-26,PHC_002,doctor,2,1,1
2025-04-26,PHC_002,nurse,8,7,1
2025-04-26,PHC_002,pharmacist,2,1,1
2025-04-26,PHC_003,doctor,3,3,0
2025-04-26,PHC_003,nurse,9,8,1
2025-04-26,PHC_003,pharmacist,2,1,1
2025-04-26,PHC_004,doctor,2,2,0
2025-04-26,PHC_004,nurse,5,3,2
2025-04-26,PHC_004,pharmacist,1,1,0
2025-04-26,PHC_005,doctor,1,1,0
2025-04-26,PHC_005,nurse,5,2,3
2025-04-26,PHC_006,doctor,2,1,1
2025-04-26,PHC_006,nurse,9,8,1
2025-04-26,PHC_006,pharmacist,2,1,1
2025-04-26,PHC_007,doctor,2,2,0
2025-04-26,PHC_007,nurse,5,4,1
2025-04-26,PHC_007,pharmacist,1,1,0
2025-04-26,PHC_008,doctor,2,1,1
2025-04-26,PHC_008,nurse,5,5,0
2025-04-26,PHC_008,pharmacist,1,1,0
2025-04-26,PHC_009,doctor,2,2,0
2025-04-26,PHC_009,nurse,7,7,0
2025-04-26,PHC_009,pharmacist,3,2,1
2025-04-26,PHC_010,doctor,3,2,1
2025-04-26,PHC_010,nurse,4,2,2
2025-04-26,PHC_010,pharmacist,1,1,0
2025-04-26,PHC_011,doctor,2,2,0
2025-04-26,PHC_011,nurse,8,7,1
2025-04-26,PHC_011,pharmacist,2,2,0
2025-04-26,PHC_012,doctor,2,1,1
2025-04-26,PHC_012,nurse,4,2,2
2025-04-26,PHC_012,pharmacist,1,1,0
2025-04-26,PHC_013,doctor,3,3,0
2025-04-26,PHC_013,nurse,6,6,0
2025-04-26,PHC_013,pharmacist,1,1,0
2025-04-26,PHC_014,doctor,3,3,0
2025-04-26,PHC_014,nurse,5,5,0
2025-04-26,PHC_014,pharmacist,1,1,0
2025-04-26,PHC_015,doctor,2,1,1
2025-04-26,PHC_015,nurse,8,5,3
2025-04-26,PHC_015,pharmacist,3,2,1
2025-04-27,PHC_001,doctor,2,2,0
2025-04-27,PHC_001,nurse,7,6,1
2025-04-27,PHC_001,pharmacist,1,1,0
2025-04-27,PHC_002,doctor,2,2,0
2025-04-27,PHC_002,nurse,8,6,2
2025-04-27,PHC_002,pharmacist,3,1,2
2025-04-27,PHC_003,doctor,3,3,0
2025-04-27,PHC_003,nurse,8,5,3
2025-04-27,PHC_003,pharmacist,2,1,1
2025-04-27,PHC_004,doctor,2,1,1
2025-04-27,PHC_004,nurse,5,3,2
2025-04-27,PHC_004,pharmacist,1,1,0
2025-04-27,PHC_005,doctor,2,2,0
2025-04-27,PHC_005,nurse,5,3,2
2025-04-27,PHC_005,pharmacist,1,1,0
2025-04-27,PHC_006,doctor,2,1,1
2025-04-27,PHC_006,nurse,9,7,2
2025-04-27,PHC_006,pharmacist,2,2,0
2025-04-27,PHC_007,doctor,2,1,1
2025-04-27,PHC_007,nurse,4,3,1
2025-04-27,PHC_007,pharmacist,1,1,0
2025-04-27,PHC_008,doctor,1,1,0
2025-04-27,PHC_008,nurse,4,3,1
2025-04-27,PHC_008,pharmacist,1,1,0
2025-04-27,PHC_009,doctor,1,1,0
2025-04-27,PHC_009,nurse,8,8,0
2025-04-27,PHC_009,pharmacist,2,2,0
2025-04-27,PHC_010,doctor,3,3,0
2025-04-27,PHC_010,nurse,4,4,0
2025-04-27,PHC_010,pharmacist,1,1,0
2025-04-27,PHC_011,doctor,3,1,2
2025-04-27,PHC_011,nurse,8,6,2
2025-04-27,PHC_011,pharmacist,1,1,0
2025-04-27,PHC_012,doctor,1,1,0
2025-04-27,PHC_012,nurse,4,3,1
2025-04-27,PHC_012,pharmacist,1,1,0
2025-04-27,PHC_013,doctor,2,1,1
2025-04-27,PHC_013,nurse,4,3,1
2025-04-27,PHC_013,pharmacist,1,1,0
2025-04-27,PHC_014,doctor,1,1,0
2025-04-27,PHC_014,nurse,5,5,0
2025-04-27,PHC_014,pharmacist,2,2,0
2025-04-27,PHC_015,doctor,2,2,0
2025-04-27,PHC_015,nurse,9,6,3
2025-04-27,PHC_015,pharmacist,3,2,1
2025-04-28,PHC_001,doctor,3,3,0
2025-04-28,PHC_001,nurse,7,5,2
2025-04-28,PHC_001,pharmacist,1,1,0
2025-04-28,PHC_002,doctor,2,2,0
2025-04-28,PHC_002,nurse,7,4,3
2025-04-28,PHC_002,pharmacist,3,2,1
2025-04-28,PHC_003,doctor,2,1,1
2025-04-28,PHC_003,nurse,7,6,1
2025-04-28,PHC_003,pharmacist,1,1,0
2025-04-28,PHC_004,doctor,2,2,0
2025-04-28,PHC_004,nurse,6,4,2
2025-04-28,PHC_004,pharmacist,1,1,0
2025-04-28,PHC_005,doctor,2,2,0
2025-04-28,PHC_005,nurse,5,3,2
2025-04-28,PHC_005,pharmacist,1,1,0
2025-04-28,PHC_006,doctor,1,1,0
2025-04-28,PHC_006,nurse,10,9,1
2025-04-28,PHC_006,pharmacist,2,2,0
2025-04-28,PHC_007,doctor,2,2,0
2025-04-28,PHC_007,nurse,3,2,1
2025-04-28,PHC_007,pharmacist,1,1,0
2025-04-28,PHC_008,doctor,2,2,0
2025-04-28,PHC_008,nurse,4,4,0
2025-04-28,PHC_008,pharmacist,1,1,0
2025-04-28,PHC_009,doctor,1,0,1
2025-04-28,PHC_009,nurse,7,5,2
2025-04-28,PHC_009,pharmacist,3,2,1
2025-04-28,PHC_010,doctor,3,3,0
2025-04-28,PHC_010,nurse,4,4,0
2025-04-28,PHC_010,pharmacist,1,0,1
2025-04-28,PHC_011,doctor,2,1,1
2025-04-28,PHC_011,nurse,6,5,1
2025-04-28,PHC_011,pharmacist,2,2,0
2025-04-28,PHC_012,doctor,1,1,0
2025-04-28,PHC_012,nurse,4,3,1
2025-04-28,PHC_012,pharmacist,2,2,0
2025-04-28,PHC_013,doctor,3,3,0
2025-04-28,PHC_013,nurse,5,4,1
2025-04-28,PHC_013,pharmacist,1,0,1
2025-04-28,PHC_014,doctor,3,3,0
2025-04-28,PHC_014,nurse,2,2,0
2025-04-28,PHC_014,pharmacist,2,2,0
2025-04-28,PHC_015,doctor,2,2,0
2025-04-28,PHC_015,nurse,9,9,0
2025-04-28,PHC_015,pharmacist,3,2,1
2025-04-29,PHC_001,doctor,2,2,0
2025-04-29,PHC_001,nurse,5,5,0
2025-04-29,PHC_001,pharmacist,1,1,0
2025-04-29,PHC_002,doctor,2,2,0
2025-04-29,PHC_002,nurse,7,6,1
2025-04-29,PHC_002,pharmacist,3,2,1
2025-04-29,PHC_003,doctor,2,2,0
2025-04-29,PHC_003,nurse,9,7,2
2025-04-29,PHC_003,pharmacist,2,2,0
2025-04-29,PHC_004,doctor,2,2,0
2025-04-29,PHC_004,nurse,3,3,0
2025-04-29,PHC_004,pharmacist,1,1,0
2025-04-29,PHC_005,doctor,1,1,0
2025-04-29,PHC_005,nurse,6,5,1
2025-04-29,PHC_005,pharmacist,1,1,0
2025-04-29,PHC_006,doctor,1,1,0
2025-04-29,PHC_006,nurse,8,8,0
2025-04-29,PHC_006,pharmacist,2,1,1
2025-04-29,PHC_007,doctor,1,0,1
2025-04-29,PHC_007,nurse,4,0,4
2025-04-29,PHC_007,pharmacist,1,1,0
2025-04-29,PHC_008,doctor,2,2,0
2025-04-29,PHC_008,nurse,4,2,2
2025-04-29,PHC_008,pharmacist,1,1,0
2025-04-29,PHC_009,doctor,2,2,0
2025-04-29,PHC_009,nurse,8,5,3
2025-04-29,PHC_009,pharmacist,3,3,0
2025-04-29,PHC_010,doctor,3,2,1
2025-04-29,PHC_010,nurse,3,2,1
2025-04-29,PHC_010,pharmacist,1,0,1
2025-04-29,PHC_011,doctor,3,1,2
2025-04-29,PHC_011,nurse,6,5,1
2025-04-29,PHC_011,pharmacist,2,1,1
2025-04-29,PHC_012,nurse,4,2,2
2025-04-29,PHC_012,pharmacist,2,1,1
2025-04-29,PHC_013,doctor,3,2,1
2025-04-29,PHC_013,nurse,6,5,1
2025-04-29,PHC_013,pharmacist,1,1,0
2025-04-29,PHC_014,doctor,2,1,1
2025-04-29,PHC_014,nurse,3,3,0
2025-04-29,PHC_014,pharmacist,2,2,0
2025-04-29,PHC_015,doctor,2,2,0
2025-04-29,PHC_015,nurse,8,5,3
2025-04-29,PHC_015,pharmacist,1,1,0
2025-04-30,PHC_001,doctor,3,3,0
2025-04-30,PHC_001,nurse,6,4,2
2025-04-30,PHC_001,pharmacist,1,0,1
2025-04-30,PHC_002,doctor,1,1,0
2025-04-30,PHC_002,nurse,8,6,2
2025-04-30,PHC_002,pharmacist,3,3,0
2025-04-30,PHC_003,doctor,3,3,0
2025-04-30,PHC_003,nurse,7,7,0
2025-04-30,PHC_003,pharmacist,2,2,0
2025-04-30,PHC_004,doctor,2,1,1
2025-04-30,PHC_004,nurse,6,6,0
2025-04-30,PHC_004,pharmacist,1,1,0
2025-04-30,PHC_005,doctor,2,2,0
2025-04-30,PHC_005,nurse,5,4,1
2025-04-30,PHC_005,pharmacist,1,1,0
2025-04-30,PHC_006,doctor,3,3,0
2025-04-30,PHC_006,nurse,10,7,3
2025-04-30,PHC_006,pharmacist,1,0,1
2025-04-30,PHC_007,nurse,4,3,1
2025-04-30,PHC_007,pharmacist,1,1,0
2025-04-30,PHC_008,doctor,2,2,0
2025-04-30,PHC_008,nurse,4,3,1
2025-04-30,PHC_008,pharmacist,1,1,0
2025-04-30,PHC_009,doctor,2,2,0
2025-04-30,PHC_009,nurse,6,4,2
2025-04-30,PHC_009,pharmacist,3,3,0
2025-04-30,PHC_010,doctor,3,3,0
2025-04-30,PHC_010,nurse,4,4,0
2025-04-30,PHC_010,pharmacist,1,1,0
2025-04-30,PHC_011,doctor,2,2,0
2025-04-30,PHC_011,nurse,6,5,1
2025-04-30,PHC_012,doctor,2,1,1
2025-04-30,PHC_012,nurse,4,3,1
2025-04-30,PHC_012,pharmacist,2,2,0
2025-04-30,PHC_013,doctor,3,3,0
2025-04-30,PHC_013,nurse,6,4,2
2025-04-30,PHC_013,pharmacist,1,1,0
2025-04-30,PHC_014,doctor,1,1,0
2025-04-30,PHC_014,nurse,4,4,0
2025-04-30,PHC_014,pharmacist,1,1,0
2025-04-30,PHC_015,nurse,8,8,0
2025-04-30,PHC_015,pharmacist,3,2,1
2025-05-01,PHC_001,doctor,2,2,0
2025-05-01,PHC_001,nurse,7,4,3
2025-05-01,PHC_002,doctor,2,2,0
2025-05-01,PHC_002,nurse,7,4,3
2025-05-01,PHC_002,pharmacist,1,1,0
2025-05-01,PHC_003,doctor,3,2,1
2025-05-01,PHC_003,nurse,8,7,1
2025-05-01,PHC_003,pharmacist,2,1,1
2025-05-01,PHC_004,doctor,2,2,0
2025-05-01,PHC_004,nurse,6,4,2
2025-05-01,PHC_004,pharmacist,1,1,0
2025-05-01,PHC_005,nurse,6,4,2
2025-05-01,PHC_005,pharmacist,1,1,0
2025-05-01,PHC_006,doctor,2,2,0
2025-05-01,PHC_006,nurse,6,4,2
2025-05-01,PHC_006,pharmacist,2,2,0
2025-05-01,PHC_007,doctor,2,2,0
2025-05-01,PHC_007,nurse,3,2,1
2025-05-01,PHC_007,pharmacist,1,1,0
2025-05-01,PHC_008,doctor,1,1,0
2025-05-01,PHC_008,nurse,5,5,0
2025-05-01,PHC_008,pharmacist,1,1,0
2025-05-01,PHC_009,doctor,1,0,1
2025-05-01,PHC_009,nurse,8,8,0
2025-05-01,PHC_009,pharmacist,3,3,0
2025-05-01,PHC_010,doctor,3,3,0
2025-05-01,PHC_010,nurse,4,3,1
2025-05-01,PHC_010,pharmacist,1,0,1
2025-05-01,PHC_011,doctor,2,2,0
2025-05-01,PHC_011,nurse,5,5,0
2025-05-01,PHC_011,pharmacist,2,1,1
2025-05-01,PHC_012,doctor,2,2,0
2025-05-01,PHC_012,nurse,4,2,2
2025-05-01,PHC_012,pharmacist,2,1,1
2025-05-01,PHC_013,doctor,3,3,0
2025-05-01,PHC_013,nurse,4,2,2
2025-05-01,PHC_013,pharmacist,1,1,0
2025-05-01,PHC_014,doctor,3,3,0
2025-05-01,PHC_014,nurse,5,4,1
2025-05-01,PHC_014,pharmacist,2,2,0
2025-05-01,PHC_015,doctor,2,0,2
2025-05-01,PHC_015,nurse,9,7,2
2025-05-01,PHC_015,pharmacist,2,2,0
2025-05-02,PHC_001,doctor,2,2,0
2025-05-02,PHC_001,nurse,5,4,1
2025-05-02,PHC_001,pharmacist,1,1,0
2025-05-02,PHC_002,doctor,2,0,2
2025-05-02,PHC_002,nurse,8,8,0
2025-05-02,PHC_002,pharmacist,3,2,1
2025-05-02,PHC_003,doctor,2,2,0
2025-05-02,PHC_003,nurse,7,6,1
2025-05-02,PHC_003,pharmacist,1,1,0
2025-05-02,PHC_004,doctor,2,1,1
2025-05-02,PHC_004,nurse,5,5,0
2025-05-02,PHC_004,pharmacist,1,1,0
2025-05-02,PHC_005,doctor,1,0,1
2025-05-02,PHC_005,nurse,6,4,2
2025-05-02,PHC_005,pharmacist,1,1,0
2025-05-02,PHC_006,doctor,3,1,2
2025-05-02,PHC_006,nurse,9,9,0
2025-05-02,PHC_006,pharmacist,2,1,1
2025-05-02,PHC_007,doctor,1,1,0
2025-05-02,PHC_007,nurse,5,3,2
2025-05-02,PHC_008,doctor,2,2,0
2025-05-02,PHC_008,nurse,5,5,0
2025-05-02,PHC_008,pharmacist,1,1,0
2025-05-02,PHC_009,doctor,2,2,0
2025-05-02,PHC_009,nurse,7,6,1
2025-05-02,PHC_009,pharmacist,3,3,0
2025-05-02,PHC_010,doctor,3,3,0
2025-05-02,PHC_010,nurse,5,4,1
2025-05-02,PHC_010,pharmacist,1,1,0
2025-05-02,PHC_011,doctor,1,1,0
2025-05-02,PHC_011,nurse,8,5,3
2025-05-02,PHC_011,pharmacist,1,0,1
2025-05-02,PHC_012,doctor,2,2,0
2025-05-02,PHC_012,nurse,3,0,3
2025-05-02,PHC_012,pharmacist,2,2,0
2025-05-02,PHC_013,doctor,2,2,0
2025-05-02,PHC_013,nurse,3,3,0
2025-05-02,PHC_013,pharmacist,1,1,0
2025-05-02,PHC_014,doctor,3,2,1
2025-05-02,PHC_014,nurse,4,3,1
2025-05-02,PHC_014,pharmacist,2,1,1
2025-05-02,PHC_015,doctor,2,2,0
2025-05-02,PHC_015,nurse,9,7,2
2025-05-02,PHC_015,pharmacist,2,1,1
2025-05-03,PHC_001,doctor,3,3,0
2025-05-03,PHC_001,nurse,7,7,0
2025-05-03,PHC_001,pharmacist,1,0,1
2025-05-03,PHC_002,doctor,2,2,0
2025-05-03,PHC_002,nurse,7,6,1
2025-05-03,PHC_002,pharmacist,2,1,1
2025-05-03,PHC_003,doctor,2,2,0
2025-05-03,PHC_003,nurse,8,7,1
2025-05-03,PHC_003,pharmacist,2,2,0
2025-05-03,PHC_004,doctor,2,2,0
2025-05-03,PHC_004,nurse,5,4,1
2025-05-03,PHC_004,pharmacist,1,1,0
2025-05-03,PHC_005,doctor,1,1,0
2025-05-03,PHC_005,nurse,6,6,0
2025-05-03,PHC_005,pharmacist,1,1,0
2025-05-03,PHC_006,doctor,2,2,0
2025-05-03,PHC_006,nurse,9,9,0
2025-05-03,PHC_006,pharmacist,2,2,0
2025-05-03,PHC_007,doctor,2,2,0
2025-05-03,PHC_007,nurse,3,3,0
2025-05-03,PHC_007,pharmacist,1,0,1
2025-05-03,PHC_008,doctor,2,2,0
2025-05-03,PHC_008,nurse,3,3,0
2025-05-03,PHC_008,pharmacist,1,1,0
2025-05-03,PHC_009,doctor,1,1,0
2025-05-03,PHC_009,nurse,5,5,0
2025-05-03,PHC_009,pharmacist,3,3,0
2025-05-03,PHC_010,doctor,2,1,1
2025-05-03,PHC_010,nurse,4,3,1
2025-05-03,PHC_010,pharmacist,1,1,0
2025-05-03,PHC_011,doctor,3,1,2
2025-05-03,PHC_011,nurse,7,5,2
2025-05-03,PHC_012,doctor,2,2,0
2025-05-03,PHC_012,nurse,4,4,0
2025-05-03,PHC_012,pharmacist,2,2,0
2025-05-03,PHC_013,doctor,3,3,0
2025-05-03,PHC_013,nurse,5,3,2
2025-05-03,PHC_013,pharmacist,1,1,0
2025-05-03,PHC_014,doctor,3,1,2
2025-05-03,PHC_014,nurse,4,4,0
2025-05-03,PHC_014,pharmacist,2,2,0
2025-05-03,PHC_015,doctor,2,1,1
2025-05-03,PHC_015,nurse,9,8,1
2025-05-03,PHC_015,pharmacist,2,1,1
2025-05-04,PHC_001,doctor,3,3,0
2025-05-04,PHC_001,nurse,4,2,2
2025-05-04,PHC_001,pharmacist,1,1,0
2025-05-04,PHC_002,doctor,2,1,1
2025-05-04,PHC_002,nurse,6,4,2
2025-05-04,PHC_002,pharmacist,3,2,1
2025-05-04,PHC_003,doctor,1,1,0
2025-05-04,PHC_003,nurse,6,6,0
2025-05-04,PHC_003,pharmacist,2,1,1
2025-05-04,PHC_004,doctor,2,2,0
2025-05-04,PHC_004,nurse,6,3,3
2025-05-04,PHC_004,pharmacist,1,1,0
2025-05-04,PHC_005,doctor,2,2,0
2025-05-04,PHC_005,nurse,6,4,2
2025-05-04,PHC_005,pharmacist,1,1,0
2025-05-04,PHC_006,doctor,2,1,1
2025-05-04,PHC_006,nurse,10,7,3
2025-05-04,PHC_006,pharmacist,2,1,1
2025-05-04,PHC_007,doctor,2,1,1
2025-05-04,PHC_007,nurse,3,2,1
2025-05-04,PHC_007,pharmacist,1,1,0
2025-05-04,PHC_008,doctor,2,2,0
2025-05-04,PHC_008,nurse,4,3,1
2025-05-04,PHC_008,pharmacist,1,0,1
2025-05-04,PHC_009,doctor,2,2,0
2025-05-04,PHC_009,nurse,7,4,3
2025-05-04,PHC_009,pharmacist,3,2,1
2025-05-04,PHC_010,doctor,3,2,1
2025-05-04,PHC_010,nurse,5,3,2
2025-05-04,PHC_010,pharmacist,1,1,0
2025-05-04,PHC_011,doctor,3,3,0
2025-05-04,PHC_011,nurse,6,4,2
2025-05-04,PHC_011,pharmacist,2,1,1
2025-05-04,PHC_012,doctor,2,2,0
2025-05-04,PHC_012,nurse,4,2,2
2025-05-04,PHC_012,pharmacist,1,1,0
2025-05-04,PHC_013,doctor,3,3,0
2025-05-04,PHC_013,nurse,5,4,1
2025-05-04,PHC_013,pharmacist,1,1,0
2025-05-04,PHC_014,doctor,3,2,1
2025-05-04,PHC_014,nurse,5,5,0
2025-05-04,PHC_014,pharmacist,1,0,1
2025-05-04,PHC_015,doctor,2,1,1
2025-05-04,PHC_015,nurse,9,6,3
2025-05-04,PHC_015,pharmacist,3,3,0
2025-05-05,PHC_001,doctor,3,2,1
2025-05-05,PHC_001,nurse,7,6,1
2025-05-05,PHC_001,pharmacist,1,0,1
2025-05-05,PHC_002,doctor,2,1,1
2025-05-05,PHC_002,nurse,7,6,1
2025-05-05,PHC_002,pharmacist,2,2,0
2025-05-05,PHC_003,doctor,2,1,1
2025-05-05,PHC_003,nurse,8,5,3
2025-05-05,PHC_003,pharmacist,1,1,0
2025-05-05,PHC_004,doctor,1,1,0
2025-05-05,PHC_004,nurse,6,5,1
2025-05-05,PHC_004,pharmacist,1,1,0
2025-05-05,PHC_005,doctor,2,2,0
2025-05-05,PHC_005,nurse,5,4,1
2025-05-05,PHC_005,pharmacist,1,1,0
2025-05-05,PHC_006,doctor,2,2,0
2025-05-05,PHC_006,nurse,10,8,2
2025-05-05,PHC_006,pharmacist,2,1,1
2025-05-05,PHC_007,doctor,2,1,1
2025-05-05,PHC_007,nurse,4,3,1
2025-05-05,PHC_007,pharmacist,1,1,0
2025-05-05,PHC_008,doctor,2,2,0
2025-05-05,PHC_008,nurse,4,2,2
2025-05-05,PHC_009,doctor,2,2,0
2025-05-05,PHC_009,nurse,8,7,1
2025-05-05,PHC_009,pharmacist,3,3,0
2025-05-05,PHC_010,doctor,3,3,0
2025-05-05,PHC_010,nurse,5,4,1
2025-05-05,PHC_010,pharmacist,1,1,0
2025-05-05,PHC_011,doctor,2,2,0
2025-05-05,PHC_011,nurse,8,6,2
2025-05-05,PHC_011,pharmacist,2,1,1
2025-05-05,PHC_012,doctor,2,1,1
2025-05-05,PHC_012,nurse,4,2,2
2025-05-05,PHC_012,pharmacist,2,2,0
2025-05-05,PHC_013,doctor,3,2,1
2025-05-05,PHC_013,nurse,6,5,1
2025-05-05,PHC_013,pharmacist,1,1,0
2025-05-05,PHC_014,doctor,2,1,1
2025-05-05,PHC_014,nurse,5,4,1
2025-05-05,PHC_014,pharmacist,2,2,0
2025-05-05,PHC_015,doctor,1,1,0
2025-05-05,PHC_015,nurse,7,5,2
2025-05-05,PHC_015,pharmacist,3,2,1
2025-05-06,PHC_001,doctor,3,3,0
2025-05-06,PHC_001,nurse,6,3,3
2025-05-06,PHC_001,pharmacist,1,1,0
2025-05-06,PHC_002,doctor,2,2,0
2025-05-06,PHC_002,nurse,6,5,1
2025-05-06,PHC_002,pharmacist,2,1,1
2025-05-06,PHC_003,doctor,3,3,0
2025-05-06,PHC_003,nurse,7,7,0
2025-05-06,PHC_003,pharmacist,2,2,0
2025-05-06,PHC_004,doctor,1,1,0
2025-05-06,PHC_004,nurse,6,3,3
2025-05-06,PHC_004,pharmacist,1,1,0
2025-05-06,PHC_005,doctor,2,2,0
2025-05-06,PHC_005,nurse,3,2,1
2025-05-06,PHC_005,pharmacist,1,1,0
2025-05-06,PHC_006,doctor,3,2,1
2025-05-06,PHC_006,nurse,8,8,0
2025-05-06,PHC_006,pharmacist,2,1,1
2025-05-06,PHC_007,doctor,2,2,0
2025-05-06,PHC_007,nurse,3,1,2
2025-05-06,PHC_007,pharmacist,1,1,0
2025-05-06,PHC_008,doctor,1,1,0
2025-05-06,PHC_008,nurse,4,4,0
2025-05-06,PHC_009,doctor,1,1,0
2025-05-06,PHC_009,nurse,8,8,0
2025-05-06,PHC_009,pharmacist,3,2,1
2025-05-06,PHC_010,doctor,3,2,1
2025-05-06,PHC_010,nurse,4,3,1
2025-05-06,PHC_010,pharmacist,1,0,1
2025-05-06,PHC_011,doctor,2,1,1
2025-05-06,PHC_011,nurse,7,6,1
2025-05-06,PHC_011,pharmacist,2,1,1
2025-05-06,PHC_012,doctor,1,1,0
2025-05-06,PHC_012,nurse,3,3,0
2025-05-06,PHC_012,pharmacist,2,2,0
2025-05-06,PHC_013,doctor,3,2,1
2025-05-06,PHC_013,nurse,5,5,0
2025-05-06,PHC_013,pharmacist,1,1,0
2025-05-06,PHC_014,doctor,3,3,0
2025-05-06,PHC_014,nurse,5,4,1
2025-05-06,PHC_014,pharmacist,2,2,0
2025-05-06,PHC_015,doctor,1,1,0
2025-05-06,PHC_015,nurse,6,4,2
2025-05-06,PHC_015,pharmacist,3,3,0
2025-05-07,PHC_001,doctor,2,2,0
2025-05-07,PHC_001,nurse,7,6,1
2025-05-07,PHC_001,pharmacist,1,1,0
2025-05-07,PHC_002,doctor,1,1,0
2025-05-07,PHC_002,nurse,7,7,0
2025-05-07,PHC_002,pharmacist,1,0,1
2025-05-07,PHC_003,doctor,3,3,0
2025-05-07,PHC_003,nurse,9,9,0
2025-05-07,PHC_003,pharmacist,2,2,0
2025-05-07,PHC_004,doctor,2,2,0
2025-05-07,PHC_004,nurse,5,4,1
2025-05-07,PHC_004,pharmacist,1,1,0
2025-05-07,PHC_005,doctor,2,2,0
2025-05-07,PHC_005,nurse,6,6,0
2025-05-07,PHC_006,doctor,3,2,1
2025-05-07,PHC_006,nurse,9,8,1
2025-05-07,PHC_006,pharmacist,1,1,0
2025-05-07,PHC_007,doctor,2,2,0
2025-05-07,PHC_007,nurse,5,4,1
2025-05-07,PHC_007,pharmacist,1,1,0
2025-05-07,PHC_008,doctor,2,2,0
2025-05-07,PHC_008,nurse,4,3,1
2025-05-07,PHC_008,pharmacist,1,1,0
2025-05-07,PHC_009,doctor,2,1,1
2025-05-07,PHC_009,nurse,6,6,0
2025-05-07,PHC_009,pharmacist,2,2,0
2025-05-07,PHC_010,doctor,2,2,0
2025-05-07,PHC_010,nurse,2,1,1
2025-05-07,PHC_010,pharmacist,1,1,0
2025-05-07,PHC_011,doctor,2,2,0
2025-05-07,PHC_011,nurse,7,5,2
2025-05-07,PHC_011,pharmacist,1,1,0
2025-05-07,PHC_012,doctor,2,2,0
2025-05-07,PHC_012,nurse,3,3,0
2025-05-07,PHC_012,pharmacist,1,1,0
2025-05-07,PHC_013,doctor,2,2,0
2025-05-07,PHC_013,nurse,6,5,1
2025-05-07,PHC_013,pharmacist,1,1,0
2025-05-07,PHC_014,nurse,5,5,0
2025-05-07,PHC_014,pharmacist,2,1,1
2025-05-07,PHC_015,doctor,2,2,0
2025-05-07,PHC_015,nurse,8,4,4
2025-05-07,PHC_015,pharmacist,3,3,0
2025-05-08,PHC_001,doctor,2,1,1
2025-05-08,PHC_001,nurse,6,5,1
2025-05-08,PHC_001,pharmacist,1,1,0
2025-05-08,PHC_002,doctor,1,1,0
2025-05-08,PHC_002,nurse,8,7,1
2025-05-08,PHC_002,pharmacist,3,2,1
2025-05-08,PHC_003,doctor,2,2,0
2025-05-08,PHC_003,nurse,8,7,1
2025-05-08,PHC_003,pharmacist,2,1,1
2025-05-08,PHC_004,doctor,2,2,0
2025-05-08,PHC_004,nurse,5,4,1
2025-05-08,PHC_005,doctor,2,1,1
2025-05-08,PHC_005,nurse,6,3,3
2025-05-08,PHC_006,doctor,3,2,1
2025-05-08,PHC_006,nurse,9,8,1
2025-05-08,PHC_006,pharmacist,2,2,0
2025-05-08,PHC_007,doctor,2,1,1
2025-05-08,PHC_007,nurse,4,3,1
2025-05-08,PHC_007,pharmacist,1,1,0
2025-05-08,PHC_008,doctor,2,0,2
2025-05-08,PHC_008,nurse,3,1,2
2025-05-08,PHC_008,pharmacist,1,1,0
2025-05-08,PHC_009,nurse,6,6,0
2025-05-08,PHC_009,pharmacist,3,3,0
2025-05-08,PHC_010,doctor,2,2,0
2025-05-08,PHC_010,nurse,4,3,1
2025-05-08,PHC_011,doctor,2,1,1
2025-05-08,PHC_011,nurse,5,4,1
2025-05-08,PHC_011,pharmacist,1,0,1
2025-05-08,PHC_012,doctor,1,1,0
2025-05-08,PHC_012,nurse,2,2,0
2025-05-08,PHC_012,pharmacist,2,2,0
2025-05-08,PHC_013,doctor,2,2,0
2025-05-08,PHC_013,nurse,6,6,0
2025-05-08,PHC_013,pharmacist,1,1,0
2025-05-08,PHC_014,doctor,3,2,1
2025-05-08,PHC_014,nurse,3,3,0
2025-05-08,PHC_014,pharmacist,2,2,0
2025-05-08,PHC_015,doctor,2,2,0
2025-05-08,PHC_015,nurse,9,6,3
2025-05-08,PHC_015,pharmacist,3,3,0
2025-05-09,PHC_001,doctor,3,1,2
2025-05-09,PHC_001,nurse,7,6,1
2025-05-09,PHC_001,pharmacist,1,1,0
2025-05-09,PHC_002,doctor,2,1,1
2025-05-09,PHC_002,nurse,8,7,1
2025-05-09,PHC_002,pharmacist,2,1,1
2025-05-09,PHC_003,doctor,2,2,0
2025-05-09,PHC_003,nurse,6,6,0
2025-05-09,PHC_003,pharmacist,2,1,1
2025-05-09,PHC_004,doctor,2,1,1
2025-05-09,PHC_004,nurse,5,3,2
2025-05-09,PHC_004,pharmacist,1,1,0
2025-05-09,PHC_005,doctor,2,1,1
2025-05-09,PHC_005,nurse,5,3,2
2025-05-09,PHC_006,doctor,2,1,1
2025-05-09,PHC_006,nurse,10,7,3
2025-05-09,PHC_006,pharmacist,2,1,1
2025-05-09,PHC_007,doctor,2,1,1
2025-05-09,PHC_007,nurse,3,2,1
2025-05-09,PHC_008,doctor,2,2,0
2025-05-09,PHC_008,nurse,4,2,2
2025-05-09,PHC_008,pharmacist,1,1,0
2025-05-09,PHC_009,doctor,2,2,0
2025-05-09,PHC_009,nurse,6,5,1
2025-05-09,PHC_009,pharmacist,2,2,0
2025-05-09,PHC_010,doctor,3,3,0
2025-05-09,PHC_010,nurse,4,3,1
2025-05-09,PHC_010,pharmacist,1,1,0
2025-05-09,PHC_011,doctor,3,0,3
2025-05-09,PHC_011,nurse,4,4,0
2025-05-09,PHC_011,pharmacist,2,2,0
2025-05-09,PHC_012,doctor,1,0,1
2025-05-09,PHC_012,nurse,3,1,2
2025-05-09,PHC_012,pharmacist,2,2,0
2025-05-09,PHC_013,doctor,3,3,0
2025-05-09,PHC_013,nurse,5,5,0
2025-05-09,PHC_013,pharmacist,1,1,0
2025-05-09,PHC_014,doctor,3,2,1
2025-05-09,PHC_014,nurse,4,4,0
2025-05-09,PHC_014,pharmacist,2,2,0
2025-05-09,PHC_015,doctor,2,2,0
2025-05-09,PHC_015,nurse,9,7,2
2025-05-09,PHC_015,pharmacist,3,3,0
2025-05-10,PHC_001,doctor,2,2,0
2025-05-10,PHC_001,nurse,6,5,1
2025-05-10,PHC_002,doctor,2,2,0
2025-05-10,PHC_002,nurse,6,4,2
2025-05-10,PHC_002,pharmacist,2,2,0
2025-05-10,PHC_003,doctor,3,3,0
2025-05-10,PHC_003,nurse,8,7,1
2025-05-10,PHC_003,pharmacist,2,1,1
2025-05-10,PHC_004,doctor,2,1,1
2025-05-10,PHC_004,nurse,4,3,1
2025-05-10,PHC_004,pharmacist,1,1,0
2025-05-10,PHC_005,doctor,2,2,0
2025-05-10,PHC_005,nurse,5,5,0
2025-05-10,PHC_005,pharmacist,1,1,0
2025-05-10,PHC_006,doctor,3,3,0
2025-05-10,PHC_006,nurse,9,9,0
2025-05-10,PHC_006,pharmacist,2,1,1
2025-05-10,PHC_007,doctor,2,1,1
2025-05-10,PHC_007,nurse,4,3,1
2025-05-10,PHC_007,pharmacist,1,1,0
2025-05-10,PHC_008,doctor,2,1,1
2025-05-10,PHC_008,nurse,3,3,0
2025-05-10,PHC_008,pharmacist,1,1,0
2025-05-10,PHC_009,doctor,1,1,0
2025-05-10,PHC_009,nurse,7,7,0
2025-05-10,PHC_009,pharmacist,3,1,2
2025-05-10,PHC_010,doctor,3,2,1
2025-05-10,PHC_010,nurse,4,3,1
2025-05-10,PHC_010,pharmacist,1,1,0
2025-05-10,PHC_011,doctor,3,2,1
2025-05-10,PHC_011,nurse,6,6,0
2025-05-10,PHC_011,pharmacist,2,2,0
2025-05-10,PHC_012,doctor,1,0,1
2025-05-10,PHC_012,nurse,4,4,0
2025-05-10,PHC_012,pharmacist,1,1,0
2025-05-10,PHC_013,doctor,2,1,1
2025-05-10,PHC_013,nurse,4,2,2
2025-05-10,PHC_013,pharmacist,1,1,0
2025-05-10,PHC_014,doctor,2,2,0
2025-05-10,PHC_014,nurse,3,3,0
2025-05-10,PHC_014,pharmacist,2,2,0
2025-05-10,PHC_015,doctor,2,2,0
2025-05-10,PHC_015,nurse,6,6,0
2025-05-10,PHC_015,pharmacist,3,3,0
2025-05-11,PHC_001,doctor,3,1,2
2025-05-11,PHC_001,nurse,7,6,1
2025-05-11,PHC_001,pharmacist,1,1,0
2025-05-11,PHC_002,doctor,2,2,0
2025-05-11,PHC_002,nurse,7,7,0
2025-05-11,PHC_002,pharmacist,3,2,1
2025-05-11,PHC_003,doctor,2,1,1
2025-05-11,PHC_003,nurse,8,8,0
2025-05-11,PHC_003,pharmacist,2,2,0
2025-05-11,PHC_004,doctor,1,1,0
2025-05-11,PHC_004,nurse,5,4,1
2025-05-11,PHC_004,pharmacist,1,0,1
2025-05-11,PHC_005,doctor,2,1,1
2025-05-11,PHC_005,nurse,5,4,1
2025-05-11,PHC_005,pharmacist,1,1,0
2025-05-11,PHC_006,doctor,1,1,0
2025-05-11,PHC_006,nurse,9,9,0
2025-05-11,PHC_006,pharmacist,2,1,1
2025-05-11,PHC_007,doctor,2,1,1
2025-05-11,PHC_007,nurse,4,3,1
2025-05-11,PHC_007,pharmacist,1,1,0
2025-05-11,PHC_008,doctor,2,2,0
2025-05-11,PHC_008,nurse,3,3,0
2025-05-11,PHC_008,pharmacist,1,1,0
2025-05-11,PHC_009,doctor,2,2,0
2025-05-11,PHC_009,nurse,7,6,1
2025-05-11,PHC_009,pharmacist,2,2,0
2025-05-11,PHC_010,doctor,3,2,1
2025-05-11,PHC_010,nurse,4,1,3
2025-05-11,PHC_010,pharmacist,1,1,0
2025-05-11,PHC_011,doctor,1,1,0
2025-05-11,PHC_011,nurse,6,6,0
2025-05-11,PHC_011,pharmacist,2,1,1
2025-05-11,PHC_012,doctor,2,1,1
2025-05-11,PHC_012,nurse,3,3,0
2025-05-11,PHC_012,pharmacist,2,1,1
2025-05-11,PHC_013,doctor,3,2,1
2025-05-11,PHC_013,nurse,5,3,2
2025-05-11,PHC_013,pharmacist,1,0,1
2025-05-11,PHC_014,doctor,3,1,2
2025-05-11,PHC_014,nurse,4,4,0
2025-05-11,PHC_014,pharmacist,1,1,0
2025-05-11,PHC_015,doctor,2,1,1
2025-05-11,PHC_015,nurse,7,4,3
2025-05-11,PHC_015,pharmacist,3,3,0
2025-05-12,PHC_001,doctor,2,1,1
2025-05-12,PHC_001,nurse,3,3,0
2025-05-12,PHC_001,pharmacist,1,1,0
2025-05-12,PHC_002,doctor,1,1,0
2025-05-12,PHC_002,nurse,8,6,2
2025-05-12,PHC_002,pharmacist,2,1,1
2025-05-12,PHC_003,doctor,2,2,0
2025-05-12,PHC_003,nurse,9,8,1
2025-05-12,PHC_003,pharmacist,1,1,0
2025-05-12,PHC_004,doctor,2,1,1
2025-05-12,PHC_004,nurse,5,2,3
2025-05-12,PHC_004,pharmacist,1,1,0
2025-05-12,PHC_005,doctor,2,1,1
2025-05-12,PHC_005,nurse,6,4,2
2025-05-12,PHC_005,pharmacist,1,1,0
2025-05-12,PHC_006,doctor,1,1,0
2025-05-12,PHC_006,nurse,9,8,1
2025-05-12,PHC_006,pharmacist,2,1,1
2025-05-12,PHC_007,doctor,1,1,0
2025-05-12,PHC_007,nurse,5,3,2
2025-05-12,PHC_007,pharmacist,1,1,0
2025-05-12,PHC_008,doctor,2,2,0
2025-05-12,PHC_008,nurse,4,3,1
2025-05-12,PHC_008,pharmacist,1,1,0
2025-05-12,PHC_009,doctor,2,1,1
2025-05-12,PHC_009,nurse,8,7,1
2025-05-12,PHC_009,pharmacist,3,3,0
2025-05-12,PHC_010,doctor,3,2,1
2025-05-12,PHC_010,nurse,5,4,1
2025-05-12,PHC_010,pharmacist,1,1,0
2025-05-12,PHC_011,doctor,3,2,1
2025-05-12,PHC_011,nurse,7,5,2
2025-05-12,PHC_011,pharmacist,2,1,1
2025-05-12,PHC_012,doctor,2,2,0
2025-05-12,PHC_012,nurse,3,2,1
2025-05-12,PHC_012,pharmacist,2,2,0
2025-05-12,PHC_013,doctor,2,2,0
2025-05-12,PHC_013,nurse,6,4,2
2025-05-12,PHC_013,pharmacist,1,1,0
2025-05-12,PHC_014,doctor,3,2,1
2025-05-12,PHC_014,nurse,4,4,0
2025-05-12,PHC_014,pharmacist,2,2,0
2025-05-12,PHC_015,doctor,2,2,0
2025-05-12,PHC_015,nurse,9,6,3
2025-05-12,PHC_015,pharmacist,2,2,0
2025-05-13,PHC_001,doctor,1,1,0
2025-05-13,PHC_001,nurse,7,5,2
2025-05-13,PHC_001,pharmacist,1,1,0
2025-05-13,PHC_002,doctor,2,2,0
2025-05-13,PHC_002,nurse,8,8,0
2025-05-13,PHC_002,pharmacist,3,2,1
2025-05-13,PHC_003,doctor,3,2,1
2025-05-13,PHC_003,nurse,9,7,2
2025-05-13,PHC_003,pharmacist,2,2,0
2025-05-13,PHC_004,doctor,2,2,0
2025-05-13,PHC_004,nurse,4,4,0
2025-05-13,PHC_004,pharmacist,1,0,1
2025-05-13,PHC_005,doctor,2,1,1
2025-05-13,PHC_005,nurse,3,3,0
2025-05-13,PHC_005,pharmacist,1,1,0
2025-05-13,PHC_006,doctor,3,3,0
2025-05-13,PHC_006,nurse,8,6,2
2025-05-13,PHC_006,pharmacist,2,2,0
2025-05-13,PHC_007,doctor,2,1,1
2025-05-13,PHC_007,nurse,5,3,2
2025-05-13,PHC_007,pharmacist,1,1,0
2025-05-13,PHC_008,doctor,2,1,1
2025-05-13,PHC_008,nurse,4,2,2
2025-05-13,PHC_008,pharmacist,1,1,0
2025-05-13,PHC_009,doctor,1,1,0
2025-05-13,PHC_009,nurse,8,8,0
2025-05-13,PHC_009,pharmacist,1,1,0
2025-05-13,PHC_010,doctor,1,1,0
2025-05-13,PHC_010,nurse,4,4,0
2025-05-13,PHC_010,pharmacist,1,1,0
2025-05-13,PHC_011,doctor,2,2,0
2025-05-13,PHC_011,nurse,8,8,0
2025-05-13,PHC_011,pharmacist,2,1,1
2025-05-13,PHC_012,doctor,1,1,0
2025-05-13,PHC_012,nurse,3,3,0
2025-05-13,PHC_012,pharmacist,2,1,1
2025-05-13,PHC_013,doctor,3,3,0
2025-05-13,PHC_013,nurse,4,3,1
2025-05-13,PHC_013,pharmacist,1,1,0
2025-05-13,PHC_014,doctor,3,2,1
2025-05-13,PHC_014,nurse,4,3,1
2025-05-13,PHC_014,pharmacist,2,2,0
2025-05-13,PHC_015,doctor,2,2,0
2025-05-13,PHC_015,nurse,8,7,1
2025-05-13,PHC_015,pharmacist,2,1,1
2025-05-14,PHC_001,doctor,3,3,0
2025-05-14,PHC_001,nurse,6,6,0
2025-05-14,PHC_001,pharmacist,1,0,1
2025-05-14,PHC_002,doctor,2,2,0
2025-05-14,PHC_002,nurse,9,7,2
2025-05-14,PHC_002,pharmacist,3,1,2
2025-05-14,PHC_003,doctor,3,3,0
2025-05-14,PHC_003,nurse,9,9,0
2025-05-14,PHC_003,pharmacist,1,1,0
2025-05-14,PHC_004,doctor,2,2,0
2025-05-14,PHC_004,nurse,3,2,1
2025-05-14,PHC_004,pharmacist,1,1,0
2025-05-14,PHC_005,doctor,1,1,0
2025-05-14,PHC_005,nurse,6,4,2
2025-05-14,PHC_005,pharmacist,1,1,0
2025-05-14,PHC_006,doctor,3,3,0
2025-05-14,PHC_006,nurse,8,7,1
2025-05-14,PHC_006,pharmacist,1,0,1
2025-05-14,PHC_007,doctor,2,1,1
2025-05-14,PHC_007,nurse,4,1,3
2025-05-14,PHC_007,pharmacist,1,1,0
2025-05-14,PHC_008,doctor,2,2,0
2025-05-14,PHC_008,nurse,3,3,0
2025-05-14,PHC_009,doctor,2,2,0
2025-05-14,PHC_009,nurse,8,8,0
2025-05-14,PHC_009,pharmacist,2,1,1
2025-05-14,PHC_010,doctor,3,3,0
2025-05-14,PHC_010,nurse,5,3,2
2025-05-14,PHC_010,pharmacist,1,1,0
2025-05-14,PHC_011,doctor,2,1,1
2025-05-14,PHC_011,nurse,4,4,0
2025-05-14,PHC_011,pharmacist,2,2,0
2025-05-14,PHC_012,doctor,1,0,1
2025-05-14,PHC_012,nurse,4,4,0
2025-05-14,PHC_012,pharmacist,2,1,1
2025-05-14,PHC_013,doctor,3,3,0
2025-05-14,PHC_013,nurse,4,4,0
2025-05-14,PHC_013,pharmacist,1,1,0
2025-05-14,PHC_014,doctor,3,3,0
2025-05-14,PHC_014,nurse,5,4,1
2025-05-14,PHC_014,pharmacist,1,1,0
2025-05-14,PHC_015,nurse,9,8,1
2025-05-14,PHC_015,pharmacist,3,2,1
2025-05-15,PHC_001,doctor,3,1,2
2025-05-15,PHC_001,nurse,6,5,1
2025-05-15,PHC_001,pharmacist,1,1,0
2025-05-15,PHC_002,doctor,2,2,0
2025-05-15,PHC_002,nurse,8,6,2
2025-05-15,PHC_002,pharmacist,3,2,1
2025-05-15,PHC_003,doctor,3,3,0
2025-05-15,PHC_003,nurse,7,7,0
2025-05-15,PHC_003,pharmacist,2,2,0
2025-05-15,PHC_004,doctor,2,1,1
2025-05-15,PHC_004,nurse,5,4,1
2025-05-15,PHC_004,pharmacist,1,1,0
2025-05-15,PHC_005,doctor,2,2,0
2025-05-15,PHC_005,nurse,6,5,1
2025-05-15,PHC_005,pharmacist,1,1,0
2025-05-15,PHC_006,doctor,3,2,1
2025-05-15,PHC_006,nurse,10,10,0
2025-05-15,PHC_006,pharmacist,1,1,0
2025-05-15,PHC_007,doctor,2,2,0
2025-05-15,PHC_007,nurse,4,2,2
2025-05-15,PHC_007,pharmacist,1,0,1
2025-05-15,PHC_008,doctor,2,1,1
2025-05-15,PHC_008,nurse,5,4,1
2025-05-15,PHC_009,doctor,2,2,0
2025-05-15,PHC_009,nurse,6,6,0
2025-05-15,PHC_009,pharmacist,2,2,0
2025-05-15,PHC_010,doctor,3,3,0
2025-05-15,PHC_010,nurse,4,3,1
2025-05-15,PHC_010,pharmacist,1,1,0
2025-05-15,PHC_011,doctor,2,2,0
2025-05-15,PHC_011,nurse,5,4,1
2025-05-15,PHC_011,pharmacist,1,0,1
2025-05-15,PHC_012,doctor,2,2,0
2025-05-15,PHC_012,nurse,4,3,1
2025-05-15,PHC_012,pharmacist,2,2,0
2025-05-15,PHC_013,doctor,2,2,0
2025-05-15,PHC_013,nurse,6,6,0
2025-05-15,PHC_014,doctor,3,1,2
2025-05-15,PHC_014,nurse,5,5,0
2025-05-15,PHC_014,pharmacist,2,2,0
2025-05-15,PHC_015,doctor,1,0,1
2025-05-15,PHC_015,nurse,8,8,0
2025-05-15,PHC_015,pharmacist,3,2,1
2025-05-16,PHC_001,doctor,3,3,0
2025-05-16,PHC_001,nurse,5,3,2
2025-05-16,PHC_001,pharmacist,1,1,0
2025-05-16,PHC_002,doctor,2,2,0
2025-05-16,PHC_002,nurse,8,7,1
2025-05-16,PHC_002,pharmacist,2,0,2
2025-05-16,PHC_003,doctor,2,2,0
2025-05-16,PHC_003,nurse,8,8,0
2025-05-16,PHC_003,pharmacist,2,1,1
2025-05-16,PHC_004,doctor,2,2,0
2025-05-16,PHC_004,nurse,5,2,3
2025-05-16,PHC_004,pharmacist,1,1,0
2025-05-16,PHC_005,doctor,2,2,0
2025-05-16,PHC_005,nurse,6,4,2
2025-05-16,PHC_005,pharmacist,1,1,0
2025-05-16,PHC_006,doctor,2,1,1
2025-05-16,PHC_006,nurse,9,7,2
2025-05-16,PHC_007,doctor,2,2,0
2025-05-16,PHC_007,nurse,5,4,1
2025-05-16,PHC_007,pharmacist,1,1,0
2025-05-16,PHC_008,doctor,1,1,0
2025-05-16,PHC_008,nurse,4,3,1
2025-05-16,PHC_008,pharmacist,1,1,0
2025-05-16,PHC_009,doctor,2,2,0
2025-05-16,PHC_009,nurse,6,6,0
2025-05-16,PHC_009,pharmacist,1,0,1
2025-05-16,PHC_010,doctor,3,3,0
2025-05-16,PHC_010,nurse,4,2,2
2025-05-16,PHC_011,doctor,3,2,1
2025-05-16,PHC_011,nurse,6,6,0
2025-05-16,PHC_011,pharmacist,2,1,1
2025-05-16,PHC_012,doctor,1,0,1
2025-05-16,PHC_012,nurse,4,4,0
2025-05-16,PHC_012,pharmacist,1,0,1
2025-05-16,PHC_013,doctor,3,2,1
2025-05-16,PHC_013,nurse,6,6,0
2025-05-16,PHC_013,pharmacist,1,1,0
2025-05-16,PHC_014,doctor,3,3,0
2025-05-16,PHC_014,nurse,5,5,0
2025-05-16,PHC_014,pharmacist,2,2,0
2025-05-16,PHC_015,doctor,2,2,0
2025-05-16,PHC_015,nurse,8,6,2
2025-05-16,PHC_015,pharmacist,2,0,2
2025-05-17,PHC_001,doctor,3,3,0
2025-05-17,PHC_001,nurse,6,5,1
2025-05-17,PHC_001,pharmacist,1,1,0
2025-05-17,PHC_002,doctor,2,2,0
2025-05-17,PHC_002,nurse,8,5,3
2025-05-17,PHC_002,pharmacist,3,2,1
2025-05-17,PHC_003,doctor,3,1,2
2025-05-17,PHC_003,nurse,8,7,1
2025-05-17,PHC_003,pharmacist,2,2,0
2025-05-17,PHC_004,doctor,1,0,1
2025-05-17,PHC_004,nurse,4,4,0
2025-05-17,PHC_004,pharmacist,1,0,1
2025-05-17,PHC_005,doctor,2,2,0
2025-05-17,PHC_005,nurse,5,4,1
2025-05-17,PHC_005,pharmacist,1,0,1
2025-05-17,PHC_006,doctor,2,2,0
2025-05-17,PHC_006,nurse,9,8,1
2025-05-17,PHC_006,pharmacist,2,1,1
2025-05-17,PHC_007,doctor,2,1,1
2025-05-17,PHC_007,nurse,5,2,3
2025-05-17,PHC_008,doctor,1,1,0
2025-05-17,PHC_008,nurse,5,3,2
2025-05-17,PHC_008,pharmacist,1,1,0
2025-05-17,PHC_009,doctor,2,2,0
2025-05-17,PHC_009,nurse,5,5,0
2025-05-17,PHC_009,pharmacist,3,2,1
2025-05-17,PHC_010,doctor,3,3,0
2025-05-17,PHC_010,nurse,3,3,0
2025-05-17,PHC_010,pharmacist,1,1,0
2025-05-17,PHC_011,doctor,3,1,2
2025-05-17,PHC_011,nurse,6,5,1
2025-05-17,PHC_011,pharmacist,2,2,0
2025-05-17,PHC_012,doctor,1,1,0
2025-05-17,PHC_012,nurse,3,2,1
2025-05-17,PHC_012,pharmacist,2,2,0
2025-05-17,PHC_013,doctor,2,2,0
2025-05-17,PHC_013,nurse,6,5,1
2025-05-17,PHC_013,pharmacist,1,1,0
2025-05-17,PHC_014,doctor,1,1,0
2025-05-17,PHC_014,nurse,5,5,0
2025-05-17,PHC_014,pharmacist,2,1,1
2025-05-17,PHC_015,doctor,2,2,0
2025-05-17,PHC_015,nurse,8,8,0
2025-05-17,PHC_015,pharmacist,3,2,1
2025-05-18,PHC_001,doctor,3,3,0
2025-05-18,PHC_001,nurse,6,3,3
2025-05-18,PHC_001,pharmacist,1,1,0
2025-05-18,PHC_002,doctor,2,2,0
2025-05-18,PHC_002,nurse,8,7,1
2025-05-18,PHC_002,pharmacist,3,1,2
2025-05-18,PHC_003,doctor,3,3,0
2025-05-18,PHC_003,nurse,8,4,4
2025-05-18,PHC_003,pharmacist,2,2,0
2025-05-18,PHC_004,doctor,2,1,1
2025-05-18,PHC_004,nurse,4,3,1
2025-05-18,PHC_004,pharmacist,1,1,0
2025-05-18,PHC_005,doctor,2,1,1
2025-05-18,PHC_005,nurse,5,3,2
2025-05-18,PHC_005,pharmacist,1,0,1
2025-05-18,PHC_006,doctor,3,2,1
2025-05-18,PHC_006,nurse,6,5,1
2025-05-18,PHC_006,pharmacist,2,0,2
2025-05-18,PHC_007,doctor,1,1,0
2025-05-18,PHC_007,nurse,3,3,0
2025-05-18,PHC_007,pharmacist,1,1,0
2025-05-18,PHC_008,doctor,2,2,0
2025-05-18,PHC_008,nurse,5,3,2
2025-05-18,PHC_008,pharmacist,1,1,0
2025-05-18,PHC_009,doctor,1,1,0
2025-05-18,PHC_009,nurse,5,5,0
2025-05-18,PHC_009,pharmacist,3,2,1
2025-05-18,PHC_010,doctor,3,3,0
2025-05-18,PHC_010,nurse,5,5,0
2025-05-18,PHC_010,pharmacist,1,1,0
2025-05-18,PHC_011,doctor,2,1,1
2025-05-18,PHC_011,nurse,7,4,3
2025-05-18,PHC_011,pharmacist,2,2,0
2025-05-18,PHC_012,doctor,2,2,0
2025-05-18,PHC_012,nurse,4,3,1
2025-05-18,PHC_012,pharmacist,2,2,0
2025-05-18,PHC_013,doctor,2,2,0
2025-05-18,PHC_013,nurse,4,3,1
2025-05-18,PHC_013,pharmacist,1,1,0
2025-05-18,PHC_014,doctor,3,3,0
2025-05-18,PHC_014,nurse,5,5,0
2025-05-18,PHC_014,pharmacist,2,1,1
2025-05-18,PHC_015,doctor,2,2,0
2025-05-18,PHC_015,nurse,6,5,1
2025-05-18,PHC_015,pharmacist,2,1,1
2025-05-19,PHC_001,doctor,3,2,1
2025-05-19,PHC_001,nurse,7,5,2
2025-05-19,PHC_001,pharmacist,1,1,0
2025-05-19,PHC_002,doctor,2,2,0
2025-05-19,PHC_002,nurse,8,6,2
2025-05-19,PHC_002,pharmacist,3,3,0
2025-05-19,PHC_003,doctor,3,3,0
2025-05-19,PHC_003,nurse,8,7,1
2025-05-19,PHC_003,pharmacist,2,1,1
2025-05-19,PHC_004,doctor,2,2,0
2025-05-19,PHC_004,nurse,6,6,0
2025-05-19,PHC_004,pharmacist,1,1,0
2025-05-19,PHC_005,doctor,2,2,0
2025-05-19,PHC_005,nurse,6,5,1
2025-05-19,PHC_005,pharmacist,1,1,0
2025-05-19,PHC_006,doctor,3,0,3
2025-05-19,PHC_006,nurse,9,7,2
2025-05-19,PHC_006,pharmacist,2,1,1
2025-05-19,PHC_007,doctor,2,2,0
2025-05-19,PHC_007,nurse,5,2,3
2025-05-19,PHC_008,doctor,2,1,1
2025-05-19,PHC_008,nurse,4,3,1
2025-05-19,PHC_008,pharmacist,1,1,0
2025-05-19,PHC_009,doctor,1,1,0
2025-05-19,PHC_009,nurse,5,4,1
2025-05-19,PHC_009,pharmacist,3,2,1
2025-05-19,PHC_010,doctor,3,2,1
2025-05-19,PHC_010,nurse,4,4,0
2025-05-19,PHC_010,pharmacist,1,1,0
2025-05-19,PHC_011,doctor,3,3,0
2025-05-19,PHC_011,nurse,8,7,1
2025-05-19,PHC_011,pharmacist,2,2,0
2025-05-19,PHC_012,doctor,2,2,0
2025-05-19,PHC_012,nurse,4,3,1
2025-05-19,PHC_012,pharmacist,1,1,0
2025-05-19,PHC_013,doctor,3,3,0
2025-05-19,PHC_013,nurse,4,3,1
2025-05-19,PHC_013,pharmacist,1,1,0
2025-05-19,PHC_014,doctor,3,3,0
2025-05-19,PHC_014,nurse,5,5,0
2025-05-19,PHC_014,pharmacist,2,2,0
2025-05-19,PHC_015,doctor,2,2,0
2025-05-19,PHC_015,nurse,8,5,3
2025-05-19,PHC_015,pharmacist,2,2,0
2025-05-20,PHC_001,doctor,3,3,0
2025-05-20,PHC_001,nurse,4,3,1
2025-05-20,PHC_001,pharmacist,1,1,0
2025-05-20,PHC_002,doctor,1,1,0
2025-05-20,PHC_002,nurse,7,4,3
2025-05-20,PHC_002,pharmacist,3,2,1
2025-05-20,PHC_003,doctor,3,3,0
2025-05-20,PHC_003,nurse,9,8,1
2025-05-20,PHC_003,pharmacist,2,2,0
2025-05-20,PHC_004,doctor,2,2,0
2025-05-20,PHC_004,nurse,6,5,1
2025-05-20,PHC_005,doctor,2,2,0
2025-05-20,PHC_005,nurse,4,4,0
2025-05-20,PHC_005,pharmacist,1,1,0
2025-05-20,PHC_006,doctor,3,2,1
2025-05-20,PHC_006,nurse,10,9,1
2025-05-20,PHC_007,doctor,1,1,0
2025-05-20,PHC_007,nurse,3,2,1
2025-05-20,PHC_007,pharmacist,1,1,0
2025-05-20,PHC_008,doctor,2,1,1
2025-05-20,PHC_008,nurse,4,3,1
2025-05-20,PHC_008,pharmacist,1,1,0
2025-05-20,PHC_009,doctor,2,2,0
2025-05-20,PHC_009,nurse,8,8,0
2025-05-20,PHC_009,pharmacist,2,2,0
2025-05-20,PHC_010,doctor,3,3,0
2025-05-20,PHC_010,nurse,3,3,0
2025-05-20,PHC_010,pharmacist,1,1,0
2025-05-20,PHC_011,doctor,1,1,0
2025-05-20,PHC_011,nurse,7,4,3
2025-05-20,PHC_011,pharmacist,2,2,0
2025-05-20,PHC_012,doctor,1,1,0
2025-05-20,PHC_012,nurse,4,3,1
2025-05-20,PHC_012,pharmacist,2,2,0
2025-05-20,PHC_013,doctor,2,2,0
2025-05-20,PHC_013,nurse,4,2,2
2025-05-20,PHC_013,pharmacist,1,0,1
2025-05-20,PHC_014,doctor,2,2,0
2025-05-20,PHC_014,nurse,5,5,0
2025-05-20,PHC_014,pharmacist,2,2,0
2025-05-20,PHC_015,doctor,1,0,1
2025-05-20,PHC_015,nurse,9,7,2
2025-05-20,PHC_015,pharmacist,3,3,0
2025-05-21,PHC_001,doctor,3,2,1
2025-05-21,PHC_001,nurse,5,4,1
2025-05-21,PHC_002,doctor,2,2,0
2025-05-21,PHC_002,nurse,7,6,1
2025-05-21,PHC_002,pharmacist,3,2,1
2025-05-21,PHC_003,doctor,3,3,0
2025-05-21,PHC_003,nurse,8,4,4
2025-05-21,PHC_003,pharmacist,2,2,0
2025-05-21,PHC_004,doctor,2,2,0
2025-05-21,PHC_004,nurse,5,5,0
2025-05-21,PHC_004,pharmacist,1,1,0
2025-05-21,PHC_005,doctor,2,1,1
2025-05-21,PHC_005,nurse,5,3,2
2025-05-21,PHC_006,doctor,3,3,0
2025-05-21,PHC_006,nurse,10,8,2
2025-05-21,PHC_006,pharmacist,1,1,0
2025-05-21,PHC_007,doctor,1,1,0
2025-05-21,PHC_007,nurse,5,3,2
2025-05-21,PHC_007,pharmacist,1,1,0
2025-05-21,PHC_008,doctor,2,2,0
2025-05-21,PHC_008,nurse,5,5,0
2025-05-21,PHC_008,pharmacist,1,1,0
2025-05-21,PHC_009,doctor,2,2,0
2025-05-21,PHC_009,nurse,4,4,0
2025-05-21,PHC_009,pharmacist,3,2,1
2025-05-21,PHC_010,doctor,2,2,0
2025-05-21,PHC_010,nurse,4,4,0
2025-05-21,PHC_010,pharmacist,1,0,1
2025-05-21,PHC_011,doctor,3,3,0
2025-05-21,PHC_011,nurse,7,7,0
2025-05-21,PHC_011,pharmacist,2,2,0
2025-05-21,PHC_012,doctor,1,1,0
2025-05-21,PHC_012,nurse,2,2,0
2025-05-21,PHC_012,pharmacist,2,1,1
2025-05-21,PHC_013,doctor,3,3,0
2025-05-21,PHC_013,nurse,6,5,1
2025-05-21,PHC_013,pharmacist,1,0,1
2025-05-21,PHC_014,doctor,3,2,1
2025-05-21,PHC_014,nurse,5,3,2
2025-05-21,PHC_015,doctor,2,2,0
2025-05-21,PHC_015,nurse,8,5,3
2025-05-21,PHC_015,pharmacist,2,1,1
2025-05-22,PHC_001,doctor,2,2,0
2025-05-22,PHC_001,nurse,6,5,1
2025-05-22,PHC_001,pharmacist,1,0,1
2025-05-22,PHC_002,doctor,2,2,0
2025-05-22,PHC_002,nurse,6,4,2
2025-05-22,PHC_002,pharmacist,3,2,1
2025-05-22,PHC_003,doctor,2,2,0
2025-05-22,PHC_003,nurse,7,6,1
2025-05-22,PHC_003,pharmacist,2,2,0
2025-05-22,PHC_004,doctor,2,2,0
2025-05-22,PHC_004,nurse,4,4,0
2025-05-22,PHC_005,doctor,2,1,1
2025-05-22,PHC_005,nurse,5,4,1
2025-05-22,PHC_005,pharmacist,1,0,1
2025-05-22,PHC_006,doctor,3,3,0
2025-05-22,PHC_006,nurse,9,6,3
2025-05-22,PHC_006,pharmacist,2,2,0
2025-05-22,PHC_007,doctor,2,1,1
2025-05-22,PHC_007,nurse,3,3,0
2025-05-22,PHC_007,pharmacist,1,1,0
2025-05-22,PHC_008,doctor,1,1,0
2025-05-22,PHC_008,nurse,3,3,0
2025-05-22,PHC_008,pharmacist,1,1,0
2025-05-22,PHC_009,nurse,6,5,1
2025-05-22,PHC_009,pharmacist,3,3,0
2025-05-22,PHC_010,doctor,2,2,0
2025-05-22,PHC_010,nurse,5,5,0
2025-05-22,PHC_010,pharmacist,1,1,0
2025-05-22,PHC_011,doctor,2,2,0
2025-05-22,PHC_011,nurse,4,3,1
2025-05-22,PHC_011,pharmacist,2,1,1
2025-05-22,PHC_012,doctor,2,1,1
2025-05-22,PHC_012,nurse,3,3,0
2025-05-22,PHC_012,pharmacist,1,1,0
2025-05-22,PHC_013,doctor,2,2,0
2025-05-22,PHC_013,nurse,4,3,1
2025-05-22,PHC_013,pharmacist,1,1,0
2025-05-22,PHC_014,doctor,2,1,1
2025-05-22,PHC_014,nurse,5,5,0
2025-05-22,PHC_014,pharmacist,2,1,1
2025-05-22,PHC_015,doctor,2,2,0
2025-05-22,PHC_015,nurse,8,5,3
2025-05-22,PHC_015,pharmacist,2,1,1
2025-05-23,PHC_001,doctor,2,1,1
2025-05-23,PHC_001,nurse,4,4,0
2025-05-23,PHC_002,doctor,1,1,0
2025-05-23,PHC_002,nurse,9,6,3
2025-05-23,PHC_002,pharmacist,3,2,1
2025-05-23,PHC_003,doctor,2,1,1
2025-05-23,PHC_003,nurse,7,6,1
2025-05-23,PHC_003,pharmacist,2,1,1
2025-05-23,PHC_004,doctor,1,1,0
2025-05-23,PHC_004,nurse,5,4,1
2025-05-23,PHC_004,pharmacist,1,1,0
2025-05-23,PHC_005,doctor,2,1,1
2025-05-23,PHC_005,nurse,5,4,1
2025-05-23,PHC_006,doctor,3,2,1
2025-05-23,PHC_006,nurse,7,5,2
2025-05-23,PHC_006,pharmacist,2,1,1
2025-05-23,PHC_007,doctor,1,1,0
2025-05-23,PHC_007,nurse,5,4,1
2025-05-23,PHC_008,doctor,2,2,0
2025-05-23,PHC_008,nurse,4,3,1
2025-05-23,PHC_008,pharmacist,1,1,0
2025-05-23,PHC_009,doctor,2,2,0
2025-05-23,PHC_009,nurse,7,7,0
2025-05-23,PHC_009,pharmacist,3,2,1
2025-05-23,PHC_010,doctor,2,2,0
2025-05-23,PHC_010,nurse,5,4,1
2025-05-23,PHC_010,pharmacist,1,1,0
2025-05-23,PHC_011,doctor,3,2,1
2025-05-23,PHC_011,nurse,6,5,1
2025-05-23,PHC_011,pharmacist,2,2,0
2025-05-23,PHC_012,doctor,2,1,1
2025-05-23,PHC_012,nurse,3,2,1
2025-05-23,PHC_012,pharmacist,2,1,1
2025-05-23,PHC_013,doctor,2,2,0
2025-05-23,PHC_013,nurse,5,3,2
2025-05-23,PHC_013,pharmacist,1,1,0
2025-05-23,PHC_014,doctor,2,2,0
2025-05-23,PHC_014,nurse,4,3,1
2025-05-23,PHC_014,pharmacist,2,2,0
2025-05-23,PHC_015,doctor,2,2,0
2025-05-23,PHC_015,nurse,6,5,1
2025-05-23,PHC_015,pharmacist,3,2,1
2025-05-24,PHC_001,doctor,3,1,2
2025-05-24,PHC_001,nurse,6,4,2
2025-05-24,PHC_001,pharmacist,1,1,0
2025-05-24,PHC_002,doctor,2,2,0
2025-05-24,PHC_002,nurse,8,6,2
2025-05-24,PHC_002,pharmacist,3,2,1
2025-05-24,PHC_003,doctor,3,2,1
2025-05-24,PHC_003,nurse,6,6,0
2025-05-24,PHC_003,pharmacist,1,1,0
2025-05-24,PHC_004,doctor,2,2,0
2025-05-24,PHC_004,nurse,5,2,3
2025-05-24,PHC_005,doctor,1,0,1
2025-05-24,PHC_005,nurse,6,3,3
2025-05-24,PHC_005,pharmacist,1,0,1
2025-05-24,PHC_006,doctor,1,1,0
2025-05-24,PHC_006,nurse,9,7,2
2025-05-24,PHC_006,pharmacist,2,1,1
2025-05-24,PHC_007,doctor,2,1,1
2025-05-24,PHC_007,nurse,4,3,1
2025-05-24,PHC_007,pharmacist,1,0,1
2025-05-24,PHC_008,doctor,2,1,1
2025-05-24,PHC_008,nurse,5,3,2
2025-05-24,PHC_008,pharmacist,1,1,0
2025-05-24,PHC_009,doctor,2,2,0
2025-05-24,PHC_009,nurse,7,6,1
2025-05-24,PHC_009,pharmacist,1,1,0
2025-05-24,PHC_010,doctor,3,3,0
2025-05-24,PHC_010,nurse,4,3,1
2025-05-24,PHC_010,pharmacist,1,1,0
2025-05-24,PHC_011,doctor,3,2,1
2025-05-24,PHC_011,nurse,7,6,1
2025-05-24,PHC_011,pharmacist,2,1,1
2025-05-24,PHC_012,doctor,1,1,0
2025-05-24,PHC_012,nurse,3,3,0
2025-05-24,PHC_012,pharmacist,1,0,1
2025-05-24,PHC_013,doctor,3,3,0
2025-05-24,PHC_013,nurse,6,5,1
2025-05-24,PHC_014,doctor,2,2,0
2025-05-24,PHC_014,nurse,5,5,0
2025-05-24,PHC_014,pharmacist,1,1,0
2025-05-24,PHC_015,doctor,2,1,1
2025-05-24,PHC_015,nurse,6,5,1
2025-05-24,PHC_015,pharmacist,3,3,0
2025-05-25,PHC_001,doctor,3,2,1
2025-05-25,PHC_001,nurse,6,2,4
2025-05-25,PHC_002,doctor,1,1,0
2025-05-25,PHC_002,nurse,8,6,2
2025-05-25,PHC_002,pharmacist,3,2,1
2025-05-25,PHC_003,doctor,2,1,1
2025-05-25,PHC_003,nurse,8,6,2
2025-05-25,PHC_003,pharmacist,1,1,0
2025-05-25,PHC_004,doctor,2,2,0
2025-05-25,PHC_004,nurse,5,5,0
2025-05-25,PHC_004,pharmacist,1,0,1
2025-05-25,PHC_005,doctor,2,0,2
2025-05-25,PHC_005,nurse,5,4,1
2025-05-25,PHC_005,pharmacist,1,1,0
2025-05-25,PHC_006,doctor,1,1,0
2025-05-25,PHC_006,nurse,9,8,1
2025-05-25,PHC_006,pharmacist,1,0,1
2025-05-25,PHC_007,doctor,2,2,0
2025-05-25,PHC_007,nurse,3,2,1
2025-05-25,PHC_007,pharmacist,1,1,0
2025-05-25,PHC_008,doctor,1,1,0
2025-05-25,PHC_008,nurse,2,2,0
2025-05-25,PHC_008,pharmacist,1,0,1
2025-05-25,PHC_009,doctor,2,1,1
2025-05-25,PHC_009,nurse,7,4,3
2025-05-25,PHC_009,pharmacist,2,1,1
2025-05-25,PHC_010,doctor,3,3,0
2025-05-25,PHC_010,nurse,4,3,1
2025-05-25,PHC_011,doctor,3,2,1
2025-05-25,PHC_011,nurse,7,6,1
2025-05-25,PHC_011,pharmacist,2,2,0
2025-05-25,PHC_012,doctor,2,1,1
2025-05-25,PHC_012,nurse,3,3,0
2025-05-25,PHC_012,pharmacist,1,1,0
2025-05-25,PHC_013,doctor,3,3,0
2025-05-25,PHC_013,nurse,4,2,2
2025-05-25,PHC_013,pharmacist,1,0,1
2025-05-25,PHC_014,doctor,3,3,0
2025-05-25,PHC_014,nurse,4,3,1
2025-05-25,PHC_014,pharmacist,2,2,0
2025-05-25,PHC_015,doctor,2,0,2
2025-05-25,PHC_015,nurse,9,5,4
2025-05-25,PHC_015,pharmacist,3,1,2
2025-05-26,PHC_001,doctor,3,2,1
2025-05-26,PHC_001,nurse,6,4,2
2025-05-26,PHC_001,pharmacist,1,1,0
2025-05-26,PHC_002,doctor,2,2,0
2025-05-26,PHC_002,nurse,5,3,2
2025-05-26,PHC_002,pharmacist,3,3,0
2025-05-26,PHC_003,doctor,2,2,0
2025-05-26,PHC_003,nurse,9,7,2
2025-05-26,PHC_003,pharmacist,1,1,0
2025-05-26,PHC_004,doctor,2,2,0
2025-05-26,PHC_004,nurse,5,4,1
2025-05-26,PHC_004,pharmacist,1,1,0
2025-05-26,PHC_005,doctor,2,2,0
2025-05-26,PHC_005,nurse,6,4,2
2025-05-26,PHC_005,pharmacist,1,0,1
2025-05-26,PHC_006,doctor,3,3,0
2025-05-26,PHC_006,nurse,9,9,0
2025-05-26,PHC_006,pharmacist,2,1,1
2025-05-26,PHC_007,doctor,2,1,1
2025-05-26,PHC_007,nurse,5,5,0
2025-05-26,PHC_007,pharmacist,1,1,0
2025-05-26,PHC_008,doctor,1,1,0
2025-05-26,PHC_008,nurse,3,3,0
2025-05-26,PHC_008,pharmacist,1,1,0
2025-05-26,PHC_009,nurse,7,6,1
2025-05-26,PHC_009,pharmacist,3,1,2
2025-05-26,PHC_010,doctor,2,2,0
2025-05-26,PHC_010,nurse,4,3,1
2025-05-26,PHC_010,pharmacist,1,1,0
2025-05-26,PHC_011,doctor,2,2,0
2025-05-26,PHC_011,nurse,8,7,1
2025-05-26,PHC_011,pharmacist,1,0,1
2025-05-26,PHC_012,doctor,2,2,0
2025-05-26,PHC_012,nurse,2,2,0
2025-05-26,PHC_012,pharmacist,2,1,1
2025-05-26,PHC_013,doctor,3,3,0
2025-05-26,PHC_013,nurse,4,3,1
2025-05-26,PHC_013,pharmacist,1,1,0
2025-05-26,PHC_014,doctor,3,2,1
2025-05-26,PHC_014,nurse,4,3,1
2025-05-26,PHC_014,pharmacist,2,2,0
2025-05-26,PHC_015,doctor,2,2,0
2025-05-26,PHC_015,nurse,5,4,1
2025-05-26,PHC_015,pharmacist,3,2,1
2025-05-27,PHC_001,doctor,3,3,0
2025-05-27,PHC_001,nurse,6,6,0
2025-05-27,PHC_001,pharmacist,1,1,0
2025-05-27,PHC_002,doctor,1,1,0
2025-05-27,PHC_002,nurse,9,7,2
2025-05-27,PHC_002,pharmacist,3,3,0
2025-05-27,PHC_003,doctor,3,2,1
2025-05-27,PHC_003,nurse,6,4,2
2025-05-27,PHC_003,pharmacist,2,1,1
2025-05-27,PHC_004,doctor,2,2,0
2025-05-27,PHC_004,nurse,6,6,0
2025-05-27,PHC_005,doctor,2,0,2
2025-05-27,PHC_005,nurse,4,2,2
2025-05-27,PHC_005,pharmacist,1,1,0
2025-05-27,PHC_006,doctor,2,0,2
2025-05-27,PHC_006,nurse,10,8,2
2025-05-27,PHC_006,pharmacist,2,0,2
2025-05-27,PHC_007,doctor,2,1,1
2025-05-27,PHC_007,nurse,5,3,2
2025-05-27,PHC_007,pharmacist,1,1,0
2025-05-27,PHC_008,doctor,1,1,0
2025-05-27,PHC_008,nurse,5,5,0
2025-05-27,PHC_009,doctor,2,2,0
2025-05-27,PHC_009,nurse,7,6,1
2025-05-27,PHC_009,pharmacist,2,2,0
2025-05-27,PHC_010,doctor,3,1,2
2025-05-27,PHC_010,nurse,5,5,0
2025-05-27,PHC_010,pharmacist,1,0,1
2025-05-27,PHC_011,doctor,3,2,1
2025-05-27,PHC_011,nurse,7,5,2
2025-05-27,PHC_011,pharmacist,1,1,0
2025-05-27,PHC_012,doctor,2,1,1
2025-05-27,PHC_012,nurse,4,4,0
2025-05-27,PHC_012,pharmacist,1,1,0
2025-05-27,PHC_013,doctor,2,1,1
2025-05-27,PHC_013,nurse,6,5,1
2025-05-27,PHC_013,pharmacist,1,1,0
2025-05-27,PHC_014,doctor,2,2,0
2025-05-27,PHC_014,nurse,4,4,0
2025-05-27,PHC_015,doctor,1,1,0
2025-05-27,PHC_015,nurse,8,5,3
2025-05-27,PHC_015,pharmacist,3,2,1
2025-05-28,PHC_001,doctor,2,2,0
2025-05-28,PHC_001,nurse,6,6,0
2025-05-28,PHC_001,pharmacist,1,1,0
2025-05-28,PHC_002,doctor,2,2,0
2025-05-28,PHC_002,nurse,7,6,1
2025-05-28,PHC_002,pharmacist,3,2,1
2025-05-28,PHC_003,doctor,3,1,2
2025-05-28,PHC_003,nurse,6,4,2
2025-05-28,PHC_003,pharmacist,2,2,0
2025-05-28,PHC_004,doctor,2,2,0
2025-05-28,PHC_004,nurse,6,6,0
2025-05-28,PHC_005,doctor,2,2,0
2025-05-28,PHC_005,nurse,5,3,2
2025-05-28,PHC_005,pharmacist,1,0,1
2025-05-28,PHC_006,doctor,3,3,0
2025-05-28,PHC_006,nurse,7,5,2
2025-05-28,PHC_006,pharmacist,2,0,2
2025-05-28,PHC_007,doctor,1,1,0
2025-05-28,PHC_007,nurse,4,3,1
2025-05-28,PHC_007,pharmacist,1,1,0
2025-05-28,PHC_008,doctor,2,2,0
2025-05-28,PHC_008,nurse,5,5,0
2025-05-28,PHC_008,pharmacist,1,1,0
2025-05-28,PHC_009,doctor,2,2,0
2025-05-28,PHC_009,nurse,7,7,0
2025-05-28,PHC_009,pharmacist,3,3,0
2025-05-28,PHC_010,doctor,3,3,0
2025-05-28,PHC_010,nurse,5,4,1
2025-05-28,PHC_010,pharmacist,1,1,0
2025-05-28,PHC_011,nurse,8,7,1
2025-05-28,PHC_011,pharmacist,2,1,1
2025-05-28,PHC_012,doctor,2,1,1
2025-05-28,PHC_012,nurse,4,4,0
2025-05-28,PHC_012,pharmacist,2,2,0
2025-05-28,PHC_013,doctor,3,3,0
2025-05-28,PHC_013,nurse,4,4,0
2025-05-28,PHC_013,pharmacist,1,0,1
2025-05-28,PHC_014,doctor,3,2,1
2025-05-28,PHC_014,nurse,4,3,1
2025-05-28,PHC_014,pharmacist,2,1,1
2025-05-28,PHC_015,doctor,2,1,1
2025-05-28,PHC_015,nurse,9,8,1
2025-05-28,PHC_015,pharmacist,2,2,0
2025-05-29,PHC_001,doctor,2,1,1
2025-05-29,PHC_001,nurse,4,4,0
2025-05-29,PHC_001,pharmacist,1,1,0
2025-05-29,PHC_002,doctor,1,1,0
2025-05-29,PHC_002,nurse,6,5,1
2025-05-29,PHC_002,pharmacist,3,3,0
2025-05-29,PHC_003,doctor,2,2,0
2025-05-29,PHC_003,nurse,4,3,1
2025-05-29,PHC_003,pharmacist,2,2,0
2025-05-29,PHC_004,doctor,2,2,0
2025-05-29,PHC_004,nurse,5,5,0
2025-05-29,PHC_004,pharmacist,1,1,0
2025-05-29,PHC_005,doctor,2,1,1
2025-05-29,PHC_005,nurse,4,4,0
2025-05-29,PHC_005,pharmacist,1,1,0
2025-05-29,PHC_006,doctor,3,2,1
2025-05-29,PHC_006,nurse,9,8,1
2025-05-29,PHC_006,pharmacist,2,1,1
2025-05-29,PHC_007,doctor,1,1,0
2025-05-29,PHC_007,nurse,3,3,0
2025-05-29,PHC_007,pharmacist,1,0,1
2025-05-29,PHC_008,doctor,2,1,1
2025-05-29,PHC_008,nurse,4,4,0
2025-05-29,PHC_008,pharmacist,1,1,0
2025-05-29,PHC_009,doctor,2,1,1
2025-05-29,PHC_009,nurse,7,5,2
2025-05-29,PHC_009,pharmacist,3,2,1
2025-05-29,PHC_010,doctor,1,1,0
2025-05-29,PHC_010,nurse,4,2,2
2025-05-29,PHC_010,pharmacist,1,0,1
2025-05-29,PHC_011,doctor,3,2,1
2025-05-29,PHC_011,nurse,6,2,4
2025-05-29,PHC_011,pharmacist,2,2,0
2025-05-29,PHC_012,doctor,2,2,0
2025-05-29,PHC_012,nurse,2,1,1
2025-05-29,PHC_012,pharmacist,2,2,0
2025-05-29,PHC_013,doctor,3,2,1
2025-05-29,PHC_013,nurse,3,1,2
2025-05-29,PHC_014,doctor,3,2,1
2025-05-29,PHC_014,nurse,5,4,1
2025-05-29,PHC_014,pharmacist,2,2,0
2025-05-29,PHC_015,doctor,2,2,0
2025-05-29,PHC_015,nurse,7,6,1
2025-05-29,PHC_015,pharmacist,3,1,2
2025-05-30,PHC_001,doctor,3,3,0
2025-05-30,PHC_001,nurse,6,4,2
2025-05-30,PHC_001,pharmacist,1,0,1
2025-05-30,PHC_002,doctor,2,2,0
2025-05-30,PHC_002,nurse,9,9,0
2025-05-30,PHC_002,pharmacist,3,1,2
2025-05-30,PHC_003,doctor,2,1,1
2025-05-30,PHC_003,nurse,5,4,1
2025-05-30,PHC_003,pharmacist,2,1,1
2025-05-30,PHC_004,doctor,2,2,0
2025-05-30,PHC_004,nurse,4,4,0
2025-05-30,PHC_005,doctor,1,1,0
2025-05-30,PHC_005,nurse,3,3,0
2025-05-30,PHC_006,doctor,2,1,1
2025-05-30,PHC_006,nurse,9,9,0
2025-05-30,PHC_006,pharmacist,1,1,0
2025-05-30,PHC_007,doctor,2,2,0
2025-05-30,PHC_007,nurse,4,2,2
2025-05-30,PHC_007,pharmacist,1,1,0
2025-05-30,PHC_008,doctor,2,2,0
2025-05-30,PHC_008,nurse,5,5,0
2025-05-30,PHC_008,pharmacist,1,1,0
2025-05-30,PHC_009,doctor,2,2,0
2025-05-30,PHC_009,nurse,6,6,0
2025-05-30,PHC_009,pharmacist,3,2,1
2025-05-30,PHC_010,doctor,3,3,0
2025-05-30,PHC_010,nurse,3,3,0
2025-05-30,PHC_010,pharmacist,1,0,1
2025-05-30,PHC_011,doctor,2,2,0
2025-05-30,PHC_011,nurse,8,7,1
2025-05-30,PHC_011,pharmacist,2,2,0
2025-05-30,PHC_012,doctor,2,1,1
2025-05-30,PHC_012,nurse,3,1,2
2025-05-30,PHC_012,pharmacist,1,1,0
2025-05-30,PHC_013,doctor,1,1,0
2025-05-30,PHC_013,nurse,6,6,0
2025-05-30,PHC_013,pharmacist,1,1,0
2025-05-30,PHC_014,doctor,3,3,0
2025-05-30,PHC_014,nurse,5,5,0
2025-05-30,PHC_014,pharmacist,1,0,1
2025-05-30,PHC_015,doctor,2,1,1
2025-05-30,PHC_015,nurse,7,6,1
2025-05-30,PHC_015,pharmacist,2,2,0
2025-05-31,PHC_001,doctor,3,2,1
2025-05-31,PHC_001,nurse,7,7,0
2025-05-31,PHC_001,pharmacist,1,1,0
2025-05-31,PHC_002,doctor,2,2,0
2025-05-31,PHC_002,nurse,9,5,4
2025-05-31,PHC_002,pharmacist,2,1,1
2025-05-31,PHC_003,doctor,3,2,1
2025-05-31,PHC_003,nurse,7,5,2
2025-05-31,PHC_003,pharmacist,1,1,0
2025-05-31,PHC_004,doctor,2,2,0
2025-05-31,PHC_004,nurse,6,6,0
2025-05-31,PHC_004,pharmacist,1,1,0
2025-05-31,PHC_005,doctor,1,0,1
2025-05-31,PHC_005,nurse,6,3,3
2025-05-31,PHC_006,doctor,3,0,3
2025-05-31,PHC_006,nurse,8,8,0
2025-05-31,PHC_006,pharmacist,2,1,1
2025-05-31,PHC_007,doctor,1,1,0
2025-05-31,PHC_007,nurse,3,3,0
2025-05-31,PHC_007,pharmacist,1,1,0
2025-05-31,PHC_008,doctor,2,2,0
2025-05-31,PHC_008,nurse,5,3,2
2025-05-31,PHC_008,pharmacist,1,1,0
2025-05-31,PHC_009,doctor,2,2,0
2025-05-31,PHC_009,nurse,7,7,0
2025-05-31,PHC_009,pharmacist,1,1,0
2025-05-31,PHC_010,doctor,3,3,0
2025-05-31,PHC_010,nurse,5,5,0
2025-05-31,PHC_011,doctor,2,2,0
2025-05-31,PHC_011,nurse,7,5,2
2025-05-31,PHC_011,pharmacist,2,2,0
2025-05-31,PHC_012,doctor,2,2,0
2025-05-31,PHC_012,nurse,2,1,1
2025-05-31,PHC_012,pharmacist,2,1,1
2025-05-31,PHC_013,doctor,3,3,0
2025-05-31,PHC_013,nurse,5,3,2
2025-05-31,PHC_013,pharmacist,1,1,0
2025-05-31,PHC_014,doctor,3,1,2
2025-05-31,PHC_014,nurse,3,3,0
2025-05-31,PHC_014,pharmacist,2,2,0
2025-05-31,PHC_015,doctor,2,2,0
2025-05-31,PHC_015,nurse,7,6,1
2025-05-31,PHC_015,pharmacist,2,1,1
2025-06-01,PHC_001,doctor,3,2,1
2025-06-01,PHC_001,nurse,7,4,3
2025-06-01,PHC_001,pharmacist,1,1,0
2025-06-01,PHC_002,doctor,2,2,0
2025-06-01,PHC_002,nurse,7,7,0
2025-06-01,PHC_002,pharmacist,3,3,0
2025-06-01,PHC_003,doctor,2,2,0
2025-06-01,PHC_003,nurse,7,6,1
2025-06-01,PHC_003,pharmacist,2,0,2
2025-06-01,PHC_004,nurse,6,4,2
2025-06-01,PHC_005,doctor,2,2,0
2025-06-01,PHC_005,nurse,5,4,1
2025-06-01,PHC_005,pharmacist,1,0,1
2025-06-01,PHC_006,doctor,2,2,0
2025-06-01,PHC_006,nurse,9,6,3
2025-06-01,PHC_006,pharmacist,2,1,1
2025-06-01,PHC_007,doctor,1,0,1
2025-06-01,PHC_007,nurse,5,2,3
2025-06-01,PHC_007,pharmacist,1,0,1
2025-06-01,PHC_008,doctor,1,1,0
2025-06-01,PHC_008,nurse,4,3,1
2025-06-01,PHC_009,doctor,2,1,1
2025-06-01,PHC_009,nurse,7,7,0
2025-06-01,PHC_009,pharmacist,3,2,1
2025-06-01,PHC_010,doctor,2,2,0
2025-06-01,PHC_010,nurse,3,2,1
2025-06-01,PHC_010,pharmacist,1,1,0
2025-06-01,PHC_011,doctor,1,1,0
2025-06-01,PHC_011,nurse,7,5,2
2025-06-01,PHC_011,pharmacist,2,1,1
2025-06-01,PHC_012,doctor,2,1,1
2025-06-01,PHC_012,nurse,4,4,0
2025-06-01,PHC_012,pharmacist,2,2,0
2025-06-01,PHC_013,doctor,3,2,1
2025-06-01,PHC_013,nurse,5,4,1
2025-06-01,PHC_013,pharmacist,1,1,0
2025-06-01,PHC_014,doctor,3,0,3
2025-06-01,PHC_014,nurse,3,2,1
2025-06-01,PHC_014,pharmacist,2,2,0
2025-06-01,PHC_015,doctor,1,1,0
2025-06-01,PHC_015,nurse,8,4,4
2025-06-01,PHC_015,pharmacist,2,2,0
2025-06-02,PHC_001,doctor,2,1,1
2025-06-02,PHC_001,nurse,5,4,1
2025-06-02,PHC_001,pharmacist,1,0,1
2025-06-02,PHC_002,doctor,2,1,1
2025-06-02,PHC_002,nurse,6,5,1
2025-06-02,PHC_002,pharmacist,3,1,2
2025-06-02,PHC_003,doctor,1,1,0
2025-06-02,PHC_003,nurse,9,8,1
2025-06-02,PHC_003,pharmacist,2,2,0
2025-06-02,PHC_004,doctor,2,2,0
2025-06-02,PHC_004,nurse,6,4,2
2025-06-02,PHC_004,pharmacist,1,0,1
2025-06-02,PHC_005,doctor,2,2,0
2025-06-02,PHC_005,nurse,5,3,2
2025-06-02,PHC_005,pharmacist,1,0,1
2025-06-02,PHC_006,doctor,2,2,0
2025-06-02,PHC_006,nurse,7,5,2
2025-06-02,PHC_006,pharmacist,2,1,1
2025-06-02,PHC_007,doctor,2,0,2
2025-06-02,PHC_007,nurse,1,1,0
2025-06-02,PHC_007,pharmacist,1,1,0
2025-06-02,PHC_008,doctor,2,2,0
2025-06-02,PHC_008,nurse,5,3,2
2025-06-02,PHC_008,pharmacist,1,1,0
2025-06-02,PHC_009,doctor,2,2,0
2025-06-02,PHC_009,nurse,5,3,2
2025-06-02,PHC_009,pharmacist,3,1,2
2025-06-02,PHC_010,doctor,1,0,1
2025-06-02,PHC_010,nurse,3,3,0
2025-06-02,PHC_010,pharmacist,1,0,1
2025-06-02,PHC_011,doctor,3,2,1
2025-06-02,PHC_011,nurse,6,6,0
2025-06-02,PHC_011,pharmacist,1,1,0
2025-06-02,PHC_012,doctor,2,2,0
2025-06-02,PHC_012,nurse,3,3,0
2025-06-02,PHC_012,pharmacist,2,2,0
2025-06-02,PHC_013,doctor,2,1,1
2025-06-02,PHC_013,nurse,4,2,2
2025-06-02,PHC_013,pharmacist,1,1,0
2025-06-02,PHC_014,doctor,2,2,0
2025-06-02,PHC_014,nurse,4,4,0
2025-06-02,PHC_014,pharmacist,1,0,1
2025-06-02,PHC_015,doctor,2,1,1
2025-06-02,PHC_015,nurse,8,7,1
2025-06-02,PHC_015,pharmacist,1,0,1
2025-06-03,PHC_001,doctor,2,2,0
2025-06-03,PHC_001,nurse,5,3,2
2025-06-03,PHC_002,doctor,2,2,0
2025-06-03,PHC_002,nurse,7,6,1
2025-06-03,PHC_002,pharmacist,2,2,0
2025-06-03,PHC_003,doctor,2,2,0
2025-06-03,PHC_003,nurse,9,6,3
2025-06-03,PHC_003,pharmacist,2,2,0
2025-06-03,PHC_004,doctor,1,1,0
2025-06-03,PHC_004,nurse,6,4,2
2025-06-03,PHC_004,pharmacist,1,1,0
2025-06-03,PHC_005,doctor,1,1,0
2025-06-03,PHC_005,nurse,2,2,0
2025-06-03,PHC_005,pharmacist,1,1,0
2025-06-03,PHC_006,doctor,3,2,1
2025-06-03,PHC_006,nurse,8,7,1
2025-06-03,PHC_006,pharmacist,2,2,0
2025-06-03,PHC_007,doctor,2,1,1
2025-06-03,PHC_007,nurse,2,2,0
2025-06-03,PHC_007,pharmacist,1,1,0
2025-06-03,PHC_008,doctor,2,2,0
2025-06-03,PHC_008,nurse,4,4,0
2025-06-03,PHC_008,pharmacist,1,1,0
2025-06-03,PHC_009,doctor,2,2,0
2025-06-03,PHC_009,nurse,8,8,0
2025-06-03,PHC_009,pharmacist,2,2,0
2025-06-03,PHC_010,doctor,1,1,0
2025-06-03,PHC_010,nurse,3,2,1
2025-06-03,PHC_010,pharmacist,1,1,0
2025-06-03,PHC_011,doctor,3,2,1
2025-06-03,PHC_011,nurse,7,6,1
2025-06-03,PHC_011,pharmacist,1,1,0
2025-06-03,PHC_012,doctor,1,0,1
2025-06-03,PHC_012,nurse,4,4,0
2025-06-03,PHC_012,pharmacist,1,1,0
2025-06-03,PHC_013,doctor,2,1,1
2025-06-03,PHC_013,nurse,4,4,0
2025-06-03,PHC_013,pharmacist,1,1,0
2025-06-03,PHC_014,doctor,3,3,0
2025-06-03,PHC_014,nurse,5,4,1
2025-06-03,PHC_014,pharmacist,2,2,0
2025-06-03,PHC_015,doctor,2,2,0
2025-06-03,PHC_015,nurse,6,6,0
2025-06-03,PHC_015,pharmacist,3,2,1
2025-06-04,PHC_001,doctor,2,1,1
2025-06-04,PHC_001,nurse,7,6,1
2025-06-04,PHC_002,doctor,2,2,0
2025-06-04,PHC_002,nurse,8,6,2
2025-06-04,PHC_002,pharmacist,3,3,0
2025-06-04,PHC_003,doctor,3,3,0
2025-06-04,PHC_003,nurse,9,7,2
2025-06-04,PHC_003,pharmacist,2,1,1
2025-06-04,PHC_004,doctor,2,1,1
2025-06-04,PHC_004,nurse,5,5,0
2025-06-04,PHC_004,pharmacist,1,1,0
2025-06-04,PHC_005,doctor,2,2,0
2025-06-04,PHC_005,nurse,5,5,0
2025-06-04,PHC_005,pharmacist,1,1,0
2025-06-04,PHC_006,doctor,1,1,0
2025-06-04,PHC_006,nurse,9,6,3
2025-06-04,PHC_006,pharmacist,2,2,0
2025-06-04,PHC_007,doctor,2,2,0
2025-06-04,PHC_007,nurse,5,5,0
2025-06-04,PHC_007,pharmacist,1,1,0
2025-06-04,PHC_008,doctor,2,2,0
2025-06-04,PHC_008,nurse,5,4,1
2025-06-04,PHC_008,pharmacist,1,1,0
2025-06-04,PHC_009,doctor,2,2,0
2025-06-04,PHC_009,nurse,7,7,0
2025-06-04,PHC_009,pharmacist,3,3,0
2025-06-04,PHC_010,doctor,3,3,0
2025-06-04,PHC_010,nurse,4,4,0
2025-06-04,PHC_010,pharmacist,1,0,1
2025-06-04,PHC_011,doctor,3,2,1
2025-06-04,PHC_011,nurse,8,7,1
2025-06-04,PHC_011,pharmacist,2,2,0
2025-06-04,PHC_012,doctor,2,2,0
2025-06-04,PHC_012,nurse,4,4,0
2025-06-04,PHC_012,pharmacist,2,1,1
2025-06-04,PHC_013,doctor,2,2,0
2025-06-04,PHC_013,nurse,4,3,1
2025-06-04,PHC_013,pharmacist,1,1,0
2025-06-04,PHC_014,doctor,3,3,0
2025-06-04,PHC_014,nurse,4,4,0
2025-06-04,PHC_014,pharmacist,2,2,0
2025-06-04,PHC_015,doctor,2,2,0
2025-06-04,PHC_015,nurse,6,3,3
2025-06-04,PHC_015,pharmacist,3,3,0
2025-06-05,PHC_001,doctor,2,1,1
2025-06-05,PHC_001,nurse,7,5,2
2025-06-05,PHC_001,pharmacist,1,1,0
2025-06-05,PHC_002,doctor,2,2,0
2025-06-05,PHC_002,nurse,9,5,4
2025-06-05,PHC_002,pharmacist,2,1,1
2025-06-05,PHC_003,doctor,2,1,1
2025-06-05,PHC_003,nurse,7,5,2
2025-06-05,PHC_003,pharmacist,2,2,0
2025-06-05,PHC_004,doctor,2,2,0
2025-06-05,PHC_004,nurse,5,4,1
2025-06-05,PHC_004,pharmacist,1,1,0
2025-06-05,PHC_005,doctor,2,2,0
2025-06-05,PHC_005,nurse,4,4,0
2025-06-05,PHC_005,pharmacist,1,1,0
2025-06-05,PHC_006,doctor,2,1,1
2025-06-05,PHC_006,nurse,9,9,0
2025-06-05,PHC_006,pharmacist,1,1,0
2025-06-05,PHC_007,doctor,2,2,0
2025-06-05,PHC_007,nurse,3,2,1
2025-06-05,PHC_007,pharmacist,1,1,0
2025-06-05,PHC_008,doctor,2,2,0
2025-06-05,PHC_008,nurse,4,4,0
2025-06-05,PHC_008,pharmacist,1,1,0
2025-06-05,PHC_009,doctor,2,2,0
2025-06-05,PHC_009,nurse,6,5,1
2025-06-05,PHC_009,pharmacist,3,3,0
2025-06-05,PHC_010,doctor,2,2,0
2025-06-05,PHC_010,nurse,5,5,0
2025-06-05,PHC_010,pharmacist,1,1,0
2025-06-05,PHC_011,doctor,2,1,1
2025-06-05,PHC_011,nurse,7,4,3
2025-06-05,PHC_012,doctor,2,1,1
2025-06-05,PHC_012,nurse,3,3,0
2025-06-05,PHC_012,pharmacist,2,1,1
2025-06-05,PHC_013,doctor,1,1,0
2025-06-05,PHC_013,nurse,4,2,2
2025-06-05,PHC_013,pharmacist,1,1,0
2025-06-05,PHC_014,doctor,3,3,0
2025-06-05,PHC_014,nurse,5,5,0
2025-06-05,PHC_014,pharmacist,2,1,1
2025-06-05,PHC_015,doctor,2,2,0
2025-06-05,PHC_015,nurse,8,6,2
2025-06-05,PHC_015,pharmacist,2,2,0
2025-06-06,PHC_001,doctor,3,3,0
2025-06-06,PHC_001,nurse,6,6,0
2025-06-06,PHC_001,pharmacist,1,1,0
2025-06-06,PHC_002,doctor,1,1,0
2025-06-06,PHC_002,nurse,8,8,0
2025-06-06,PHC_002,pharmacist,1,1,0
2025-06-06,PHC_003,doctor,2,2,0
2025-06-06,PHC_003,nurse,6,4,2
2025-06-06,PHC_003,pharmacist,2,2,0
2025-06-06,PHC_004,doctor,2,2,0
2025-06-06,PHC_004,nurse,3,3,0
2025-06-06,PHC_004,pharmacist,1,1,0
2025-06-06,PHC_005,doctor,2,2,0
2025-06-06,PHC_005,nurse,4,4,0
2025-06-06,PHC_006,doctor,2,0,2
2025-06-06,PHC_006,nurse,8,5,3
2025-06-06,PHC_007,doctor,1,1,0
2025-06-06,PHC_007,nurse,5,5,0
2025-06-06,PHC_007,pharmacist,1,1,0
2025-06-06,PHC_008,doctor,1,1,0
2025-06-06,PHC_008,nurse,4,3,1
2025-06-06,PHC_008,pharmacist,1,1,0
2025-06-06,PHC_009,doctor,2,1,1
2025-06-06,PHC_009,nurse,4,4,0
2025-06-06,PHC_009,pharmacist,2,2,0
2025-06-06,PHC_010,doctor,3,2,1
2025-06-06,PHC_010,nurse,4,4,0
2025-06-06,PHC_010,pharmacist,1,1,0
2025-06-06,PHC_011,doctor,3,2,1
2025-06-06,PHC_011,nurse,7,4,3
2025-06-06,PHC_011,pharmacist,2,1,1
2025-06-06,PHC_012,doctor,2,1,1
2025-06-06,PHC_012,nurse,4,3,1
2025-06-06,PHC_012,pharmacist,2,1,1
2025-06-06,PHC_013,doctor,1,0,1
2025-06-06,PHC_013,nurse,6,4,2
2025-06-06,PHC_013,pharmacist,1,1,0
2025-06-06,PHC_014,doctor,2,0,2
2025-06-06,PHC_014,nurse,3,3,0
2025-06-06,PHC_014,pharmacist,2,1,1
2025-06-06,PHC_015,doctor,2,2,0
2025-06-06,PHC_015,nurse,6,6,0
2025-06-06,PHC_015,pharmacist,3,3,0
2025-06-07,PHC_001,doctor,2,2,0
2025-06-07,PHC_001,nurse,6,6,0
2025-06-07,PHC_001,pharmacist,1,1,0
2025-06-07,PHC_002,doctor,1,1,0
2025-06-07,PHC_002,nurse,7,6,1
2025-06-07,PHC_002,pharmacist,2,1,1
2025-06-07,PHC_003,doctor,2,1,1
2025-06-07,PHC_003,nurse,9,7,2
2025-06-07,PHC_003,pharmacist,2,2,0
2025-06-07,PHC_004,doctor,2,1,1
2025-06-07,PHC_004,nurse,4,3,1
2025-06-07,PHC_005,doctor,1,1,0
2025-06-07,PHC_005,nurse,6,5,1
2025-06-07,PHC_005,pharmacist,1,1,0
2025-06-07,PHC_006,doctor,2,2,0
2025-06-07,PHC_006,nurse,9,7,2
2025-06-07,PHC_006,pharmacist,2,2,0
2025-06-07,PHC_007,doctor,1,1,0
2025-06-07,PHC_007,nurse,5,3,2
2025-06-07,PHC_007,pharmacist,1,1,0
2025-06-07,PHC_008,doctor,2,1,1
2025-06-07,PHC_008,nurse,5,5,0
2025-06-07,PHC_008,pharmacist,1,1,0
2025-06-07,PHC_009,doctor,1,1,0
2025-06-07,PHC_009,nurse,6,6,0
2025-06-07,PHC_009,pharmacist,3,3,0
2025-06-07,PHC_010,doctor,2,2,0
2025-06-07,PHC_010,nurse,4,4,0
2025-06-07,PHC_010,pharmacist,1,1,0
2025-06-07,PHC_011,doctor,2,1,1
2025-06-07,PHC_011,nurse,8,6,2
2025-06-07,PHC_011,pharmacist,1,1,0
2025-06-07,PHC_012,doctor,2,2,0
2025-06-07,PHC_012,nurse,3,3,0
2025-06-07,PHC_012,pharmacist,2,1,1
2025-06-07,PHC_013,doctor,2,2,0
2025-06-07,PHC_013,nurse,6,6,0
2025-06-07,PHC_013,pharmacist,1,1,0
2025-06-07,PHC_014,doctor,3,3,0
2025-06-07,PHC_014,nurse,4,2,2
2025-06-07,PHC_014,pharmacist,2,2,0
2025-06-07,PHC_015,doctor,2,2,0
2025-06-07,PHC_015,nurse,9,8,1
2025-06-07,PHC_015,pharmacist,3,3,0
2025-06-08,PHC_001,doctor,3,2,1
2025-06-08,PHC_001,nurse,5,4,1
2025-06-08,PHC_001,pharmacist,1,1,0
2025-06-08,PHC_002,doctor,1,1,0
2025-06-08,PHC_002,nurse,5,5,0
2025-06-08,PHC_002,pharmacist,3,3,0
2025-06-08,PHC_003,doctor,3,3,0
2025-06-08,PHC_003,nurse,7,6,1
2025-06-08,PHC_003,pharmacist,2,2,0
2025-06-08,PHC_004,doctor,1,1,0
2025-06-08,PHC_004,nurse,5,4,1
2025-06-08,PHC_004,pharmacist,1,1,0
2025-06-08,PHC_005,doctor,2,2,0
2025-06-08,PHC_005,nurse,6,3,3
2025-06-08,PHC_005,pharmacist,1,1,0
2025-06-08,PHC_006,doctor,3,3,0
2025-06-08,PHC_006,nurse,9,4,5
2025-06-08,PHC_006,pharmacist,1,1,0
2025-06-08,PHC_007,doctor,2,1,1
2025-06-08,PHC_007,nurse,4,3,1
2025-06-08,PHC_007,pharmacist,1,1,0
2025-06-08,PHC_008,doctor,2,1,1
2025-06-08,PHC_008,nurse,5,3,2
2025-06-08,PHC_008,pharmacist,1,1,0
2025-06-08,PHC_009,doctor,1,1,0
2025-06-08,PHC_009,nurse,8,7,1
2025-06-08,PHC_009,pharmacist,3,3,0
2025-06-08,PHC_010,doctor,2,1,1
2025-06-08,PHC_010,nurse,5,4,1
2025-06-08,PHC_010,pharmacist,1,1,0
2025-06-08,PHC_011,doctor,3,2,1
2025-06-08,PHC_011,nurse,7,4,3
2025-06-08,PHC_011,pharmacist,2,1,1
2025-06-08,PHC_012,doctor,2,1,1
2025-06-08,PHC_012,nurse,3,2,1
2025-06-08,PHC_012,pharmacist,2,2,0
2025-06-08,PHC_013,doctor,1,1,0
2025-06-08,PHC_013,nurse,5,5,0
2025-06-08,PHC_013,pharmacist,1,1,0
2025-06-08,PHC_014,doctor,3,3,0
2025-06-08,PHC_014,nurse,5,3,2
2025-06-08,PHC_014,pharmacist,2,2,0
2025-06-08,PHC_015,doctor,2,2,0
2025-06-08,PHC_015,nurse,8,5,3
2025-06-08,PHC_015,pharmacist,3,3,0
2025-06-09,PHC_001,doctor,2,1,1
2025-06-09,PHC_001,nurse,6,6,0
2025-06-09,PHC_002,doctor,2,1,1
2025-06-09,PHC_002,nurse,5,3,2
2025-06-09,PHC_002,pharmacist,3,3,0
2025-06-09,PHC_003,doctor,3,3,0
2025-06-09,PHC_003,nurse,8,6,2
2025-06-09,PHC_003,pharmacist,2,2,0
2025-06-09,PHC_004,doctor,1,1,0
2025-06-09,PHC_004,nurse,5,3,2
2025-06-09,PHC_004,pharmacist,1,1,0
2025-06-09,PHC_005,doctor,2,2,0
2025-06-09,PHC_005,nurse,5,4,1
2025-06-09,PHC_005,pharmacist,1,1,0
2025-06-09,PHC_006,doctor,2,2,0
2025-06-09,PHC_006,nurse,9,6,3
2025-06-09,PHC_006,pharmacist,1,1,0
2025-06-09,PHC_007,doctor,1,1,0
2025-06-09,PHC_007,nurse,4,2,2
2025-06-09,PHC_007,pharmacist,1,1,0
2025-06-09,PHC_008,doctor,2,2,0
2025-06-09,PHC_008,nurse,4,4,0
2025-06-09,PHC_008,pharmacist,1,1,0
2025-06-09,PHC_009,doctor,1,0,1
2025-06-09,PHC_009,nurse,8,8,0
2025-06-09,PHC_009,pharmacist,2,2,0
2025-06-09,PHC_010,doctor,2,2,0
2025-06-09,PHC_010,nurse,5,5,0
2025-06-09,PHC_011,doctor,3,2,1
2025-06-09,PHC_011,nurse,6,4,2
2025-06-09,PHC_011,pharmacist,2,2,0
2025-06-09,PHC_012,doctor,2,1,1
2025-06-09,PHC_012,nurse,3,3,0
2025-06-09,PHC_012,pharmacist,2,2,0
2025-06-09,PHC_013,doctor,1,1,0
2025-06-09,PHC_013,nurse,6,6,0
2025-06-09,PHC_013,pharmacist,1,1,0
2025-06-09,PHC_014,doctor,3,3,0
2025-06-09,PHC_014,nurse,5,5,0
2025-06-09,PHC_014,pharmacist,2,2,0
2025-06-09,PHC_015,doctor,2,1,1
2025-06-09,PHC_015,nurse,8,6,2
2025-06-09,PHC_015,pharmacist,3,3,0
2025-06-10,PHC_001,doctor,1,1,0
2025-06-10,PHC_001,nurse,7,7,0
2025-06-10,PHC_001,pharmacist,1,1,0
2025-06-10,PHC_002,doctor,2,2,0
2025-06-10,PHC_002,nurse,8,7,1
2025-06-10,PHC_002,pharmacist,3,3,0
2025-06-10,PHC_003,doctor,3,3,0
2025-06-10,PHC_003,nurse,7,6,1
2025-06-10,PHC_003,pharmacist,1,1,0
2025-06-10,PHC_004,doctor,2,2,0
2025-06-10,PHC_004,nurse,5,4,1
2025-06-10,PHC_005,doctor,2,1,1
2025-06-10,PHC_005,nurse,5,2,3
2025-06-10,PHC_005,pharmacist,1,1,0
2025-06-10,PHC_006,doctor,2,2,0
2025-06-10,PHC_006,nurse,10,7,3
2025-06-10,PHC_006,pharmacist,1,1,0
2025-06-10,PHC_007,doctor,2,2,0
2025-06-10,PHC_007,nurse,3,2,1
2025-06-10,PHC_007,pharmacist,1,1,0
2025-06-10,PHC_008,doctor,1,1,0
2025-06-10,PHC_008,nurse,4,2,2
2025-06-10,PHC_009,doctor,2,2,0
2025-06-10,PHC_009,nurse,6,6,0
2025-06-10,PHC_009,pharmacist,3,2,1
2025-06-10,PHC_010,doctor,3,2,1
2025-06-10,PHC_010,nurse,5,5,0
2025-06-10,PHC_010,pharmacist,1,0,1
2025-06-10,PHC_011,doctor,2,2,0
2025-06-10,PHC_011,nurse,5,5,0
2025-06-10,PHC_011,pharmacist,1,1,0
2025-06-10,PHC_012,doctor,2,1,1
2025-06-10,PHC_012,nurse,4,3,1
2025-06-10,PHC_012,pharmacist,2,2,0
2025-06-10,PHC_013,doctor,2,2,0
2025-06-10,PHC_013,nurse,4,3,1
2025-06-10,PHC_013,pharmacist,1,1,0
2025-06-10,PHC_014,doctor,2,2,0
2025-06-10,PHC_014,nurse,5,4,1
2025-06-10,PHC_014,pharmacist,2,1,1
2025-06-10,PHC_015,doctor,1,1,0
2025-06-10,PHC_015,nurse,6,4,2
2025-06-10,PHC_015,pharmacist,2,2,0
2025-06-11,PHC_001,doctor,2,1,1
2025-06-11,PHC_001,nurse,5,3,2
2025-06-11,PHC_002,nurse,9,8,1
2025-06-11,PHC_002,pharmacist,2,1,1
2025-06-11,PHC_003,doctor,2,1,1
2025-06-11,PHC_003,nurse,8,8,0
2025-06-11,PHC_003,pharmacist,2,2,0
2025-06-11,PHC_004,doctor,2,2,0
2025-06-11,PHC_004,nurse,4,3,1
2025-06-11,PHC_005,doctor,2,1,1
2025-06-11,PHC_005,nurse,6,6,0
2025-06-11,PHC_005,pharmacist,1,1,0
2025-06-11,PHC_006,doctor,2,1,1
2025-06-11,PHC_006,nurse,7,6,1
2025-06-11,PHC_006,pharmacist,2,0,2
2025-06-11,PHC_007,doctor,2,0,2
2025-06-11,PHC_007,nurse,4,4,0
2025-06-11,PHC_007,pharmacist,1,1,0
2025-06-11,PHC_008,doctor,2,2,0
2025-06-11,PHC_008,nurse,3,3,0
2025-06-11,PHC_009,doctor,2,1,1
2025-06-11,PHC_009,nurse,6,6,0
2025-06-11,PHC_009,pharmacist,3,3,0
2025-06-11,PHC_010,doctor,3,3,0
2025-06-11,PHC_010,nurse,5,5,0
2025-06-11,PHC_010,pharmacist,1,1,0
2025-06-11,PHC_011,doctor,3,3,0
2025-06-11,PHC_011,nurse,4,3,1
2025-06-11,PHC_011,pharmacist,2,2,0
2025-06-11,PHC_012,doctor,2,2,0
2025-06-11,PHC_012,nurse,4,3,1
2025-06-11,PHC_012,pharmacist,2,2,0
2025-06-11,PHC_013,doctor,2,1,1
2025-06-11,PHC_013,nurse,5,2,3
2025-06-11,PHC_013,pharmacist,1,1,0
2025-06-11,PHC_014,doctor,3,3,0
2025-06-11,PHC_014,nurse,3,3,0
2025-06-11,PHC_014,pharmacist,2,2,0
2025-06-11,PHC_015,doctor,2,2,0
2025-06-11,PHC_015,nurse,7,7,0
2025-06-11,PHC_015,pharmacist,2,2,0
2025-06-12,PHC_001,doctor,3,1,2
2025-06-12,PHC_001,nurse,7,5,2
2025-06-12,PHC_001,pharmacist,1,1,0
2025-06-12,PHC_002,doctor,1,1,0
2025-06-12,PHC_002,nurse,7,7,0
2025-06-12,PHC_002,pharmacist,2,1,1
2025-06-12,PHC_003,doctor,2,2,0
2025-06-12,PHC_003,nurse,9,8,1
2025-06-12,PHC_003,pharmacist,2,1,1
2025-06-12,PHC_004,doctor,2,2,0
2025-06-12,PHC_004,nurse,5,2,3
2025-06-12,PHC_004,pharmacist,1,1,0
2025-06-12,PHC_005,doctor,2,2,0
2025-06-12,PHC_005,nurse,5,0,5
2025-06-12,PHC_005,pharmacist,1,1,0
2025-06-12,PHC_006,doctor,3,2,1
2025-06-12,PHC_006,nurse,7,7,0
2025-06-12,PHC_006,pharmacist,1,0,1
2025-06-12,PHC_007,doctor,1,1,0
2025-06-12,PHC_007,nurse,5,2,3
2025-06-12,PHC_007,pharmacist,1,1,0
2025-06-12,PHC_008,doctor,1,1,0
2025-06-12,PHC_008,nurse,2,2,0
2025-06-12,PHC_008,pharmacist,1,1,0
2025-06-12,PHC_009,doctor,2,2,0
2025-06-12,PHC_009,nurse,8,8,0
2025-06-12,PHC_009,pharmacist,3,2,1
2025-06-12,PHC_010,doctor,3,3,0
2025-06-12,PHC_010,nurse,5,4,1
2025-06-12,PHC_010,pharmacist,1,1,0
2025-06-12,PHC_011,doctor,2,2,0
2025-06-12,PHC_011,nurse,5,3,2
2025-06-12,PHC_011,pharmacist,2,2,0
2025-06-12,PHC_012,doctor,1,1,0
2025-06-12,PHC_012,nurse,4,4,0
2025-06-12,PHC_012,pharmacist,2,2,0
2025-06-12,PHC_013,doctor,3,3,0
2025-06-12,PHC_013,nurse,5,5,0
2025-06-12,PHC_013,pharmacist,1,0,1
2025-06-12,PHC_014,doctor,3,2,1
2025-06-12,PHC_014,nurse,5,4,1
2025-06-12,PHC_014,pharmacist,2,2,0
2025-06-12,PHC_015,doctor,2,2,0
2025-06-12,PHC_015,nurse,7,7,0
2025-06-12,PHC_015,pharmacist,3,3,0
2025-06-13,PHC_001,doctor,3,1,2
2025-06-13,PHC_001,nurse,6,4,2
2025-06-13,PHC_001,pharmacist,1,1,0
2025-06-13,PHC_002,doctor,1,1,0
2025-06-13,PHC_002,nurse,8,7,1
2025-06-13,PHC_002,pharmacist,1,0,1
2025-06-13,PHC_003,doctor,2,1,1
2025-06-13,PHC_003,nurse,9,6,3
2025-06-13,PHC_003,pharmacist,1,1,0
2025-06-13,PHC_004,doctor,2,2,0
2025-06-13,PHC_004,nurse,6,4,2
2025-06-13,PHC_004,pharmacist,1,1,0
2025-06-13,PHC_005,doctor,1,1,0
2025-06-13,PHC_005,nurse,5,4,1
2025-06-13,PHC_005,pharmacist,1,1,0
2025-06-13,PHC_006,doctor,3,3,0
2025-06-13,PHC_006,nurse,9,6,3
2025-06-13,PHC_006,pharmacist,2,1,1
2025-06-13,PHC_007,doctor,2,2,0
2025-06-13,PHC_007,nurse,5,5,0
2025-06-13,PHC_007,pharmacist,1,0,1
2025-06-13,PHC_008,doctor,2,2,0
2025-06-13,PHC_008,nurse,4,4,0
2025-06-13,PHC_008,pharmacist,1,1,0
2025-06-13,PHC_009,doctor,2,2,0
2025-06-13,PHC_009,nurse,8,8,0
2025-06-13,PHC_009,pharmacist,3,2,1
2025-06-13,PHC_010,doctor,3,2,1
2025-06-13,PHC_010,nurse,4,4,0
2025-06-13,PHC_010,pharmacist,1,1,0
2025-06-13,PHC_011,doctor,2,2,0
2025-06-13,PHC_011,nurse,5,4,1
2025-06-13,PHC_011,pharmacist,2,2,0
2025-06-13,PHC_012,doctor,2,1,1
2025-06-13,PHC_012,nurse,4,1,3
2025-06-13,PHC_012,pharmacist,2,2,0
2025-06-13,PHC_013,doctor,3,2,1
2025-06-13,PHC_013,nurse,6,6,0
2025-06-13,PHC_013,pharmacist,1,1,0
2025-06-13,PHC_014,doctor,2,2,0
2025-06-13,PHC_014,nurse,4,4,0
2025-06-13,PHC_014,pharmacist,2,2,0
2025-06-13,PHC_015,doctor,2,2,0
2025-06-13,PHC_015,nurse,7,3,4
2025-06-13,PHC_015,pharmacist,3,3,0
2025-06-14,PHC_001,doctor,2,1,1
2025-06-14,PHC_001,nurse,5,4,1
2025-06-14,PHC_001,pharmacist,1,1,0
2025-06-14,PHC_002,doctor,2,2,0
2025-06-14,PHC_002,nurse,8,5,3
2025-06-14,PHC_002,pharmacist,3,3,0
2025-06-14,PHC_003,doctor,2,1,1
2025-06-14,PHC_003,nurse,9,7,2
2025-06-14,PHC_003,pharmacist,2,2,0
2025-06-14,PHC_004,doctor,1,1,0
2025-06-14,PHC_004,nurse,5,4,1
2025-06-14,PHC_004,pharmacist,1,0,1
2025-06-14,PHC_005,doctor,2,1,1
2025-06-14,PHC_005,nurse,5,5,0
2025-06-14,PHC_005,pharmacist,1,1,0
2025-06-14,PHC_006,doctor,3,2,1
2025-06-14,PHC_006,nurse,8,8,0
2025-06-14,PHC_006,pharmacist,2,0,2
2025-06-14,PHC_007,doctor,1,0,1
2025-06-14,PHC_007,nurse,4,4,0
2025-06-14,PHC_007,pharmacist,1,1,0
2025-06-14,PHC_008,doctor,2,2,0
2025-06-14,PHC_008,nurse,4,4,0
2025-06-14,PHC_008,pharmacist,1,1,0
2025-06-14,PHC_009,doctor,1,1,0
2025-06-14,PHC_009,nurse,6,5,1
2025-06-14,PHC_009,pharmacist,3,2,1
2025-06-14,PHC_010,doctor,3,3,0
2025-06-14,PHC_010,nurse,4,4,0
2025-06-14,PHC_010,pharmacist,1,0,1
2025-06-14,PHC_011,doctor,3,2,1
2025-06-14,PHC_011,nurse,8,7,1
2025-06-14,PHC_011,pharmacist,2,2,0
2025-06-14,PHC_012,doctor,2,1,1
2025-06-14,PHC_012,nurse,3,3,0
2025-06-14,PHC_012,pharmacist,2,2,0
2025-06-14,PHC_013,doctor,3,2,1
2025-06-14,PHC_013,nurse,6,1,5
2025-06-14,PHC_014,doctor,3,1,2
2025-06-14,PHC_014,nurse,4,4,0
2025-06-14,PHC_014,pharmacist,2,2,0
2025-06-14,PHC_015,doctor,2,0,2
2025-06-14,PHC_015,nurse,8,7,1
2025-06-14,PHC_015,pharmacist,2,2,0
2025-06-15,PHC_001,doctor,3,2,1
2025-06-15,PHC_001,nurse,5,5,0
2025-06-15,PHC_001,pharmacist,1,1,0
2025-06-15,PHC_002,doctor,2,1,1
2025-06-15,PHC_002,nurse,7,7,0
2025-06-15,PHC_002,pharmacist,2,1,1
2025-06-15,PHC_003,doctor,3,3,0
2025-06-15,PHC_003,nurse,7,6,1
2025-06-15,PHC_003,pharmacist,2,2,0
2025-06-15,PHC_004,doctor,1,0,1
2025-06-15,PHC_004,nurse,6,4,2
2025-06-15,PHC_004,pharmacist,1,0,1
2025-06-15,PHC_005,doctor,2,2,0
2025-06-15,PHC_005,nurse,3,1,2
2025-06-15,PHC_005,pharmacist,1,1,0
2025-06-15,PHC_006,doctor,3,3,0
2025-06-15,PHC_006,nurse,9,5,4
2025-06-15,PHC_006,pharmacist,2,0,2
2025-06-15,PHC_007,doctor,2,0,2
2025-06-15,PHC_007,nurse,3,2,1
2025-06-15,PHC_007,pharmacist,1,1,0
2025-06-15,PHC_008,doctor,1,1,0
2025-06-15,PHC_008,nurse,5,4,1
2025-06-15,PHC_008,pharmacist,1,1,0
2025-06-15,PHC_009,doctor,2,2,0
2025-06-15,PHC_009,nurse,6,6,0
2025-06-15,PHC_009,pharmacist,3,2,1
2025-06-15,PHC_010,doctor,2,2,0
2025-06-15,PHC_010,nurse,4,3,1
2025-06-15,PHC_010,pharmacist,1,0,1
2025-06-15,PHC_011,doctor,2,1,1
2025-06-15,PHC_011,nurse,7,6,1
2025-06-15,PHC_011,pharmacist,2,1,1
2025-06-15,PHC_012,doctor,2,2,0
2025-06-15,PHC_012,nurse,3,3,0
2025-06-15,PHC_012,pharmacist,1,0,1
2025-06-15,PHC_013,doctor,2,1,1
2025-06-15,PHC_013,nurse,6,5,1
2025-06-15,PHC_013,pharmacist,1,1,0
2025-06-15,PHC_014,doctor,3,2,1
2025-06-15,PHC_014,nurse,5,4,1
2025-06-15,PHC_014,pharmacist,1,1,0
2025-06-15,PHC_015,doctor,1,1,0
2025-06-15,PHC_015,nurse,6,4,2
2025-06-15,PHC_015,pharmacist,3,3,0
2025-06-16,PHC_001,doctor,3,3,0
2025-06-16,PHC_001,nurse,6,4,2
2025-06-16,PHC_001,pharmacist,1,1,0
2025-06-16,PHC_002,doctor,2,1,1
2025-06-16,PHC_002,nurse,8,5,3
2025-06-16,PHC_002,pharmacist,2,1,1
2025-06-16,PHC_003,doctor,3,3,0
2025-06-16,PHC_003,nurse,8,7,1
2025-06-16,PHC_003,pharmacist,2,2,0
2025-06-16,PHC_004,doctor,1,1,0
2025-06-16,PHC_004,nurse,5,4,1
2025-06-16,PHC_004,pharmacist,1,1,0
2025-06-16,PHC_005,doctor,2,2,0
2025-06-16,PHC_005,nurse,6,3,3
2025-06-16,PHC_005,pharmacist,1,1,0
2025-06-16,PHC_006,doctor,3,3,0
2025-06-16,PHC_006,nurse,6,6,0
2025-06-16,PHC_006,pharmacist,2,2,0
2025-06-16,PHC_007,doctor,2,1,1
2025-06-16,PHC_007,nurse,5,2,3
2025-06-16,PHC_007,pharmacist,1,1,0
2025-06-16,PHC_008,doctor,2,2,0
2025-06-16,PHC_008,nurse,5,5,0
2025-06-16,PHC_008,pharmacist,1,1,0
2025-06-16,PHC_009,doctor,2,2,0
2025-06-16,PHC_009,nurse,7,4,3
2025-06-16,PHC_009,pharmacist,1,1,0
2025-06-16,PHC_010,doctor,1,1,0
2025-06-16,PHC_010,nurse,3,3,0
2025-06-16,PHC_010,pharmacist,1,1,0
2025-06-16,PHC_011,doctor,2,2,0
2025-06-16,PHC_011,nurse,8,7,1
2025-06-16,PHC_011,pharmacist,2,2,0
2025-06-16,PHC_012,doctor,2,2,0
2025-06-16,PHC_012,nurse,3,3,0
2025-06-16,PHC_012,pharmacist,1,1,0
2025-06-16,PHC_013,doctor,3,2,1
2025-06-16,PHC_013,nurse,5,5,0
2025-06-16,PHC_013,pharmacist,1,1,0
2025-06-16,PHC_014,doctor,1,1,0
2025-06-16,PHC_014,nurse,4,4,0
2025-06-16,PHC_014,pharmacist,2,2,0
2025-06-16,PHC_015,doctor,1,1,0
2025-06-16,PHC_015,nurse,8,8,0
2025-06-16,PHC_015,pharmacist,2,2,0
2025-06-17,PHC_001,doctor,3,3,0
2025-06-17,PHC_001,nurse,6,6,0
2025-06-17,PHC_001,pharmacist,1,0,1
2025-06-17,PHC_002,doctor,2,2,0
2025-06-17,PHC_002,nurse,6,6,0
2025-06-17,PHC_002,pharmacist,3,0,3
2025-06-17,PHC_003,doctor,2,2,0
2025-06-17,PHC_003,nurse,7,6,1
2025-06-17,PHC_004,doctor,2,2,0
2025-06-17,PHC_004,nurse,5,3,2
2025-06-17,PHC_004,pharmacist,1,1,0
2025-06-17,PHC_005,doctor,1,1,0
2025-06-17,PHC_005,nurse,5,4,1
2025-06-17,PHC_005,pharmacist,1,1,0
2025-06-17,PHC_006,doctor,3,2,1
2025-06-17,PHC_006,nurse,8,8,0
2025-06-17,PHC_006,pharmacist,2,2,0
2025-06-17,PHC_007,doctor,1,0,1
2025-06-17,PHC_007,nurse,5,3,2
2025-06-17,PHC_007,pharmacist,1,1,0
2025-06-17,PHC_008,doctor,1,1,0
2025-06-17,PHC_008,nurse,4,3,1
2025-06-17,PHC_008,pharmacist,1,1,0
2025-06-17,PHC_009,doctor,2,1,1
2025-06-17,PHC_009,nurse,6,6,0
2025-06-17,PHC_009,pharmacist,3,3,0
2025-06-17,PHC_010,doctor,2,1,1
2025-06-17,PHC_010,nurse,5,4,1
2025-06-17,PHC_011,doctor,1,0,1
2025-06-17,PHC_011,nurse,7,7,0
2025-06-17,PHC_011,pharmacist,2,2,0
2025-06-17,PHC_012,doctor,2,2,0
2025-06-17,PHC_012,nurse,3,2,1
2025-06-17,PHC_012,pharmacist,2,1,1
2025-06-17,PHC_013,doctor,3,2,1
2025-06-17,PHC_013,nurse,5,5,0
2025-06-17,PHC_013,pharmacist,1,1,0
2025-06-17,PHC_014,doctor,2,1,1
2025-06-17,PHC_014,nurse,4,4,0
2025-06-17,PHC_014,pharmacist,2,2,0
2025-06-17,PHC_015,doctor,1,1,0
2025-06-17,PHC_015,nurse,8,8,0
2025-06-17,PHC_015,pharmacist,3,1,2
2025-06-18,PHC_001,doctor,2,2,0
2025-06-18,PHC_001,nurse,5,4,1
2025-06-18,PHC_001,pharmacist,1,1,0
2025-06-18,PHC_002,doctor,2,2,0
2025-06-18,PHC_002,nurse,7,6,1
2025-06-18,PHC_002,pharmacist,2,1,1
2025-06-18,PHC_003,doctor,2,2,0
2025-06-18,PHC_003,nurse,7,4,3
2025-06-18,PHC_003,pharmacist,2,1,1
2025-06-18,PHC_004,doctor,2,2,0
2025-06-18,PHC_004,nurse,5,3,2
2025-06-18,PHC_004,pharmacist,1,1,0
2025-06-18,PHC_005,doctor,1,1,0
2025-06-18,PHC_005,nurse,6,6,0
2025-06-18,PHC_005,pharmacist,1,1,0
2025-06-18,PHC_006,doctor,2,2,0
2025-06-18,PHC_006,nurse,10,8,2
2025-06-18,PHC_006,pharmacist,2,2,0
2025-06-18,PHC_007,doctor,2,0,2
2025-06-18,PHC_007,nurse,5,4,1
2025-06-18,PHC_007,pharmacist,1,1,0
2025-06-18,PHC_008,doctor,2,2,0
2025-06-18,PHC_008,nurse,3,2,1
2025-06-18,PHC_008,pharmacist,1,1,0
2025-06-18,PHC_009,nurse,7,6,1
2025-06-18,PHC_009,pharmacist,2,2,0
2025-06-18,PHC_010,doctor,2,2,0
2025-06-18,PHC_010,nurse,3,3,0
2025-06-18,PHC_010,pharmacist,1,0,1
2025-06-18,PHC_011,doctor,2,1,1
2025-06-18,PHC_011,nurse,8,7,1
2025-06-18,PHC_011,pharmacist,1,1,0
2025-06-18,PHC_012,doctor,2,2,0
2025-06-18,PHC_012,nurse,2,1,1
2025-06-18,PHC_012,pharmacist,1,1,0
2025-06-18,PHC_013,doctor,3,3,0
2025-06-18,PHC_013,nurse,6,6,0
2025-06-18,PHC_014,doctor,2,2,0
2025-06-18,PHC_014,nurse,4,4,0
2025-06-18,PHC_014,pharmacist,2,2,0
2025-06-18,PHC_015,doctor,1,1,0
2025-06-18,PHC_015,nurse,9,8,1
2025-06-18,PHC_015,pharmacist,2,1,1
2025-06-19,PHC_001,doctor,2,1,1
2025-06-19,PHC_001,nurse,6,4,2
2025-06-19,PHC_001,pharmacist,1,1,0
2025-06-19,PHC_002,doctor,2,2,0
2025-06-19,PHC_002,nurse,7,7,0
2025-06-19,PHC_002,pharmacist,3,2,1
2025-06-19,PHC_003,doctor,3,3,0
2025-06-19,PHC_003,nurse,9,8,1
2025-06-19,PHC_003,pharmacist,2,2,0
2025-06-19,PHC_004,doctor,2,1,1
2025-06-19,PHC_004,nurse,4,4,0
2025-06-19,PHC_005,doctor,2,1,1
2025-06-19,PHC_005,nurse,5,2,3
2025-06-19,PHC_005,pharmacist,1,1,0
2025-06-19,PHC_006,doctor,2,2,0
2025-06-19,PHC_006,nurse,10,8,2
2025-06-19,PHC_006,pharmacist,2,0,2
2025-06-19,PHC_007,doctor,2,2,0
2025-06-19,PHC_007,nurse,5,3,2
2025-06-19,PHC_007,pharmacist,1,1,0
2025-06-19,PHC_008,doctor,2,2,0
2025-06-19,PHC_008,nurse,4,3,1
2025-06-19,PHC_009,doctor,2,2,0
2025-06-19,PHC_009,nurse,7,6,1
2025-06-19,PHC_009,pharmacist,3,0,3
2025-06-19,PHC_010,doctor,2,2,0
2025-06-19,PHC_010,nurse,5,5,0
2025-06-19,PHC_010,pharmacist,1,1,0
2025-06-19,PHC_011,doctor,3,3,0
2025-06-19,PHC_011,nurse,6,3,3
2025-06-19,PHC_011,pharmacist,2,1,1
2025-06-19,PHC_012,doctor,2,0,2
2025-06-19,PHC_012,nurse,4,3,1
2025-06-19,PHC_012,pharmacist,1,1,0
2025-06-19,PHC_013,doctor,3,3,0
2025-06-19,PHC_013,nurse,5,5,0
2025-06-19,PHC_013,pharmacist,1,1,0
2025-06-19,PHC_014,doctor,3,3,0
2025-06-19,PHC_014,nurse,3,2,1
2025-06-19,PHC_014,pharmacist,2,2,0
2025-06-19,PHC_015,doctor,2,2,0
2025-06-19,PHC_015,nurse,9,7,2
2025-06-19,PHC_015,pharmacist,3,3,0
2025-06-20,PHC_001,doctor,3,2,1
2025-06-20,PHC_001,nurse,7,7,0
2025-06-20,PHC_002,doctor,2,2,0
2025-06-20,PHC_002,nurse,8,6,2
2025-06-20,PHC_002,pharmacist,2,1,1
2025-06-20,PHC_003,doctor,3,3,0
2025-06-20,PHC_003,nurse,7,6,1
2025-06-20,PHC_003,pharmacist,2,2,0
2025-06-20,PHC_004,doctor,1,1,0
2025-06-20,PHC_004,nurse,6,4,2
2025-06-20,PHC_004,pharmacist,1,0,1
2025-06-20,PHC_005,doctor,2,2,0
2025-06-20,PHC_005,nurse,4,2,2
2025-06-20,PHC_005,pharmacist,1,1,0
2025-06-20,PHC_006,doctor,3,1,2
2025-06-20,PHC_006,nurse,7,6,1
2025-06-20,PHC_006,pharmacist,2,2,0
2025-06-20,PHC_007,doctor,2,0,2
2025-06-20,PHC_007,nurse,4,3,1
2025-06-20,PHC_007,pharmacist,1,1,0
2025-06-20,PHC_008,doctor,2,2,0
2025-06-20,PHC_008,nurse,5,5,0
2025-06-20,PHC_008,pharmacist,1,1,0
2025-06-20,PHC_009,doctor,2,2,0
2025-06-20,PHC_009,nurse,7,6,1
2025-06-20,PHC_009,pharmacist,2,1,1
2025-06-20,PHC_010,doctor,3,3,0
2025-06-20,PHC_010,nurse,4,3,1
2025-06-20,PHC_010,pharmacist,1,1,0
2025-06-20,PHC_011,doctor,3,3,0
2025-06-20,PHC_011,nurse,8,7,1
2025-06-20,PHC_011,pharmacist,2,2,0
2025-06-20,PHC_012,doctor,2,1,1
2025-06-20,PHC_012,nurse,3,3,0
2025-06-20,PHC_012,pharmacist,2,2,0
2025-06-20,PHC_013,doctor,3,2,1
2025-06-20,PHC_013,nurse,6,5,1
2025-06-20,PHC_013,pharmacist,1,1,0
2025-06-20,PHC_014,doctor,2,1,1
2025-06-20,PHC_014,nurse,3,3,0
2025-06-20,PHC_014,pharmacist,2,2,0
2025-06-20,PHC_015,doctor,2,1,1
2025-06-20,PHC_015,nurse,8,8,0
2025-06-20,PHC_015,pharmacist,2,2,0
2025-06-21,PHC_001,doctor,3,3,0
2025-06-21,PHC_001,nurse,2,2,0
2025-06-21,PHC_001,pharmacist,1,0,1
2025-06-21,PHC_002,doctor,2,2,0
2025-06-21,PHC_002,nurse,9,8,1
2025-06-21,PHC_002,pharmacist,3,2,1
2025-06-21,PHC_003,doctor,3,3,0
2025-06-21,PHC_003,nurse,9,8,1
2025-06-21,PHC_003,pharmacist,2,1,1
2025-06-21,PHC_004,doctor,2,2,0
2025-06-21,PHC_004,nurse,5,4,1
2025-06-21,PHC_005,doctor,1,1,0
2025-06-21,PHC_005,nurse,2,1,1
2025-06-21,PHC_005,pharmacist,1,0,1
2025-06-21,PHC_006,doctor,2,1,1
2025-06-21,PHC_006,nurse,10,6,4
2025-06-21,PHC_006,pharmacist,2,2,0
2025-06-21,PHC_007,nurse,5,4,1
2025-06-21,PHC_007,pharmacist,1,1,0
2025-06-21,PHC_008,doctor,1,1,0
2025-06-21,PHC_008,nurse,3,2,1
2025-06-21,PHC_008,pharmacist,1,1,0
2025-06-21,PHC_009,doctor,2,1,1
2025-06-21,PHC_009,nurse,8,8,0
2025-06-21,PHC_009,pharmacist,2,2,0
2025-06-21,PHC_010,doctor,3,1,2
2025-06-21,PHC_010,nurse,5,4,1
2025-06-21,PHC_010,pharmacist,1,0,1
2025-06-21,PHC_011,doctor,2,0,2
2025-06-21,PHC_011,nurse,7,6,1
2025-06-21,PHC_011,pharmacist,1,1,0
2025-06-21,PHC_012,doctor,2,1,1
2025-06-21,PHC_012,nurse,4,2,2
2025-06-21,PHC_012,pharmacist,2,1,1
2025-06-21,PHC_013,doctor,1,1,0
2025-06-21,PHC_013,nurse,5,5,0
2025-06-21,PHC_013,pharmacist,1,1,0
2025-06-21,PHC_014,doctor,3,3,0
2025-06-21,PHC_014,nurse,5,4,1
2025-06-21,PHC_014,pharmacist,2,1,1
2025-06-21,PHC_015,doctor,2,2,0
2025-06-21,PHC_015,nurse,8,7,1
2025-06-21,PHC_015,pharmacist,3,3,0
2025-06-22,PHC_001,doctor,3,2,1
2025-06-22,PHC_001,nurse,7,5,2
2025-06-22,PHC_001,pharmacist,1,0,1
2025-06-22,PHC_002,doctor,2,2,0
2025-06-22,PHC_002,nurse,8,7,1
2025-06-22,PHC_002,pharmacist,1,1,0
2025-06-22,PHC_003,doctor,3,2,1
2025-06-22,PHC_003,nurse,8,6,2
2025-06-22,PHC_003,pharmacist,1,1,0
2025-06-22,PHC_004,doctor,2,2,0
2025-06-22,PHC_004,nurse,5,3,2
2025-06-22,PHC_005,doctor,2,2,0
2025-06-22,PHC_005,nurse,5,3,2
2025-06-22,PHC_005,pharmacist,1,1,0
2025-06-22,PHC_006,doctor,3,2,1
2025-06-22,PHC_006,nurse,8,6,2
2025-06-22,PHC_006,pharmacist,2,2,0
2025-06-22,PHC_007,doctor,1,1,0
2025-06-22,PHC_007,nurse,5,3,2
2025-06-22,PHC_007,pharmacist,1,1,0
2025-06-22,PHC_008,doctor,1,1,0
2025-06-22,PHC_008,nurse,5,5,0
2025-06-22,PHC_008,pharmacist,1,1,0
2025-06-22,PHC_009,doctor,1,1,0
2025-06-22,PHC_009,nurse,5,3,2
2025-06-22,PHC_009,pharmacist,2,2,0
2025-06-22,PHC_010,doctor,3,2,1
2025-06-22,PHC_010,nurse,4,3,1
2025-06-22,PHC_010,pharmacist,1,0,1
2025-06-22,PHC_011,doctor,3,2,1
2025-06-22,PHC_011,nurse,6,4,2
2025-06-22,PHC_011,pharmacist,2,1,1
2025-06-22,PHC_012,doctor,2,1,1
2025-06-22,PHC_012,nurse,4,3,1
2025-06-22,PHC_012,pharmacist,1,0,1
2025-06-22,PHC_013,doctor,2,2,0
2025-06-22,PHC_013,nurse,6,6,0
2025-06-22,PHC_013,pharmacist,1,1,0
2025-06-22,PHC_014,doctor,3,2,1
2025-06-22,PHC_014,nurse,5,4,1
2025-06-22,PHC_014,pharmacist,1,0,1
2025-06-22,PHC_015,doctor,1,1,0
2025-06-22,PHC_015,nurse,9,9,0
2025-06-22,PHC_015,pharmacist,2,1,1
2025-06-23,PHC_001,doctor,3,3,0
2025-06-23,PHC_001,nurse,7,7,0
2025-06-23,PHC_001,pharmacist,1,1,0
2025-06-23,PHC_002,doctor,2,2,0
2025-06-23,PHC_002,nurse,8,6,2
2025-06-23,PHC_002,pharmacist,3,2,1
2025-06-23,PHC_003,doctor,3,3,0
2025-06-23,PHC_003,nurse,9,5,4
2025-06-23,PHC_003,pharmacist,1,0,1
2025-06-23,PHC_004,doctor,2,2,0
2025-06-23,PHC_004,nurse,4,3,1
2025-06-23,PHC_005,doctor,2,2,0
2025-06-23,PHC_005,nurse,4,4,0
2025-06-23,PHC_005,pharmacist,1,1,0
2025-06-23,PHC_006,doctor,2,2,0
2025-06-23,PHC_006,nurse,9,9,0
2025-06-23,PHC_006,pharmacist,1,0,1
2025-06-23,PHC_007,doctor,2,1,1
2025-06-23,PHC_007,nurse,4,3,1
2025-06-23,PHC_008,doctor,2,2,0
2025-06-23,PHC_008,nurse,4,3,1
2025-06-23,PHC_008,pharmacist,1,1,0
2025-06-23,PHC_009,doctor,2,1,1
2025-06-23,PHC_009,nurse,7,7,0
2025-06-23,PHC_009,pharmacist,3,2,1
2025-06-23,PHC_010,doctor,3,2,1
2025-06-23,PHC_010,nurse,4,3,1
2025-06-23,PHC_010,pharmacist,1,0,1
2025-06-23,PHC_011,doctor,3,2,1
2025-06-23,PHC_011,nurse,6,4,2
2025-06-23,PHC_011,pharmacist,1,1,0
2025-06-23,PHC_012,doctor,2,2,0
2025-06-23,PHC_012,nurse,4,4,0
2025-06-23,PHC_012,pharmacist,2,2,0
2025-06-23,PHC_013,doctor,3,2,1
2025-06-23,PHC_013,nurse,6,6,0
2025-06-23,PHC_014,doctor,3,2,1
2025-06-23,PHC_014,nurse,4,4,0
2025-06-23,PHC_014,pharmacist,1,1,0
2025-06-23,PHC_015,doctor,2,2,0
2025-06-23,PHC_015,nurse,9,7,2
2025-06-23,PHC_015,pharmacist,3,3,0
2025-06-24,PHC_001,doctor,3,2,1
2025-06-24,PHC_001,nurse,4,4,0
2025-06-24,PHC_001,pharmacist,1,0,1
2025-06-24,PHC_002,doctor,2,2,0
2025-06-24,PHC_002,nurse,7,5,2
2025-06-24,PHC_002,pharmacist,1,1,0
2025-06-24,PHC_003,doctor,3,3,0
2025-06-24,PHC_003,nurse,8,6,2
2025-06-24,PHC_003,pharmacist,2,2,0
2025-06-24,PHC_004,doctor,2,2,0
2025-06-24,PHC_004,nurse,6,5,1
2025-06-24,PHC_004,pharmacist,1,1,0
2025-06-24,PHC_005,doctor,1,1,0
2025-06-24,PHC_005,nurse,4,3,1
2025-06-24,PHC_005,pharmacist,1,1,0
2025-06-24,PHC_006,doctor,2,1,1
2025-06-24,PHC_006,nurse,7,6,1
2025-06-24,PHC_006,pharmacist,2,1,1
2025-06-24,PHC_007,doctor,2,2,0
2025-06-24,PHC_007,nurse,3,1,2
2025-06-24,PHC_007,pharmacist,1,0,1
2025-06-24,PHC_008,doctor,2,2,0
2025-06-24,PHC_008,nurse,5,5,0
2025-06-24,PHC_008,pharmacist,1,1,0
2025-06-24,PHC_009,doctor,2,2,0
2025-06-24,PHC_009,nurse,6,5,1
2025-06-24,PHC_009,pharmacist,2,1,1
2025-06-24,PHC_010,doctor,3,3,0
2025-06-24,PHC_010,nurse,5,5,0
2025-06-24,PHC_010,pharmacist,1,1,0
2025-06-24,PHC_011,doctor,2,2,0
2025-06-24,PHC_011,nurse,7,4,3
2025-06-24,PHC_011,pharmacist,2,2,0
2025-06-24,PHC_012,doctor,2,1,1
2025-06-24,PHC_012,pharmacist,2,2,0
2025-06-24,PHC_013,doctor,3,2,1
2025-06-24,PHC_013,nurse,5,4,1
2025-06-24,PHC_013,pharmacist,1,1,0
2025-06-24,PHC_014,doctor,3,3,0
2025-06-24,PHC_014,nurse,4,4,0
2025-06-24,PHC_014,pharmacist,2,2,0
2025-06-24,PHC_015,doctor,2,1,1
2025-06-24,PHC_015,nurse,7,6,1
2025-06-24,PHC_015,pharmacist,3,3,0
2025-06-25,PHC_001,doctor,1,1,0
2025-06-25,PHC_001,nurse,6,3,3
2025-06-25,PHC_001,pharmacist,1,0,1
2025-06-25,PHC_002,doctor,2,2,0
2025-06-25,PHC_002,nurse,9,8,1
2025-06-25,PHC_002,pharmacist,2,1,1
2025-06-25,PHC_003,doctor,3,2,1
2025-06-25,PHC_003,nurse,9,7,2
2025-06-25,PHC_003,pharmacist,2,0,2
2025-06-25,PHC_004,doctor,1,1,0
2025-06-25,PHC_004,nurse,5,4,1
2025-06-25,PHC_004,pharmacist,1,1,0
2025-06-25,PHC_005,doctor,2,2,0
2025-06-25,PHC_005,nurse,4,3,1
2025-06-25,PHC_005,pharmacist,1,1,0
2025-06-25,PHC_006,doctor,2,2,0
2025-06-25,PHC_006,nurse,9,9,0
2025-06-25,PHC_006,pharmacist,1,0,1
2025-06-25,PHC_007,doctor,2,1,1
2025-06-25,PHC_007,nurse,4,4,0
2025-06-25,PHC_007,pharmacist,1,1,0
2025-06-25,PHC_008,doctor,2,2,0
2025-06-25,PHC_008,nurse,4,3,1
2025-06-25,PHC_008,pharmacist,1,1,0
2025-06-25,PHC_009,doctor,2,2,0
2025-06-25,PHC_009,nurse,8,7,1
2025-06-25,PHC_009,pharmacist,3,3,0
2025-06-25,PHC_010,doctor,3,3,0
2025-06-25,PHC_010,nurse,5,4,1
2025-06-25,PHC_010,pharmacist,1,1,0
2025-06-25,PHC_011,doctor,3,3,0
2025-06-25,PHC_011,nurse,8,6,2
2025-06-25,PHC_011,pharmacist,2,1,1
2025-06-25,PHC_012,doctor,2,1,1
2025-06-25,PHC_012,nurse,3,2,1
2025-06-25,PHC_013,doctor,3,2,1
2025-06-25,PHC_013,nurse,5,4,1
2025-06-25,PHC_013,pharmacist,1,1,0
2025-06-25,PHC_014,doctor,2,2,0
2025-06-25,PHC_014,nurse,4,4,0
2025-06-25,PHC_014,pharmacist,2,2,0
2025-06-25,PHC_015,doctor,2,1,1
2025-06-25,PHC_015,nurse,8,8,0
2025-06-25,PHC_015,pharmacist,2,2,0
2025-06-26,PHC_001,doctor,3,3,0
2025-06-26,PHC_001,nurse,6,5,1
2025-06-26,PHC_001,pharmacist,1,0,1
2025-06-26,PHC_002,doctor,2,2,0
2025-06-26,PHC_002,nurse,6,5,1
2025-06-26,PHC_002,pharmacist,3,3,0
2025-06-26,PHC_003,doctor,2,2,0
2025-06-26,PHC_003,nurse,8,6,2
2025-06-26,PHC_003,pharmacist,2,2,0
2025-06-26,PHC_004,doctor,1,1,0
2025-06-26,PHC_004,nurse,6,6,0
2025-06-26,PHC_004,pharmacist,1,1,0
2025-06-26,PHC_005,doctor,2,2,0
2025-06-26,PHC_005,nurse,5,5,0
2025-06-26,PHC_005,pharmacist,1,0,1
2025-06-26,PHC_006,doctor,3,2,1
2025-06-26,PHC_006,nurse,10,10,0
2025-06-26,PHC_006,pharmacist,1,0,1
2025-06-26,PHC_007,doctor,2,2,0
2025-06-26,PHC_007,nurse,4,4,0
2025-06-26,PHC_007,pharmacist,1,1,0
2025-06-26,PHC_008,doctor,2,2,0
2025-06-26,PHC_008,nurse,3,3,0
2025-06-26,PHC_008,pharmacist,1,1,0
2025-06-26,PHC_009,doctor,2,2,0
2025-06-26,PHC_009,nurse,8,7,1
2025-06-26,PHC_009,pharmacist,2,2,0
2025-06-26,PHC_010,doctor,3,1,2
2025-06-26,PHC_010,nurse,5,4,1
2025-06-26,PHC_010,pharmacist,1,1,0
2025-06-26,PHC_011,doctor,3,3,0
2025-06-26,PHC_011,nurse,7,6,1
2025-06-26,PHC_011,pharmacist,1,1,0
2025-06-26,PHC_012,doctor,2,1,1
2025-06-26,PHC_012,nurse,3,2,1
2025-06-26,PHC_012,pharmacist,2,2,0
2025-06-26,PHC_013,doctor,3,2,1
2025-06-26,PHC_013,nurse,6,6,0
2025-06-26,PHC_013,pharmacist,1,1,0
2025-06-26,PHC_014,doctor,3,3,0
2025-06-26,PHC_014,nurse,4,3,1
2025-06-26,PHC_014,pharmacist,2,1,1
2025-06-26,PHC_015,doctor,2,2,0
2025-06-26,PHC_015,nurse,6,4,2
2025-06-26,PHC_015,pharmacist,3,3,0
2025-06-27,PHC_001,doctor,2,2,0
2025-06-27,PHC_001,nurse,7,3,4
2025-06-27,PHC_001,pharmacist,1,0,1
2025-06-27,PHC_002,doctor,1,1,0
2025-06-27,PHC_002,nurse,9,8,1
2025-06-27,PHC_002,pharmacist,3,0,3
2025-06-27,PHC_003,doctor,3,3,0
2025-06-27,PHC_003,nurse,8,6,2
2025-06-27,PHC_003,pharmacist,1,1,0
2025-06-27,PHC_004,doctor,2,1,1
2025-06-27,PHC_004,nurse,4,3,1
2025-06-27,PHC_004,pharmacist,1,1,0
2025-06-27,PHC_005,doctor,2,1,1
2025-06-27,PHC_005,nurse,6,5,1
2025-06-27,PHC_005,pharmacist,1,1,0
2025-06-27,PHC_006,doctor,3,2,1
2025-06-27,PHC_006,nurse,8,3,5
2025-06-27,PHC_006,pharmacist,2,1,1
2025-06-27,PHC_007,doctor,2,2,0
2025-06-27,PHC_007,nurse,4,3,1
2025-06-27,PHC_007,pharmacist,1,0,1
2025-06-27,PHC_008,doctor,1,1,0
2025-06-27,PHC_008,nurse,5,4,1
2025-06-27,PHC_009,doctor,1,1,0
2025-06-27,PHC_009,nurse,5,4,1
2025-06-27,PHC_009,pharmacist,3,2,1
2025-06-27,PHC_010,doctor,3,2,1
2025-06-27,PHC_010,nurse,4,3,1
2025-06-27,PHC_010,pharmacist,1,0,1
2025-06-27,PHC_011,doctor,3,2,1
2025-06-27,PHC_011,nurse,6,4,2
2025-06-27,PHC_011,pharmacist,2,2,0
2025-06-27,PHC_012,doctor,2,1,1
2025-06-27,PHC_012,nurse,3,3,0
2025-06-27,PHC_012,pharmacist,2,1,1
2025-06-27,PHC_013,doctor,3,3,0
2025-06-27,PHC_013,nurse,5,4,1
2025-06-27,PHC_013,pharmacist,1,1,0
2025-06-27,PHC_014,doctor,3,2,1
2025-06-27,PHC_014,nurse,5,4,1
2025-06-27,PHC_014,pharmacist,2,2,0
2025-06-27,PHC_015,doctor,1,0,1
2025-06-27,PHC_015,nurse,9,7,2
2025-06-27,PHC_015,pharmacist,3,2,1
2025-06-28,PHC_001,doctor,3,3,0
2025-06-28,PHC_001,nurse,7,5,2
2025-06-28,PHC_001,pharmacist,1,1,0
2025-06-28,PHC_002,doctor,2,2,0
2025-06-28,PHC_002,nurse,8,7,1
2025-06-28,PHC_002,pharmacist,3,2,1
2025-06-28,PHC_003,doctor,2,2,0
2025-06-28,PHC_003,nurse,9,8,1
2025-06-28,PHC_003,pharmacist,2,1,1
2025-06-28,PHC_004,doctor,2,2,0
2025-06-28,PHC_004,nurse,4,3,1
2025-06-28,PHC_004,pharmacist,1,1,0
2025-06-28,PHC_005,doctor,1,1,0
2025-06-28,PHC_005,nurse,5,3,2
2025-06-28,PHC_006,doctor,3,3,0
2025-06-28,PHC_006,nurse,8,7,1
2025-06-28,PHC_006,pharmacist,2,2,0
2025-06-28,PHC_007,doctor,1,1,0
2025-06-28,PHC_007,nurse,4,3,1
2025-06-28,PHC_007,pharmacist,1,1,0
2025-06-28,PHC_008,doctor,2,1,1
2025-06-28,PHC_008,nurse,5,5,0
2025-06-28,PHC_008,pharmacist,1,1,0
2025-06-28,PHC_009,doctor,2,2,0
2025-06-28,PHC_009,nurse,7,6,1
2025-06-28,PHC_009,pharmacist,3,1,2
2025-06-28,PHC_010,doctor,2,1,1
2025-06-28,PHC_010,nurse,4,3,1
2025-06-28,PHC_010,pharmacist,1,1,0
2025-06-28,PHC_011,doctor,1,1,0
2025-06-28,PHC_011,nurse,6,4,2
2025-06-28,PHC_011,pharmacist,2,2,0
2025-06-28,PHC_012,doctor,2,2,0
2025-06-28,PHC_012,nurse,2,2,0
2025-06-28,PHC_012,pharmacist,2,2,0
2025-06-28,PHC_013,doctor,3,2,1
2025-06-28,PHC_013,nurse,6,5,1
2025-06-28,PHC_013,pharmacist,1,1,0
2025-06-28,PHC_014,doctor,3,3,0
2025-06-28,PHC_014,nurse,4,4,0
2025-06-28,PHC_014,pharmacist,1,0,1
2025-06-28,PHC_015,doctor,2,1,1
2025-06-28,PHC_015,nurse,7,6,1
2025-06-28,PHC_015,pharmacist,2,2,0
2025-06-29,PHC_001,doctor,2,2,0
2025-06-29,PHC_001,nurse,5,5,0
2025-06-29,PHC_001,pharmacist,1,1,0
2025-06-29,PHC_002,doctor,2,2,0
2025-06-29,PHC_002,nurse,7,5,2
2025-06-29,PHC_002,pharmacist,3,2,1
2025-06-29,PHC_003,doctor,3,3,0
2025-06-29,PHC_003,nurse,9,5,4
2025-06-29,PHC_003,pharmacist,2,1,1
2025-06-29,PHC_004,doctor,2,2,0
2025-06-29,PHC_004,nurse,3,1,2
2025-06-29,PHC_004,pharmacist,1,1,0
2025-06-29,PHC_005,doctor,1,1,0
2025-06-29,PHC_005,nurse,6,3,3
2025-06-29,PHC_006,doctor,2,2,0
2025-06-29,PHC_006,nurse,10,8,2
2025-06-29,PHC_006,pharmacist,1,1,0
2025-06-29,PHC_007,doctor,2,2,0
2025-06-29,PHC_007,nurse,5,4,1
2025-06-29,PHC_007,pharmacist,1,1,0
2025-06-29,PHC_008,doctor,2,2,0
2025-06-29,PHC_008,nurse,5,4,1
2025-06-29,PHC_008,pharmacist,1,1,0
2025-06-29,PHC_009,doctor,2,2,0
2025-06-29,PHC_009,nurse,7,6,1
2025-06-29,PHC_009,pharmacist,3,3,0
2025-06-29,PHC_010,doctor,3,1,2
2025-06-29,PHC_010,nurse,3,2,1
2025-06-29,PHC_010,pharmacist,1,1,0
2025-06-29,PHC_011,doctor,3,2,1
2025-06-29,PHC_011,nurse,7,7,0
2025-06-29,PHC_011,pharmacist,2,1,1
2025-06-29,PHC_012,doctor,2,2,0
2025-06-29,PHC_012,nurse,3,1,2
2025-06-29,PHC_012,pharmacist,2,1,1
2025-06-29,PHC_013,doctor,3,3,0
2025-06-29,PHC_013,nurse,5,4,1
2025-06-29,PHC_013,pharmacist,1,1,0
2025-06-29,PHC_014,doctor,3,3,0
2025-06-29,PHC_014,nurse,5,5,0
2025-06-29,PHC_014,pharmacist,1,0,1
2025-06-29,PHC_015,doctor,2,1,1
2025-06-29,PHC_015,nurse,5,4,1
2025-06-29,PHC_015,pharmacist,3,3,0
2025-06-30,PHC_001,doctor,3,2,1
2025-06-30,PHC_001,nurse,6,6,0
2025-06-30,PHC_001,pharmacist,1,1,0
2025-06-30,PHC_002,doctor,1,1,0
2025-06-30,PHC_002,nurse,7,7,0
2025-06-30,PHC_002,pharmacist,3,1,2
2025-06-30,PHC_003,doctor,2,1,1
2025-06-30,PHC_003,nurse,7,6,1
2025-06-30,PHC_003,pharmacist,2,2,0
2025-06-30,PHC_004,doctor,2,2,0
2025-06-30,PHC_004,nurse,6,6,0
2025-06-30,PHC_004,pharmacist,1,1,0
2025-06-30,PHC_005,doctor,2,2,0
2025-06-30,PHC_005,nurse,6,6,0
2025-06-30,PHC_005,pharmacist,1,1,0
2025-06-30,PHC_006,doctor,2,1,1
2025-06-30,PHC_006,nurse,8,7,1
2025-06-30,PHC_006,pharmacist,2,1,1
2025-06-30,PHC_007,doctor,2,1,1
2025-06-30,PHC_007,nurse,5,3,2
2025-06-30,PHC_007,pharmacist,1,1,0
2025-06-30,PHC_008,doctor,2,2,0
2025-06-30,PHC_008,nurse,4,3,1
2025-06-30,PHC_009,doctor,1,1,0
2025-06-30,PHC_009,nurse,8,8,0
2025-06-30,PHC_009,pharmacist,3,2,1
2025-06-30,PHC_010,doctor,3,2,1
2025-06-30,PHC_010,nurse,4,3,1
2025-06-30,PHC_011,doctor,1,0,1
2025-06-30,PHC_011,nurse,7,5,2
2025-06-30,PHC_011,pharmacist,2,2,0
2025-06-30,PHC_012,doctor,1,1,0
2025-06-30,PHC_012,nurse,4,4,0
2025-06-30,PHC_012,pharmacist,2,2,0
2025-06-30,PHC_013,doctor,2,2,0
2025-06-30,PHC_013,nurse,3,2,1
2025-06-30,PHC_013,pharmacist,1,1,0
2025-06-30,PHC_014,doctor,2,2,0
2025-06-30,PHC_014,nurse,3,3,0
2025-06-30,PHC_014,pharmacist,2,2,0
2025-06-30,PHC_015,doctor,2,2,0
2025-06-30,PHC_015,nurse,7,4,3
2025-06-30,PHC_015,pharmacist,3,3,0
2025-07-01,PHC_001,doctor,2,2,0
2025-07-01,PHC_001,nurse,7,5,2
2025-07-01,PHC_001,pharmacist,1,1,0
2025-07-01,PHC_002,doctor,2,2,0
2025-07-01,PHC_002,nurse,9,8,1
2025-07-01,PHC_002,pharmacist,3,2,1
2025-07-01,PHC_003,doctor,1,1,0
2025-07-01,PHC_003,nurse,5,4,1
2025-07-01,PHC_003,pharmacist,2,1,1
2025-07-01,PHC_004,doctor,1,1,0
2025-07-01,PHC_004,nurse,4,4,0
2025-07-01,PHC_004,pharmacist,1,1,0
2025-07-01,PHC_005,doctor,1,0,1
2025-07-01,PHC_005,nurse,6,4,2
2025-07-01,PHC_006,doctor,3,3,0
2025-07-01,PHC_006,nurse,10,8,2
2025-07-01,PHC_006,pharmacist,2,2,0
2025-07-01,PHC_007,doctor,2,1,1
2025-07-01,PHC_007,nurse,5,4,1
2025-07-01,PHC_007,pharmacist,1,1,0
2025-07-01,PHC_008,doctor,1,1,0
2025-07-01,PHC_008,nurse,5,4,1
2025-07-01,PHC_008,pharmacist,1,1,0
2025-07-01,PHC_009,doctor,2,1,1
2025-07-01,PHC_009,nurse,8,8,0
2025-07-01,PHC_009,pharmacist,3,2,1
2025-07-01,PHC_010,doctor,2,2,0
2025-07-01,PHC_010,nurse,4,3,1
2025-07-01,PHC_010,pharmacist,1,1,0
2025-07-01,PHC_011,doctor,3,2,1
2025-07-01,PHC_011,nurse,4,3,1
2025-07-01,PHC_011,pharmacist,2,1,1
2025-07-01,PHC_012,doctor,1,1,0
2025-07-01,PHC_012,nurse,4,4,0
2025-07-01,PHC_012,pharmacist,1,1,0
2025-07-01,PHC_013,doctor,3,3,0
2025-07-01,PHC_013,nurse,6,5,1
2025-07-01,PHC_013,pharmacist,1,1,0
2025-07-01,PHC_014,doctor,3,3,0
2025-07-01,PHC_014,nurse,5,5,0
2025-07-01,PHC_014,pharmacist,2,2,0
2025-07-01,PHC_015,doctor,2,1,1
2025-07-01,PHC_015,nurse,9,9,0
2025-07-01,PHC_015,pharmacist,3,2,1
2025-07-02,PHC_001,doctor,3,2,1
2025-07-02,PHC_001,nurse,6,5,1
2025-07-02,PHC_001,pharmacist,1,0,1
2025-07-02,PHC_002,doctor,2,2,0
2025-07-02,PHC_002,nurse,8,8,0
2025-07-02,PHC_002,pharmacist,3,1,2
2025-07-02,PHC_003,doctor,2,1,1
2025-07-02,PHC_003,nurse,7,6,1
2025-07-02,PHC_003,pharmacist,2,2,0
2025-07-02,PHC_004,doctor,2,2,0
2025-07-02,PHC_004,nurse,5,3,2
2025-07-02,PHC_004,pharmacist,1,0,1
2025-07-02,PHC_005,doctor,2,1,1
2025-07-02,PHC_005,nurse,6,4,2
2025-07-02,PHC_005,pharmacist,1,0,1
2025-07-02,PHC_006,doctor,2,2,0
2025-07-02,PHC_006,nurse,9,6,3
2025-07-02,PHC_006,pharmacist,1,0,1
2025-07-02,PHC_007,doctor,2,1,1
2025-07-02,PHC_007,nurse,5,2,3
2025-07-02,PHC_007,pharmacist,1,1,0
2025-07-02,PHC_008,doctor,2,2,0
2025-07-02,PHC_008,nurse,4,4,0
2025-07-02,PHC_009,doctor,2,2,0
2025-07-02,PHC_009,nurse,7,6,1
2025-07-02,PHC_009,pharmacist,3,1,2
2025-07-02,PHC_010,doctor,3,3,0
2025-07-02,PHC_010,nurse,5,2,3
2025-07-02,PHC_010,pharmacist,1,0,1
2025-07-02,PHC_011,doctor,2,0,2
2025-07-02,PHC_011,nurse,6,4,2
2025-07-02,PHC_011,pharmacist,2,1,1
2025-07-02,PHC_012,doctor,2,2,0
2025-07-02,PHC_012,nurse,4,1,3
2025-07-02,PHC_012,pharmacist,2,1,1
2025-07-02,PHC_013,doctor,3,2,1
2025-07-02,PHC_013,nurse,5,4,1
2025-07-02,PHC_013,pharmacist,1,1,0
2025-07-02,PHC_014,doctor,3,3,0
2025-07-02,PHC_014,nurse,5,4,1
2025-07-02,PHC_014,pharmacist,2,2,0
2025-07-02,PHC_015,doctor,1,1,0
2025-07-02,PHC_015,nurse,9,5,4
2025-07-02,PHC_015,pharmacist,3,1,2
2025-07-03,PHC_001,doctor,2,2,0
2025-07-03,PHC_001,nurse,7,6,1
2025-07-03,PHC_001,pharmacist,1,0,1
2025-07-03,PHC_002,doctor,1,1,0
2025-07-03,PHC_002,nurse,5,5,0
2025-07-03,PHC_002,pharmacist,3,2,1
2025-07-03,PHC_003,doctor,2,2,0
2025-07-03,PHC_003,nurse,5,5,0
2025-07-03,PHC_003,pharmacist,1,1,0
2025-07-03,PHC_004,doctor,2,1,1
2025-07-03,PHC_004,nurse,3,2,1
2025-07-03,PHC_004,pharmacist,1,1,0
2025-07-03,PHC_005,doctor,2,1,1
2025-07-03,PHC_005,nurse,4,3,1
2025-07-03,PHC_006,doctor,2,1,1
2025-07-03,PHC_006,nurse,10,7,3
2025-07-03,PHC_006,pharmacist,2,1,1
2025-07-03,PHC_007,doctor,2,0,2
2025-07-03,PHC_007,nurse,5,4,1
2025-07-03,PHC_007,pharmacist,1,0,1
2025-07-03,PHC_008,doctor,1,1,0
2025-07-03,PHC_008,nurse,4,4,0
2025-07-03,PHC_008,pharmacist,1,1,0
2025-07-03,PHC_009,doctor,2,1,1
2025-07-03,PHC_009,nurse,8,7,1
2025-07-03,PHC_009,pharmacist,2,1,1
2025-07-03,PHC_010,doctor,1,1,0
2025-07-03,PHC_010,nurse,4,4,0
2025-07-03,PHC_010,pharmacist,1,0,1
2025-07-03,PHC_011,doctor,3,2,1
2025-07-03,PHC_011,nurse,6,4,2
2025-07-03,PHC_011,pharmacist,2,2,0
2025-07-03,PHC_012,doctor,2,2,0
2025-07-03,PHC_012,nurse,3,1,2
2025-07-03,PHC_012,pharmacist,1,0,1
2025-07-03,PHC_013,doctor,2,2,0
2025-07-03,PHC_013,nurse,6,4,2
2025-07-03,PHC_013,pharmacist,1,1,0
2025-07-03,PHC_014,doctor,3,3,0
2025-07-03,PHC_014,nurse,4,4,0
2025-07-03,PHC_014,pharmacist,2,2,0
2025-07-03,PHC_015,doctor,2,1,1
2025-07-03,PHC_015,nurse,6,5,1
2025-07-03,PHC_015,pharmacist,2,2,0
2025-07-04,PHC_001,doctor,3,3,0
2025-07-04,PHC_001,nurse,6,3,3
2025-07-04,PHC_001,pharmacist,1,0,1
2025-07-04,PHC_002,doctor,2,1,1
2025-07-04,PHC_002,nurse,8,8,0
2025-07-04,PHC_002,pharmacist,2,1,1
2025-07-04,PHC_003,doctor,1,1,0
2025-07-04,PHC_003,nurse,7,5,2
2025-07-04,PHC_003,pharmacist,2,2,0
2025-07-04,PHC_004,doctor,2,2,0
2025-07-04,PHC_004,nurse,6,6,0
2025-07-04,PHC_004,pharmacist,1,1,0
2025-07-04,PHC_005,doctor,1,0,1
2025-07-04,PHC_005,nurse,6,5,1
2025-07-04,PHC_005,pharmacist,1,1,0
2025-07-04,PHC_006,doctor,3,3,0
2025-07-04,PHC_006,nurse,8,5,3
2025-07-04,PHC_006,pharmacist,2,2,0
2025-07-04,PHC_007,doctor,2,2,0
2025-07-04,PHC_007,nurse,5,4,1
2025-07-04,PHC_007,pharmacist,1,1,0
2025-07-04,PHC_008,doctor,2,2,0
2025-07-04,PHC_008,nurse,5,5,0
2025-07-04,PHC_008,pharmacist,1,1,0
2025-07-04,PHC_009,doctor,1,1,0
2025-07-04,PHC_009,nurse,3,3,0
2025-07-04,PHC_009,pharmacist,3,2,1
2025-07-04,PHC_010,doctor,2,1,1
2025-07-04,PHC_010,nurse,4,4,0
2025-07-04,PHC_010,pharmacist,1,1,0
2025-07-04,PHC_011,doctor,3,1,2
2025-07-04,PHC_011,nurse,8,7,1
2025-07-04,PHC_011,pharmacist,2,2,0
2025-07-04,PHC_012,doctor,2,2,0
2025-07-04,PHC_012,nurse,3,2,1
2025-07-04,PHC_012,pharmacist,2,2,0
2025-07-04,PHC_013,doctor,2,2,0
2025-07-04,PHC_013,nurse,6,6,0
2025-07-04,PHC_013,pharmacist,1,1,0
2025-07-04,PHC_014,doctor,3,3,0
2025-07-04,PHC_014,nurse,4,3,1
2025-07-04,PHC_014,pharmacist,1,1,0
2025-07-04,PHC_015,doctor,2,1,1
2025-07-04,PHC_015,nurse,6,3,3
2025-07-04,PHC_015,pharmacist,3,1,2
2025-07-05,PHC_001,doctor,3,2,1
2025-07-05,PHC_001,nurse,6,6,0
2025-07-05,PHC_002,doctor,2,2,0
2025-07-05,PHC_002,nurse,8,7,1
2025-07-05,PHC_002,pharmacist,2,2,0
2025-07-05,PHC_003,doctor,2,1,1
2025-07-05,PHC_003,nurse,9,8,1
2025-07-05,PHC_003,pharmacist,2,2,0
2025-07-05,PHC_004,doctor,2,2,0
2025-07-05,PHC_004,nurse,6,5,1
2025-07-05,PHC_004,pharmacist,1,1,0
2025-07-05,PHC_005,doctor,2,0,2
2025-07-05,PHC_005,nurse,5,4,1
2025-07-05,PHC_005,pharmacist,1,1,0
2025-07-05,PHC_006,doctor,3,3,0
2025-07-05,PHC_006,nurse,8,8,0
2025-07-05,PHC_006,pharmacist,1,1,0
2025-07-05,PHC_007,doctor,2,2,0
2025-07-05,PHC_007,nurse,5,3,2
2025-07-05,PHC_007,pharmacist,1,0,1
2025-07-05,PHC_008,doctor,1,0,1
2025-07-05,PHC_008,nurse,4,3,1
2025-07-05,PHC_008,pharmacist,1,1,0
2025-07-05,PHC_009,doctor,1,1,0
2025-07-05,PHC_009,nurse,6,6,0
2025-07-05,PHC_009,pharmacist,2,1,1
2025-07-05,PHC_010,doctor,3,2,1
2025-07-05,PHC_010,nurse,5,5,0
2025-07-05,PHC_010,pharmacist,1,1,0
2025-07-05,PHC_011,doctor,2,0,2
2025-07-05,PHC_011,nurse,5,2,3
2025-07-05,PHC_011,pharmacist,2,2,0
2025-07-05,PHC_012,doctor,1,1,0
2025-07-05,PHC_012,nurse,4,4,0
2025-07-05,PHC_012,pharmacist,2,2,0
2025-07-05,PHC_013,doctor,3,3,0
2025-07-05,PHC_013,nurse,3,1,2
2025-07-05,PHC_013,pharmacist,1,1,0
2025-07-05,PHC_014,doctor,2,2,0
2025-07-05,PHC_014,nurse,3,2,1
2025-07-05,PHC_014,pharmacist,2,2,0
2025-07-05,PHC_015,doctor,2,2,0
2025-07-05,PHC_015,nurse,8,8,0
2025-07-05,PHC_015,pharmacist,3,2,1
2025-07-06,PHC_001,doctor,2,1,1
2025-07-06,PHC_001,nurse,7,4,3
2025-07-06,PHC_001,pharmacist,1,0,1
2025-07-06,PHC_002,doctor,2,1,1
2025-07-06,PHC_002,nurse,8,7,1
2025-07-06,PHC_002,pharmacist,3,1,2
2025-07-06,PHC_003,doctor,1,1,0
2025-07-06,PHC_003,nurse,5,5,0
2025-07-06,PHC_003,pharmacist,1,1,0
2025-07-06,PHC_004,doctor,2,2,0
2025-07-06,PHC_004,nurse,5,4,1
2025-07-06,PHC_004,pharmacist,1,0,1
2025-07-06,PHC_005,doctor,2,1,1
2025-07-06,PHC_005,nurse,4,3,1
2025-07-06,PHC_005,pharmacist,1,1,0
2025-07-06,PHC_006,doctor,1,1,0
2025-07-06,PHC_006,nurse,8,6,2
2025-07-06,PHC_006,pharmacist,1,1,0
2025-07-06,PHC_007,doctor,2,2,0
2025-07-06,PHC_007,nurse,4,3,1
2025-07-06,PHC_007,pharmacist,1,0,1
2025-07-06,PHC_008,doctor,2,2,0
2025-07-06,PHC_008,nurse,4,3,1
2025-07-06,PHC_009,doctor,2,1,1
2025-07-06,PHC_009,nurse,7,7,0
2025-07-06,PHC_009,pharmacist,3,2,1
2025-07-06,PHC_010,doctor,3,3,0
2025-07-06,PHC_010,nurse,4,4,0
2025-07-06,PHC_010,pharmacist,1,1,0
2025-07-06,PHC_011,doctor,2,1,1
2025-07-06,PHC_011,nurse,6,6,0
2025-07-06,PHC_011,pharmacist,1,1,0
2025-07-06,PHC_012,doctor,2,1,1
2025-07-06,PHC_012,nurse,3,3,0
2025-07-06,PHC_012,pharmacist,2,2,0
2025-07-06,PHC_013,doctor,2,2,0
2025-07-06,PHC_013,nurse,5,4,1
2025-07-06,PHC_013,pharmacist,1,1,0
2025-07-06,PHC_014,doctor,2,2,0
2025-07-06,PHC_014,nurse,4,4,0
2025-07-06,PHC_014,pharmacist,1,0,1
2025-07-06,PHC_015,nurse,7,4,3
2025-07-06,PHC_015,pharmacist,3,2,1
2025-07-07,PHC_001,doctor,2,2,0
2025-07-07,PHC_001,nurse,7,4,3
2025-07-07,PHC_001,pharmacist,1,0,1
2025-07-07,PHC_002,doctor,2,2,0
2025-07-07,PHC_002,nurse,8,6,2
2025-07-07,PHC_002,pharmacist,1,0,1
2025-07-07,PHC_003,doctor,1,1,0
2025-07-07,PHC_003,nurse,8,8,0
2025-07-07,PHC_003,pharmacist,1,1,0
2025-07-07,PHC_004,doctor,1,1,0
2025-07-07,PHC_004,nurse,5,4,1
2025-07-07,PHC_004,pharmacist,1,1,0
2025-07-07,PHC_005,doctor,2,2,0
2025-07-07,PHC_005,nurse,6,3,3
2025-07-07,PHC_005,pharmacist,1,1,0
2025-07-07,PHC_006,doctor,2,2,0
2025-07-07,PHC_006,nurse,7,6,1
2025-07-07,PHC_006,pharmacist,1,1,0
2025-07-07,PHC_007,doctor,2,2,0
2025-07-07,PHC_007,nurse,4,3,1
2025-07-07,PHC_007,pharmacist,1,1,0
2025-07-07,PHC_008,doctor,2,1,1
2025-07-07,PHC_008,nurse,4,3,1
2025-07-07,PHC_008,pharmacist,1,1,0
2025-07-07,PHC_009,doctor,2,2,0
2025-07-07,PHC_009,nurse,7,5,2
2025-07-07,PHC_009,pharmacist,3,2,1
2025-07-07,PHC_010,doctor,3,1,2
2025-07-07,PHC_010,nurse,5,4,1
2025-07-07,PHC_011,doctor,3,3,0
2025-07-07,PHC_011,nurse,8,8,0
2025-07-07,PHC_011,pharmacist,2,1,1
2025-07-07,PHC_012,doctor,2,2,0
2025-07-07,PHC_012,nurse,4,3,1
2025-07-07,PHC_012,pharmacist,2,1,1
2025-07-07,PHC_013,doctor,3,3,0
2025-07-07,PHC_013,nurse,5,4,1
2025-07-07,PHC_013,pharmacist,1,1,0
2025-07-07,PHC_014,doctor,3,3,0
2025-07-07,PHC_014,nurse,4,4,0
2025-07-07,PHC_014,pharmacist,2,2,0
2025-07-07,PHC_015,doctor,2,2,0
2025-07-07,PHC_015,nurse,6,4,2
2025-07-07,PHC_015,pharmacist,3,2,1
2025-07-08,PHC_001,doctor,3,3,0
2025-07-08,PHC_001,nurse,7,5,2
2025-07-08,PHC_001,pharmacist,1,0,1
2025-07-08,PHC_002,doctor,2,2,0
2025-07-08,PHC_002,nurse,7,6,1
2025-07-08,PHC_002,pharmacist,3,2,1
2025-07-08,PHC_003,doctor,2,2,0
2025-07-08,PHC_003,nurse,7,6,1
2025-07-08,PHC_003,pharmacist,2,1,1
2025-07-08,PHC_004,nurse,5,2,3
2025-07-08,PHC_004,pharmacist,1,0,1
2025-07-08,PHC_005,doctor,2,2,0
2025-07-08,PHC_005,nurse,4,4,0
2025-07-08,PHC_005,pharmacist,1,1,0
2025-07-08,PHC_006,doctor,3,2,1
2025-07-08,PHC_006,nurse,9,5,4
2025-07-08,PHC_006,pharmacist,2,2,0
2025-07-08,PHC_007,doctor,2,2,0
2025-07-08,PHC_007,nurse,5,4,1
2025-07-08,PHC_007,pharmacist,1,1,0
2025-07-08,PHC_008,doctor,2,1,1
2025-07-08,PHC_008,nurse,4,4,0
2025-07-08,PHC_009,doctor,1,1,0
2025-07-08,PHC_009,nurse,5,4,1
2025-07-08,PHC_009,pharmacist,3,3,0
2025-07-08,PHC_010,doctor,2,2,0
2025-07-08,PHC_010,nurse,2,2,0
2025-07-08,PHC_010,pharmacist,1,1,0
2025-07-08,PHC_011,doctor,1,1,0
2025-07-08,PHC_011,nurse,7,6,1
2025-07-08,PHC_011,pharmacist,2,2,0
2025-07-08,PHC_012,doctor,2,2,0
2025-07-08,PHC_012,nurse,4,4,0
2025-07-08,PHC_012,pharmacist,1,1,0
2025-07-08,PHC_013,doctor,2,2,0
2025-07-08,PHC_013,nurse,3,2,1
2025-07-08,PHC_013,pharmacist,1,1,0
2025-07-08,PHC_014,doctor,3,2,1
2025-07-08,PHC_014,nurse,4,4,0
2025-07-08,PHC_014,pharmacist,1,0,1
2025-07-08,PHC_015,doctor,2,2,0
2025-07-08,PHC_015,nurse,7,6,1
2025-07-08,PHC_015,pharmacist,2,2,0
2025-07-09,PHC_001,doctor,3,3,0
2025-07-09,PHC_001,nurse,7,6,1
2025-07-09,PHC_002,doctor,2,2,0
2025-07-09,PHC_002,nurse,8,7,1
2025-07-09,PHC_002,pharmacist,2,1,1
2025-07-09,PHC_003,doctor,3,1,2
2025-07-09,PHC_003,nurse,8,5,3
2025-07-09,PHC_003,pharmacist,2,1,1
2025-07-09,PHC_004,doctor,2,1,1
2025-07-09,PHC_004,nurse,5,2,3
2025-07-09,PHC_004,pharmacist,1,1,0
2025-07-09,PHC_005,doctor,2,2,0
2025-07-09,PHC_005,nurse,6,4,2
2025-07-09,PHC_005,pharmacist,1,1,0
2025-07-09,PHC_006,doctor,2,2,0
2025-07-09,PHC_006,nurse,7,6,1
2025-07-09,PHC_006,pharmacist,2,2,0
2025-07-09,PHC_007,doctor,1,0,1
2025-07-09,PHC_007,nurse,4,4,0
2025-07-09,PHC_007,pharmacist,1,0,1
2025-07-09,PHC_008,doctor,2,2,0
2025-07-09,PHC_008,nurse,5,4,1
2025-07-09,PHC_009,doctor,2,2,0
2025-07-09,PHC_009,nurse,8,7,1
2025-07-09,PHC_009,pharmacist,2,1,1
2025-07-09,PHC_010,doctor,2,2,0
2025-07-09,PHC_010,nurse,4,3,1
2025-07-09,PHC_011,doctor,2,1,1
2025-07-09,PHC_011,nurse,6,6,0
2025-07-09,PHC_011,pharmacist,2,1,1
2025-07-09,PHC_012,doctor,2,2,0
2025-07-09,PHC_012,nurse,4,3,1
2025-07-09,PHC_012,pharmacist,2,2,0
2025-07-09,PHC_013,doctor,2,1,1
2025-07-09,PHC_013,nurse,6,5,1
2025-07-09,PHC_013,pharmacist,1,0,1
2025-07-09,PHC_014,doctor,3,3,0
2025-07-09,PHC_014,nurse,5,5,0
2025-07-09,PHC_014,pharmacist,2,2,0
2025-07-09,PHC_015,doctor,1,1,0
2025-07-09,PHC_015,nurse,9,8,1
2025-07-09,PHC_015,pharmacist,3,2,1
2025-07-10,PHC_001,doctor,2,1,1
2025-07-10,PHC_001,nurse,6,4,2
2025-07-10,PHC_001,pharmacist,1,1,0
2025-07-10,PHC_002,doctor,2,2,0
2025-07-10,PHC_002,nurse,7,6,1
2025-07-10,PHC_002,pharmacist,3,2,1
2025-07-10,PHC_003,doctor,2,2,0
2025-07-10,PHC_003,nurse,9,9,0
2025-07-10,PHC_003,pharmacist,2,2,0
2025-07-10,PHC_004,doctor,2,2,0
2025-07-10,PHC_004,nurse,3,2,1
2025-07-10,PHC_004,pharmacist,1,0,1
2025-07-10,PHC_005,doctor,2,2,0
2025-07-10,PHC_005,nurse,5,4,1
2025-07-10,PHC_005,pharmacist,1,0,1
2025-07-10,PHC_006,doctor,3,2,1
2025-07-10,PHC_006,nurse,9,6,3
2025-07-10,PHC_006,pharmacist,2,1,1
2025-07-10,PHC_007,doctor,2,2,0
2025-07-10,PHC_007,nurse,4,2,2
2025-07-10,PHC_008,doctor,2,2,0
2025-07-10,PHC_008,nurse,5,4,1
2025-07-10,PHC_008,pharmacist,1,1,0
2025-07-10,PHC_009,doctor,1,1,0
2025-07-10,PHC_009,nurse,7,7,0
2025-07-10,PHC_009,pharmacist,2,0,2
2025-07-10,PHC_010,doctor,2,2,0
2025-07-10,PHC_010,nurse,4,3,1
2025-07-10,PHC_011,doctor,2,2,0
2025-07-10,PHC_011,nurse,6,2,4
2025-07-10,PHC_011,pharmacist,2,1,1
2025-07-10,PHC_012,doctor,2,2,0
2025-07-10,PHC_012,nurse,4,3,1
2025-07-10,PHC_012,pharmacist,1,1,0
2025-07-10,PHC_013,doctor,2,1,1
2025-07-10,PHC_013,nurse,5,4,1
2025-07-10,PHC_013,pharmacist,1,1,0
2025-07-10,PHC_014,doctor,3,3,0
2025-07-10,PHC_014,nurse,3,3,0
2025-07-10,PHC_014,pharmacist,2,2,0
2025-07-10,PHC_015,doctor,2,1,1
2025-07-10,PHC_015,nurse,6,5,1
2025-07-10,PHC_015,pharmacist,2,2,0
2025-07-11,PHC_001,doctor,3,2,1
2025-07-11,PHC_001,nurse,7,6,1
2025-07-11,PHC_002,doctor,2,1,1
2025-07-11,PHC_002,nurse,9,7,2
2025-07-11,PHC_002,pharmacist,3,2,1
2025-07-11,PHC_003,doctor,2,1,1
2025-07-11,PHC_003,nurse,7,5,2
2025-07-11,PHC_003,pharmacist,1,1,0
2025-07-11,PHC_004,doctor,2,2,0
2025-07-11,PHC_004,nurse,5,4,1
2025-07-11,PHC_004,pharmacist,1,1,0
2025-07-11,PHC_005,nurse,6,5,1
2025-07-11,PHC_005,pharmacist,1,1,0
2025-07-11,PHC_006,doctor,3,3,0
2025-07-11,PHC_006,nurse,8,5,3
2025-07-11,PHC_006,pharmacist,2,0,2
2025-07-11,PHC_007,doctor,2,1,1
2025-07-11,PHC_007,nurse,5,5,0
2025-07-11,PHC_007,pharmacist,1,1,0
2025-07-11,PHC_008,doctor,2,2,0
2025-07-11,PHC_008,nurse,5,5,0
2025-07-11,PHC_008,pharmacist,1,1,0
2025-07-11,PHC_009,doctor,2,2,0
2025-07-11,PHC_009,nurse,8,8,0
2025-07-11,PHC_009,pharmacist,2,2,0
2025-07-11,PHC_010,doctor,3,1,2
2025-07-11,PHC_010,nurse,4,2,2
2025-07-11,PHC_010,pharmacist,1,1,0
2025-07-11,PHC_011,doctor,3,3,0
2025-07-11,PHC_011,nurse,6,4,2
2025-07-11,PHC_011,pharmacist,1,1,0
2025-07-11,PHC_012,doctor,2,1,1
2025-07-11,PHC_012,nurse,4,1,3
2025-07-11,PHC_012,pharmacist,2,2,0
2025-07-11,PHC_013,doctor,2,2,0
2025-07-11,PHC_013,nurse,3,2,1
2025-07-11,PHC_013,pharmacist,1,1,0
2025-07-11,PHC_014,doctor,2,2,0
2025-07-11,PHC_014,nurse,5,4,1
2025-07-11,PHC_014,pharmacist,2,2,0
2025-07-11,PHC_015,doctor,2,1,1
2025-07-11,PHC_015,nurse,8,6,2
2025-07-11,PHC_015,pharmacist,2,1,1
2025-07-12,PHC_001,doctor,3,1,2
2025-07-12,PHC_001,nurse,5,3,2
2025-07-12,PHC_001,pharmacist,1,0,1
2025-07-12,PHC_002,doctor,1,1,0
2025-07-12,PHC_002,nurse,7,4,3
2025-07-12,PHC_002,pharmacist,3,3,0
2025-07-12,PHC_003,doctor,3,2,1
2025-07-12,PHC_003,nurse,9,8,1
2025-07-12,PHC_003,pharmacist,2,1,1
2025-07-12,PHC_004,doctor,2,2,0
2025-07-12,PHC_004,nurse,5,3,2
2025-07-12,PHC_004,pharmacist,1,1,0
2025-07-12,PHC_005,doctor,2,1,1
2025-07-12,PHC_005,nurse,4,2,2
2025-07-12,PHC_005,pharmacist,1,1,0
2025-07-12,PHC_006,doctor,3,1,2
2025-07-12,PHC_006,nurse,7,7,0
2025-07-12,PHC_006,pharmacist,2,1,1
2025-07-12,PHC_007,doctor,2,1,1
2025-07-12,PHC_007,nurse,5,4,1
2025-07-12,PHC_007,pharmacist,1,1,0
2025-07-12,PHC_008,doctor,1,0,1
2025-07-12,PHC_008,nurse,4,3,1
2025-07-12,PHC_008,pharmacist,1,1,0
2025-07-12,PHC_009,doctor,2,2,0
2025-07-12,PHC_009,nurse,5,5,0
2025-07-12,PHC_009,pharmacist,3,2,1
2025-07-12,PHC_010,doctor,3,2,1
2025-07-12,PHC_010,nurse,4,3,1
2025-07-12,PHC_010,pharmacist,1,1,0
2025-07-12,PHC_011,doctor,3,2,1
2025-07-12,PHC_011,nurse,7,7,0
2025-07-12,PHC_011,pharmacist,2,1,1
2025-07-12,PHC_012,doctor,1,0,1
2025-07-12,PHC_012,nurse,3,2,1
2025-07-12,PHC_012,pharmacist,2,1,1
2025-07-12,PHC_013,doctor,2,2,0
2025-07-12,PHC_013,nurse,6,4,2
2025-07-12,PHC_013,pharmacist,1,1,0
2025-07-12,PHC_014,doctor,2,2,0
2025-07-12,PHC_014,nurse,5,4,1
2025-07-12,PHC_014,pharmacist,1,1,0
2025-07-12,PHC_015,doctor,2,2,0
2025-07-12,PHC_015,nurse,8,7,1
2025-07-12,PHC_015,pharmacist,3,1,2
2025-07-13,PHC_001,doctor,2,2,0
2025-07-13,PHC_001,nurse,5,2,3
2025-07-13,PHC_001,pharmacist,1,1,0
2025-07-13,PHC_002,doctor,2,2,0
2025-07-13,PHC_002,nurse,9,8,1
2025-07-13,PHC_002,pharmacist,2,1,1
2025-07-13,PHC_003,doctor,2,2,0
2025-07-13,PHC_003,nurse,7,5,2
2025-07-13,PHC_003,pharmacist,1,1,0
2025-07-13,PHC_004,doctor,2,2,0
2025-07-13,PHC_004,nurse,6,1,5
2025-07-13,PHC_005,doctor,2,0,2
2025-07-13,PHC_005,nurse,5,4,1
2025-07-13,PHC_005,pharmacist,1,0,1
2025-07-13,PHC_006,doctor,3,3,0
2025-07-13,PHC_006,nurse,9,6,3
2025-07-13,PHC_006,pharmacist,1,1,0
2025-07-13,PHC_007,doctor,1,1,0
2025-07-13,PHC_007,nurse,4,2,2
2025-07-13,PHC_008,doctor,1,0,1
2025-07-13,PHC_008,nurse,4,2,2
2025-07-13,PHC_009,doctor,2,1,1
2025-07-13,PHC_009,nurse,7,6,1
2025-07-13,PHC_009,pharmacist,2,1,1
2025-07-13,PHC_010,doctor,2,2,0
2025-07-13,PHC_010,nurse,4,3,1
2025-07-13,PHC_010,pharmacist,1,0,1
2025-07-13,PHC_011,doctor,3,2,1
2025-07-13,PHC_011,nurse,6,4,2
2025-07-13,PHC_011,pharmacist,2,1,1
2025-07-13,PHC_012,doctor,2,1,1
2025-07-13,PHC_012,nurse,4,2,2
2025-07-13,PHC_012,pharmacist,2,0,2
2025-07-13,PHC_013,doctor,2,1,1
2025-07-13,PHC_013,nurse,5,5,0
2025-07-13,PHC_013,pharmacist,1,1,0
2025-07-13,PHC_014,doctor,2,2,0
2025-07-13,PHC_014,nurse,3,3,0
2025-07-13,PHC_015,doctor,2,2,0
2025-07-13,PHC_015,nurse,7,5,2
2025-07-13,PHC_015,pharmacist,3,2,1
2025-07-14,PHC_001,doctor,3,1,2
2025-07-14,PHC_001,nurse,3,3,0
2025-07-14,PHC_001,pharmacist,1,0,1
2025-07-14,PHC_002,doctor,1,1,0
2025-07-14,PHC_002,nurse,7,6,1
2025-07-14,PHC_002,pharmacist,3,3,0
2025-07-14,PHC_003,doctor,3,3,0
2025-07-14,PHC_003,nurse,8,7,1
2025-07-14,PHC_003,pharmacist,1,1,0
2025-07-14,PHC_004,doctor,2,2,0
2025-07-14,PHC_004,nurse,4,3,1
2025-07-14,PHC_004,pharmacist,1,1,0
2025-07-14,PHC_005,doctor,1,1,0
2025-07-14,PHC_005,nurse,5,5,0
2025-07-14,PHC_005,pharmacist,1,1,0
2025-07-14,PHC_006,doctor,3,3,0
2025-07-14,PHC_006,nurse,6,5,1
2025-07-14,PHC_006,pharmacist,1,0,1
2025-07-14,PHC_007,doctor,2,1,1
2025-07-14,PHC_007,nurse,4,4,0
2025-07-14,PHC_008,doctor,2,1,1
2025-07-14,PHC_008,nurse,4,3,1
2025-07-14,PHC_009,doctor,2,2,0
2025-07-14,PHC_009,nurse,8,5,3
2025-07-14,PHC_009,pharmacist,1,1,0
2025-07-14,PHC_010,doctor,2,1,1
2025-07-14,PHC_010,nurse,5,5,0
2025-07-14,PHC_010,pharmacist,1,1,0
2025-07-14,PHC_011,doctor,3,1,2
2025-07-14,PHC_011,nurse,8,7,1
2025-07-14,PHC_011,pharmacist,1,1,0
2025-07-14,PHC_012,doctor,1,0,1
2025-07-14,PHC_012,nurse,4,3,1
2025-07-14,PHC_012,pharmacist,2,1,1
2025-07-14,PHC_013,doctor,3,2,1
2025-07-14,PHC_013,nurse,6,3,3
2025-07-14,PHC_014,doctor,2,2,0
2025-07-14,PHC_014,nurse,5,4,1
2025-07-14,PHC_014,pharmacist,2,2,0
2025-07-14,PHC_015,doctor,2,2,0
2025-07-14,PHC_015,nurse,7,5,2
2025-07-14,PHC_015,pharmacist,3,3,0
2025-07-15,PHC_001,doctor,3,3,0
2025-07-15,PHC_001,nurse,5,4,1
2025-07-15,PHC_001,pharmacist,1,0,1
2025-07-15,PHC_002,doctor,2,2,0
2025-07-15,PHC_002,nurse,5,4,1
2025-07-15,PHC_002,pharmacist,1,0,1
2025-07-15,PHC_003,doctor,2,2,0
2025-07-15,PHC_003,nurse,9,8,1
2025-07-15,PHC_003,pharmacist,1,1,0
2025-07-15,PHC_004,doctor,2,2,0
2025-07-15,PHC_004,nurse,5,4,1
2025-07-15,PHC_005,doctor,2,2,0
2025-07-15,PHC_005,nurse,6,4,2
2025-07-15,PHC_005,pharmacist,1,1,0
2025-07-15,PHC_006,doctor,3,2,1
2025-07-15,PHC_006,nurse,10,9,1
2025-07-15,PHC_006,pharmacist,1,1,0
2025-07-15,PHC_007,doctor,1,1,0
2025-07-15,PHC_007,nurse,5,4,1
2025-07-15,PHC_007,pharmacist,1,1,0
2025-07-15,PHC_008,doctor,2,2,0
2025-07-15,PHC_008,nurse,4,4,0
2025-07-15,PHC_008,pharmacist,1,1,0
2025-07-15,PHC_009,doctor,2,2,0
2025-07-15,PHC_009,nurse,8,7,1
2025-07-15,PHC_009,pharmacist,2,2,0
2025-07-15,PHC_010,doctor,2,1,1
2025-07-15,PHC_010,nurse,5,4,1
2025-07-15,PHC_010,pharmacist,1,0,1
2025-07-15,PHC_011,doctor,1,0,1
2025-07-15,PHC_011,nurse,6,6,0
2025-07-15,PHC_011,pharmacist,1,1,0
2025-07-15,PHC_012,doctor,2,1,1
2025-07-15,PHC_012,nurse,3,3,0
2025-07-15,PHC_012,pharmacist,2,2,0
2025-07-15,PHC_013,doctor,3,2,1
2025-07-15,PHC_013,nurse,6,3,3
2025-07-15,PHC_013,pharmacist,1,1,0
2025-07-15,PHC_014,doctor,3,3,0
2025-07-15,PHC_014,nurse,2,2,0
2025-07-15,PHC_014,pharmacist,1,1,0
2025-07-15,PHC_015,doctor,1,1,0
2025-07-15,PHC_015,nurse,8,6,2
2025-07-15,PHC_015,pharmacist,2,2,0
2025-07-16,PHC_001,doctor,2,2,0
2025-07-16,PHC_001,nurse,6,4,2
2025-07-16,PHC_001,pharmacist,1,1,0
2025-07-16,PHC_002,doctor,1,1,0
2025-07-16,PHC_002,nurse,7,7,0
2025-07-16,PHC_002,pharmacist,3,2,1
2025-07-16,PHC_003,doctor,3,1,2
2025-07-16,PHC_003,nurse,8,6,2
2025-07-16,PHC_004,doctor,2,1,1
2025-07-16,PHC_004,nurse,5,4,1
2025-07-16,PHC_004,pharmacist,1,0,1
2025-07-16,PHC_005,doctor,2,1,1
2025-07-16,PHC_005,nurse,5,4,1
2025-07-16,PHC_005,pharmacist,1,1,0
2025-07-16,PHC_006,doctor,3,2,1
2025-07-16,PHC_006,nurse,10,9,1
2025-07-16,PHC_006,pharmacist,2,1,1
2025-07-16,PHC_007,doctor,1,0,1
2025-07-16,PHC_007,nurse,5,2,3
2025-07-16,PHC_008,doctor,2,2,0
2025-07-16,PHC_008,nurse,4,4,0
2025-07-16,PHC_008,pharmacist,1,1,0
2025-07-16,PHC_009,doctor,2,2,0
2025-07-16,PHC_009,nurse,8,7,1
2025-07-16,PHC_009,pharmacist,2,2,0
2025-07-16,PHC_010,doctor,3,1,2
2025-07-16,PHC_010,nurse,4,2,2
2025-07-16,PHC_010,pharmacist,1,1,0
2025-07-16,PHC_011,doctor,1,0,1
2025-07-16,PHC_011,nurse,6,6,0
2025-07-16,PHC_011,pharmacist,2,2,0
2025-07-16,PHC_012,doctor,1,1,0
2025-07-16,PHC_012,nurse,4,2,2
2025-07-16,PHC_012,pharmacist,2,2,0
2025-07-16,PHC_013,doctor,3,3,0
2025-07-16,PHC_013,nurse,5,2,3
2025-07-16,PHC_013,pharmacist,1,0,1
2025-07-16,PHC_014,doctor,2,1,1
2025-07-16,PHC_014,nurse,4,4,0
2025-07-16,PHC_014,pharmacist,2,2,0
2025-07-16,PHC_015,doctor,1,1,0
2025-07-16,PHC_015,nurse,9,9,0
2025-07-16,PHC_015,pharmacist,3,2,1
2025-07-17,PHC_001,doctor,2,2,0
2025-07-17,PHC_001,nurse,6,3,3
2025-07-17,PHC_001,pharmacist,1,0,1
2025-07-17,PHC_002,doctor,2,2,0
2025-07-17,PHC_002,nurse,7,5,2
2025-07-17,PHC_002,pharmacist,3,1,2
2025-07-17,PHC_003,doctor,3,3,0
2025-07-17,PHC_003,nurse,8,7,1
2025-07-17,PHC_003,pharmacist,2,1,1
2025-07-17,PHC_004,doctor,2,2,0
2025-07-17,PHC_004,nurse,5,4,1
2025-07-17,PHC_004,pharmacist,1,1,0
2025-07-17,PHC_005,doctor,2,2,0
2025-07-17,PHC_005,nurse,6,3,3
2025-07-17,PHC_005,pharmacist,1,1,0
2025-07-17,PHC_006,doctor,2,1,1
2025-07-17,PHC_006,nurse,9,7,2
2025-07-17,PHC_006,pharmacist,2,1,1
2025-07-17,PHC_007,doctor,2,0,2
2025-07-17,PHC_007,nurse,3,1,2
2025-07-17,PHC_007,pharmacist,1,1,0
2025-07-17,PHC_008,doctor,2,1,1
2025-07-17,PHC_008,nurse,4,4,0
2025-07-17,PHC_008,pharmacist,1,1,0
2025-07-17,PHC_009,doctor,2,2,0
2025-07-17,PHC_009,nurse,7,7,0
2025-07-17,PHC_009,pharmacist,2,1,1
2025-07-17,PHC_010,doctor,3,3,0
2025-07-17,PHC_010,nurse,5,5,0
2025-07-17,PHC_010,pharmacist,1,1,0
2025-07-17,PHC_011,doctor,3,2,1
2025-07-17,PHC_011,nurse,5,5,0
2025-07-17,PHC_011,pharmacist,2,1,1
2025-07-17,PHC_012,doctor,2,1,1
2025-07-17,PHC_012,nurse,3,2,1
2025-07-17,PHC_012,pharmacist,2,1,1
2025-07-17,PHC_013,doctor,2,2,0
2025-07-17,PHC_013,nurse,6,6,0
2025-07-17,PHC_013,pharmacist,1,1,0
2025-07-17,PHC_014,doctor,3,3,0
2025-07-17,PHC_014,nurse,5,5,0
2025-07-17,PHC_014,pharmacist,2,1,1
2025-07-17,PHC_015,doctor,2,1,1
2025-07-17,PHC_015,nurse,8,5,3
2025-07-17,PHC_015,pharmacist,3,1,2
2025-07-18,PHC_001,doctor,1,1,0
2025-07-18,PHC_001,nurse,5,5,0
2025-07-18,PHC_001,pharmacist,1,1,0
2025-07-18,PHC_002,doctor,2,1,1
2025-07-18,PHC_002,nurse,5,4,1
2025-07-18,PHC_002,pharmacist,3,2,1
2025-07-18,PHC_003,doctor,3,2,1
2025-07-18,PHC_003,nurse,9,7,2
2025-07-18,PHC_003,pharmacist,2,2,0
2025-07-18,PHC_004,doctor,2,2,0
2025-07-18,PHC_004,nurse,3,2,1
2025-07-18,PHC_004,pharmacist,1,1,0
2025-07-18,PHC_005,doctor,2,2,0
2025-07-18,PHC_005,nurse,5,5,0
2025-07-18,PHC_005,pharmacist,1,1,0
2025-07-18,PHC_006,doctor,3,2,1
2025-07-18,PHC_006,nurse,10,10,0
2025-07-18,PHC_006,pharmacist,2,2,0
2025-07-18,PHC_007,doctor,1,1,0
2025-07-18,PHC_007,nurse,4,1,3
2025-07-18,PHC_007,pharmacist,1,0,1
2025-07-18,PHC_008,doctor,2,2,0
2025-07-18,PHC_008,nurse,4,3,1
2025-07-18,PHC_008,pharmacist,1,1,0
2025-07-18,PHC_009,doctor,1,1,0
2025-07-18,PHC_009,nurse,6,5,1
2025-07-18,PHC_009,pharmacist,2,1,1
2025-07-18,PHC_010,doctor,2,2,0
2025-07-18,PHC_010,nurse,4,3,1
2025-07-18,PHC_010,pharmacist,1,1,0
2025-07-18,PHC_011,doctor,2,2,0
2025-07-18,PHC_011,nurse,7,5,2
2025-07-18,PHC_011,pharmacist,2,2,0
2025-07-18,PHC_012,doctor,2,1,1
2025-07-18,PHC_012,nurse,2,0,2
2025-07-18,PHC_012,pharmacist,2,2,0
2025-07-18,PHC_013,doctor,3,2,1
2025-07-18,PHC_013,nurse,5,4,1
2025-07-18,PHC_013,pharmacist,1,0,1
2025-07-18,PHC_014,doctor,3,3,0
2025-07-18,PHC_014,nurse,5,5,0
2025-07-18,PHC_014,pharmacist,1,1,0
2025-07-18,PHC_015,doctor,1,0,1
2025-07-18,PHC_015,nurse,8,6,2
2025-07-18,PHC_015,pharmacist,3,3,0
2025-07-19,PHC_001,doctor,3,2,1
2025-07-19,PHC_001,nurse,6,5,1
2025-07-19,PHC_002,doctor,2,2,0
2025-07-19,PHC_002,nurse,8,6,2
2025-07-19,PHC_002,pharmacist,3,2,1
2025-07-19,PHC_003,doctor,2,2,0
2025-07-19,PHC_003,nurse,6,5,1
2025-07-19,PHC_003,pharmacist,2,1,1
2025-07-19,PHC_004,doctor,2,1,1
2025-07-19,PHC_004,nurse,5,2,3
2025-07-19,PHC_004,pharmacist,1,1,0
2025-07-19,PHC_005,doctor,2,2,0
2025-07-19,PHC_005,nurse,6,5,1
2025-07-19,PHC_005,pharmacist,1,1,0
2025-07-19,PHC_006,doctor,3,3,0
2025-07-19,PHC_006,nurse,9,8,1
2025-07-19,PHC_006,pharmacist,1,1,0
2025-07-19,PHC_007,doctor,1,1,0
2025-07-19,PHC_007,nurse,3,1,2
2025-07-19,PHC_008,doctor,2,2,0
2025-07-19,PHC_008,nurse,5,4,1
2025-07-19,PHC_008,pharmacist,1,1,0
2025-07-19,PHC_009,doctor,2,2,0
2025-07-19,PHC_009,nurse,7,5,2
2025-07-19,PHC_009,pharmacist,3,3,0
2025-07-19,PHC_010,doctor,3,3,0
2025-07-19,PHC_010,nurse,5,4,1
2025-07-19,PHC_010,pharmacist,1,0,1
2025-07-19,PHC_011,doctor,3,2,1
2025-07-19,PHC_011,nurse,6,6,0
2025-07-19,PHC_011,pharmacist,2,2,0
2025-07-19,PHC_012,doctor,2,2,0
2025-07-19,PHC_012,nurse,3,2,1
2025-07-19,PHC_012,pharmacist,1,1,0
2025-07-19,PHC_013,doctor,2,1,1
2025-07-19,PHC_013,nurse,4,4,0
2025-07-19,PHC_014,doctor,3,3,0
2025-07-19,PHC_014,nurse,5,4,1
2025-07-19,PHC_014,pharmacist,1,1,0
2025-07-19,PHC_015,doctor,2,1,1
2025-07-19,PHC_015,nurse,7,5,2
2025-07-19,PHC_015,pharmacist,2,2,0
2025-07-20,PHC_001,doctor,3,2,1
2025-07-20,PHC_001,nurse,7,5,2
2025-07-20,PHC_001,pharmacist,1,0,1
2025-07-20,PHC_002,doctor,1,1,0
2025-07-20,PHC_002,nurse,8,5,3
2025-07-20,PHC_002,pharmacist,2,1,1
2025-07-20,PHC_003,doctor,2,2,0
2025-07-20,PHC_003,nurse,8,8,0
2025-07-20,PHC_003,pharmacist,2,1,1
2025-07-20,PHC_004,nurse,5,4,1
2025-07-20,PHC_004,pharmacist,1,0,1
2025-07-20,PHC_005,doctor,2,1,1
2025-07-20,PHC_005,nurse,5,3,2
2025-07-20,PHC_005,pharmacist,1,1,0
2025-07-20,PHC_006,doctor,3,2,1
2025-07-20,PHC_006,nurse,5,3,2
2025-07-20,PHC_006,pharmacist,2,1,1
2025-07-20,PHC_007,doctor,2,1,1
2025-07-20,PHC_007,nurse,3,2,1
2025-07-20,PHC_007,pharmacist,1,1,0
2025-07-20,PHC_008,doctor,2,2,0
2025-07-20,PHC_008,nurse,5,4,1
2025-07-20,PHC_008,pharmacist,1,1,0
2025-07-20,PHC_009,doctor,2,2,0
2025-07-20,PHC_009,nurse,5,5,0
2025-07-20,PHC_009,pharmacist,3,3,0
2025-07-20,PHC_010,doctor,2,1,1
2025-07-20,PHC_010,nurse,5,4,1
2025-07-20,PHC_010,pharmacist,1,1,0
2025-07-20,PHC_011,doctor,2,2,0
2025-07-20,PHC_011,nurse,6,5,1
2025-07-20,PHC_011,pharmacist,2,2,0
2025-07-20,PHC_012,doctor,2,1,1
2025-07-20,PHC_012,nurse,4,4,0
2025-07-20,PHC_012,pharmacist,2,2,0
2025-07-20,PHC_013,doctor,2,2,0
2025-07-20,PHC_013,nurse,5,5,0
2025-07-20,PHC_013,pharmacist,1,1,0
2025-07-20,PHC_014,doctor,3,1,2
2025-07-20,PHC_014,nurse,4,4,0
2025-07-20,PHC_014,pharmacist,2,1,1
2025-07-20,PHC_015,doctor,2,2,0
2025-07-20,PHC_015,nurse,9,4,5
2025-07-21,PHC_001,doctor,3,3,0
2025-07-21,PHC_001,nurse,4,4,0
2025-07-21,PHC_001,pharmacist,1,1,0
2025-07-21,PHC_002,doctor,1,1,0
2025-07-21,PHC_002,nurse,7,6,1
2025-07-21,PHC_002,pharmacist,1,1,0
2025-07-21,PHC_003,doctor,3,2,1
2025-07-21,PHC_003,nurse,7,7,0
2025-07-21,PHC_003,pharmacist,1,1,0
2025-07-21,PHC_004,doctor,2,2,0
2025-07-21,PHC_004,nurse,6,5,1
2025-07-21,PHC_005,doctor,2,1,1
2025-07-21,PHC_005,nurse,5,4,1
2025-07-21,PHC_005,pharmacist,1,1,0
2025-07-21,PHC_006,doctor,3,2,1
2025-07-21,PHC_006,nurse,10,8,2
2025-07-21,PHC_006,pharmacist,2,1,1
2025-07-21,PHC_007,doctor,1,1,0
2025-07-21,PHC_007,nurse,5,3,2
2025-07-21,PHC_007,pharmacist,1,1,0
2025-07-21,PHC_008,doctor,1,1,0
2025-07-21,PHC_008,nurse,5,4,1
2025-07-21,PHC_009,doctor,1,1,0
2025-07-21,PHC_009,nurse,8,6,2
2025-07-21,PHC_009,pharmacist,3,3,0
2025-07-21,PHC_010,doctor,2,1,1
2025-07-21,PHC_010,nurse,3,2,1
2025-07-21,PHC_010,pharmacist,1,0,1
2025-07-21,PHC_011,doctor,2,1,1
2025-07-21,PHC_011,nurse,8,6,2
2025-07-21,PHC_011,pharmacist,2,2,0
2025-07-21,PHC_012,doctor,2,1,1
2025-07-21,PHC_012,nurse,4,4,0
2025-07-21,PHC_012,pharmacist,2,2,0
2025-07-21,PHC_013,doctor,3,3,0
2025-07-21,PHC_013,nurse,5,3,2
2025-07-21,PHC_013,pharmacist,1,0,1
2025-07-21,PHC_014,doctor,3,3,0
2025-07-21,PHC_014,nurse,4,4,0
2025-07-21,PHC_014,pharmacist,2,1,1
2025-07-21,PHC_015,doctor,2,2,0
2025-07-21,PHC_015,nurse,7,5,2
2025-07-21,PHC_015,pharmacist,3,2,1
2025-07-22,PHC_001,doctor,2,2,0
2025-07-22,PHC_001,nurse,6,6,0
2025-07-22,PHC_001,pharmacist,1,0,1
2025-07-22,PHC_002,doctor,2,2,0
2025-07-22,PHC_002,nurse,7,7,0
2025-07-22,PHC_002,pharmacist,1,1,0
2025-07-22,PHC_003,doctor,3,2,1
2025-07-22,PHC_003,nurse,6,6,0
2025-07-22,PHC_003,pharmacist,2,2,0
2025-07-22,PHC_004,doctor,1,1,0
2025-07-22,PHC_004,nurse,6,2,4
2025-07-22,PHC_004,pharmacist,1,0,1
2025-07-22,PHC_005,doctor,2,2,0
2025-07-22,PHC_005,nurse,5,5,0
2025-07-22,PHC_005,pharmacist,1,1,0
2025-07-22,PHC_006,doctor,3,2,1
2025-07-22,PHC_006,nurse,9,7,2
2025-07-22,PHC_006,pharmacist,2,1,1
2025-07-22,PHC_007,doctor,1,0,1
2025-07-22,PHC_007,nurse,4,2,2
2025-07-22,PHC_007,pharmacist,1,1,0
2025-07-22,PHC_008,doctor,2,2,0
2025-07-22,PHC_008,nurse,5,5,0
2025-07-22,PHC_008,pharmacist,1,1,0
2025-07-22,PHC_009,nurse,7,7,0
2025-07-22,PHC_009,pharmacist,3,2,1
2025-07-22,PHC_010,doctor,2,2,0
2025-07-22,PHC_010,nurse,5,5,0
2025-07-22,PHC_010,pharmacist,1,0,1
2025-07-22,PHC_011,doctor,3,2,1
2025-07-22,PHC_011,nurse,7,5,2
2025-07-22,PHC_011,pharmacist,2,2,0
2025-07-22,PHC_012,doctor,1,1,0
2025-07-22,PHC_012,nurse,3,2,1
2025-07-22,PHC_012,pharmacist,2,2,0
2025-07-22,PHC_013,doctor,2,2,0
2025-07-22,PHC_013,nurse,6,5,1
2025-07-22,PHC_013,pharmacist,1,1,0
2025-07-22,PHC_014,doctor,3,2,1
2025-07-22,PHC_014,nurse,4,4,0
2025-07-22,PHC_014,pharmacist,2,2,0
2025-07-22,PHC_015,doctor,2,2,0
2025-07-22,PHC_015,nurse,7,5,2
2025-07-22,PHC_015,pharmacist,3,3,0
2025-07-23,PHC_001,doctor,3,2,1
2025-07-23,PHC_001,nurse,7,5,2
2025-07-23,PHC_001,pharmacist,1,1,0
2025-07-23,PHC_002,doctor,2,2,0
2025-07-23,PHC_002,nurse,8,7,1
2025-07-23,PHC_002,pharmacist,3,2,1
2025-07-23,PHC_003,doctor,3,3,0
2025-07-23,PHC_003,nurse,8,8,0
2025-07-23,PHC_003,pharmacist,1,1,0
2025-07-23,PHC_004,doctor,2,2,0
2025-07-23,PHC_004,nurse,5,2,3
2025-07-23,PHC_004,pharmacist,1,1,0
2025-07-23,PHC_005,doctor,2,2,0
2025-07-23,PHC_005,nurse,6,5,1
2025-07-23,PHC_005,pharmacist,1,1,0
2025-07-23,PHC_006,doctor,3,2,1
2025-07-23,PHC_006,nurse,8,8,0
2025-07-23,PHC_006,pharmacist,1,1,0
2025-07-23,PHC_007,doctor,2,2,0
2025-07-23,PHC_007,nurse,5,4,1
2025-07-23,PHC_007,pharmacist,1,1,0
2025-07-23,PHC_008,doctor,1,1,0
2025-07-23,PHC_008,nurse,4,4,0
2025-07-23,PHC_008,pharmacist,1,1,0
2025-07-23,PHC_009,doctor,2,2,0
2025-07-23,PHC_009,nurse,6,6,0
2025-07-23,PHC_009,pharmacist,2,2,0
2025-07-23,PHC_010,doctor,2,1,1
2025-07-23,PHC_010,nurse,4,2,2
2025-07-23,PHC_010,pharmacist,1,1,0
2025-07-23,PHC_011,doctor,3,2,1
2025-07-23,PHC_011,nurse,7,5,2
2025-07-23,PHC_011,pharmacist,2,1,1
2025-07-23,PHC_012,doctor,1,1,0
2025-07-23,PHC_012,nurse,4,3,1
2025-07-23,PHC_012,pharmacist,2,2,0
2025-07-23,PHC_013,doctor,3,2,1
2025-07-23,PHC_013,nurse,6,4,2
2025-07-23,PHC_013,pharmacist,1,1,0
2025-07-23,PHC_014,doctor,3,3,0
2025-07-23,PHC_014,nurse,5,4,1
2025-07-23,PHC_014,pharmacist,2,2,0
2025-07-23,PHC_015,doctor,1,1,0
2025-07-23,PHC_015,nurse,8,6,2
2025-07-23,PHC_015,pharmacist,3,1,2
2025-07-24,PHC_001,doctor,2,1,1
2025-07-24,PHC_001,nurse,6,5,1
2025-07-24,PHC_001,pharmacist,1,1,0
2025-07-24,PHC_002,doctor,1,1,0
2025-07-24,PHC_002,nurse,9,9,0
2025-07-24,PHC_002,pharmacist,3,1,2
2025-07-24,PHC_003,doctor,3,3,0
2025-07-24,PHC_003,nurse,6,6,0
2025-07-24,PHC_003,pharmacist,2,2,0
2025-07-24,PHC_004,doctor,2,1,1
2025-07-24,PHC_004,nurse,4,2,2
2025-07-24,PHC_004,pharmacist,1,0,1
2025-07-24,PHC_005,doctor,2,1,1
2025-07-24,PHC_005,nurse,5,5,0
2025-07-24,PHC_005,pharmacist,1,0,1
2025-07-24,PHC_006,doctor,3,3,0
2025-07-24,PHC_006,nurse,10,6,4
2025-07-24,PHC_006,pharmacist,2,0,2
2025-07-24,PHC_007,doctor,2,1,1
2025-07-24,PHC_007,nurse,5,2,3
2025-07-24,PHC_007,pharmacist,1,1,0
2025-07-24,PHC_008,doctor,1,1,0
2025-07-24,PHC_008,nurse,4,3,1
2025-07-24,PHC_008,pharmacist,1,1,0
2025-07-24,PHC_009,doctor,2,2,0
2025-07-24,PHC_009,nurse,5,4,1
2025-07-24,PHC_009,pharmacist,2,2,0
2025-07-24,PHC_010,doctor,2,2,0
2025-07-24,PHC_010,nurse,5,3,2
2025-07-24,PHC_010,pharmacist,1,0,1
2025-07-24,PHC_011,doctor,3,3,0
2025-07-24,PHC_011,nurse,6,5,1
2025-07-24,PHC_011,pharmacist,2,1,1
2025-07-24,PHC_012,doctor,2,2,0
2025-07-24,PHC_012,nurse,4,3,1
2025-07-24,PHC_012,pharmacist,2,2,0
2025-07-24,PHC_013,doctor,2,2,0
2025-07-24,PHC_013,nurse,4,3,1
2025-07-24,PHC_013,pharmacist,1,1,0
2025-07-24,PHC_014,doctor,2,1,1
2025-07-24,PHC_014,nurse,4,4,0
2025-07-24,PHC_014,pharmacist,1,1,0
2025-07-24,PHC_015,doctor,1,1,0
2025-07-24,PHC_015,nurse,7,4,3
2025-07-24,PHC_015,pharmacist,3,2,1
2025-07-25,PHC_001,doctor,2,2,0
2025-07-25,PHC_001,nurse,6,3,3
2025-07-25,PHC_001,pharmacist,1,0,1
2025-07-25,PHC_002,doctor,2,2,0
2025-07-25,PHC_002,nurse,8,7,1
2025-07-25,PHC_002,pharmacist,2,2,0
2025-07-25,PHC_003,doctor,3,3,0
2025-07-25,PHC_003,nurse,8,7,1
2025-07-25,PHC_003,pharmacist,1,1,0
2025-07-25,PHC_004,doctor,2,2,0
2025-07-25,PHC_004,nurse,5,3,2
2025-07-25,PHC_004,pharmacist,1,1,0
2025-07-25,PHC_005,doctor,2,1,1
2025-07-25,PHC_005,nurse,4,4,0
2025-07-25,PHC_005,pharmacist,1,1,0
2025-07-25,PHC_006,doctor,2,2,0
2025-07-25,PHC_006,nurse,8,7,1
2025-07-25,PHC_006,pharmacist,2,1,1
2025-07-25,PHC_007,doctor,2,1,1
2025-07-25,PHC_007,nurse,5,5,0
2025-07-25,PHC_007,pharmacist,1,1,0
2025-07-25,PHC_008,doctor,2,2,0
2025-07-25,PHC_008,nurse,4,4,0
2025-07-25,PHC_008,pharmacist,1,1,0
2025-07-25,PHC_009,doctor,2,1,1
2025-07-25,PHC_009,nurse,8,7,1
2025-07-25,PHC_009,pharmacist,3,3,0
2025-07-25,PHC_010,doctor,3,3,0
2025-07-25,PHC_010,nurse,5,5,0
2025-07-25,PHC_010,pharmacist,1,1,0
2025-07-25,PHC_011,doctor,3,2,1
2025-07-25,PHC_011,nurse,8,7,1
2025-07-25,PHC_012,doctor,2,1,1
2025-07-25,PHC_012,nurse,4,3,1
2025-07-25,PHC_012,pharmacist,2,2,0
2025-07-25,PHC_013,doctor,2,2,0
2025-07-25,PHC_013,nurse,5,5,0
2025-07-25,PHC_013,pharmacist,1,1,0
2025-07-25,PHC_014,doctor,3,3,0
2025-07-25,PHC_014,nurse,5,5,0
2025-07-25,PHC_014,pharmacist,2,2,0
2025-07-25,PHC_015,doctor,1,1,0
2025-07-25,PHC_015,nurse,7,7,0
2025-07-25,PHC_015,pharmacist,2,2,0
2025-07-26,PHC_001,doctor,3,2,1
2025-07-26,PHC_001,nurse,4,2,2
2025-07-26,PHC_001,pharmacist,1,0,1
2025-07-26,PHC_002,doctor,2,2,0
2025-07-26,PHC_002,nurse,8,8,0
2025-07-26,PHC_002,pharmacist,1,1,0
2025-07-26,PHC_003,doctor,2,2,0
2025-07-26,PHC_003,nurse,8,7,1
2025-07-26,PHC_003,pharmacist,1,1,0
2025-07-26,PHC_004,doctor,1,1,0
2025-07-26,PHC_004,nurse,5,5,0
2025-07-26,PHC_004,pharmacist,1,1,0
2025-07-26,PHC_005,doctor,2,2,0
2025-07-26,PHC_005,nurse,3,1,2
2025-07-26,PHC_005,pharmacist,1,1,0
2025-07-26,PHC_006,doctor,3,2,1
2025-07-26,PHC_006,nurse,8,7,1
2025-07-26,PHC_006,pharmacist,2,1,1
2025-07-26,PHC_007,doctor,2,1,1
2025-07-26,PHC_007,nurse,5,4,1
2025-07-26,PHC_007,pharmacist,1,1,0
2025-07-26,PHC_008,doctor,2,2,0
2025-07-26,PHC_008,nurse,2,1,1
2025-07-26,PHC_008,pharmacist,1,1,0
2025-07-26,PHC_009,doctor,2,1,1
2025-07-26,PHC_009,nurse,5,5,0
2025-07-26,PHC_009,pharmacist,2,1,1
2025-07-26,PHC_010,doctor,3,2,1
2025-07-26,PHC_010,nurse,4,4,0
2025-07-26,PHC_010,pharmacist,1,1,0
2025-07-26,PHC_011,doctor,2,1,1
2025-07-26,PHC_011,nurse,6,6,0
2025-07-26,PHC_011,pharmacist,2,2,0
2025-07-26,PHC_012,doctor,2,2,0
2025-07-26,PHC_012,nurse,4,2,2
2025-07-26,PHC_012,pharmacist,1,1,0
2025-07-26,PHC_013,doctor,3,2,1
2025-07-26,PHC_013,nurse,4,4,0
2025-07-26,PHC_013,pharmacist,1,1,0
2025-07-26,PHC_014,doctor,2,1,1
2025-07-26,PHC_014,nurse,5,4,1
2025-07-26,PHC_014,pharmacist,2,2,0
2025-07-26,PHC_015,doctor,2,2,0
2025-07-26,PHC_015,nurse,7,7,0
2025-07-26,PHC_015,pharmacist,3,2,1
2025-07-27,PHC_001,doctor,2,2,0
2025-07-27,PHC_001,nurse,6,6,0
2025-07-27,PHC_001,pharmacist,1,1,0
2025-07-27,PHC_002,doctor,1,1,0
2025-07-27,PHC_002,nurse,8,7,1
2025-07-27,PHC_002,pharmacist,2,1,1
2025-07-27,PHC_003,doctor,3,3,0
2025-07-27,PHC_003,nurse,8,4,4
2025-07-27,PHC_003,pharmacist,2,1,1
2025-07-27,PHC_004,doctor,2,2,0
2025-07-27,PHC_004,nurse,5,3,2
2025-07-27,PHC_004,pharmacist,1,1,0
2025-07-27,PHC_005,doctor,2,0,2
2025-07-27,PHC_005,nurse,6,5,1
2025-07-27,PHC_005,pharmacist,1,1,0
2025-07-27,PHC_006,doctor,2,1,1
2025-07-27,PHC_006,nurse,9,7,2
2025-07-27,PHC_006,pharmacist,2,2,0
2025-07-27,PHC_007,doctor,1,0,1
2025-07-27,PHC_007,nurse,3,1,2
2025-07-27,PHC_007,pharmacist,1,1,0
2025-07-27,PHC_008,doctor,1,1,0
2025-07-27,PHC_008,nurse,4,4,0
2025-07-27,PHC_008,pharmacist,1,1,0
2025-07-27,PHC_009,doctor,1,0,1
2025-07-27,PHC_009,nurse,7,5,2
2025-07-27,PHC_009,pharmacist,2,2,0
2025-07-27,PHC_010,doctor,3,3,0
2025-07-27,PHC_010,nurse,3,2,1
2025-07-27,PHC_010,pharmacist,1,1,0
2025-07-27,PHC_011,doctor,1,0,1
2025-07-27,PHC_011,nurse,7,5,2
2025-07-27,PHC_011,pharmacist,1,1,0
2025-07-27,PHC_012,doctor,2,2,0
2025-07-27,PHC_012,nurse,4,2,2
2025-07-27,PHC_013,doctor,2,1,1
2025-07-27,PHC_013,nurse,6,4,2
2025-07-27,PHC_013,pharmacist,1,1,0
2025-07-27,PHC_014,doctor,3,3,0
2025-07-27,PHC_014,nurse,5,5,0
2025-07-27,PHC_014,pharmacist,2,2,0
2025-07-27,PHC_015,doctor,2,2,0
2025-07-27,PHC_015,nurse,8,7,1
2025-07-27,PHC_015,pharmacist,3,2,1
2025-07-28,PHC_001,doctor,1,1,0
2025-07-28,PHC_001,nurse,6,6,0
2025-07-28,PHC_002,doctor,2,2,0
2025-07-28,PHC_002,nurse,8,7,1
2025-07-28,PHC_002,pharmacist,3,2,1
2025-07-28,PHC_003,doctor,3,3,0
2025-07-28,PHC_003,nurse,9,7,2
2025-07-28,PHC_003,pharmacist,2,1,1
2025-07-28,PHC_004,doctor,2,2,0
2025-07-28,PHC_004,nurse,4,3,1
2025-07-28,PHC_004,pharmacist,1,1,0
2025-07-28,PHC_005,doctor,2,1,1
2025-07-28,PHC_005,nurse,4,2,2
2025-07-28,PHC_005,pharmacist,1,1,0
2025-07-28,PHC_006,doctor,3,3,0
2025-07-28,PHC_006,nurse,8,6,2
2025-07-28,PHC_006,pharmacist,2,0,2
2025-07-28,PHC_007,doctor,2,1,1
2025-07-28,PHC_007,nurse,4,3,1
2025-07-28,PHC_007,pharmacist,1,1,0
2025-07-28,PHC_008,doctor,1,1,0
2025-07-28,PHC_008,nurse,5,4,1
2025-07-28,PHC_008,pharmacist,1,1,0
2025-07-28,PHC_009,doctor,2,1,1
2025-07-28,PHC_009,nurse,8,7,1
2025-07-28,PHC_009,pharmacist,2,2,0
2025-07-28,PHC_010,doctor,3,3,0
2025-07-28,PHC_010,nurse,5,4,1
2025-07-28,PHC_010,pharmacist,1,1,0
2025-07-28,PHC_011,doctor,3,3,0
2025-07-28,PHC_011,nurse,7,5,2
2025-07-28,PHC_011,pharmacist,1,1,0
2025-07-28,PHC_012,doctor,1,0,1
2025-07-28,PHC_012,nurse,4,2,2
2025-07-28,PHC_012,pharmacist,1,1,0
2025-07-28,PHC_013,doctor,3,3,0
2025-07-28,PHC_013,nurse,5,4,1
2025-07-28,PHC_014,doctor,3,2,1
2025-07-28,PHC_014,nurse,4,3,1
2025-07-28,PHC_014,pharmacist,1,1,0
2025-07-28,PHC_015,doctor,2,2,0
2025-07-28,PHC_015,nurse,7,5,2
2025-07-28,PHC_015,pharmacist,2,1,1
2025-07-29,PHC_001,doctor,3,3,0
2025-07-29,PHC_001,nurse,7,5,2
2025-07-29,PHC_001,pharmacist,1,1,0
2025-07-29,PHC_002,doctor,2,2,0
2025-07-29,PHC_002,nurse,7,6,1
2025-07-29,PHC_002,pharmacist,3,3,0
2025-07-29,PHC_003,doctor,2,2,0
2025-07-29,PHC_003,nurse,8,6,2
2025-07-29,PHC_003,pharmacist,2,1,1
2025-07-29,PHC_004,doctor,2,2,0
2025-07-29,PHC_004,nurse,5,3,2
2025-07-29,PHC_004,pharmacist,1,1,0
2025-07-29,PHC_005,doctor,2,1,1
2025-07-29,PHC_005,nurse,6,5,1
2025-07-29,PHC_005,pharmacist,1,1,0
2025-07-29,PHC_006,doctor,3,1,2
2025-07-29,PHC_006,nurse,10,6,4
2025-07-29,PHC_006,pharmacist,2,2,0
2025-07-29,PHC_007,doctor,2,2,0
2025-07-29,PHC_007,nurse,4,3,1
2025-07-29,PHC_007,pharmacist,1,1,0
2025-07-29,PHC_008,doctor,1,1,0
2025-07-29,PHC_008,nurse,5,3,2
2025-07-29,PHC_008,pharmacist,1,1,0
2025-07-29,PHC_009,doctor,1,1,0
2025-07-29,PHC_009,nurse,6,6,0
2025-07-29,PHC_009,pharmacist,3,3,0
2025-07-29,PHC_010,doctor,1,1,0
2025-07-29,PHC_010,nurse,4,3,1
2025-07-29,PHC_010,pharmacist,1,1,0
2025-07-29,PHC_011,doctor,3,2,1
2025-07-29,PHC_011,nurse,8,6,2
2025-07-29,PHC_011,pharmacist,2,2,0
2025-07-29,PHC_012,doctor,1,1,0
2025-07-29,PHC_012,nurse,3,3,0
2025-07-29,PHC_012,pharmacist,2,2,0
2025-07-29,PHC_013,doctor,3,3,0
2025-07-29,PHC_013,nurse,4,3,1
2025-07-29,PHC_013,pharmacist,1,1,0
2025-07-29,PHC_014,doctor,3,2,1
2025-07-29,PHC_014,nurse,4,4,0
2025-07-29,PHC_014,pharmacist,2,2,0
2025-07-29,PHC_015,doctor,2,2,0
2025-07-29,PHC_015,nurse,6,3,3
2025-07-29,PHC_015,pharmacist,3,3,0
2025-07-30,PHC_001,doctor,3,1,2
2025-07-30,PHC_001,nurse,7,4,3
2025-07-30,PHC_001,pharmacist,1,1,0
2025-07-30,PHC_002,doctor,2,2,0
2025-07-30,PHC_002,nurse,6,4,2
2025-07-30,PHC_002,pharmacist,2,1,1
2025-07-30,PHC_003,doctor,3,3,0
2025-07-30,PHC_003,nurse,8,6,2
2025-07-30,PHC_003,pharmacist,2,2,0
2025-07-30,PHC_004,doctor,2,2,0
2025-07-30,PHC_004,nurse,5,4,1
2025-07-30,PHC_004,pharmacist,1,1,0
2025-07-30,PHC_005,doctor,2,2,0
2025-07-30,PHC_005,nurse,5,3,2
2025-07-30,PHC_005,pharmacist,1,1,0
2025-07-30,PHC_006,doctor,3,2,1
2025-07-30,PHC_006,nurse,8,7,1
2025-07-30,PHC_006,pharmacist,1,1,0
2025-07-30,PHC_007,doctor,2,2,0
2025-07-30,PHC_007,nurse,4,3,1
2025-07-30,PHC_007,pharmacist,1,0,1
2025-07-30,PHC_008,doctor,1,1,0
2025-07-30,PHC_008,nurse,5,5,0
2025-07-30,PHC_008,pharmacist,1,1,0
2025-07-30,PHC_009,doctor,1,0,1
2025-07-30,PHC_009,nurse,7,6,1
2025-07-30,PHC_009,pharmacist,3,3,0
2025-07-30,PHC_010,doctor,2,1,1
2025-07-30,PHC_010,nurse,4,3,1
2025-07-30,PHC_010,pharmacist,1,1,0
2025-07-30,PHC_011,doctor,2,2,0
2025-07-30,PHC_011,nurse,8,6,2
2025-07-30,PHC_011,pharmacist,2,1,1
2025-07-30,PHC_012,doctor,2,2,0
2025-07-30,PHC_012,nurse,4,3,1
2025-07-30,PHC_012,pharmacist,2,2,0
2025-07-30,PHC_013,doctor,3,3,0
2025-07-30,PHC_013,nurse,6,5,1
2025-07-30,PHC_013,pharmacist,1,1,0
2025-07-30,PHC_014,doctor,2,1,1
2025-07-30,PHC_014,nurse,5,5,0
2025-07-30,PHC_014,pharmacist,1,1,0
2025-07-30,PHC_015,doctor,2,1,1
2025-07-30,PHC_015,nurse,9,8,1
2025-07-30,PHC_015,pharmacist,2,1,1
2025-07-31,PHC_001,doctor,2,2,0
2025-07-31,PHC_001,nurse,6,5,1
2025-07-31,PHC_001,pharmacist,1,0,1
2025-07-31,PHC_002,doctor,2,2,0
2025-07-31,PHC_002,nurse,7,5,2
2025-07-31,PHC_002,pharmacist,2,2,0
2025-07-31,PHC_003,doctor,2,2,0
2025-07-31,PHC_003,nurse,7,6,1
2025-07-31,PHC_003,pharmacist,2,1,1
2025-07-31,PHC_004,doctor,2,2,0
2025-07-31,PHC_004,nurse,6,5,1
2025-07-31,PHC_004,pharmacist,1,1,0
2025-07-31,PHC_005,doctor,2,2,0
2025-07-31,PHC_005,nurse,5,5,0
2025-07-31,PHC_005,pharmacist,1,1,0
2025-07-31,PHC_006,doctor,3,3,0
2025-07-31,PHC_006,nurse,8,7,1
2025-07-31,PHC_006,pharmacist,1,1,0
2025-07-31,PHC_007,doctor,1,0,1
2025-07-31,PHC_007,nurse,5,4,1
2025-07-31,PHC_007,pharmacist,1,1,0
2025-07-31,PHC_008,doctor,2,2,0
2025-07-31,PHC_008,nurse,5,5,0
2025-07-31,PHC_008,pharmacist,1,1,0
2025-07-31,PHC_009,doctor,1,1,0
2025-07-31,PHC_009,nurse,7,5,2
2025-07-31,PHC_009,pharmacist,3,3,0
2025-07-31,PHC_010,doctor,3,3,0
2025-07-31,PHC_010,nurse,5,3,2
2025-07-31,PHC_010,pharmacist,1,1,0
2025-07-31,PHC_011,doctor,2,1,1
2025-07-31,PHC_011,nurse,7,5,2
2025-07-31,PHC_011,pharmacist,2,2,0
2025-07-31,PHC_012,doctor,2,2,0
2025-07-31,PHC_012,nurse,4,3,1
2025-07-31,PHC_012,pharmacist,2,2,0
2025-07-31,PHC_013,doctor,2,2,0
2025-07-31,PHC_013,nurse,4,4,0
2025-07-31,PHC_014,doctor,1,0,1
2025-07-31,PHC_014,nurse,5,5,0
2025-07-31,PHC_014,pharmacist,1,0,1
2025-07-31,PHC_015,doctor,2,1,1
2025-07-31,PHC_015,nurse,9,6,3
2025-07-31,PHC_015,pharmacist,2,1,1
2025-08-01,PHC_001,doctor,1,1,0
2025-08-01,PHC_001,nurse,5,4,1
2025-08-01,PHC_001,pharmacist,1,0,1
2025-08-01,PHC_002,doctor,2,2,0
2025-08-01,PHC_002,nurse,7,7,0
2025-08-01,PHC_002,pharmacist,3,1,2
2025-08-01,PHC_003,doctor,3,3,0
2025-08-01,PHC_003,nurse,8,6,2
2025-08-01,PHC_003,pharmacist,1,1,0
2025-08-01,PHC_004,doctor,2,0,2
2025-08-01,PHC_004,nurse,5,4,1
2025-08-01,PHC_005,doctor,1,1,0
2025-08-01,PHC_005,nurse,6,4,2
2025-08-01,PHC_006,doctor,2,1,1
2025-08-01,PHC_006,nurse,9,8,1
2025-08-01,PHC_006,pharmacist,2,2,0
2025-08-01,PHC_007,doctor,2,2,0
2025-08-01,PHC_007,nurse,2,2,0
2025-08-01,PHC_007,pharmacist,1,1,0
2025-08-01,PHC_008,doctor,1,1,0
2025-08-01,PHC_008,nurse,3,1,2
2025-08-01,PHC_008,pharmacist,1,1,0
2025-08-01,PHC_009,doctor,2,2,0
2025-08-01,PHC_009,nurse,7,7,0
2025-08-01,PHC_009,pharmacist,3,2,1
2025-08-01,PHC_010,doctor,2,2,0
2025-08-01,PHC_010,nurse,5,5,0
2025-08-01,PHC_010,pharmacist,1,1,0
2025-08-01,PHC_011,doctor,3,2,1
2025-08-01,PHC_011,nurse,8,6,2
2025-08-01,PHC_011,pharmacist,2,1,1
2025-08-01,PHC_012,doctor,1,1,0
2025-08-01,PHC_012,nurse,4,3,1
2025-08-01,PHC_012,pharmacist,1,0,1
2025-08-01,PHC_013,doctor,2,0,2
2025-08-01,PHC_013,nurse,5,5,0
2025-08-01,PHC_013,pharmacist,1,0,1
2025-08-01,PHC_014,doctor,3,3,0
2025-08-01,PHC_014,nurse,4,4,0
2025-08-01,PHC_014,pharmacist,2,1,1
2025-08-01,PHC_015,doctor,1,1,0
2025-08-01,PHC_015,nurse,9,7,2
2025-08-01,PHC_015,pharmacist,3,3,0
2025-08-02,PHC_001,doctor,2,2,0
2025-08-02,PHC_001,nurse,5,1,4
2025-08-02,PHC_001,pharmacist,1,1,0
2025-08-02,PHC_002,doctor,2,2,0
2025-08-02,PHC_002,nurse,6,3,3
2025-08-02,PHC_002,pharmacist,1,1,0
2025-08-02,PHC_003,doctor,3,3,0
2025-08-02,PHC_003,nurse,7,7,0
2025-08-02,PHC_003,pharmacist,1,1,0
2025-08-02,PHC_004,doctor,2,2,0
2025-08-02,PHC_004,nurse,6,4,2
2025-08-02,PHC_004,pharmacist,1,0,1
2025-08-02,PHC_005,doctor,2,2,0
2025-08-02,PHC_005,nurse,4,3,1
2025-08-02,PHC_005,pharmacist,1,0,1
2025-08-02,PHC_006,doctor,3,2,1
2025-08-02,PHC_006,nurse,7,7,0
2025-08-02,PHC_006,pharmacist,2,1,1
2025-08-02,PHC_007,doctor,2,1,1
2025-08-02,PHC_007,nurse,5,3,2
2025-08-02,PHC_007,pharmacist,1,1,0
2025-08-02,PHC_008,doctor,2,2,0
2025-08-02,PHC_008,nurse,5,4,1
2025-08-02,PHC_008,pharmacist,1,1,0
2025-08-02,PHC_009,doctor,2,2,0
2025-08-02,PHC_009,nurse,8,6,2
2025-08-02,PHC_009,pharmacist,2,2,0
2025-08-02,PHC_010,doctor,2,2,0
2025-08-02,PHC_010,nurse,5,4,1
2025-08-02,PHC_010,pharmacist,1,1,0
2025-08-02,PHC_011,doctor,3,1,2
2025-08-02,PHC_011,nurse,7,5,2
2025-08-02,PHC_011,pharmacist,2,2,0
2025-08-02,PHC_012,doctor,1,1,0
2025-08-02,PHC_012,nurse,2,2,0
2025-08-02,PHC_012,pharmacist,2,1,1
2025-08-02,PHC_013,doctor,2,2,0
2025-08-02,PHC_013,nurse,4,2,2
2025-08-02,PHC_013,pharmacist,1,0,1
2025-08-02,PHC_014,doctor,3,3,0
2025-08-02,PHC_014,nurse,4,4,0
2025-08-02,PHC_014,pharmacist,2,2,0
2025-08-02,PHC_015,doctor,2,2,0
2025-08-02,PHC_015,nurse,9,6,3
2025-08-02,PHC_015,pharmacist,3,3,0
2025-08-03,PHC_001,doctor,3,3,0
2025-08-03,PHC_001,nurse,7,6,1
2025-08-03,PHC_001,pharmacist,1,1,0
2025-08-03,PHC_002,doctor,1,1,0
2025-08-03,PHC_002,nurse,8,4,4
2025-08-03,PHC_002,pharmacist,2,1,1
2025-08-03,PHC_003,doctor,3,3,0
2025-08-03,PHC_003,nurse,8,6,2
2025-08-03,PHC_003,pharmacist,1,0,1
2025-08-03,PHC_004,doctor,2,2,0
2025-08-03,PHC_004,nurse,5,1,4
2025-08-03,PHC_004,pharmacist,1,1,0
2025-08-03,PHC_005,doctor,1,1,0
2025-08-03,PHC_005,nurse,5,3,2
2025-08-03,PHC_005,pharmacist,1,0,1
2025-08-03,PHC_006,doctor,2,2,0
2025-08-03,PHC_006,nurse,7,4,3
2025-08-03,PHC_006,pharmacist,1,0,1
2025-08-03,PHC_007,doctor,1,1,0
2025-08-03,PHC_007,nurse,2,2,0
2025-08-03,PHC_007,pharmacist,1,0,1
2025-08-03,PHC_008,doctor,2,2,0
2025-08-03,PHC_008,nurse,3,2,1
2025-08-03,PHC_008,pharmacist,1,1,0
2025-08-03,PHC_009,doctor,2,1,1
2025-08-03,PHC_009,nurse,6,5,1
2025-08-03,PHC_009,pharmacist,2,2,0
2025-08-03,PHC_010,doctor,2,0,2
2025-08-03,PHC_010,nurse,5,3,2
2025-08-03,PHC_010,pharmacist,1,1,0
2025-08-03,PHC_011,doctor,3,2,1
2025-08-03,PHC_011,nurse,8,7,1
2025-08-03,PHC_011,pharmacist,2,2,0
2025-08-03,PHC_012,doctor,2,1,1
2025-08-03,PHC_012,nurse,3,2,1
2025-08-03,PHC_012,pharmacist,1,1,0
2025-08-03,PHC_013,doctor,3,2,1
2025-08-03,PHC_013,nurse,5,5,0
2025-08-03,PHC_013,pharmacist,1,1,0
2025-08-03,PHC_014,doctor,3,2,1
2025-08-03,PHC_014,nurse,4,4,0
2025-08-03,PHC_014,pharmacist,2,0,2
2025-08-03,PHC_015,doctor,1,1,0
2025-08-03,PHC_015,nurse,6,3,3
2025-08-03,PHC_015,pharmacist,3,3,0
2025-08-04,PHC_001,doctor,2,2,0
2025-08-04,PHC_001,nurse,5,5,0
2025-08-04,PHC_002,doctor,2,2,0
2025-08-04,PHC_002,nurse,7,5,2
2025-08-04,PHC_002,pharmacist,2,1,1
2025-08-04,PHC_003,doctor,3,3,0
2025-08-04,PHC_003,nurse,7,5,2
2025-08-04,PHC_003,pharmacist,2,1,1
2025-08-04,PHC_004,doctor,2,2,0
2025-08-04,PHC_004,nurse,3,1,2
2025-08-04,PHC_004,pharmacist,1,1,0
2025-08-04,PHC_005,doctor,1,0,1
2025-08-04,PHC_005,nurse,6,5,1
2025-08-04,PHC_005,pharmacist,1,1,0
2025-08-04,PHC_006,doctor,3,1,2
2025-08-04,PHC_006,nurse,10,9,1
2025-08-04,PHC_006,pharmacist,1,1,0
2025-08-04,PHC_007,doctor,2,1,1
2025-08-04,PHC_007,nurse,5,3,2
2025-08-04,PHC_007,pharmacist,1,1,0
2025-08-04,PHC_008,doctor,2,2,0
2025-08-04,PHC_008,nurse,5,3,2
2025-08-04,PHC_008,pharmacist,1,1,0
2025-08-04,PHC_009,doctor,1,1,0
2025-08-04,PHC_009,nurse,7,6,1
2025-08-04,PHC_009,pharmacist,1,1,0
2025-08-04,PHC_010,doctor,3,2,1
2025-08-04,PHC_010,nurse,4,4,0
2025-08-04,PHC_010,pharmacist,1,1,0
2025-08-04,PHC_011,doctor,2,1,1
2025-08-04,PHC_011,nurse,6,4,2
2025-08-04,PHC_011,pharmacist,1,1,0
2025-08-04,PHC_012,doctor,1,1,0
2025-08-04,PHC_012,nurse,4,4,0
2025-08-04,PHC_012,pharmacist,2,2,0
2025-08-04,PHC_013,doctor,2,2,0
2025-08-04,PHC_013,nurse,6,5,1
2025-08-04,PHC_013,pharmacist,1,1,0
2025-08-04,PHC_014,doctor,3,2,1
2025-08-04,PHC_014,nurse,5,4,1
2025-08-04,PHC_014,pharmacist,2,2,0
2025-08-04,PHC_015,doctor,2,2,0
2025-08-04,PHC_015,nurse,7,5,2
2025-08-04,PHC_015,pharmacist,3,3,0
2025-08-05,PHC_001,doctor,3,3,0
2025-08-05,PHC_001,nurse,6,6,0
2025-08-05,PHC_001,pharmacist,1,1,0
2025-08-05,PHC_002,doctor,2,2,0
2025-08-05,PHC_002,nurse,5,4,1
2025-08-05,PHC_002,pharmacist,3,2,1
2025-08-05,PHC_003,doctor,3,2,1
2025-08-05,PHC_003,nurse,7,5,2
2025-08-05,PHC_003,pharmacist,1,1,0
2025-08-05,PHC_004,doctor,2,2,0
2025-08-05,PHC_004,nurse,6,6,0
2025-08-05,PHC_005,doctor,2,1,1
2025-08-05,PHC_005,nurse,5,4,1
2025-08-05,PHC_005,pharmacist,1,1,0
2025-08-05,PHC_006,doctor,3,2,1
2025-08-05,PHC_006,nurse,7,6,1
2025-08-05,PHC_006,pharmacist,2,1,1
2025-08-05,PHC_007,doctor,2,1,1
2025-08-05,PHC_007,nurse,4,1,3
2025-08-05,PHC_007,pharmacist,1,1,0
2025-08-05,PHC_008,doctor,2,2,0
2025-08-05,PHC_008,nurse,3,2,1
2025-08-05,PHC_008,pharmacist,1,1,0
2025-08-05,PHC_009,doctor,2,2,0
2025-08-05,PHC_009,nurse,7,4,3
2025-08-05,PHC_009,pharmacist,3,3,0
2025-08-05,PHC_010,doctor,3,2,1
2025-08-05,PHC_010,nurse,5,4,1
2025-08-05,PHC_011,doctor,2,2,0
2025-08-05,PHC_011,nurse,8,5,3
2025-08-05,PHC_011,pharmacist,2,2,0
2025-08-05,PHC_012,doctor,1,1,0
2025-08-05,PHC_012,nurse,4,4,0
2025-08-05,PHC_012,pharmacist,2,2,0
2025-08-05,PHC_013,doctor,3,1,2
2025-08-05,PHC_013,nurse,5,5,0
2025-08-05,PHC_013,pharmacist,1,1,0
2025-08-05,PHC_014,doctor,3,2,1
2025-08-05,PHC_014,nurse,5,5,0
2025-08-05,PHC_014,pharmacist,2,2,0
2025-08-05,PHC_015,doctor,2,1,1
2025-08-05,PHC_015,nurse,6,5,1
2025-08-05,PHC_015,pharmacist,2,2,0
2025-08-06,PHC_001,doctor,2,1,1
2025-08-06,PHC_001,nurse,6,5,1
2025-08-06,PHC_001,pharmacist,1,1,0
2025-08-06,PHC_002,doctor,1,1,0
2025-08-06,PHC_002,nurse,8,6,2
2025-08-06,PHC_002,pharmacist,3,2,1
2025-08-06,PHC_003,doctor,3,3,0
2025-08-06,PHC_003,nurse,9,8,1
2025-08-06,PHC_003,pharmacist,1,0,1
2025-08-06,PHC_004,doctor,2,2,0
2025-08-06,PHC_004,nurse,5,3,2
2025-08-06,PHC_005,doctor,2,2,0
2025-08-06,PHC_005,nurse,5,4,1
2025-08-06,PHC_005,pharmacist,1,1,0
2025-08-06,PHC_006,doctor,2,1,1
2025-08-06,PHC_006,nurse,8,6,2
2025-08-06,PHC_006,pharmacist,2,2,0
2025-08-06,PHC_007,doctor,2,1,1
2025-08-06,PHC_007,nurse,3,2,1
2025-08-06,PHC_008,doctor,2,2,0
2025-08-06,PHC_008,nurse,4,3,1
2025-08-06,PHC_008,pharmacist,1,1,0
2025-08-06,PHC_009,doctor,1,1,0
2025-08-06,PHC_009,nurse,7,7,0
2025-08-06,PHC_009,pharmacist,3,2,1
2025-08-06,PHC_010,doctor,3,3,0
2025-08-06,PHC_010,nurse,4,3,1
2025-08-06,PHC_010,pharmacist,1,1,0
2025-08-06,PHC_011,doctor,3,3,0
2025-08-06,PHC_011,nurse,6,3,3
2025-08-06,PHC_011,pharmacist,2,1,1
2025-08-06,PHC_012,doctor,1,0,1
2025-08-06,PHC_012,nurse,4,3,1
2025-08-06,PHC_012,pharmacist,2,1,1
2025-08-06,PHC_013,doctor,3,2,1
2025-08-06,PHC_013,nurse,6,4,2
2025-08-06,PHC_013,pharmacist,1,1,0
2025-08-06,PHC_014,doctor,3,2,1
2025-08-06,PHC_014,nurse,4,4,0
2025-08-06,PHC_014,pharmacist,1,1,0
2025-08-06,PHC_015,doctor,2,2,0
2025-08-06,PHC_015,nurse,7,7,0
2025-08-06,PHC_015,pharmacist,2,2,0
2025-08-07,PHC_001,doctor,2,2,0
2025-08-07,PHC_001,nurse,7,5,2
2025-08-07,PHC_001,pharmacist,1,1,0
2025-08-07,PHC_002,doctor,2,2,0
2025-08-07,PHC_002,nurse,6,6,0
2025-08-07,PHC_002,pharmacist,3,2,1
2025-08-07,PHC_003,doctor,3,2,1
2025-08-07,PHC_003,nurse,9,6,3
2025-08-07,PHC_003,pharmacist,1,1,0
2025-08-07,PHC_004,doctor,2,2,0
2025-08-07,PHC_004,nurse,6,3,3
2025-08-07,PHC_004,pharmacist,1,1,0
2025-08-07,PHC_005,doctor,1,1,0
2025-08-07,PHC_005,nurse,4,3,1
2025-08-07,PHC_005,pharmacist,1,1,0
2025-08-07,PHC_006,doctor,3,2,1
2025-08-07,PHC_006,nurse,9,8,1
2025-08-07,PHC_006,pharmacist,2,0,2
2025-08-07,PHC_007,doctor,2,1,1
2025-08-07,PHC_007,nurse,4,1,3
2025-08-07,PHC_007,pharmacist,1,1,0
2025-08-07,PHC_008,doctor,2,2,0
2025-08-07,PHC_008,nurse,5,4,1
2025-08-07,PHC_008,pharmacist,1,1,0
2025-08-07,PHC_009,doctor,1,1,0
2025-08-07,PHC_009,nurse,7,7,0
2025-08-07,PHC_009,pharmacist,2,2,0
2025-08-07,PHC_010,doctor,3,3,0
2025-08-07,PHC_010,nurse,4,3,1
2025-08-07,PHC_010,pharmacist,1,0,1
2025-08-07,PHC_011,doctor,1,1,0
2025-08-07,PHC_011,nurse,6,5,1
2025-08-07,PHC_011,pharmacist,1,0,1
2025-08-07,PHC_012,doctor,2,2,0
2025-08-07,PHC_012,nurse,4,4,0
2025-08-07,PHC_012,pharmacist,2,2,0
2025-08-07,PHC_013,doctor,3,2,1
2025-08-07,PHC_013,nurse,5,4,1
2025-08-07,PHC_014,doctor,3,2,1
2025-08-07,PHC_014,nurse,5,4,1
2025-08-07,PHC_014,pharmacist,2,1,1
2025-08-07,PHC_015,doctor,2,1,1
2025-08-07,PHC_015,nurse,9,8,1
2025-08-07,PHC_015,pharmacist,3,2,1
2025-08-08,PHC_001,doctor,3,2,1
2025-08-08,PHC_001,nurse,5,4,1
2025-08-08,PHC_001,pharmacist,1,1,0
2025-08-08,PHC_002,doctor,1,1,0
2025-08-08,PHC_002,nurse,7,6,1
2025-08-08,PHC_002,pharmacist,3,2,1
2025-08-08,PHC_003,doctor,3,3,0
2025-08-08,PHC_003,nurse,6,6,0
2025-08-08,PHC_003,pharmacist,1,1,0
2025-08-08,PHC_004,doctor,2,1,1
2025-08-08,PHC_004,nurse,5,4,1
2025-08-08,PHC_004,pharmacist,1,1,0
2025-08-08,PHC_005,doctor,2,2,0
2025-08-08,PHC_005,nurse,4,3,1
2025-08-08,PHC_006,doctor,3,3,0
2025-08-08,PHC_006,nurse,10,9,1
2025-08-08,PHC_006,pharmacist,1,0,1
2025-08-08,PHC_007,doctor,2,2,0
2025-08-08,PHC_007,nurse,5,4,1
2025-08-08,PHC_007,pharmacist,1,1,0
2025-08-08,PHC_008,doctor,2,2,0
2025-08-08,PHC_008,nurse,5,5,0
2025-08-08,PHC_008,pharmacist,1,1,0
2025-08-08,PHC_009,doctor,1,1,0
2025-08-08,PHC_009,nurse,7,7,0
2025-08-08,PHC_009,pharmacist,3,3,0
2025-08-08,PHC_010,doctor,3,2,1
2025-08-08,PHC_010,nurse,5,5,0
2025-08-08,PHC_010,pharmacist,1,0,1
2025-08-08,PHC_011,doctor,2,2,0
2025-08-08,PHC_011,nurse,4,4,0
2025-08-08,PHC_011,pharmacist,2,2,0
2025-08-08,PHC_012,doctor,2,2,0
2025-08-08,PHC_012,nurse,3,2,1
2025-08-08,PHC_012,pharmacist,2,2,0
2025-08-08,PHC_013,doctor,2,1,1
2025-08-08,PHC_013,nurse,4,3,1
2025-08-08,PHC_014,doctor,3,1,2
2025-08-08,PHC_014,nurse,4,3,1
2025-08-08,PHC_014,pharmacist,1,1,0
2025-08-08,PHC_015,doctor,1,1,0
2025-08-08,PHC_015,nurse,8,6,2
2025-08-08,PHC_015,pharmacist,3,3,0
2025-08-09,PHC_001,doctor,2,2,0
2025-08-09,PHC_001,nurse,7,5,2
2025-08-09,PHC_002,doctor,2,1,1
2025-08-09,PHC_002,nurse,7,6,1
2025-08-09,PHC_002,pharmacist,3,2,1
2025-08-09,PHC_003,doctor,3,3,0
2025-08-09,PHC_003,nurse,6,6,0
2025-08-09,PHC_003,pharmacist,2,2,0
2025-08-09,PHC_004,doctor,2,1,1
2025-08-09,PHC_004,nurse,5,4,1
2025-08-09,PHC_004,pharmacist,1,0,1
2025-08-09,PHC_005,doctor,2,2,0
2025-08-09,PHC_005,nurse,6,3,3
2025-08-09,PHC_006,doctor,2,1,1
2025-08-09,PHC_006,nurse,9,7,2
2025-08-09,PHC_006,pharmacist,1,1,0
2025-08-09,PHC_007,doctor,2,2,0
2025-08-09,PHC_007,nurse,5,2,3
2025-08-09,PHC_007,pharmacist,1,1,0
2025-08-09,PHC_008,doctor,1,0,1
2025-08-09,PHC_008,nurse,4,4,0
2025-08-09,PHC_008,pharmacist,1,1,0
2025-08-09,PHC_009,doctor,2,2,0
2025-08-09,PHC_009,nurse,7,5,2
2025-08-09,PHC_009,pharmacist,3,3,0
2025-08-09,PHC_010,doctor,3,2,1
2025-08-09,PHC_010,nurse,3,3,0
2025-08-09,PHC_010,pharmacist,1,1,0
2025-08-09,PHC_011,doctor,3,3,0
2025-08-09,PHC_011,nurse,7,5,2
2025-08-09,PHC_011,pharmacist,2,2,0
2025-08-09,PHC_012,doctor,2,2,0
2025-08-09,PHC_012,nurse,3,2,1
2025-08-09,PHC_012,pharmacist,2,1,1
2025-08-09,PHC_013,doctor,3,2,1
2025-08-09,PHC_013,nurse,4,2,2
2025-08-09,PHC_013,pharmacist,1,1,0
2025-08-09,PHC_014,doctor,2,2,0
2025-08-09,PHC_014,nurse,4,4,0
2025-08-09,PHC_014,pharmacist,1,1,0
2025-08-09,PHC_015,doctor,1,1,0
2025-08-09,PHC_015,nurse,8,7,1
2025-08-09,PHC_015,pharmacist,2,1,1
2025-08-10,PHC_001,doctor,3,1,2
2025-08-10,PHC_001,nurse,5,3,2
2025-08-10,PHC_001,pharmacist,1,1,0
2025-08-10,PHC_002,doctor,1,1,0
2025-08-10,PHC_002,nurse,7,5,2
2025-08-10,PHC_002,pharmacist,3,0,3
2025-08-10,PHC_003,doctor,2,1,1
2025-08-10,PHC_003,nurse,8,7,1
2025-08-10,PHC_003,pharmacist,2,2,0
2025-08-10,PHC_004,doctor,2,2,0
2025-08-10,PHC_004,nurse,5,4,1
2025-08-10,PHC_004,pharmacist,1,1,0
2025-08-10,PHC_005,doctor,2,1,1
2025-08-10,PHC_005,nurse,4,4,0
2025-08-10,PHC_005,pharmacist,1,1,0
2025-08-10,PHC_006,doctor,3,3,0
2025-08-10,PHC_006,nurse,8,4,4
2025-08-10,PHC_006,pharmacist,1,0,1
2025-08-10,PHC_007,doctor,2,2,0
2025-08-10,PHC_007,nurse,5,3,2
2025-08-10,PHC_007,pharmacist,1,1,0
2025-08-10,PHC_008,doctor,2,2,0
2025-08-10,PHC_008,nurse,4,3,1
2025-08-10,PHC_008,pharmacist,1,1,0
2025-08-10,PHC_009,doctor,2,2,0
2025-08-10,PHC_009,nurse,5,5,0
2025-08-10,PHC_009,pharmacist,2,2,0
2025-08-10,PHC_010,doctor,2,1,1
2025-08-10,PHC_010,nurse,5,3,2
2025-08-10,PHC_010,pharmacist,1,1,0
2025-08-10,PHC_011,doctor,2,1,1
2025-08-10,PHC_011,nurse,5,5,0
2025-08-10,PHC_011,pharmacist,2,2,0
2025-08-10,PHC_012,doctor,1,1,0
2025-08-10,PHC_012,nurse,3,3,0
2025-08-10,PHC_012,pharmacist,2,2,0
2025-08-10,PHC_013,doctor,3,3,0
2025-08-10,PHC_013,nurse,5,5,0
2025-08-10,PHC_013,pharmacist,1,1,0
2025-08-10,PHC_014,doctor,3,2,1
2025-08-10,PHC_014,nurse,4,3,1
2025-08-10,PHC_014,pharmacist,1,1,0
2025-08-10,PHC_015,doctor,2,2,0
2025-08-10,PHC_015,nurse,8,6,2
2025-08-10,PHC_015,pharmacist,2,2,0
2025-08-11,PHC_001,doctor,3,3,0
2025-08-11,PHC_001,nurse,4,3,1
2025-08-11,PHC_001,pharmacist,1,0,1
2025-08-11,PHC_002,doctor,2,2,0
2025-08-11,PHC_002,nurse,7,5,2
2025-08-11,PHC_002,pharmacist,2,2,0
2025-08-11,PHC_003,doctor,3,2,1
2025-08-11,PHC_003,nurse,5,5,0
2025-08-11,PHC_003,pharmacist,2,2,0
2025-08-11,PHC_004,doctor,1,1,0
2025-08-11,PHC_004,nurse,6,3,3
2025-08-11,PHC_004,pharmacist,1,0,1
2025-08-11,PHC_005,doctor,2,2,0
2025-08-11,PHC_005,nurse,5,4,1
2025-08-11,PHC_005,pharmacist,1,1,0
2025-08-11,PHC_006,doctor,3,3,0
2025-08-11,PHC_006,nurse,10,9,1
2025-08-11,PHC_006,pharmacist,2,1,1
2025-08-11,PHC_007,doctor,1,1,0
2025-08-11,PHC_007,nurse,5,2,3
2025-08-11,PHC_007,pharmacist,1,1,0
2025-08-11,PHC_008,doctor,2,2,0
2025-08-11,PHC_008,nurse,4,4,0
2025-08-11,PHC_009,doctor,1,1,0
2025-08-11,PHC_009,nurse,6,6,0
2025-08-11,PHC_009,pharmacist,3,2,1
2025-08-11,PHC_010,doctor,2,2,0
2025-08-11,PHC_010,nurse,5,5,0
2025-08-11,PHC_010,pharmacist,1,0,1
2025-08-11,PHC_011,doctor,3,3,0
2025-08-11,PHC_011,nurse,6,4,2
2025-08-11,PHC_011,pharmacist,1,1,0
2025-08-11,PHC_012,doctor,2,2,0
2025-08-11,PHC_012,nurse,4,3,1
2025-08-11,PHC_012,pharmacist,1,0,1
2025-08-11,PHC_013,doctor,2,2,0
2025-08-11,PHC_013,nurse,6,6,0
2025-08-11,PHC_013,pharmacist,1,0,1
2025-08-11,PHC_014,doctor,2,2,0
2025-08-11,PHC_014,nurse,4,3,1
2025-08-11,PHC_014,pharmacist,2,1,1
2025-08-11,PHC_015,doctor,1,1,0
2025-08-11,PHC_015,nurse,7,5,2
2025-08-11,PHC_015,pharmacist,3,2,1
2025-08-12,PHC_001,doctor,3,3,0
2025-08-12,PHC_001,nurse,7,4,3
2025-08-12,PHC_001,pharmacist,1,1,0
2025-08-12,PHC_002,doctor,1,0,1
2025-08-12,PHC_002,nurse,8,6,2
2025-08-12,PHC_002,pharmacist,3,1,2
2025-08-12,PHC_003,doctor,2,2,0
2025-08-12,PHC_003,nurse,6,6,0
2025-08-12,PHC_003,pharmacist,2,2,0
2025-08-12,PHC_004,doctor,2,2,0
2025-08-12,PHC_004,nurse,6,4,2
2025-08-12,PHC_004,pharmacist,1,1,0
2025-08-12,PHC_005,doctor,2,2,0
2025-08-12,PHC_005,nurse,6,5,1
2025-08-12,PHC_005,pharmacist,1,1,0
2025-08-12,PHC_006,doctor,2,2,0
2025-08-12,PHC_006,nurse,9,9,0
2025-08-12,PHC_006,pharmacist,1,1,0
2025-08-12,PHC_007,doctor,1,1,0
2025-08-12,PHC_007,nurse,4,3,1
2025-08-12,PHC_007,pharmacist,1,1,0
2025-08-12,PHC_008,doctor,1,1,0
2025-08-12,PHC_008,nurse,5,3,2
2025-08-12,PHC_008,pharmacist,1,1,0
2025-08-12,PHC_009,doctor,1,1,0
2025-08-12,PHC_009,nurse,8,7,1
2025-08-12,PHC_009,pharmacist,2,1,1
2025-08-12,PHC_010,doctor,3,3,0
2025-08-12,PHC_010,nurse,4,2,2
2025-08-12,PHC_010,pharmacist,1,0,1
2025-08-12,PHC_011,doctor,2,2,0
2025-08-12,PHC_011,nurse,8,5,3
2025-08-12,PHC_011,pharmacist,2,2,0
2025-08-12,PHC_012,doctor,2,1,1
2025-08-12,PHC_012,nurse,3,3,0
2025-08-12,PHC_012,pharmacist,2,2,0
2025-08-12,PHC_013,doctor,3,3,0
2025-08-12,PHC_013,nurse,5,3,2
2025-08-12,PHC_013,pharmacist,1,1,0
2025-08-12,PHC_014,doctor,3,1,2
2025-08-12,PHC_014,nurse,5,5,0
2025-08-12,PHC_014,pharmacist,2,2,0
2025-08-12,PHC_015,doctor,2,1,1
2025-08-12,PHC_015,nurse,6,5,1
2025-08-12,PHC_015,pharmacist,2,2,0
2025-08-13,PHC_001,doctor,2,1,1
2025-08-13,PHC_001,nurse,6,4,2
2025-08-13,PHC_001,pharmacist,1,1,0
2025-08-13,PHC_002,doctor,2,2,0
2025-08-13,PHC_002,nurse,7,7,0
2025-08-13,PHC_002,pharmacist,3,1,2
2025-08-13,PHC_003,doctor,2,2,0
2025-08-13,PHC_003,nurse,8,8,0
2025-08-13,PHC_003,pharmacist,2,2,0
2025-08-13,PHC_004,nurse,6,4,2
2025-08-13,PHC_004,pharmacist,1,1,0
2025-08-13,PHC_005,doctor,1,1,0
2025-08-13,PHC_005,nurse,4,4,0
2025-08-13,PHC_005,pharmacist,1,1,0
2025-08-13,PHC_006,doctor,2,2,0
2025-08-13,PHC_006,nurse,8,6,2
2025-08-13,PHC_006,pharmacist,2,2,0
2025-08-13,PHC_007,doctor,2,1,1
2025-08-13,PHC_007,nurse,4,4,0
2025-08-13,PHC_007,pharmacist,1,1,0
2025-08-13,PHC_008,doctor,2,2,0
2025-08-13,PHC_008,nurse,5,3,2
2025-08-13,PHC_008,pharmacist,1,1,0
2025-08-13,PHC_009,doctor,2,2,0
2025-08-13,PHC_009,nurse,7,7,0
2025-08-13,PHC_009,pharmacist,3,2,1
2025-08-13,PHC_010,doctor,3,2,1
2025-08-13,PHC_010,nurse,5,5,0
2025-08-13,PHC_010,pharmacist,1,0,1
2025-08-13,PHC_011,doctor,3,3,0
2025-08-13,PHC_011,nurse,8,7,1
2025-08-13,PHC_011,pharmacist,2,2,0
2025-08-13,PHC_012,doctor,1,1,0
2025-08-13,PHC_012,nurse,4,3,1
2025-08-13,PHC_012,pharmacist,2,2,0
2025-08-13,PHC_013,doctor,3,3,0
2025-08-13,PHC_013,nurse,3,2,1
2025-08-13,PHC_013,pharmacist,1,1,0
2025-08-13,PHC_014,doctor,2,2,0
2025-08-13,PHC_014,nurse,5,5,0
2025-08-13,PHC_014,pharmacist,1,1,0
2025-08-13,PHC_015,doctor,2,2,0
2025-08-13,PHC_015,nurse,8,7,1
2025-08-13,PHC_015,pharmacist,2,1,1
2025-08-14,PHC_001,doctor,2,1,1
2025-08-14,PHC_001,nurse,7,5,2
2025-08-14,PHC_001,pharmacist,1,1,0
2025-08-14,PHC_002,doctor,1,1,0
2025-08-14,PHC_002,nurse,9,7,2
2025-08-14,PHC_002,pharmacist,3,3,0
2025-08-14,PHC_003,doctor,3,2,1
2025-08-14,PHC_003,nurse,8,8,0
2025-08-14,PHC_003,pharmacist,2,1,1
2025-08-14,PHC_004,doctor,1,1,0
2025-08-14,PHC_004,nurse,5,3,2
2025-08-14,PHC_004,pharmacist,1,1,0
2025-08-14,PHC_005,doctor,1,1,0
2025-08-14,PHC_005,nurse,6,3,3
2025-08-14,PHC_005,pharmacist,1,1,0
2025-08-14,PHC_006,doctor,3,2,1
2025-08-14,PHC_006,nurse,9,9,0
2025-08-14,PHC_006,pharmacist,2,1,1
2025-08-14,PHC_007,doctor,2,1,1
2025-08-14,PHC_007,nurse,5,4,1
2025-08-14,PHC_007,pharmacist,1,1,0
2025-08-14,PHC_008,doctor,2,1,1
2025-08-14,PHC_008,nurse,5,3,2
2025-08-14,PHC_008,pharmacist,1,1,0
2025-08-14,PHC_009,doctor,2,2,0
2025-08-14,PHC_009,nurse,6,6,0
2025-08-14,PHC_009,pharmacist,3,3,0
2025-08-14,PHC_010,doctor,3,3,0
2025-08-14,PHC_010,nurse,4,3,1
2025-08-14,PHC_010,pharmacist,1,1,0
2025-08-14,PHC_011,doctor,3,1,2
2025-08-14,PHC_011,nurse,7,6,1
2025-08-14,PHC_011,pharmacist,2,2,0
2025-08-14,PHC_012,doctor,2,1,1
2025-08-14,PHC_012,nurse,3,2,1
2025-08-14,PHC_012,pharmacist,2,2,0
2025-08-14,PHC_013,doctor,3,1,2
2025-08-14,PHC_013,nurse,6,6,0
2025-08-14,PHC_013,pharmacist,1,0,1
2025-08-14,PHC_014,doctor,2,2,0
2025-08-14,PHC_014,nurse,4,3,1
2025-08-14,PHC_014,pharmacist,1,1,0
2025-08-14,PHC_015,doctor,2,1,1
2025-08-14,PHC_015,nurse,8,6,2
2025-08-14,PHC_015,pharmacist,2,1,1
2025-08-15,PHC_001,doctor,2,1,1
2025-08-15,PHC_001,nurse,7,5,2
2025-08-15,PHC_001,pharmacist,1,0,1
2025-08-15,PHC_002,nurse,7,5,2
2025-08-15,PHC_002,pharmacist,2,2,0
2025-08-15,PHC_003,doctor,2,2,0
2025-08-15,PHC_003,nurse,7,7,0
2025-08-15,PHC_003,pharmacist,1,1,0
2025-08-15,PHC_004,doctor,1,1,0
2025-08-15,PHC_004,nurse,5,5,0
2025-08-15,PHC_004,pharmacist,1,1,0
2025-08-15,PHC_005,doctor,1,0,1
2025-08-15,PHC_005,nurse,6,4,2
2025-08-15,PHC_005,pharmacist,1,1,0
2025-08-15,PHC_006,doctor,2,2,0
2025-08-15,PHC_006,nurse,7,5,2
2025-08-15,PHC_006,pharmacist,1,1,0
2025-08-15,PHC_007,doctor,2,1,1
2025-08-15,PHC_007,nurse,4,4,0
2025-08-15,PHC_007,pharmacist,1,0,1
2025-08-15,PHC_008,doctor,1,1,0
2025-08-15,PHC_008,nurse,3,2,1
2025-08-15,PHC_008,pharmacist,1,1,0
2025-08-15,PHC_009,doctor,1,1,0
2025-08-15,PHC_009,nurse,6,6,0
2025-08-15,PHC_010,doctor,3,3,0
2025-08-15,PHC_010,nurse,5,5,0
2025-08-15,PHC_010,pharmacist,1,1,0
2025-08-15,PHC_011,doctor,3,2,1
2025-08-15,PHC_011,nurse,7,6,1
2025-08-15,PHC_011,pharmacist,2,2,0
2025-08-15,PHC_012,nurse,3,3,0
2025-08-15,PHC_013,doctor,3,2,1
2025-08-15,PHC_013,nurse,6,4,2
2025-08-15,PHC_013,pharmacist,1,1,0
2025-08-15,PHC_014,doctor,2,2,0
2025-08-15,PHC_014,nurse,5,4,1
2025-08-15,PHC_014,pharmacist,1,1,0
2025-08-15,PHC_015,doctor,2,2,0
2025-08-15,PHC_015,nurse,9,8,1
2025-08-15,PHC_015,pharmacist,2,2,0
2025-08-16,PHC_001,doctor,3,3,0
2025-08-16,PHC_001,nurse,5,4,1
2025-08-16,PHC_001,pharmacist,1,1,0
2025-08-16,PHC_002,doctor,2,1,1
2025-08-16,PHC_002,nurse,9,6,3
2025-08-16,PHC_002,pharmacist,3,3,0
2025-08-16,PHC_003,doctor,3,2,1
2025-08-16,PHC_003,nurse,9,8,1
2025-08-16,PHC_003,pharmacist,2,2,0
2025-08-16,PHC_004,doctor,2,2,0
2025-08-16,PHC_004,nurse,6,3,3
2025-08-16,PHC_004,pharmacist,1,1,0
2025-08-16,PHC_005,doctor,2,2,0
2025-08-16,PHC_005,nurse,6,4,2
2025-08-16,PHC_005,pharmacist,1,1,0
2025-08-16,PHC_006,doctor,3,3,0
2025-08-16,PHC_006,nurse,7,5,2
2025-08-16,PHC_006,pharmacist,2,1,1
2025-08-16,PHC_007,doctor,1,1,0
2025-08-16,PHC_007,nurse,4,2,2
2025-08-16,PHC_007,pharmacist,1,0,1
2025-08-16,PHC_008,doctor,2,2,0
2025-08-16,PHC_008,nurse,4,3,1
2025-08-16,PHC_008,pharmacist,1,1,0
2025-08-16,PHC_009,doctor,2,1,1
2025-08-16,PHC_009,nurse,7,6,1
2025-08-16,PHC_009,pharmacist,2,1,1
2025-08-16,PHC_010,doctor,2,2,0
2025-08-16,PHC_010,nurse,4,4,0
2025-08-16,PHC_010,pharmacist,1,1,0
2025-08-16,PHC_011,doctor,3,2,1
2025-08-16,PHC_011,nurse,8,7,1
2025-08-16,PHC_011,pharmacist,2,2,0
2025-08-16,PHC_012,doctor,2,2,0
2025-08-16,PHC_012,nurse,4,3,1
2025-08-16,PHC_012,pharmacist,1,1,0
2025-08-16,PHC_013,doctor,3,2,1
2025-08-16,PHC_013,nurse,4,2,2
2025-08-16,PHC_013,pharmacist,1,1,0
2025-08-16,PHC_014,doctor,2,1,1
2025-08-16,PHC_014,nurse,4,4,0
2025-08-16,PHC_014,pharmacist,2,1,1
2025-08-16,PHC_015,doctor,2,1,1
2025-08-16,PHC_015,nurse,8,7,1
2025-08-16,PHC_015,pharmacist,3,3,0
2025-08-17,PHC_001,doctor,3,2,1
2025-08-17,PHC_001,nurse,7,6,1
2025-08-17,PHC_001,pharmacist,1,0,1
2025-08-17,PHC_002,doctor,2,2,0
2025-08-17,PHC_002,nurse,7,4,3
2025-08-17,PHC_002,pharmacist,3,1,2
2025-08-17,PHC_003,doctor,3,3,0
2025-08-17,PHC_003,nurse,7,6,1
2025-08-17,PHC_003,pharmacist,1,1,0
2025-08-17,PHC_004,doctor,2,2,0
2025-08-17,PHC_004,nurse,6,6,0
2025-08-17,PHC_004,pharmacist,1,0,1
2025-08-17,PHC_005,doctor,2,2,0
2025-08-17,PHC_005,nurse,4,2,2
2025-08-17,PHC_005,pharmacist,1,1,0
2025-08-17,PHC_006,doctor,2,1,1
2025-08-17,PHC_006,nurse,10,9,1
2025-08-17,PHC_006,pharmacist,2,1,1
2025-08-17,PHC_007,doctor,2,2,0
2025-08-17,PHC_007,nurse,5,4,1
2025-08-17,PHC_007,pharmacist,1,1,0
2025-08-17,PHC_008,doctor,2,2,0
2025-08-17,PHC_008,nurse,3,3,0
2025-08-17,PHC_008,pharmacist,1,1,0
2025-08-17,PHC_009,doctor,2,2,0
2025-08-17,PHC_009,nurse,6,6,0
2025-08-17,PHC_009,pharmacist,2,2,0
2025-08-17,PHC_010,doctor,2,2,0
2025-08-17,PHC_010,nurse,5,2,3
2025-08-17,PHC_011,doctor,3,2,1
2025-08-17,PHC_011,nurse,6,2,4
2025-08-17,PHC_011,pharmacist,2,1,1
2025-08-17,PHC_012,doctor,1,1,0
2025-08-17,PHC_012,nurse,4,3,1
2025-08-17,PHC_012,pharmacist,2,2,0
2025-08-17,PHC_013,doctor,2,2,0
2025-08-17,PHC_013,nurse,6,5,1
2025-08-17,PHC_013,pharmacist,1,0,1
2025-08-17,PHC_014,doctor,3,2,1
2025-08-17,PHC_014,nurse,3,2,1
2025-08-17,PHC_014,pharmacist,1,1,0
2025-08-17,PHC_015,doctor,2,2,0
2025-08-17,PHC_015,nurse,7,5,2
2025-08-17,PHC_015,pharmacist,2,1,1
2025-08-18,PHC_001,doctor,3,3,0
2025-08-18,PHC_001,nurse,7,7,0
2025-08-18,PHC_001,pharmacist,1,1,0
2025-08-18,PHC_002,doctor,2,0,2
2025-08-18,PHC_002,nurse,9,6,3
2025-08-18,PHC_002,pharmacist,3,3,0
2025-08-18,PHC_003,doctor,3,3,0
2025-08-18,PHC_003,nurse,6,4,2
2025-08-18,PHC_003,pharmacist,2,1,1
2025-08-18,PHC_004,doctor,1,1,0
2025-08-18,PHC_004,nurse,5,4,1
2025-08-18,PHC_004,pharmacist,1,0,1
2025-08-18,PHC_005,nurse,5,3,2
2025-08-18,PHC_005,pharmacist,1,1,0
2025-08-18,PHC_006,doctor,2,2,0
2025-08-18,PHC_006,nurse,9,7,2
2025-08-18,PHC_006,pharmacist,2,1,1
2025-08-18,PHC_007,doctor,2,2,0
2025-08-18,PHC_007,nurse,3,2,1
2025-08-18,PHC_007,pharmacist,1,1,0
2025-08-18,PHC_008,doctor,2,2,0
2025-08-18,PHC_008,nurse,4,3,1
2025-08-18,PHC_008,pharmacist,1,1,0
2025-08-18,PHC_009,doctor,1,1,0
2025-08-18,PHC_009,nurse,7,6,1
2025-08-18,PHC_009,pharmacist,2,1,1
2025-08-18,PHC_010,doctor,3,2,1
2025-08-18,PHC_010,nurse,5,5,0
2025-08-18,PHC_011,doctor,2,1,1
2025-08-18,PHC_011,nurse,6,6,0
2025-08-18,PHC_011,pharmacist,1,1,0
2025-08-18,PHC_012,doctor,2,1,1
2025-08-18,PHC_012,nurse,3,2,1
2025-08-18,PHC_012,pharmacist,1,1,0
2025-08-18,PHC_013,doctor,3,3,0
2025-08-18,PHC_013,nurse,6,5,1
2025-08-18,PHC_013,pharmacist,1,1,0
2025-08-18,PHC_014,doctor,3,3,0
2025-08-18,PHC_014,nurse,5,5,0
2025-08-18,PHC_014,pharmacist,2,2,0
2025-08-18,PHC_015,doctor,2,2,0
2025-08-18,PHC_015,nurse,7,5,2
2025-08-18,PHC_015,pharmacist,3,2,1
2025-08-19,PHC_001,doctor,3,3,0
2025-08-19,PHC_001,nurse,7,5,2
2025-08-19,PHC_002,doctor,2,2,0
2025-08-19,PHC_002,nurse,5,4,1
2025-08-19,PHC_002,pharmacist,1,1,0
2025-08-19,PHC_003,doctor,3,2,1
2025-08-19,PHC_003,nurse,8,4,4
2025-08-19,PHC_003,pharmacist,2,2,0
2025-08-19,PHC_004,doctor,2,2,0
2025-08-19,PHC_004,nurse,6,5,1
2025-08-19,PHC_004,pharmacist,1,1,0
2025-08-19,PHC_005,doctor,2,2,0
2025-08-19,PHC_005,nurse,4,3,1
2025-08-19,PHC_005,pharmacist,1,1,0
2025-08-19,PHC_006,doctor,3,3,0
2025-08-19,PHC_006,nurse,10,9,1
2025-08-19,PHC_006,pharmacist,1,1,0
2025-08-19,PHC_007,doctor,2,2,0
2025-08-19,PHC_007,nurse,4,3,1
2025-08-19,PHC_007,pharmacist,1,1,0
2025-08-19,PHC_008,doctor,2,2,0
2025-08-19,PHC_008,nurse,4,3,1
2025-08-19,PHC_008,pharmacist,1,1,0
2025-08-19,PHC_009,doctor,2,2,0
2025-08-19,PHC_009,nurse,8,7,1
2025-08-19,PHC_009,pharmacist,2,2,0
2025-08-19,PHC_010,doctor,3,2,1
2025-08-19,PHC_010,nurse,4,2,2
2025-08-19,PHC_010,pharmacist,1,0,1
2025-08-19,PHC_011,doctor,3,2,1
2025-08-19,PHC_011,nurse,8,8,0
2025-08-19,PHC_011,pharmacist,2,2,0
2025-08-19,PHC_012,doctor,2,2,0
2025-08-19,PHC_012,nurse,4,4,0
2025-08-19,PHC_012,pharmacist,2,2,0
2025-08-19,PHC_013,doctor,2,2,0
2025-08-19,PHC_013,nurse,6,4,2
2025-08-19,PHC_013,pharmacist,1,1,0
2025-08-19,PHC_014,doctor,3,1,2
2025-08-19,PHC_014,nurse,5,4,1
2025-08-19,PHC_014,pharmacist,2,2,0
2025-08-19,PHC_015,doctor,2,1,1
2025-08-19,PHC_015,nurse,4,2,2
2025-08-19,PHC_015,pharmacist,2,1,1
2025-08-20,PHC_001,doctor,3,1,2
2025-08-20,PHC_001,nurse,6,5,1
2025-08-20,PHC_001,pharmacist,1,1,0
2025-08-20,PHC_002,doctor,2,2,0
2025-08-20,PHC_002,nurse,8,7,1
2025-08-20,PHC_002,pharmacist,2,1,1
2025-08-20,PHC_003,doctor,2,1,1
2025-08-20,PHC_003,nurse,7,6,1
2025-08-20,PHC_003,pharmacist,2,2,0
2025-08-20,PHC_004,doctor,1,1,0
2025-08-20,PHC_004,nurse,6,4,2
2025-08-20,PHC_005,doctor,2,2,0
2025-08-20,PHC_005,nurse,5,3,2
2025-08-20,PHC_005,pharmacist,1,1,0
2025-08-20,PHC_006,doctor,3,2,1
2025-08-20,PHC_006,nurse,8,6,2
2025-08-20,PHC_006,pharmacist,2,1,1
2025-08-20,PHC_007,doctor,2,2,0
2025-08-20,PHC_007,nurse,4,3,1
2025-08-20,PHC_007,pharmacist,1,1,0
2025-08-20,PHC_008,doctor,2,1,1
2025-08-20,PHC_008,nurse,4,3,1
2025-08-20,PHC_008,pharmacist,1,1,0
2025-08-20,PHC_009,doctor,2,2,0
2025-08-20,PHC_009,nurse,7,6,1
2025-08-20,PHC_009,pharmacist,2,2,0
2025-08-20,PHC_010,doctor,2,2,0
2025-08-20,PHC_010,nurse,4,3,1
2025-08-20,PHC_010,pharmacist,1,1,0
2025-08-20,PHC_011,doctor,3,3,0
2025-08-20,PHC_011,nurse,8,8,0
2025-08-20,PHC_011,pharmacist,2,2,0
2025-08-20,PHC_012,doctor,2,1,1
2025-08-20,PHC_012,nurse,3,1,2
2025-08-20,PHC_012,pharmacist,2,1,1
2025-08-20,PHC_013,doctor,3,3,0
2025-08-20,PHC_013,nurse,5,3,2
2025-08-20,PHC_013,pharmacist,1,1,0
2025-08-20,PHC_014,doctor,3,2,1
2025-08-20,PHC_014,nurse,5,5,0
2025-08-20,PHC_014,pharmacist,1,1,0
2025-08-20,PHC_015,doctor,2,0,2
2025-08-20,PHC_015,nurse,8,6,2
2025-08-20,PHC_015,pharmacist,3,3,0
2025-08-21,PHC_001,doctor,2,1,1
2025-08-21,PHC_001,nurse,6,4,2
2025-08-21,PHC_001,pharmacist,1,0,1
2025-08-21,PHC_002,doctor,2,1,1
2025-08-21,PHC_002,nurse,7,7,0
2025-08-21,PHC_002,pharmacist,3,3,0
2025-08-21,PHC_003,doctor,3,3,0
2025-08-21,PHC_003,nurse,8,4,4
2025-08-21,PHC_003,pharmacist,2,2,0
2025-08-21,PHC_004,doctor,2,1,1
2025-08-21,PHC_004,nurse,4,4,0
2025-08-21,PHC_004,pharmacist,1,0,1
2025-08-21,PHC_005,doctor,2,1,1
2025-08-21,PHC_005,nurse,5,4,1
2025-08-21,PHC_005,pharmacist,1,1,0
2025-08-21,PHC_006,doctor,3,3,0
2025-08-21,PHC_006,nurse,7,7,0
2025-08-21,PHC_006,pharmacist,2,2,0
2025-08-21,PHC_007,doctor,2,1,1
2025-08-21,PHC_007,nurse,3,2,1
2025-08-21,PHC_007,pharmacist,1,1,0
2025-08-21,PHC_008,doctor,2,2,0
2025-08-21,PHC_008,nurse,5,1,4
2025-08-21,PHC_008,pharmacist,1,1,0
2025-08-21,PHC_009,doctor,2,2,0
2025-08-21,PHC_009,nurse,8,8,0
2025-08-21,PHC_009,pharmacist,3,3,0
2025-08-21,PHC_010,doctor,1,1,0
2025-08-21,PHC_010,nurse,3,3,0
2025-08-21,PHC_010,pharmacist,1,1,0
2025-08-21,PHC_011,doctor,3,1,2
2025-08-21,PHC_011,nurse,7,7,0
2025-08-21,PHC_011,pharmacist,2,1,1
2025-08-21,PHC_012,doctor,2,2,0
2025-08-21,PHC_012,nurse,4,4,0
2025-08-21,PHC_012,pharmacist,2,1,1
2025-08-21,PHC_013,doctor,3,3,0
2025-08-21,PHC_013,nurse,4,4,0
2025-08-21,PHC_013,pharmacist,1,1,0
2025-08-21,PHC_014,doctor,3,1,2
2025-08-21,PHC_014,nurse,4,4,0
2025-08-21,PHC_014,pharmacist,2,2,0
2025-08-21,PHC_015,doctor,2,2,0
2025-08-21,PHC_015,nurse,8,7,1
2025-08-21,PHC_015,pharmacist,3,2,1
2025-08-22,PHC_001,doctor,2,2,0
2025-08-22,PHC_001,nurse,6,5,1
2025-08-22,PHC_001,pharmacist,1,1,0
2025-08-22,PHC_002,doctor,2,2,0
2025-08-22,PHC_002,nurse,8,8,0
2025-08-22,PHC_002,pharmacist,1,1,0
2025-08-22,PHC_003,doctor,3,3,0
2025-08-22,PHC_003,nurse,8,6,2
2025-08-22,PHC_003,pharmacist,2,2,0
2025-08-22,PHC_004,doctor,2,2,0
2025-08-22,PHC_004,nurse,4,1,3
2025-08-22,PHC_004,pharmacist,1,1,0
2025-08-22,PHC_005,doctor,2,2,0
2025-08-22,PHC_005,nurse,5,4,1
2025-08-22,PHC_006,doctor,3,2,1
2025-08-22,PHC_006,nurse,10,9,1
2025-08-22,PHC_006,pharmacist,1,0,1
2025-08-22,PHC_007,doctor,2,2,0
2025-08-22,PHC_007,nurse,5,3,2
2025-08-22,PHC_007,pharmacist,1,1,0
2025-08-22,PHC_008,doctor,2,2,0
2025-08-22,PHC_008,nurse,4,3,1
2025-08-22,PHC_008,pharmacist,1,1,0
2025-08-22,PHC_009,doctor,2,1,1
2025-08-22,PHC_009,nurse,5,4,1
2025-08-22,PHC_009,pharmacist,3,3,0
2025-08-22,PHC_010,doctor,3,2,1
2025-08-22,PHC_010,nurse,5,5,0
2025-08-22,PHC_011,doctor,3,1,2
2025-08-22,PHC_011,nurse,7,4,3
2025-08-22,PHC_011,pharmacist,2,2,0
2025-08-22,PHC_012,doctor,1,1,0
2025-08-22,PHC_012,nurse,3,2,1
2025-08-22,PHC_012,pharmacist,1,1,0
2025-08-22,PHC_013,doctor,3,3,0
2025-08-22,PHC_013,nurse,5,5,0
2025-08-22,PHC_013,pharmacist,1,1,0
2025-08-22,PHC_014,doctor,3,3,0
2025-08-22,PHC_014,nurse,5,4,1
2025-08-22,PHC_014,pharmacist,2,2,0
2025-08-22,PHC_015,doctor,2,2,0
2025-08-22,PHC_015,nurse,9,6,3
2025-08-22,PHC_015,pharmacist,3,3,0
2025-08-23,PHC_001,doctor,3,3,0
2025-08-23,PHC_001,nurse,5,5,0
2025-08-23,PHC_001,pharmacist,1,1,0
2025-08-23,PHC_002,doctor,2,1,1
2025-08-23,PHC_002,nurse,8,8,0
2025-08-23,PHC_002,pharmacist,3,2,1
2025-08-23,PHC_003,doctor,3,3,0
2025-08-23,PHC_003,nurse,8,6,2
2025-08-23,PHC_003,pharmacist,2,2,0
2025-08-23,PHC_004,doctor,2,2,0
2025-08-23,PHC_004,nurse,5,4,1
2025-08-23,PHC_005,doctor,2,2,0
2025-08-23,PHC_005,nurse,3,1,2
2025-08-23,PHC_005,pharmacist,1,1,0
2025-08-23,PHC_006,doctor,2,2,0
2025-08-23,PHC_006,nurse,8,7,1
2025-08-23,PHC_006,pharmacist,2,1,1
2025-08-23,PHC_007,doctor,2,2,0
2025-08-23,PHC_007,nurse,5,4,1
2025-08-23,PHC_007,pharmacist,1,1,0
2025-08-23,PHC_008,doctor,1,1,0
2025-08-23,PHC_008,nurse,3,2,1
2025-08-23,PHC_008,pharmacist,1,1,0
2025-08-23,PHC_009,doctor,2,2,0
2025-08-23,PHC_009,nurse,6,5,1
2025-08-23,PHC_009,pharmacist,2,1,1
2025-08-23,PHC_010,doctor,2,2,0
2025-08-23,PHC_010,nurse,4,2,2
2025-08-23,PHC_010,pharmacist,1,1,0
2025-08-23,PHC_011,doctor,3,3,0
2025-08-23,PHC_011,nurse,8,5,3
2025-08-23,PHC_011,pharmacist,2,2,0
2025-08-23,PHC_012,doctor,2,1,1
2025-08-23,PHC_012,nurse,3,3,0
2025-08-23,PHC_012,pharmacist,2,2,0
2025-08-23,PHC_013,doctor,2,1,1
2025-08-23,PHC_013,nurse,3,2,1
2025-08-23,PHC_013,pharmacist,1,1,0
2025-08-23,PHC_014,doctor,3,3,0
2025-08-23,PHC_014,nurse,3,3,0
2025-08-23,PHC_014,pharmacist,2,1,1
2025-08-23,PHC_015,doctor,2,2,0
2025-08-23,PHC_015,nurse,8,6,2
2025-08-23,PHC_015,pharmacist,3,1,2
2025-08-24,PHC_001,doctor,3,1,2
2025-08-24,PHC_001,nurse,7,7,0
2025-08-24,PHC_002,doctor,2,2,0
2025-08-24,PHC_002,nurse,7,6,1
2025-08-24,PHC_002,pharmacist,3,2,1
2025-08-24,PHC_003,doctor,3,2,1
2025-08-24,PHC_003,nurse,7,6,1
2025-08-24,PHC_003,pharmacist,2,1,1
2025-08-24,PHC_004,doctor,2,1,1
2025-08-24,PHC_004,nurse,5,5,0
2025-08-24,PHC_004,pharmacist,1,1,0
2025-08-24,PHC_005,doctor,1,1,0
2025-08-24,PHC_005,nurse,4,3,1
2025-08-24,PHC_006,doctor,3,2,1
2025-08-24,PHC_006,nurse,9,6,3
2025-08-24,PHC_006,pharmacist,2,1,1
2025-08-24,PHC_007,doctor,2,2,0
2025-08-24,PHC_007,nurse,5,2,3
2025-08-24,PHC_007,pharmacist,1,1,0
2025-08-24,PHC_008,doctor,2,2,0
2025-08-24,PHC_008,nurse,4,3,1
2025-08-24,PHC_008,pharmacist,1,1,0
2025-08-24,PHC_009,doctor,2,2,0
2025-08-24,PHC_009,nurse,6,6,0
2025-08-24,PHC_009,pharmacist,2,1,1
2025-08-24,PHC_010,doctor,3,3,0
2025-08-24,PHC_010,nurse,4,3,1
2025-08-24,PHC_010,pharmacist,1,0,1
2025-08-24,PHC_011,doctor,3,2,1
2025-08-24,PHC_011,nurse,8,5,3
2025-08-24,PHC_011,pharmacist,1,0,1
2025-08-24,PHC_012,doctor,1,1,0
2025-08-24,PHC_012,nurse,3,3,0
2025-08-24,PHC_012,pharmacist,1,1,0
2025-08-24,PHC_013,doctor,1,0,1
2025-08-24,PHC_013,nurse,4,4,0
2025-08-24,PHC_013,pharmacist,1,0,1
2025-08-24,PHC_014,doctor,1,1,0
2025-08-24,PHC_014,nurse,4,4,0
2025-08-24,PHC_014,pharmacist,2,1,1
2025-08-24,PHC_015,doctor,2,1,1
2025-08-24,PHC_015,nurse,7,6,1
2025-08-24,PHC_015,pharmacist,3,2,1
2025-08-25,PHC_001,doctor,3,1,2
2025-08-25,PHC_001,nurse,6,4,2
2025-08-25,PHC_001,pharmacist,1,1,0
2025-08-25,PHC_002,doctor,2,2,0
2025-08-25,PHC_002,nurse,8,6,2
2025-08-25,PHC_002,pharmacist,2,2,0
2025-08-25,PHC_003,doctor,3,3,0
2025-08-25,PHC_003,nurse,8,5,3
2025-08-25,PHC_003,pharmacist,2,2,0
2025-08-25,PHC_004,doctor,2,2,0
2025-08-25,PHC_004,nurse,5,5,0
2025-08-25,PHC_004,pharmacist,1,1,0
2025-08-25,PHC_005,doctor,2,2,0
2025-08-25,PHC_005,nurse,4,3,1
2025-08-25,PHC_005,pharmacist,1,1,0
2025-08-25,PHC_006,doctor,2,1,1
2025-08-25,PHC_006,nurse,9,8,1
2025-08-25,PHC_006,pharmacist,2,1,1
2025-08-25,PHC_007,doctor,2,2,0
2025-08-25,PHC_007,nurse,4,4,0
2025-08-25,PHC_007,pharmacist,1,1,0
2025-08-25,PHC_008,doctor,2,2,0
2025-08-25,PHC_008,nurse,5,3,2
2025-08-25,PHC_008,pharmacist,1,0,1
2025-08-25,PHC_009,doctor,1,1,0
2025-08-25,PHC_009,nurse,7,7,0
2025-08-25,PHC_009,pharmacist,2,2,0
2025-08-25,PHC_010,doctor,3,3,0
2025-08-25,PHC_010,nurse,4,4,0
2025-08-25,PHC_010,pharmacist,1,1,0
2025-08-25,PHC_011,doctor,2,1,1
2025-08-25,PHC_011,nurse,7,6,1
2025-08-25,PHC_011,pharmacist,2,1,1
2025-08-25,PHC_012,doctor,1,1,0
2025-08-25,PHC_012,nurse,4,3,1
2025-08-25,PHC_012,pharmacist,2,1,1
2025-08-25,PHC_013,doctor,3,3,0
2025-08-25,PHC_013,nurse,4,4,0
2025-08-25,PHC_013,pharmacist,1,1,0
2025-08-25,PHC_014,doctor,2,1,1
2025-08-25,PHC_014,nurse,5,4,1
2025-08-25,PHC_014,pharmacist,2,2,0
2025-08-25,PHC_015,doctor,1,1,0
2025-08-25,PHC_015,nurse,7,6,1
2025-08-25,PHC_015,pharmacist,2,2,0
2025-08-26,PHC_001,doctor,3,2,1
2025-08-26,PHC_001,nurse,6,6,0
2025-08-26,PHC_001,pharmacist,1,1,0
2025-08-26,PHC_002,doctor,2,2,0
2025-08-26,PHC_002,nurse,6,4,2
2025-08-26,PHC_002,pharmacist,2,1,1
2025-08-26,PHC_003,doctor,3,3,0
2025-08-26,PHC_003,nurse,8,8,0
2025-08-26,PHC_003,pharmacist,2,1,1
2025-08-26,PHC_004,doctor,1,1,0
2025-08-26,PHC_004,nurse,6,5,1
2025-08-26,PHC_004,pharmacist,1,1,0
2025-08-26,PHC_005,doctor,1,1,0
2025-08-26,PHC_005,nurse,6,5,1
2025-08-26,PHC_005,pharmacist,1,1,0
2025-08-26,PHC_006,doctor,3,1,2
2025-08-26,PHC_006,nurse,10,9,1
2025-08-26,PHC_006,pharmacist,1,0,1
2025-08-26,PHC_007,doctor,2,1,1
2025-08-26,PHC_007,nurse,5,4,1
2025-08-26,PHC_007,pharmacist,1,1,0
2025-08-26,PHC_008,doctor,2,2,0
2025-08-26,PHC_008,nurse,5,2,3
2025-08-26,PHC_008,pharmacist,1,1,0
2025-08-26,PHC_009,doctor,1,1,0
2025-08-26,PHC_009,nurse,8,8,0
2025-08-26,PHC_009,pharmacist,3,3,0
2025-08-26,PHC_010,doctor,3,3,0
2025-08-26,PHC_010,nurse,5,4,1
2025-08-26,PHC_010,pharmacist,1,0,1
2025-08-26,PHC_011,doctor,3,1,2
2025-08-26,PHC_011,nurse,5,4,1
2025-08-26,PHC_011,pharmacist,2,2,0
2025-08-26,PHC_012,doctor,2,1,1
2025-08-26,PHC_012,nurse,3,2,1
2025-08-26,PHC_012,pharmacist,1,1,0
2025-08-26,PHC_013,doctor,3,3,0
2025-08-26,PHC_013,nurse,5,2,3
2025-08-26,PHC_013,pharmacist,1,1,0
2025-08-26,PHC_014,doctor,2,2,0
2025-08-26,PHC_014,nurse,5,5,0
2025-08-26,PHC_014,pharmacist,2,2,0
2025-08-26,PHC_015,doctor,2,2,0
2025-08-26,PHC_015,nurse,7,4,3
2025-08-26,PHC_015,pharmacist,2,2,0
2025-08-27,PHC_001,doctor,2,2,0
2025-08-27,PHC_001,nurse,6,5,1
2025-08-27,PHC_001,pharmacist,1,1,0
2025-08-27,PHC_002,doctor,2,2,0
2025-08-27,PHC_002,nurse,7,7,0
2025-08-27,PHC_002,pharmacist,3,2,1
2025-08-27,PHC_003,doctor,3,3,0
2025-08-27,PHC_003,nurse,6,3,3
2025-08-27,PHC_003,pharmacist,2,2,0
2025-08-27,PHC_004,doctor,2,2,0
2025-08-27,PHC_004,nurse,5,4,1
2025-08-27,PHC_004,pharmacist,1,1,0
2025-08-27,PHC_005,doctor,1,1,0
2025-08-27,PHC_005,nurse,5,4,1
2025-08-27,PHC_005,pharmacist,1,1,0
2025-08-27,PHC_006,doctor,2,1,1
2025-08-27,PHC_006,nurse,10,9,1
2025-08-27,PHC_006,pharmacist,2,0,2
2025-08-27,PHC_007,doctor,2,1,1
2025-08-27,PHC_007,nurse,4,2,2
2025-08-27,PHC_007,pharmacist,1,0,1
2025-08-27,PHC_008,doctor,2,2,0
2025-08-27,PHC_008,nurse,5,3,2
2025-08-27,PHC_009,nurse,6,6,0
2025-08-27,PHC_009,pharmacist,3,3,0
2025-08-27,PHC_010,doctor,3,1,2
2025-08-27,PHC_010,nurse,3,2,1
2025-08-27,PHC_010,pharmacist,1,1,0
2025-08-27,PHC_011,doctor,2,1,1
2025-08-27,PHC_011,nurse,7,4,3
2025-08-27,PHC_011,pharmacist,2,2,0
2025-08-27,PHC_012,doctor,2,1,1
2025-08-27,PHC_012,nurse,4,3,1
2025-08-27,PHC_012,pharmacist,1,1,0
2025-08-27,PHC_013,doctor,2,1,1
2025-08-27,PHC_013,nurse,4,4,0
2025-08-27,PHC_013,pharmacist,1,1,0
2025-08-27,PHC_014,doctor,2,1,1
2025-08-27,PHC_014,nurse,5,5,0
2025-08-27,PHC_014,pharmacist,2,2,0
2025-08-27,PHC_015,doctor,1,1,0
2025-08-27,PHC_015,nurse,8,5,3
2025-08-27,PHC_015,pharmacist,3,3,0
2025-08-28,PHC_001,doctor,3,2,1
2025-08-28,PHC_001,nurse,5,3,2
2025-08-28,PHC_001,pharmacist,1,1,0
2025-08-28,PHC_002,doctor,2,1,1
2025-08-28,PHC_002,nurse,7,6,1
2025-08-28,PHC_002,pharmacist,3,2,1
2025-08-28,PHC_003,doctor,3,2,1
2025-08-28,PHC_003,nurse,9,3,6
2025-08-28,PHC_003,pharmacist,2,1,1
2025-08-28,PHC_004,doctor,2,1,1
2025-08-28,PHC_004,nurse,6,3,3
2025-08-28,PHC_005,doctor,1,0,1
2025-08-28,PHC_005,nurse,6,6,0
2025-08-28,PHC_005,pharmacist,1,1,0
2025-08-28,PHC_006,doctor,1,1,0
2025-08-28,PHC_006,nurse,8,7,1
2025-08-28,PHC_006,pharmacist,2,2,0
2025-08-28,PHC_007,doctor,2,1,1
2025-08-28,PHC_007,nurse,2,2,0
2025-08-28,PHC_007,pharmacist,1,1,0
2025-08-28,PHC_008,doctor,1,1,0
2025-08-28,PHC_008,nurse,5,3,2
2025-08-28,PHC_008,pharmacist,1,1,0
2025-08-28,PHC_009,doctor,2,2,0
2025-08-28,PHC_009,nurse,7,6,1
2025-08-28,PHC_009,pharmacist,2,2,0
2025-08-28,PHC_010,doctor,2,2,0
2025-08-28,PHC_010,nurse,4,3,1
2025-08-28,PHC_010,pharmacist,1,1,0
2025-08-28,PHC_011,doctor,3,3,0
2025-08-28,PHC_011,nurse,7,7,0
2025-08-28,PHC_011,pharmacist,1,1,0
2025-08-28,PHC_012,doctor,2,1,1
2025-08-28,PHC_012,nurse,3,3,0
2025-08-28,PHC_012,pharmacist,2,1,1
2025-08-28,PHC_013,doctor,3,2,1
2025-08-28,PHC_013,nurse,4,4,0
2025-08-28,PHC_013,pharmacist,1,1,0
2025-08-28,PHC_014,doctor,3,3,0
2025-08-28,PHC_014,nurse,5,4,1
2025-08-28,PHC_014,pharmacist,1,1,0
2025-08-28,PHC_015,doctor,2,2,0
2025-08-28,PHC_015,nurse,8,7,1
2025-08-28,PHC_015,pharmacist,2,1,1
2025-08-29,PHC_001,doctor,3,2,1
2025-08-29,PHC_001,nurse,6,5,1
2025-08-29,PHC_001,pharmacist,1,1,0
2025-08-29,PHC_002,doctor,2,2,0
2025-08-29,PHC_002,nurse,9,8,1
2025-08-29,PHC_002,pharmacist,3,0,3
2025-08-29,PHC_003,doctor,1,1,0
2025-08-29,PHC_003,nurse,9,7,2
2025-08-29,PHC_003,pharmacist,2,2,0
2025-08-29,PHC_004,doctor,2,2,0
2025-08-29,PHC_004,nurse,5,4,1
2025-08-29,PHC_004,pharmacist,1,0,1
2025-08-29,PHC_005,doctor,2,1,1
2025-08-29,PHC_005,nurse,4,3,1
2025-08-29,PHC_005,pharmacist,1,0,1
2025-08-29,PHC_006,doctor,3,1,2
2025-08-29,PHC_006,nurse,8,7,1
2025-08-29,PHC_006,pharmacist,1,1,0
2025-08-29,PHC_007,doctor,2,1,1
2025-08-29,PHC_007,nurse,3,2,1
2025-08-29,PHC_007,pharmacist,1,1,0
2025-08-29,PHC_008,doctor,2,2,0
2025-08-29,PHC_008,nurse,4,4,0
2025-08-29,PHC_008,pharmacist,1,1,0
2025-08-29,PHC_009,doctor,1,1,0
2025-08-29,PHC_009,nurse,6,5,1
2025-08-29,PHC_009,pharmacist,3,2,1
2025-08-29,PHC_010,doctor,3,2,1
2025-08-29,PHC_010,nurse,4,3,1
2025-08-29,PHC_010,pharmacist,1,1,0
2025-08-29,PHC_011,doctor,2,1,1
2025-08-29,PHC_011,nurse,7,7,0
2025-08-29,PHC_011,pharmacist,2,1,1
2025-08-29,PHC_012,doctor,2,2,0
2025-08-29,PHC_012,nurse,2,2,0
2025-08-29,PHC_012,pharmacist,2,2,0
2025-08-29,PHC_013,doctor,2,2,0
2025-08-29,PHC_013,nurse,5,5,0
2025-08-29,PHC_013,pharmacist,1,1,0
2025-08-29,PHC_014,doctor,2,2,0
2025-08-29,PHC_014,nurse,4,3,1
2025-08-29,PHC_014,pharmacist,1,1,0
2025-08-29,PHC_015,doctor,1,1,0
2025-08-29,PHC_015,nurse,8,6,2
2025-08-29,PHC_015,pharmacist,3,3,0
2025-08-30,PHC_001,doctor,3,3,0
2025-08-30,PHC_001,nurse,6,6,0
2025-08-30,PHC_001,pharmacist,1,0,1
2025-08-30,PHC_002,doctor,1,1,0
2025-08-30,PHC_002,nurse,8,7,1
2025-08-30,PHC_002,pharmacist,2,2,0
2025-08-30,PHC_003,doctor,2,1,1
2025-08-30,PHC_003,nurse,7,7,0
2025-08-30,PHC_003,pharmacist,2,2,0
2025-08-30,PHC_004,doctor,2,2,0
2025-08-30,PHC_004,nurse,6,5,1
2025-08-30,PHC_004,pharmacist,1,1,0
2025-08-30,PHC_005,doctor,2,2,0
2025-08-30,PHC_005,nurse,4,3,1
2025-08-30,PHC_005,pharmacist,1,1,0
2025-08-30,PHC_006,doctor,2,0,2
2025-08-30,PHC_006,nurse,9,7,2
2025-08-30,PHC_006,pharmacist,1,1,0
2025-08-30,PHC_007,doctor,1,1,0
2025-08-30,PHC_007,nurse,4,3,1
2025-08-30,PHC_007,pharmacist,1,1,0
2025-08-30,PHC_008,doctor,1,1,0
2025-08-30,PHC_008,nurse,2,1,1
2025-08-30,PHC_008,pharmacist,1,1,0
2025-08-30,PHC_009,doctor,2,2,0
2025-08-30,PHC_009,nurse,6,6,0
2025-08-30,PHC_009,pharmacist,2,1,1
2025-08-30,PHC_010,doctor,3,1,2
2025-08-30,PHC_010,nurse,5,4,1
2025-08-30,PHC_010,pharmacist,1,1,0
2025-08-30,PHC_011,doctor,1,0,1
2025-08-30,PHC_011,nurse,7,6,1
2025-08-30,PHC_011,pharmacist,2,2,0
2025-08-30,PHC_012,doctor,2,2,0
2025-08-30,PHC_012,nurse,4,3,1
2025-08-30,PHC_012,pharmacist,1,0,1
2025-08-30,PHC_013,doctor,3,2,1
2025-08-30,PHC_013,nurse,6,4,2
2025-08-30,PHC_013,pharmacist,1,1,0
2025-08-30,PHC_014,doctor,2,2,0
2025-08-30,PHC_014,nurse,5,3,2
2025-08-30,PHC_014,pharmacist,2,2,0
2025-08-30,PHC_015,doctor,2,2,0
2025-08-30,PHC_015,nurse,5,3,2
2025-08-30,PHC_015,pharmacist,3,3,0
2025-08-31,PHC_001,doctor,1,1,0
2025-08-31,PHC_001,nurse,5,3,2
2025-08-31,PHC_001,pharmacist,1,0,1
2025-08-31,PHC_002,doctor,1,1,0
2025-08-31,PHC_002,nurse,8,5,3
2025-08-31,PHC_002,pharmacist,3,1,2
2025-08-31,PHC_003,doctor,3,3,0
2025-08-31,PHC_003,nurse,7,5,2
2025-08-31,PHC_003,pharmacist,2,2,0
2025-08-31,PHC_004,doctor,2,2,0
2025-08-31,PHC_004,nurse,6,3,3
2025-08-31,PHC_004,pharmacist,1,1,0
2025-08-31,PHC_005,doctor,2,2,0
2025-08-31,PHC_005,nurse,6,5,1
2025-08-31,PHC_005,pharmacist,1,1,0
2025-08-31,PHC_006,doctor,3,3,0
2025-08-31,PHC_006,nurse,9,8,1
2025-08-31,PHC_006,pharmacist,2,2,0
2025-08-31,PHC_007,doctor,2,2,0
2025-08-31,PHC_007,nurse,5,3,2
2025-08-31,PHC_007,pharmacist,1,1,0
2025-08-31,PHC_008,doctor,2,1,1
2025-08-31,PHC_008,nurse,5,4,1
2025-08-31,PHC_008,pharmacist,1,0,1
2025-08-31,PHC_009,doctor,2,2,0
2025-08-31,PHC_009,nurse,6,6,0
2025-08-31,PHC_009,pharmacist,2,1,1
2025-08-31,PHC_010,doctor,3,2,1
2025-08-31,PHC_010,nurse,4,4,0
2025-08-31,PHC_010,pharmacist,1,1,0
2025-08-31,PHC_011,doctor,3,2,1
2025-08-31,PHC_011,nurse,7,5,2
2025-08-31,PHC_011,pharmacist,2,2,0
2025-08-31,PHC_012,doctor,2,2,0
2025-08-31,PHC_012,nurse,3,1,2
2025-08-31,PHC_012,pharmacist,1,1,0
2025-08-31,PHC_013,doctor,1,1,0
2025-08-31,PHC_013,nurse,5,4,1
2025-08-31,PHC_014,doctor,3,2,1
2025-08-31,PHC_014,nurse,4,4,0
2025-08-31,PHC_014,pharmacist,1,1,0
2025-08-31,PHC_015,doctor,1,1,0
2025-08-31,PHC_015,nurse,6,5,1
2025-08-31,PHC_015,pharmacist,3,1,2
